experiment,variant,group,instance,seed,time_s,profit,trajectory,role
round1_screening,D,500,3-0.25-P,1,0.0142,71020,28,intensifier
round1_screening,D,500,3-0.25-P,1,0.0791,75788,6,intensifier
round1_screening,D,500,3-0.25-P,1,0.1093,75928,6,intensifier
round1_screening,D,500,3-0.25-P,1,0.1393,75987,6,intensifier
round1_screening,D,500,3-0.25-P,1,0.1693,76246,6,intensifier
round1_screening,D,500,3-0.25-P,1,0.4103,76456,6,intensifier
round1_screening,D,500,3-0.25-P,1,0.6190,76618,6,intensifier
round1_screening,D,500,3-0.25-P,1,0.7689,76822,6,intensifier
round1_screening,D,500,3-0.25-P,1,0.9188,76845,6,intensifier
round1_screening,D,500,3-0.25-P,1,2.9867,76861,6,intensifier
round1_screening,D,500,3-0.25-P,1,6.4591,76893,6,intensifier
round1_screening,D,500,3-0.25-P,1,6.9678,76898,6,intensifier
round1_screening,D,500,3-0.25-P,1,8.2853,76918,6,intensifier
round1_screening,D,500,3-0.25-P,1,9.2734,76927,6,intensifier
round1_screening,D,500,3-0.25-P,1,12.2377,76929,6,intensifier
round1_screening,D,500,3-0.25-P,1,12.5441,76983,6,intensifier
round1_screening,D,500,3-0.25-P,1,17.6598,76999,17,intensifier
round1_screening,D,500,3-0.25-P,1,19.7249,77022,26,intensifier
round1_screening,D,500,3-0.25-P,1,22.0290,77068,26,intensifier
round1_screening,D,500,3-0.25-P,1,23.2276,77249,26,intensifier
round1_screening,D,500,3-0.25-P,1,115.6547,77335,28,intensifier
round1_screening,D,500,3-0.25-P,2,0.0235,74435,54,explorer
round1_screening,D,500,3-0.25-P,2,0.0751,75822,37,intensifier
round1_screening,D,500,3-0.25-P,2,0.1651,76649,31,intensifier
round1_screening,D,500,3-0.25-P,2,1.6348,76695,31,intensifier
round1_screening,D,500,3-0.25-P,2,1.9981,76717,31,intensifier
round1_screening,D,500,3-0.25-P,2,3.2823,76778,31,intensifier
round1_screening,D,500,3-0.25-P,2,3.5219,76836,31,intensifier
round1_screening,D,500,3-0.25-P,2,6.9347,76873,42,intensifier
round1_screening,D,500,3-0.25-P,2,10.9472,76908,42,intensifier
round1_screening,D,500,3-0.25-P,2,20.1118,76943,29,intensifier
round1_screening,D,500,3-0.25-P,2,24.2408,77042,24,intensifier
round1_screening,D,500,3-0.25-P,2,29.3593,77046,24,intensifier
round1_screening,D,500,3-0.25-P,2,30.0175,77084,18,intensifier
round1_screening,D,500,3-0.25-P,2,30.1380,77139,24,intensifier
round1_screening,D,500,3-0.25-P,2,45.7062,77189,34,intensifier
round1_screening,D,500,8-0.5-M,1,0.4636,81661,37,intensifier
round1_screening,D,500,8-0.5-M,1,0.5554,81937,37,intensifier
round1_screening,D,500,8-0.5-M,1,0.6753,81996,37,intensifier
round1_screening,D,500,8-0.5-M,1,1.1248,82082,27,intensifier
round1_screening,D,500,8-0.5-M,1,1.1551,82109,37,intensifier
round1_screening,D,500,8-0.5-M,1,1.3657,82209,27,intensifier
round1_screening,D,500,8-0.5-M,1,1.6641,82212,27,intensifier
round1_screening,D,500,8-0.5-M,1,1.7237,82305,27,intensifier
round1_screening,D,500,8-0.5-M,1,1.8740,82308,27,intensifier
round1_screening,D,500,8-0.5-M,1,2.5326,82378,27,intensifier
round1_screening,D,500,8-0.5-M,1,26.7636,82429,25,intensifier
round1_screening,D,500,8-0.5-M,1,79.1732,82437,21,intensifier
round1_screening,D,500,8-0.5-M,2,0.4639,81754,28,intensifier
round1_screening,D,500,8-0.5-M,2,0.4950,81822,46,intensifier
round1_screening,D,500,8-0.5-M,2,0.6147,81875,25,intensifier
round1_screening,D,500,8-0.5-M,2,0.7643,81893,46,intensifier
round1_screening,D,500,8-0.5-M,2,0.7942,81903,52,explorer
round1_screening,D,500,8-0.5-M,2,0.9736,81986,46,intensifier
round1_screening,D,500,8-0.5-M,2,1.0936,82144,46,intensifier
round1_screening,D,500,8-0.5-M,2,1.2433,82225,46,intensifier
round1_screening,D,500,8-0.5-M,2,3.4847,82322,46,intensifier
round1_screening,D,500,8-0.5-M,2,9.5834,82411,35,intensifier
round1_screening,D,500,8-0.5-M,2,12.8720,82479,35,intensifier
round1_screening,D,500,13-0.75-M,1,0.2774,86754,38,intensifier
round1_screening,D,500,13-0.75-M,1,0.4912,86789,6,intensifier
round1_screening,D,500,13-0.75-M,1,0.5516,86793,6,intensifier
round1_screening,D,500,13-0.75-M,1,0.6118,86940,6,intensifier
round1_screening,D,500,13-0.75-M,1,1.5114,86975,6,intensifier
round1_screening,D,500,13-0.75-M,1,2.1690,87021,6,intensifier
round1_screening,D,500,13-0.75-M,1,2.2297,87043,6,intensifier
round1_screening,D,500,13-0.75-M,1,2.7078,87053,6,intensifier
round1_screening,D,500,13-0.75-M,1,17.2399,87082,18,intensifier
round1_screening,D,500,13-0.75-M,1,79.3495,87146,9,intensifier
round1_screening,D,500,13-0.75-M,1,84.3231,87173,9,intensifier
round1_screening,D,500,13-0.75-M,2,0.3014,86614,46,intensifier
round1_screening,D,500,13-0.75-M,2,0.3333,86664,41,intensifier
round1_screening,D,500,13-0.75-M,2,0.3637,86798,23,intensifier
round1_screening,D,500,13-0.75-M,2,0.3934,86851,23,intensifier
round1_screening,D,500,13-0.75-M,2,0.5433,86874,23,intensifier
round1_screening,D,500,13-0.75-M,2,0.5734,87032,23,intensifier
round1_screening,D,500,13-0.75-M,2,0.9325,87095,23,intensifier
round1_screening,D,1000,5-0.25-M,1,0.6156,32849,32,intensifier
round1_screening,D,1000,5-0.25-M,1,0.6776,32893,58,explorer
round1_screening,D,1000,5-0.25-M,1,0.7077,33009,2,intensifier
round1_screening,D,1000,5-0.25-M,1,0.7379,33215,43,intensifier
round1_screening,D,1000,5-0.25-M,1,0.8872,33384,43,intensifier
round1_screening,D,1000,5-0.25-M,1,0.9473,33385,43,intensifier
round1_screening,D,1000,5-0.25-M,1,0.9773,33438,43,intensifier
round1_screening,D,1000,5-0.25-M,1,1.0675,33511,43,intensifier
round1_screening,D,1000,5-0.25-M,1,1.2145,33530,43,intensifier
round1_screening,D,1000,5-0.25-M,1,1.6029,33647,43,intensifier
round1_screening,D,1000,5-0.25-M,1,1.9583,33710,43,intensifier
round1_screening,D,1000,5-0.25-M,1,2.0470,33726,43,intensifier
round1_screening,D,1000,5-0.25-M,1,2.0771,33971,43,intensifier
round1_screening,D,1000,5-0.25-M,1,2.5230,34021,43,intensifier
round1_screening,D,1000,5-0.25-M,1,3.7990,34284,43,intensifier
round1_screening,D,1000,5-0.25-M,1,5.0471,34361,43,intensifier
round1_screening,D,1000,5-0.25-M,1,14.9391,34384,43,intensifier
round1_screening,D,1000,5-0.25-M,1,15.3572,34399,43,intensifier
round1_screening,D,1000,5-0.25-M,1,21.3955,34415,43,intensifier
round1_screening,D,1000,5-0.25-M,1,24.3069,34464,43,intensifier
round1_screening,D,1000,5-0.25-M,1,30.0390,34522,43,intensifier
round1_screening,D,1000,5-0.25-M,1,30.0682,34562,43,intensifier
round1_screening,D,1000,5-0.25-M,1,31.9112,34666,43,intensifier
round1_screening,D,1000,5-0.25-M,1,36.1305,34778,43,intensifier
round1_screening,D,1000,5-0.25-M,1,46.7996,34880,43,intensifier
round1_screening,D,1000,5-0.25-M,1,57.5594,35020,43,intensifier
round1_screening,D,1000,5-0.25-M,1,69.6847,35153,43,intensifier
round1_screening,D,1000,5-0.25-M,1,91.4701,35178,43,intensifier
round1_screening,D,1000,5-0.25-M,2,0.5604,32594,57,explorer
round1_screening,D,1000,5-0.25-M,2,0.5954,33030,15,intensifier
round1_screening,D,1000,5-0.25-M,2,0.6881,33043,20,intensifier
round1_screening,D,1000,5-0.25-M,2,0.7179,33134,20,intensifier
round1_screening,D,1000,5-0.25-M,2,0.7790,33280,5,intensifier
round1_screening,D,1000,5-0.25-M,2,0.8091,33408,51,explorer
round1_screening,D,1000,5-0.25-M,2,1.6618,33494,20,intensifier
round1_screening,D,1000,5-0.25-M,2,1.6943,33591,20,intensifier
round1_screening,D,1000,5-0.25-M,2,1.7241,33737,20,intensifier
round1_screening,D,1000,5-0.25-M,2,1.9920,33808,20,intensifier
round1_screening,D,1000,5-0.25-M,2,2.2557,33813,20,intensifier
round1_screening,D,1000,5-0.25-M,2,2.2826,33932,20,intensifier
round1_screening,D,1000,5-0.25-M,2,2.3127,34168,20,intensifier
round1_screening,D,1000,5-0.25-M,2,2.8171,34291,20,intensifier
round1_screening,D,1000,5-0.25-M,2,4.6985,34374,20,intensifier
round1_screening,D,1000,5-0.25-M,2,4.7283,34489,20,intensifier
round1_screening,D,1000,5-0.25-M,2,5.3758,34494,20,intensifier
round1_screening,D,1000,5-0.25-M,2,6.4647,34504,20,intensifier
round1_screening,D,1000,5-0.25-M,2,7.4373,34540,20,intensifier
round1_screening,D,1000,5-0.25-M,2,17.1360,34587,20,intensifier
round1_screening,D,1000,4-0.5-M,1,0.3099,37445,30,intensifier
round1_screening,D,1000,4-0.5-M,1,0.3937,42863,8,intensifier
round1_screening,D,1000,4-0.5-M,1,0.4234,44387,8,intensifier
round1_screening,D,1000,4-0.5-M,1,0.4531,45245,8,intensifier
round1_screening,D,1000,4-0.5-M,1,0.4824,45953,8,intensifier
round1_screening,D,1000,4-0.5-M,1,0.5115,46420,8,intensifier
round1_screening,D,1000,4-0.5-M,1,0.5415,47240,8,intensifier
round1_screening,D,1000,4-0.5-M,1,0.5718,47755,8,intensifier
round1_screening,D,1000,4-0.5-M,1,0.6019,48023,26,intensifier
round1_screening,D,1000,4-0.5-M,1,0.6322,48248,26,intensifier
round1_screening,D,1000,4-0.5-M,1,0.6629,48380,26,intensifier
round1_screening,D,1000,4-0.5-M,1,0.6919,48703,26,intensifier
round1_screening,D,1000,4-0.5-M,1,0.7211,48966,26,intensifier
round1_screening,D,1000,4-0.5-M,1,0.7506,49295,26,intensifier
round1_screening,D,1000,4-0.5-M,1,0.7795,49350,26,intensifier
round1_screening,D,1000,4-0.5-M,1,0.8387,49361,26,intensifier
round1_screening,D,1000,4-0.5-M,1,0.9258,49571,26,intensifier
round1_screening,D,1000,4-0.5-M,1,0.9548,49587,26,intensifier
round1_screening,D,1000,4-0.5-M,1,0.9835,49619,26,intensifier
round1_screening,D,1000,4-0.5-M,1,1.0143,49913,26,intensifier
round1_screening,D,1000,4-0.5-M,1,1.0431,49985,26,intensifier
round1_screening,D,1000,4-0.5-M,1,1.1034,50020,26,intensifier
round1_screening,D,1000,4-0.5-M,1,1.1319,50045,26,intensifier
round1_screening,D,1000,4-0.5-M,1,1.1897,50123,26,intensifier
round1_screening,D,1000,4-0.5-M,1,1.5148,50259,26,intensifier
round1_screening,D,1000,4-0.5-M,1,2.0760,50291,26,intensifier
round1_screening,D,1000,4-0.5-M,1,2.1044,50483,26,intensifier
round1_screening,D,1000,4-0.5-M,1,2.5126,50492,26,intensifier
round1_screening,D,1000,4-0.5-M,1,2.7742,50510,26,intensifier
round1_screening,D,1000,4-0.5-M,1,3.0124,50682,26,intensifier
round1_screening,D,1000,4-0.5-M,1,3.8672,50750,26,intensifier
round1_screening,D,1000,4-0.5-M,1,4.3943,50824,26,intensifier
round1_screening,D,1000,4-0.5-M,1,4.4245,50866,26,intensifier
round1_screening,D,1000,4-0.5-M,1,7.4200,50979,26,intensifier
round1_screening,D,1000,4-0.5-M,1,12.1840,51020,26,intensifier
round1_screening,D,1000,4-0.5-M,1,30.4921,51031,26,intensifier
round1_screening,D,1000,4-0.5-M,1,46.3393,51076,26,intensifier
round1_screening,D,1000,4-0.5-M,1,69.1715,51133,26,intensifier
round1_screening,D,1000,4-0.5-M,1,86.3997,51162,26,intensifier
round1_screening,D,1000,4-0.5-M,1,111.9885,51193,26,intensifier
round1_screening,D,1000,4-0.5-M,2,0.4488,46432,25,intensifier
round1_screening,D,1000,4-0.5-M,2,0.5047,47525,31,intensifier
round1_screening,D,1000,4-0.5-M,2,0.5345,47582,31,intensifier
round1_screening,D,1000,4-0.5-M,2,0.5639,47957,31,intensifier
round1_screening,D,1000,4-0.5-M,2,0.5931,48376,9,intensifier
round1_screening,D,1000,4-0.5-M,2,0.6812,49010,9,intensifier
round1_screening,D,1000,4-0.5-M,2,0.7397,49044,9,intensifier
round1_screening,D,1000,4-0.5-M,2,0.7983,49101,9,intensifier
round1_screening,D,1000,4-0.5-M,2,0.8278,49211,9,intensifier
round1_screening,D,1000,4-0.5-M,2,0.8573,49360,9,intensifier
round1_screening,D,1000,4-0.5-M,2,0.8862,49501,9,intensifier
round1_screening,D,1000,4-0.5-M,2,0.9165,49831,9,intensifier
round1_screening,D,1000,4-0.5-M,2,0.9467,50089,9,intensifier
round1_screening,D,1000,4-0.5-M,2,0.9770,50213,9,intensifier
round1_screening,D,1000,4-0.5-M,2,1.0073,50218,9,intensifier
round1_screening,D,1000,4-0.5-M,2,1.3618,50284,9,intensifier
round1_screening,D,1000,4-0.5-M,2,1.4499,50505,9,intensifier
round1_screening,D,1000,3-0.75-P,1,0.1086,334734,31,intensifier
round1_screening,D,1000,3-0.75-P,1,0.3003,359291,1,intensifier
round1_screening,D,1000,3-0.75-P,1,0.3306,360863,40,intensifier
round1_screening,D,1000,3-0.75-P,1,0.3609,361301,40,intensifier
round1_screening,D,1000,3-0.75-P,1,0.4245,361399,40,intensifier
round1_screening,D,1000,3-0.75-P,1,0.4829,361859,62,explorer
round1_screening,D,1000,3-0.75-P,1,0.5121,362370,62,explorer
round1_screening,D,1000,3-0.75-P,1,0.8974,362385,29,intensifier
round1_screening,D,1000,3-0.75-P,1,0.9283,362425,29,intensifier
round1_screening,D,1000,3-0.75-P,1,1.0474,362460,28,intensifier
round1_screening,D,1000,3-0.75-P,1,1.0772,362872,29,intensifier
round1_screening,D,1000,3-0.75-P,1,1.1070,362923,29,intensifier
round1_screening,D,1000,3-0.75-P,1,1.2239,362927,29,intensifier
round1_screening,D,1000,3-0.75-P,1,1.6631,362966,29,intensifier
round1_screening,D,1000,3-0.75-P,1,1.6930,363055,29,intensifier
round1_screening,D,1000,3-0.75-P,1,2.7831,363084,29,intensifier
round1_screening,D,1000,3-0.75-P,1,2.8133,363238,29,intensifier
round1_screening,D,1000,3-0.75-P,1,2.9318,363323,29,intensifier
round1_screening,D,1000,3-0.75-P,1,4.2868,363460,13,intensifier
round1_screening,D,1000,3-0.75-P,1,4.3169,363664,13,intensifier
round1_screening,D,1000,3-0.75-P,1,4.5535,363723,13,intensifier
round1_screening,D,1000,3-0.75-P,1,4.9669,363823,13,intensifier
round1_screening,D,1000,3-0.75-P,1,5.0271,363886,13,intensifier
round1_screening,D,1000,3-0.75-P,1,5.0564,363968,13,intensifier
round1_screening,D,1000,3-0.75-P,1,9.5449,363994,13,intensifier
round1_screening,D,1000,3-0.75-P,1,11.4962,364095,13,intensifier
round1_screening,D,1000,3-0.75-P,1,14.7505,364134,13,intensifier
round1_screening,D,1000,3-0.75-P,1,16.7034,364148,13,intensifier
round1_screening,D,1000,3-0.75-P,1,28.8680,364219,13,intensifier
round1_screening,D,1000,3-0.75-P,1,29.0446,364225,13,intensifier
round1_screening,D,1000,3-0.75-P,1,48.9031,364272,13,intensifier
round1_screening,D,1000,3-0.75-P,1,54.6186,364329,13,intensifier
round1_screening,D,1000,3-0.75-P,1,59.2558,364356,13,intensifier
round1_screening,D,1000,3-0.75-P,1,69.1459,364468,13,intensifier
round1_screening,D,1000,3-0.75-P,1,80.7149,364535,13,intensifier
round1_screening,D,1000,3-0.75-P,1,110.1522,364552,13,intensifier
round1_screening,D,1000,3-0.75-P,2,0.1193,338359,2,intensifier
round1_screening,D,1000,3-0.75-P,2,0.2930,359145,33,intensifier
round1_screening,D,1000,3-0.75-P,2,0.3233,359851,55,explorer
round1_screening,D,1000,3-0.75-P,2,0.3538,361134,28,intensifier
round1_screening,D,1000,3-0.75-P,2,0.3833,361183,28,intensifier
round1_screening,D,1000,3-0.75-P,2,0.4126,361455,33,intensifier
round1_screening,D,1000,3-0.75-P,2,0.4711,362003,33,intensifier
round1_screening,D,1000,3-0.75-P,2,0.5604,362058,33,intensifier
round1_screening,D,1000,3-0.75-P,2,0.5906,362370,33,intensifier
round1_screening,D,1000,3-0.75-P,2,0.6208,362463,33,intensifier
round1_screening,D,1000,3-0.75-P,2,0.6809,362485,33,intensifier
round1_screening,D,1000,3-0.75-P,2,0.7110,363032,17,intensifier
round1_screening,D,1000,3-0.75-P,2,0.7413,363649,17,intensifier
round1_screening,D,1000,3-0.75-P,2,1.4490,363689,17,intensifier
round1_screening,D,1000,3-0.75-P,2,2.6583,363831,17,intensifier
round1_screening,D,1000,3-0.75-P,2,2.6884,363862,17,intensifier
round1_screening,D,1000,3-0.75-P,2,2.7186,363943,17,intensifier
round1_screening,D,1000,3-0.75-P,2,5.0717,363954,17,intensifier
round1_screening,D,1000,3-0.75-P,2,6.2803,364065,17,intensifier
round1_screening,f90,500,3-0.25-P,1,0.0230,74320,28,intensifier
round1_screening,f90,500,3-0.25-P,1,0.0746,75519,60,explorer
round1_screening,f90,500,3-0.25-P,1,0.1049,75833,46,intensifier
round1_screening,f90,500,3-0.25-P,1,0.1649,76011,57,intensifier
round1_screening,f90,500,3-0.25-P,1,0.2550,76283,57,intensifier
round1_screening,f90,500,3-0.25-P,1,0.2853,76348,57,intensifier
round1_screening,f90,500,3-0.25-P,1,0.3455,76533,57,intensifier
round1_screening,f90,500,3-0.25-P,1,0.3753,76588,57,intensifier
round1_screening,f90,500,3-0.25-P,1,0.8877,76601,57,intensifier
round1_screening,f90,500,3-0.25-P,1,1.0965,76727,39,intensifier
round1_screening,f90,500,3-0.25-P,1,1.4271,76732,39,intensifier
round1_screening,f90,500,3-0.25-P,1,1.4571,76742,39,intensifier
round1_screening,f90,500,3-0.25-P,1,1.5462,76751,39,intensifier
round1_screening,f90,500,3-0.25-P,1,1.6961,76766,39,intensifier
round1_screening,f90,500,3-0.25-P,1,1.8763,76852,39,intensifier
round1_screening,f90,500,3-0.25-P,1,3.5243,76923,39,intensifier
round1_screening,f90,500,3-0.25-P,1,5.1114,77037,39,intensifier
round1_screening,f90,500,3-0.25-P,1,9.8123,77184,39,intensifier
round1_screening,f90,500,3-0.25-P,1,44.6490,77232,4,intensifier
round1_screening,f90,500,3-0.25-P,1,64.6575,77244,16,intensifier
round1_screening,f90,500,3-0.25-P,2,0.0255,74205,54,intensifier
round1_screening,f90,500,3-0.25-P,2,0.0788,75505,31,intensifier
round1_screening,f90,500,3-0.25-P,2,0.1090,75839,11,intensifier
round1_screening,f90,500,3-0.25-P,2,0.1390,76006,5,intensifier
round1_screening,f90,500,3-0.25-P,2,0.1686,76041,5,intensifier
round1_screening,f90,500,3-0.25-P,2,0.2890,76201,4,intensifier
round1_screening,f90,500,3-0.25-P,2,0.3186,76267,58,explorer
round1_screening,f90,500,3-0.25-P,2,0.5887,76361,34,intensifier
round1_screening,f90,500,3-0.25-P,2,0.7701,76466,34,intensifier
round1_screening,f90,500,3-0.25-P,2,1.1592,76504,34,intensifier
round1_screening,f90,500,3-0.25-P,2,1.4578,76548,34,intensifier
round1_screening,f90,500,3-0.25-P,2,1.5779,76678,24,intensifier
round1_screening,f90,500,3-0.25-P,2,1.6386,76737,24,intensifier
round1_screening,f90,500,3-0.25-P,2,1.6688,76751,24,intensifier
round1_screening,f90,500,3-0.25-P,2,1.7592,76753,24,intensifier
round1_screening,f90,500,3-0.25-P,2,1.7890,76794,24,intensifier
round1_screening,f90,500,3-0.25-P,2,1.8790,76846,24,intensifier
round1_screening,f90,500,3-0.25-P,2,2.6270,76847,24,intensifier
round1_screening,f90,500,3-0.25-P,2,4.2738,76865,24,intensifier
round1_screening,f90,500,3-0.25-P,2,7.0267,76887,24,intensifier
round1_screening,f90,500,3-0.25-P,2,8.2532,76935,24,intensifier
round1_screening,f90,500,3-0.25-P,2,8.3133,76946,24,intensifier
round1_screening,f90,500,3-0.25-P,2,8.7631,76961,31,intensifier
round1_screening,f90,500,3-0.25-P,2,9.2419,77052,31,intensifier
round1_screening,f90,500,3-0.25-P,2,10.1113,77111,24,intensifier
round1_screening,f90,500,3-0.25-P,2,16.4855,77117,6,intensifier
round1_screening,f90,500,3-0.25-P,2,19.9275,77138,6,intensifier
round1_screening,f90,500,3-0.25-P,2,21.4842,77405,54,intensifier
round1_screening,f90,500,8-0.5-M,1,0.4336,81661,37,intensifier
round1_screening,f90,500,8-0.5-M,1,0.5550,81937,37,intensifier
round1_screening,f90,500,8-0.5-M,1,0.6757,81996,37,intensifier
round1_screening,f90,500,8-0.5-M,1,1.1252,82082,27,intensifier
round1_screening,f90,500,8-0.5-M,1,1.5741,82122,27,intensifier
round1_screening,f90,500,8-0.5-M,1,1.9638,82212,53,intensifier
round1_screening,f90,500,8-0.5-M,1,2.0240,82223,53,intensifier
round1_screening,f90,500,8-0.5-M,1,2.1728,82297,53,intensifier
round1_screening,f90,500,8-0.5-M,1,3.0407,82312,53,intensifier
round1_screening,f90,500,8-0.5-M,1,5.6738,82443,35,intensifier
round1_screening,f90,500,8-0.5-M,1,49.3469,82469,29,intensifier
round1_screening,f90,500,8-0.5-M,2,0.2624,81754,28,intensifier
round1_screening,f90,500,8-0.5-M,2,0.5018,81822,46,intensifier
round1_screening,f90,500,8-0.5-M,2,0.6212,81875,25,intensifier
round1_screening,f90,500,8-0.5-M,2,0.9803,81876,52,intensifier
round1_screening,f90,500,8-0.5-M,2,1.0403,81898,29,intensifier
round1_screening,f90,500,8-0.5-M,2,1.0702,82052,29,intensifier
round1_screening,f90,500,8-0.5-M,2,1.2196,82194,29,intensifier
round1_screening,f90,500,8-0.5-M,2,2.9538,82226,54,intensifier
round1_screening,f90,500,8-0.5-M,2,3.7904,82300,57,intensifier
round1_screening,f90,500,8-0.5-M,2,6.5692,82489,57,intensifier
round1_screening,f90,500,8-0.5-M,2,22.2008,82578,10,intensifier
round1_screening,f90,500,13-0.75-M,1,0.2234,86688,54,intensifier
round1_screening,f90,500,13-0.75-M,1,0.2572,86689,4,intensifier
round1_screening,f90,500,13-0.75-M,1,0.3180,86813,38,intensifier
round1_screening,f90,500,13-0.75-M,1,0.4687,86860,38,intensifier
round1_screening,f90,500,13-0.75-M,1,0.6196,86894,4,intensifier
round1_screening,f90,500,13-0.75-M,1,0.8588,86918,4,intensifier
round1_screening,f90,500,13-0.75-M,1,1.0386,86998,4,intensifier
round1_screening,f90,500,13-0.75-M,1,3.5556,87018,4,intensifier
round1_screening,f90,500,13-0.75-M,1,4.6661,87131,4,intensifier
round1_screening,f90,500,13-0.75-M,1,66.1442,87132,2,intensifier
round1_screening,f90,500,13-0.75-M,1,68.0023,87133,2,intensifier
round1_screening,f90,500,13-0.75-M,2,0.3005,86614,46,intensifier
round1_screening,f90,500,13-0.75-M,2,0.3327,86664,41,intensifier
round1_screening,f90,500,13-0.75-M,2,0.3631,86798,23,intensifier
round1_screening,f90,500,13-0.75-M,2,0.3929,86851,23,intensifier
round1_screening,f90,500,13-0.75-M,2,0.5432,86874,23,intensifier
round1_screening,f90,500,13-0.75-M,2,0.6026,87032,23,intensifier
round1_screening,f90,500,13-0.75-M,2,0.9320,87095,23,intensifier
round1_screening,f90,1000,5-0.25-M,1,0.5579,32739,32,intensifier
round1_screening,f90,1000,5-0.25-M,1,0.5921,32906,51,intensifier
round1_screening,f90,1000,5-0.25-M,1,0.6224,33033,51,intensifier
round1_screening,f90,1000,5-0.25-M,1,0.6525,33046,51,intensifier
round1_screening,f90,1000,5-0.25-M,1,0.6826,33178,51,intensifier
round1_screening,f90,1000,5-0.25-M,1,0.7127,33483,51,intensifier
round1_screening,f90,1000,5-0.25-M,1,0.8323,33495,2,intensifier
round1_screening,f90,1000,5-0.25-M,1,0.9519,33748,51,intensifier
round1_screening,f90,1000,5-0.25-M,1,0.9820,33852,51,intensifier
round1_screening,f90,1000,5-0.25-M,1,1.5171,33949,51,intensifier
round1_screening,f90,1000,5-0.25-M,1,1.9344,34007,51,intensifier
round1_screening,f90,1000,5-0.25-M,1,1.9638,34275,51,intensifier
round1_screening,f90,1000,5-0.25-M,1,2.3799,34321,51,intensifier
round1_screening,f90,1000,5-0.25-M,1,4.9019,34353,51,intensifier
round1_screening,f90,1000,5-0.25-M,1,5.9426,34490,51,intensifier
round1_screening,f90,1000,5-0.25-M,1,7.6658,34542,51,intensifier
round1_screening,f90,1000,5-0.25-M,1,13.7042,34618,51,intensifier
round1_screening,f90,1000,5-0.25-M,1,26.9902,34722,51,intensifier
round1_screening,f90,1000,5-0.25-M,1,27.1991,34731,51,intensifier
round1_screening,f90,1000,5-0.25-M,1,32.6898,34741,51,intensifier
round1_screening,f90,1000,5-0.25-M,1,32.7200,34773,51,intensifier
round1_screening,f90,1000,5-0.25-M,1,33.7635,34782,51,intensifier
round1_screening,f90,1000,5-0.25-M,1,40.6630,34794,51,intensifier
round1_screening,f90,1000,5-0.25-M,1,42.1778,34884,51,intensifier
round1_screening,f90,1000,5-0.25-M,1,48.6057,34900,51,intensifier
round1_screening,f90,1000,5-0.25-M,2,0.5801,32594,57,intensifier
round1_screening,f90,1000,5-0.25-M,2,0.6432,32827,15,intensifier
round1_screening,f90,1000,5-0.25-M,2,0.6733,33030,15,intensifier
round1_screening,f90,1000,5-0.25-M,2,0.7338,33064,29,intensifier
round1_screening,f90,1000,5-0.25-M,2,0.7917,33193,15,intensifier
round1_screening,f90,1000,5-0.25-M,2,0.8213,33227,15,intensifier
round1_screening,f90,1000,5-0.25-M,2,0.8518,33598,51,intensifier
round1_screening,f90,1000,5-0.25-M,2,1.1179,33752,51,intensifier
round1_screening,f90,1000,5-0.25-M,2,1.5644,33823,51,intensifier
round1_screening,f90,1000,5-0.25-M,2,2.0079,34106,51,intensifier
round1_screening,f90,1000,5-0.25-M,2,2.2455,34116,51,intensifier
round1_screening,f90,1000,5-0.25-M,2,2.6594,34231,51,intensifier
round1_screening,f90,1000,5-0.25-M,2,2.8683,34296,51,intensifier
round1_screening,f90,1000,5-0.25-M,2,4.1714,34573,51,intensifier
round1_screening,f90,1000,5-0.25-M,2,4.6747,34594,51,intensifier
round1_screening,f90,1000,5-0.25-M,2,9.0002,34778,51,intensifier
round1_screening,f90,1000,5-0.25-M,2,12.6876,34783,51,intensifier
round1_screening,f90,1000,5-0.25-M,2,20.1351,34792,51,intensifier
round1_screening,f90,1000,5-0.25-M,2,20.1942,34990,51,intensifier
round1_screening,f90,1000,5-0.25-M,2,20.2532,35014,51,intensifier
round1_screening,f90,1000,4-0.5-M,1,0.3337,42138,8,intensifier
round1_screening,f90,1000,4-0.5-M,1,0.4076,44798,21,intensifier
round1_screening,f90,1000,4-0.5-M,1,0.4365,45945,21,intensifier
round1_screening,f90,1000,4-0.5-M,1,0.4668,47118,8,intensifier
round1_screening,f90,1000,4-0.5-M,1,0.4973,47409,8,intensifier
round1_screening,f90,1000,4-0.5-M,1,0.5262,47884,8,intensifier
round1_screening,f90,1000,4-0.5-M,1,0.5569,48170,8,intensifier
round1_screening,f90,1000,4-0.5-M,1,0.5857,48309,8,intensifier
round1_screening,f90,1000,4-0.5-M,1,0.6443,48406,59,explorer
round1_screening,f90,1000,4-0.5-M,1,0.6747,48800,40,intensifier
round1_screening,f90,1000,4-0.5-M,1,0.7049,49103,40,intensifier
round1_screening,f90,1000,4-0.5-M,1,0.7344,49324,40,intensifier
round1_screening,f90,1000,4-0.5-M,1,0.7641,49361,40,intensifier
round1_screening,f90,1000,4-0.5-M,1,0.8230,49449,40,intensifier
round1_screening,f90,1000,4-0.5-M,1,0.8525,49498,40,intensifier
round1_screening,f90,1000,4-0.5-M,1,0.9122,49621,40,intensifier
round1_screening,f90,1000,4-0.5-M,1,0.9709,49687,40,intensifier
round1_screening,f90,1000,4-0.5-M,1,1.0005,49784,40,intensifier
round1_screening,f90,1000,4-0.5-M,1,1.2063,49803,40,intensifier
round1_screening,f90,1000,4-0.5-M,1,1.2947,49880,40,intensifier
round1_screening,f90,1000,4-0.5-M,1,1.5019,49969,40,intensifier
round1_screening,f90,1000,4-0.5-M,1,2.0319,50030,40,intensifier
round1_screening,f90,1000,4-0.5-M,1,2.2646,50095,40,intensifier
round1_screening,f90,1000,4-0.5-M,1,2.4420,50157,40,intensifier
round1_screening,f90,1000,4-0.5-M,1,3.0615,50181,40,intensifier
round1_screening,f90,1000,4-0.5-M,1,5.0365,50221,40,intensifier
round1_screening,f90,1000,4-0.5-M,1,5.0668,50365,40,intensifier
round1_screening,f90,1000,4-0.5-M,1,7.5119,50375,40,intensifier
round1_screening,f90,1000,4-0.5-M,1,7.5420,50400,40,intensifier
round1_screening,f90,1000,4-0.5-M,1,7.6018,50495,40,intensifier
round1_screening,f90,1000,4-0.5-M,1,7.6609,50613,40,intensifier
round1_screening,f90,1000,4-0.5-M,1,9.3326,50678,40,intensifier
round1_screening,f90,1000,4-0.5-M,1,10.3941,50693,40,intensifier
round1_screening,f90,1000,4-0.5-M,1,10.7777,50736,40,intensifier
round1_screening,f90,1000,4-0.5-M,1,12.9839,50744,40,intensifier
round1_screening,f90,1000,4-0.5-M,1,13.1009,50745,40,intensifier
round1_screening,f90,1000,4-0.5-M,1,13.4856,50796,40,intensifier
round1_screening,f90,1000,4-0.5-M,1,16.3626,50822,40,intensifier
round1_screening,f90,1000,4-0.5-M,1,23.9900,50845,40,intensifier
round1_screening,f90,1000,4-0.5-M,1,27.3978,50871,40,intensifier
round1_screening,f90,1000,4-0.5-M,1,36.8543,51019,40,intensifier
round1_screening,f90,1000,4-0.5-M,1,72.7238,51133,40,intensifier
round1_screening,f90,1000,4-0.5-M,2,0.4568,46432,25,intensifier
round1_screening,f90,1000,4-0.5-M,2,0.5112,47582,31,intensifier
round1_screening,f90,1000,4-0.5-M,2,0.5405,47905,45,intensifier
round1_screening,f90,1000,4-0.5-M,2,0.5698,48278,45,intensifier
round1_screening,f90,1000,4-0.5-M,2,0.5992,48530,45,intensifier
round1_screening,f90,1000,4-0.5-M,2,0.6291,48715,45,intensifier
round1_screening,f90,1000,4-0.5-M,2,0.6587,49102,45,intensifier
round1_screening,f90,1000,4-0.5-M,2,0.8638,49488,1,intensifier
round1_screening,f90,1000,4-0.5-M,2,0.8928,49621,1,intensifier
round1_screening,f90,1000,4-0.5-M,2,0.9229,49790,1,intensifier
round1_screening,f90,1000,4-0.5-M,2,0.9533,49814,1,intensifier
round1_screening,f90,1000,4-0.5-M,2,1.0122,49975,1,intensifier
round1_screening,f90,1000,4-0.5-M,2,1.0427,50016,1,intensifier
round1_screening,f90,1000,4-0.5-M,2,1.1294,50124,1,intensifier
round1_screening,f90,1000,4-0.5-M,2,1.2175,50325,1,intensifier
round1_screening,f90,1000,4-0.5-M,2,3.4347,50336,1,intensifier
round1_screening,f90,1000,4-0.5-M,2,3.4635,50343,1,intensifier
round1_screening,f90,1000,4-0.5-M,2,3.6412,50610,1,intensifier
round1_screening,f90,1000,4-0.5-M,2,3.6712,50712,1,intensifier
round1_screening,f90,1000,4-0.5-M,2,4.0808,50801,1,intensifier
round1_screening,f90,1000,4-0.5-M,2,4.9847,50884,1,intensifier
round1_screening,f90,1000,4-0.5-M,2,5.0140,50900,1,intensifier
round1_screening,f90,1000,4-0.5-M,2,5.0722,51085,1,intensifier
round1_screening,f90,1000,4-0.5-M,2,21.0246,51138,1,intensifier
round1_screening,f90,1000,3-0.75-P,1,0.6851,362370,62,explorer
round1_screening,f90,1000,3-0.75-P,1,0.9214,362554,28,intensifier
round1_screening,f90,1000,3-0.75-P,1,0.9507,362636,28,intensifier
round1_screening,f90,1000,3-0.75-P,1,1.0685,362683,28,intensifier
round1_screening,f90,1000,3-0.75-P,1,1.1563,362890,0,intensifier
round1_screening,f90,1000,3-0.75-P,1,1.2446,362947,0,intensifier
round1_screening,f90,1000,3-0.75-P,1,1.2746,363042,0,intensifier
round1_screening,f90,1000,3-0.75-P,1,1.3048,363106,0,intensifier
round1_screening,f90,1000,3-0.75-P,1,1.3342,363238,0,intensifier
round1_screening,f90,1000,3-0.75-P,1,3.7055,363241,0,intensifier
round1_screening,f90,1000,3-0.75-P,1,3.7349,363329,0,intensifier
round1_screening,f90,1000,3-0.75-P,1,4.4961,363344,10,intensifier
round1_screening,f90,1000,3-0.75-P,1,4.7904,363413,10,intensifier
round1_screening,f90,1000,3-0.75-P,1,4.9969,363467,10,intensifier
round1_screening,f90,1000,3-0.75-P,1,5.0552,363473,10,intensifier
round1_screening,f90,1000,3-0.75-P,1,5.0854,363738,10,intensifier
round1_screening,f90,1000,3-0.75-P,1,6.2007,363785,10,intensifier
round1_screening,f90,1000,3-0.75-P,1,6.2300,363909,10,intensifier
round1_screening,f90,1000,3-0.75-P,1,6.3180,363950,10,intensifier
round1_screening,f90,1000,3-0.75-P,1,6.7277,363977,10,intensifier
round1_screening,f90,1000,3-0.75-P,1,8.4233,364040,10,intensifier
round1_screening,f90,1000,3-0.75-P,1,10.3873,364184,10,intensifier
round1_screening,f90,1000,3-0.75-P,1,10.4164,364286,10,intensifier
round1_screening,f90,1000,3-0.75-P,1,44.5081,364301,10,intensifier
round1_screening,f90,1000,3-0.75-P,1,47.1600,364326,10,intensifier
round1_screening,f90,1000,3-0.75-P,1,55.3183,364404,10,intensifier
round1_screening,f90,1000,3-0.75-P,1,60.7901,364428,10,intensifier
round1_screening,f90,1000,3-0.75-P,1,69.0508,364494,10,intensifier
round1_screening,f90,1000,3-0.75-P,1,102.2087,364504,10,intensifier
round1_screening,f90,1000,3-0.75-P,1,115.0746,364623,10,intensifier
round1_screening,f90,1000,3-0.75-P,2,0.4733,361507,22,intensifier
round1_screening,f90,1000,3-0.75-P,2,0.5036,361567,26,intensifier
round1_screening,f90,1000,3-0.75-P,2,0.5337,361823,26,intensifier
round1_screening,f90,1000,3-0.75-P,2,0.5639,361997,21,intensifier
round1_screening,f90,1000,3-0.75-P,2,0.5939,362135,28,intensifier
round1_screening,f90,1000,3-0.75-P,2,0.6241,362185,28,intensifier
round1_screening,f90,1000,3-0.75-P,2,0.6544,362415,28,intensifier
round1_screening,f90,1000,3-0.75-P,2,0.6839,362800,28,intensifier
round1_screening,f90,1000,3-0.75-P,2,0.8020,363019,28,intensifier
round1_screening,f90,1000,3-0.75-P,2,0.8920,363070,28,intensifier
round1_screening,f90,1000,3-0.75-P,2,0.9502,363301,28,intensifier
round1_screening,f90,1000,3-0.75-P,2,1.0691,363352,28,intensifier
round1_screening,f90,1000,3-0.75-P,2,1.2171,363483,28,intensifier
round1_screening,f90,1000,3-0.75-P,2,1.5426,363493,28,intensifier
round1_screening,f90,1000,3-0.75-P,2,1.7793,363629,28,intensifier
round1_screening,f90,1000,3-0.75-P,2,1.8086,363661,28,intensifier
round1_screening,f90,1000,3-0.75-P,2,2.3119,363727,28,intensifier
round1_screening,f90,1000,3-0.75-P,2,2.3702,363997,28,intensifier
round1_screening,f90,1000,3-0.75-P,2,3.5188,364060,28,intensifier
round1_screening,f90,1000,3-0.75-P,2,5.1734,364066,28,intensifier
round1_screening,f90,1000,3-0.75-P,2,5.2037,364090,28,intensifier
round1_screening,f90,1000,3-0.75-P,2,9.8437,364115,28,intensifier
round1_screening,f90,1000,3-0.75-P,2,11.1966,364177,28,intensifier
round1_screening,f90,1000,3-0.75-P,2,14.8132,364180,28,intensifier
round1_screening,f90,1000,3-0.75-P,2,18.6148,364231,28,intensifier
round1_screening,f90,1000,3-0.75-P,2,18.9368,364233,28,intensifier
round1_screening,f90,1000,3-0.75-P,2,29.5551,364250,28,intensifier
round1_screening,f90,1000,3-0.75-P,2,42.6111,364334,28,intensifier
round1_screening,f90,1000,3-0.75-P,2,51.9310,364366,28,intensifier
round1_screening,f90,1000,3-0.75-P,2,58.2148,364555,28,intensifier
round1_screening,dsmall,500,3-0.25-P,1,0.0076,62301,60,explorer
round1_screening,dsmall,500,3-0.25-P,1,0.1112,75733,31,intensifier
round1_screening,dsmall,500,3-0.25-P,1,0.1706,75763,31,intensifier
round1_screening,dsmall,500,3-0.25-P,1,0.2014,75938,55,explorer
round1_screening,dsmall,500,3-0.25-P,1,0.2316,76323,39,intensifier
round1_screening,dsmall,500,3-0.25-P,1,0.3513,76542,39,intensifier
round1_screening,dsmall,500,3-0.25-P,1,0.5310,76650,39,intensifier
round1_screening,dsmall,500,3-0.25-P,1,0.7412,76707,39,intensifier
round1_screening,dsmall,500,3-0.25-P,1,1.4038,76775,39,intensifier
round1_screening,dsmall,500,3-0.25-P,1,6.5528,76853,39,intensifier
round1_screening,dsmall,500,3-0.25-P,1,9.9994,76863,35,intensifier
round1_screening,dsmall,500,3-0.25-P,1,12.0660,76959,26,intensifier
round1_screening,dsmall,500,3-0.25-P,1,15.9008,76974,26,intensifier
round1_screening,dsmall,500,3-0.25-P,1,18.7751,77004,13,intensifier
round1_screening,dsmall,500,3-0.25-P,1,19.8239,77196,13,intensifier
round1_screening,dsmall,500,3-0.25-P,1,62.6568,77293,28,intensifier
round1_screening,dsmall,500,3-0.25-P,2,0.0109,69441,1,intensifier
round1_screening,dsmall,500,3-0.25-P,2,0.0870,75891,29,intensifier
round1_screening,dsmall,500,3-0.25-P,2,0.1472,76064,29,intensifier
round1_screening,dsmall,500,3-0.25-P,2,0.2072,76071,29,intensifier
round1_screening,dsmall,500,3-0.25-P,2,0.2974,76267,58,explorer
round1_screening,dsmall,500,3-0.25-P,2,0.4472,76420,2,intensifier
round1_screening,dsmall,500,3-0.25-P,2,0.4773,76449,2,intensifier
round1_screening,dsmall,500,3-0.25-P,2,0.5976,76510,14,intensifier
round1_screening,dsmall,500,3-0.25-P,2,1.0184,76641,14,intensifier
round1_screening,dsmall,500,3-0.25-P,2,1.5277,76657,14,intensifier
round1_screening,dsmall,500,3-0.25-P,2,1.7379,76874,14,intensifier
round1_screening,dsmall,500,3-0.25-P,2,11.1732,76937,9,intensifier
round1_screening,dsmall,500,3-0.25-P,2,11.2330,76944,21,intensifier
round1_screening,dsmall,500,3-0.25-P,2,11.8007,76976,21,intensifier
round1_screening,dsmall,500,3-0.25-P,2,11.8301,77007,2,intensifier
round1_screening,dsmall,500,3-0.25-P,2,13.1775,77182,2,intensifier
round1_screening,dsmall,500,3-0.25-P,2,21.2948,77279,13,intensifier
round1_screening,dsmall,500,3-0.25-P,2,53.1924,77309,35,intensifier
round1_screening,dsmall,500,3-0.25-P,2,80.9555,77337,21,intensifier
round1_screening,dsmall,500,3-0.25-P,2,84.8188,77354,24,intensifier
round1_screening,dsmall,500,3-0.25-P,2,109.8583,77367,34,intensifier
round1_screening,dsmall,500,8-0.5-M,1,0.4686,81661,37,intensifier
round1_screening,dsmall,500,8-0.5-M,1,0.5606,81937,37,intensifier
round1_screening,dsmall,500,8-0.5-M,1,0.6808,81996,37,intensifier
round1_screening,dsmall,500,8-0.5-M,1,1.1282,82082,27,intensifier
round1_screening,dsmall,500,8-0.5-M,1,1.2799,82188,37,intensifier
round1_screening,dsmall,500,8-0.5-M,1,3.3440,82320,37,intensifier
round1_screening,dsmall,500,8-0.5-M,1,3.8530,82451,37,intensifier
round1_screening,dsmall,500,8-0.5-M,1,11.9625,82501,35,intensifier
round1_screening,dsmall,500,8-0.5-M,1,16.1487,82614,24,intensifier
round1_screening,dsmall,500,8-0.5-M,1,107.6322,82621,43,intensifier
round1_screening,dsmall,500,8-0.5-M,2,0.0085,33326,6,intensifier
round1_screening,dsmall,500,8-0.5-M,2,0.2286,82055,30,intensifier
round1_screening,dsmall,500,8-0.5-M,2,0.2889,82152,30,intensifier
round1_screening,dsmall,500,8-0.5-M,2,2.2010,82169,0,intensifier
round1_screening,dsmall,500,8-0.5-M,2,2.6797,82219,45,intensifier
round1_screening,dsmall,500,8-0.5-M,2,3.2781,82331,34,intensifier
round1_screening,dsmall,500,8-0.5-M,2,5.3108,82370,45,intensifier
round1_screening,dsmall,500,8-0.5-M,2,11.5853,82384,45,intensifier
round1_screening,dsmall,500,8-0.5-M,2,12.3329,82403,5,intensifier
round1_screening,dsmall,500,8-0.5-M,2,12.6617,82427,2,intensifier
round1_screening,dsmall,500,8-0.5-M,2,13.7372,82438,5,intensifier
round1_screening,dsmall,500,8-0.5-M,2,15.0224,82500,5,intensifier
round1_screening,dsmall,500,8-0.5-M,2,36.8978,82533,4,intensifier
round1_screening,dsmall,500,8-0.5-M,2,47.2059,82569,5,intensifier
round1_screening,dsmall,500,8-0.5-M,2,47.4449,82694,5,intensifier
round1_screening,dsmall,500,13-0.75-M,1,0.2867,86754,38,intensifier
round1_screening,dsmall,500,13-0.75-M,1,0.4997,86789,6,intensifier
round1_screening,dsmall,500,13-0.75-M,1,0.5599,86793,6,intensifier
round1_screening,dsmall,500,13-0.75-M,1,0.6210,86940,6,intensifier
round1_screening,dsmall,500,13-0.75-M,1,1.5194,86975,6,intensifier
round1_screening,dsmall,500,13-0.75-M,1,2.1797,87021,6,intensifier
round1_screening,dsmall,500,13-0.75-M,1,2.2395,87043,6,intensifier
round1_screening,dsmall,500,13-0.75-M,1,2.6889,87053,6,intensifier
round1_screening,dsmall,500,13-0.75-M,1,13.3855,87082,3,intensifier
round1_screening,dsmall,500,13-0.75-M,1,19.3772,87091,3,intensifier
round1_screening,dsmall,500,13-0.75-M,1,23.2735,87150,42,intensifier
round1_screening,dsmall,500,13-0.75-M,1,109.1930,87200,42,intensifier
round1_screening,dsmall,500,13-0.75-M,2,0.3041,86614,46,intensifier
round1_screening,dsmall,500,13-0.75-M,2,0.3361,86664,41,intensifier
round1_screening,dsmall,500,13-0.75-M,2,0.3664,86798,23,intensifier
round1_screening,dsmall,500,13-0.75-M,2,0.3966,86851,23,intensifier
round1_screening,dsmall,500,13-0.75-M,2,0.5462,86874,23,intensifier
round1_screening,dsmall,500,13-0.75-M,2,0.6066,87032,23,intensifier
round1_screening,dsmall,500,13-0.75-M,2,0.9360,87095,23,intensifier
round1_screening,dsmall,500,13-0.75-M,2,73.0401,87123,21,intensifier
round1_screening,dsmall,500,13-0.75-M,2,77.4419,87128,15,intensifier
round1_screening,dsmall,500,13-0.75-M,2,78.3093,87145,13,intensifier
round1_screening,dsmall,500,13-0.75-M,2,90.1687,87171,42,intensifier
round1_screening,dsmall,1000,5-0.25-M,1,0.5419,32592,2,intensifier
round1_screening,dsmall,1000,5-0.25-M,1,0.5770,32792,32,intensifier
round1_screening,dsmall,1000,5-0.25-M,1,0.6665,32893,58,explorer
round1_screening,dsmall,1000,5-0.25-M,1,0.6965,33009,2,intensifier
round1_screening,dsmall,1000,5-0.25-M,1,0.7265,33215,43,intensifier
round1_screening,dsmall,1000,5-0.25-M,1,0.8753,33384,43,intensifier
round1_screening,dsmall,1000,5-0.25-M,1,0.9650,33438,43,intensifier
round1_screening,dsmall,1000,5-0.25-M,1,1.0537,33511,43,intensifier
round1_screening,dsmall,1000,5-0.25-M,1,1.2029,33520,43,intensifier
round1_screening,dsmall,1000,5-0.25-M,1,1.2329,33530,43,intensifier
round1_screening,dsmall,1000,5-0.25-M,1,1.5898,33647,43,intensifier
round1_screening,dsmall,1000,5-0.25-M,1,1.9752,33710,43,intensifier
round1_screening,dsmall,1000,5-0.25-M,1,2.0634,33971,43,intensifier
round1_screening,dsmall,1000,5-0.25-M,1,2.5066,34021,43,intensifier
round1_screening,dsmall,1000,5-0.25-M,1,3.8106,34284,43,intensifier
round1_screening,dsmall,1000,5-0.25-M,1,5.0280,34361,43,intensifier
round1_screening,dsmall,1000,5-0.25-M,1,14.9025,34384,43,intensifier
round1_screening,dsmall,1000,5-0.25-M,1,15.2884,34399,43,intensifier
round1_screening,dsmall,1000,5-0.25-M,1,21.3075,34415,43,intensifier
round1_screening,dsmall,1000,5-0.25-M,1,24.2148,34464,43,intensifier
round1_screening,dsmall,1000,5-0.25-M,1,29.9106,34522,43,intensifier
round1_screening,dsmall,1000,5-0.25-M,1,29.9406,34562,43,intensifier
round1_screening,dsmall,1000,5-0.25-M,1,31.7813,34666,43,intensifier
round1_screening,dsmall,1000,5-0.25-M,1,35.9657,34778,43,intensifier
round1_screening,dsmall,1000,5-0.25-M,1,46.4658,34837,16,intensifier
round1_screening,dsmall,1000,5-0.25-M,1,50.9403,34965,16,intensifier
round1_screening,dsmall,1000,5-0.25-M,1,86.9402,35017,37,intensifier
round1_screening,dsmall,1000,5-0.25-M,1,90.5004,35035,24,intensifier
round1_screening,dsmall,1000,5-0.25-M,1,103.5391,35096,9,intensifier
round1_screening,dsmall,1000,5-0.25-M,2,0.5417,32594,57,explorer
round1_screening,dsmall,1000,5-0.25-M,2,0.5767,32626,15,intensifier
round1_screening,dsmall,1000,5-0.25-M,2,0.6067,33030,15,intensifier
round1_screening,dsmall,1000,5-0.25-M,2,0.6370,33060,29,intensifier
round1_screening,dsmall,1000,5-0.25-M,2,0.7852,33408,51,explorer
round1_screening,dsmall,1000,5-0.25-M,2,1.5825,33492,40,intensifier
round1_screening,dsmall,1000,5-0.25-M,2,1.6128,33522,40,intensifier
round1_screening,dsmall,1000,5-0.25-M,2,1.7915,33657,40,intensifier
round1_screening,dsmall,1000,5-0.25-M,2,1.8808,33667,40,intensifier
round1_screening,dsmall,1000,5-0.25-M,2,2.2077,33699,40,intensifier
round1_screening,dsmall,1000,5-0.25-M,2,2.2378,33825,40,intensifier
round1_screening,dsmall,1000,5-0.25-M,2,2.3869,33988,40,intensifier
round1_screening,dsmall,1000,5-0.25-M,2,2.4171,34060,40,intensifier
round1_screening,dsmall,1000,5-0.25-M,2,2.4472,34082,40,intensifier
round1_screening,dsmall,1000,5-0.25-M,2,2.5658,34228,40,intensifier
round1_screening,dsmall,1000,5-0.25-M,2,2.5962,34316,40,intensifier
round1_screening,dsmall,1000,5-0.25-M,2,3.9920,34525,40,intensifier
round1_screening,dsmall,1000,5-0.25-M,2,5.0304,34548,40,intensifier
round1_screening,dsmall,1000,5-0.25-M,2,13.5171,34615,40,intensifier
round1_screening,dsmall,1000,5-0.25-M,2,18.8583,34682,40,intensifier
round1_screening,dsmall,1000,5-0.25-M,2,19.2710,34733,40,intensifier
round1_screening,dsmall,1000,5-0.25-M,2,33.1080,34754,40,intensifier
round1_screening,dsmall,1000,5-0.25-M,2,35.0302,34819,40,intensifier
round1_screening,dsmall,1000,5-0.25-M,2,94.1044,34849,10,intensifier
round1_screening,dsmall,1000,5-0.25-M,2,99.4799,34859,10,intensifier
round1_screening,dsmall,1000,5-0.25-M,2,99.5394,34968,10,intensifier
round1_screening,dsmall,1000,5-0.25-M,2,104.5234,35028,10,intensifier
round1_screening,dsmall,1000,4-0.5-M,1,0.2209,26410,26,intensifier
round1_screening,dsmall,1000,4-0.5-M,1,0.3223,39695,26,intensifier
round1_screening,dsmall,1000,4-0.5-M,1,0.3521,41310,26,intensifier
round1_screening,dsmall,1000,4-0.5-M,1,0.3813,43026,47,intensifier
round1_screening,dsmall,1000,4-0.5-M,1,0.4103,44874,47,intensifier
round1_screening,dsmall,1000,4-0.5-M,1,0.4389,45390,47,intensifier
round1_screening,dsmall,1000,4-0.5-M,1,0.4686,46205,50,explorer
round1_screening,dsmall,1000,4-0.5-M,1,0.4991,47725,37,intensifier
round1_screening,dsmall,1000,4-0.5-M,1,0.5276,47852,37,intensifier
round1_screening,dsmall,1000,4-0.5-M,1,0.5584,47988,37,intensifier
round1_screening,dsmall,1000,4-0.5-M,1,0.6168,48173,37,intensifier
round1_screening,dsmall,1000,4-0.5-M,1,0.6457,48286,30,intensifier
round1_screening,dsmall,1000,4-0.5-M,1,0.6758,48750,30,intensifier
round1_screening,dsmall,1000,4-0.5-M,1,0.7061,48932,30,intensifier
round1_screening,dsmall,1000,4-0.5-M,1,0.7641,48957,30,intensifier
round1_screening,dsmall,1000,4-0.5-M,1,0.8237,49019,30,intensifier
round1_screening,dsmall,1000,4-0.5-M,1,0.8816,49030,30,intensifier
round1_screening,dsmall,1000,4-0.5-M,1,0.9696,49280,30,intensifier
round1_screening,dsmall,1000,4-0.5-M,1,1.0580,49308,30,intensifier
round1_screening,dsmall,1000,4-0.5-M,1,1.3265,49420,30,intensifier
round1_screening,dsmall,1000,4-0.5-M,1,1.4174,49522,30,intensifier
round1_screening,dsmall,1000,4-0.5-M,1,1.5645,49602,30,intensifier
round1_screening,dsmall,1000,4-0.5-M,1,1.5948,49690,30,intensifier
round1_screening,dsmall,1000,4-0.5-M,1,1.6851,49713,30,intensifier
round1_screening,dsmall,1000,4-0.5-M,1,1.7125,49804,30,intensifier
round1_screening,dsmall,1000,4-0.5-M,1,1.8604,49867,30,intensifier
round1_screening,dsmall,1000,4-0.5-M,1,1.9189,50146,1,intensifier
round1_screening,dsmall,1000,4-0.5-M,1,1.9787,50192,1,intensifier
round1_screening,dsmall,1000,4-0.5-M,1,2.0080,50227,1,intensifier
round1_screening,dsmall,1000,4-0.5-M,1,2.4780,50232,1,intensifier
round1_screening,dsmall,1000,4-0.5-M,1,2.8304,50239,1,intensifier
round1_screening,dsmall,1000,4-0.5-M,1,2.9462,50298,1,intensifier
round1_screening,dsmall,1000,4-0.5-M,1,3.0363,50333,1,intensifier
round1_screening,dsmall,1000,4-0.5-M,1,3.6536,50356,1,intensifier
round1_screening,dsmall,1000,4-0.5-M,1,3.7120,50625,1,intensifier
round1_screening,dsmall,1000,4-0.5-M,1,4.8244,50696,1,intensifier
round1_screening,dsmall,1000,4-0.5-M,1,5.7982,50763,1,intensifier
round1_screening,dsmall,1000,4-0.5-M,1,7.9468,50964,1,intensifier
round1_screening,dsmall,1000,4-0.5-M,1,15.4776,51025,1,intensifier
round1_screening,dsmall,1000,4-0.5-M,1,35.3765,51119,1,intensifier
round1_screening,dsmall,1000,4-0.5-M,2,0.4532,46432,25,intensifier
round1_screening,dsmall,1000,4-0.5-M,2,0.5089,47582,31,intensifier
round1_screening,dsmall,1000,4-0.5-M,2,0.5382,47670,32,intensifier
round1_screening,dsmall,1000,4-0.5-M,2,0.5675,47805,43,intensifier
round1_screening,dsmall,1000,4-0.5-M,2,0.5968,48376,9,intensifier
round1_screening,dsmall,1000,4-0.5-M,2,0.6558,48796,16,intensifier
round1_screening,dsmall,1000,4-0.5-M,2,0.6853,49010,9,intensifier
round1_screening,dsmall,1000,4-0.5-M,2,0.7152,49108,16,intensifier
round1_screening,dsmall,1000,4-0.5-M,2,0.7444,49147,16,intensifier
round1_screening,dsmall,1000,4-0.5-M,2,0.8321,49506,16,intensifier
round1_screening,dsmall,1000,4-0.5-M,2,0.9202,49635,16,intensifier
round1_screening,dsmall,1000,4-0.5-M,2,0.9803,49657,16,intensifier
round1_screening,dsmall,1000,4-0.5-M,2,1.0106,49890,16,intensifier
round1_screening,dsmall,1000,4-0.5-M,2,1.2469,49933,16,intensifier
round1_screening,dsmall,1000,4-0.5-M,2,1.4236,49965,16,intensifier
round1_screening,dsmall,1000,4-0.5-M,2,1.6878,50025,16,intensifier
round1_screening,dsmall,1000,4-0.5-M,2,1.7758,50431,16,intensifier
round1_screening,dsmall,1000,4-0.5-M,2,2.3304,50706,16,intensifier
round1_screening,dsmall,1000,4-0.5-M,2,2.7100,50790,16,intensifier
round1_screening,dsmall,1000,4-0.5-M,2,2.8275,50809,16,intensifier
round1_screening,dsmall,1000,4-0.5-M,2,4.1412,50848,16,intensifier
round1_screening,dsmall,1000,4-0.5-M,2,4.5794,50857,16,intensifier
round1_screening,dsmall,1000,4-0.5-M,2,10.9613,50880,16,intensifier
round1_screening,dsmall,1000,3-0.75-P,1,0.6521,362370,62,explorer
round1_screening,dsmall,1000,3-0.75-P,1,0.9510,362554,28,intensifier
round1_screening,dsmall,1000,3-0.75-P,1,0.9798,362636,28,intensifier
round1_screening,dsmall,1000,3-0.75-P,1,1.0984,362683,28,intensifier
round1_screening,dsmall,1000,3-0.75-P,1,1.1572,362890,0,intensifier
round1_screening,dsmall,1000,3-0.75-P,1,1.2463,362947,0,intensifier
round1_screening,dsmall,1000,3-0.75-P,1,1.3071,363042,0,intensifier
round1_screening,dsmall,1000,3-0.75-P,1,1.3373,363106,0,intensifier
round1_screening,dsmall,1000,3-0.75-P,1,1.3668,363238,0,intensifier
round1_screening,dsmall,1000,3-0.75-P,1,3.8362,363329,0,intensifier
round1_screening,dsmall,1000,3-0.75-P,1,4.5989,363344,10,intensifier
round1_screening,dsmall,1000,3-0.75-P,1,4.8693,363413,10,intensifier
round1_screening,dsmall,1000,3-0.75-P,1,5.0752,363467,10,intensifier
round1_screening,dsmall,1000,3-0.75-P,1,5.1630,363738,10,intensifier
round1_screening,dsmall,1000,3-0.75-P,1,6.3168,363785,10,intensifier
round1_screening,dsmall,1000,3-0.75-P,1,6.3472,363909,10,intensifier
round1_screening,dsmall,1000,3-0.75-P,1,6.4364,363950,10,intensifier
round1_screening,dsmall,1000,3-0.75-P,1,6.8500,363977,10,intensifier
round1_screening,dsmall,1000,3-0.75-P,1,8.5633,364040,10,intensifier
round1_screening,dsmall,1000,3-0.75-P,1,10.5716,364184,10,intensifier
round1_screening,dsmall,1000,3-0.75-P,1,10.6019,364286,10,intensifier
round1_screening,dsmall,1000,3-0.75-P,1,42.2569,364301,10,intensifier
round1_screening,dsmall,1000,3-0.75-P,1,44.6238,364326,10,intensifier
round1_screening,dsmall,1000,3-0.75-P,1,52.0062,364404,10,intensifier
round1_screening,dsmall,1000,3-0.75-P,1,56.9549,364428,10,intensifier
round1_screening,dsmall,1000,3-0.75-P,1,64.5771,364494,10,intensifier
round1_screening,dsmall,1000,3-0.75-P,1,96.1991,364504,10,intensifier
round1_screening,dsmall,1000,3-0.75-P,1,110.0397,364623,10,intensifier
round1_screening,dsmall,1000,3-0.75-P,2,0.1175,337843,2,intensifier
round1_screening,dsmall,1000,3-0.75-P,2,0.2934,359676,47,intensifier
round1_screening,dsmall,1000,3-0.75-P,2,0.3238,360330,47,intensifier
round1_screening,dsmall,1000,3-0.75-P,2,0.3532,360492,47,intensifier
round1_screening,dsmall,1000,3-0.75-P,2,0.3835,361045,31,intensifier
round1_screening,dsmall,1000,3-0.75-P,2,0.4131,361357,31,intensifier
round1_screening,dsmall,1000,3-0.75-P,2,0.4425,361389,27,intensifier
round1_screening,dsmall,1000,3-0.75-P,2,0.5010,361410,59,explorer
round1_screening,dsmall,1000,3-0.75-P,2,0.5304,361879,36,intensifier
round1_screening,dsmall,1000,3-0.75-P,2,0.6188,362078,36,intensifier
round1_screening,dsmall,1000,3-0.75-P,2,0.7082,362363,36,intensifier
round1_screening,dsmall,1000,3-0.75-P,2,0.7375,362446,36,intensifier
round1_screening,dsmall,1000,3-0.75-P,2,0.7969,362649,36,intensifier
round1_screening,dsmall,1000,3-0.75-P,2,1.0315,362674,36,intensifier
round1_screening,dsmall,1000,3-0.75-P,2,1.4756,362751,36,intensifier
round1_screening,dsmall,1000,3-0.75-P,2,1.5934,362840,20,intensifier
round1_screening,dsmall,1000,3-0.75-P,2,1.6228,363189,20,intensifier
round1_screening,dsmall,1000,3-0.75-P,2,2.0636,363205,20,intensifier
round1_screening,dsmall,1000,3-0.75-P,2,2.0934,363473,20,intensifier
round1_screening,dsmall,1000,3-0.75-P,2,4.4344,363573,20,intensifier
round1_screening,dsmall,1000,3-0.75-P,2,5.1126,363583,20,intensifier
round1_screening,dsmall,1000,3-0.75-P,2,5.1418,363593,20,intensifier
round1_screening,dsmall,1000,3-0.75-P,2,5.1727,363681,20,intensifier
round1_screening,dsmall,1000,3-0.75-P,2,7.2972,363699,20,intensifier
round1_screening,dsmall,1000,3-0.75-P,2,7.5896,363758,20,intensifier
round1_screening,dsmall,1000,3-0.75-P,2,8.2130,363801,20,intensifier
round1_screening,dsmall,1000,3-0.75-P,2,9.4202,363829,20,intensifier
round1_screening,dsmall,1000,3-0.75-P,2,10.8909,363960,20,intensifier
round1_screening,dsmall,1000,3-0.75-P,2,14.0508,364032,20,intensifier
round1_screening,dsmall,1000,3-0.75-P,2,27.2705,364143,20,intensifier
round1_screening,dsmall,1000,3-0.75-P,2,47.4855,364423,20,intensifier
round1_screening,dsmall,1000,3-0.75-P,2,73.9931,364444,20,intensifier
round1_screening,dsmall,1000,3-0.75-P,2,89.3086,364623,20,intensifier
round1_screening,dlarge,500,3-0.25-P,1,0.0069,61288,6,intensifier
round1_screening,dlarge,500,3-0.25-P,1,0.1157,75882,18,intensifier
round1_screening,dlarge,500,3-0.25-P,1,0.2064,75938,55,explorer
round1_screening,dlarge,500,3-0.25-P,1,0.2365,76090,18,intensifier
round1_screening,dlarge,500,3-0.25-P,1,0.2671,76108,18,intensifier
round1_screening,dlarge,500,3-0.25-P,1,0.2966,76330,18,intensifier
round1_screening,dlarge,500,3-0.25-P,1,0.4774,76392,18,intensifier
round1_screening,dlarge,500,3-0.25-P,1,0.6569,76728,18,intensifier
round1_screening,dlarge,500,3-0.25-P,1,2.9359,76749,6,intensifier
round1_screening,dlarge,500,3-0.25-P,1,3.2951,76787,6,intensifier
round1_screening,dlarge,500,3-0.25-P,1,4.7339,76824,18,intensifier
round1_screening,dlarge,500,3-0.25-P,1,8.1192,76876,47,intensifier
round1_screening,dlarge,500,3-0.25-P,1,12.7915,76907,47,intensifier
round1_screening,dlarge,500,3-0.25-P,1,12.8223,76922,47,intensifier
round1_screening,dlarge,500,3-0.25-P,1,13.2723,76946,47,intensifier
round1_screening,dlarge,500,3-0.25-P,1,80.9054,76962,26,intensifier
round1_screening,dlarge,500,3-0.25-P,1,83.7503,77011,26,intensifier
round1_screening,dlarge,500,3-0.25-P,1,86.1766,77019,26,intensifier
round1_screening,dlarge,500,3-0.25-P,1,87.2849,77119,26,intensifier
round1_screening,dlarge,500,3-0.25-P,1,90.0411,77254,26,intensifier
round1_screening,dlarge,500,3-0.25-P,2,0.0089,64982,1,intensifier
round1_screening,dlarge,500,3-0.25-P,2,0.0946,75868,9,intensifier
round1_screening,dlarge,500,3-0.25-P,2,0.1251,75966,9,intensifier
round1_screening,dlarge,500,3-0.25-P,2,0.1554,75997,31,intensifier
round1_screening,dlarge,500,3-0.25-P,2,0.2159,76080,31,intensifier
round1_screening,dlarge,500,3-0.25-P,2,0.2457,76280,31,intensifier
round1_screening,dlarge,500,3-0.25-P,2,0.3060,76465,42,intensifier
round1_screening,dlarge,500,3-0.25-P,2,0.4558,76525,42,intensifier
round1_screening,dlarge,500,3-0.25-P,2,0.6060,76650,37,intensifier
round1_screening,dlarge,500,3-0.25-P,2,3.8124,76713,37,intensifier
round1_screening,dlarge,500,3-0.25-P,2,8.5737,76831,10,intensifier
round1_screening,dlarge,500,3-0.25-P,2,9.2627,76885,10,intensifier
round1_screening,dlarge,500,3-0.25-P,2,9.7721,77042,10,intensifier
round1_screening,dlarge,500,8-0.5-M,1,0.3759,81661,37,intensifier
round1_screening,dlarge,500,8-0.5-M,1,0.5597,81937,37,intensifier
round1_screening,dlarge,500,8-0.5-M,1,0.6790,82038,21,intensifier
round1_screening,dlarge,500,8-0.5-M,1,1.2177,82339,27,intensifier
round1_screening,dlarge,500,8-0.5-M,1,68.4124,82359,40,intensifier
round1_screening,dlarge,500,8-0.5-M,1,97.9631,82410,33,intensifier
round1_screening,dlarge,500,8-0.5-M,2,0.2496,81667,3,intensifier
round1_screening,dlarge,500,8-0.5-M,2,0.2800,81754,28,intensifier
round1_screening,dlarge,500,8-0.5-M,2,0.3101,81792,36,intensifier
round1_screening,dlarge,500,8-0.5-M,2,0.3402,82136,36,intensifier
round1_screening,dlarge,500,8-0.5-M,2,0.4899,82162,36,intensifier
round1_screening,dlarge,500,8-0.5-M,2,2.1344,82173,36,intensifier
round1_screening,dlarge,500,8-0.5-M,2,2.2544,82315,36,intensifier
round1_screening,dlarge,500,8-0.5-M,2,2.7624,82340,36,intensifier
round1_screening,dlarge,500,8-0.5-M,2,3.4499,82453,28,intensifier
round1_screening,dlarge,500,8-0.5-M,2,9.4554,82554,28,intensifier
round1_screening,dlarge,500,8-0.5-M,2,16.0897,82563,28,intensifier
round1_screening,dlarge,500,13-0.75-M,1,0.3037,86754,38,intensifier
round1_screening,dlarge,500,13-0.75-M,1,0.4856,86789,6,intensifier
round1_screening,dlarge,500,13-0.75-M,1,0.5156,86793,6,intensifier
round1_screening,dlarge,500,13-0.75-M,1,0.5757,86940,6,intensifier
round1_screening,dlarge,500,13-0.75-M,1,1.4446,86975,6,intensifier
round1_screening,dlarge,500,13-0.75-M,1,2.0736,87021,6,intensifier
round1_screening,dlarge,500,13-0.75-M,1,2.1335,87043,6,intensifier
round1_screening,dlarge,500,13-0.75-M,1,2.5825,87053,6,intensifier
round1_screening,dlarge,500,13-0.75-M,1,74.5895,87114,1,intensifier
round1_screening,dlarge,500,13-0.75-M,1,74.7387,87171,20,intensifier
round1_screening,dlarge,500,13-0.75-M,2,0.2724,86601,39,intensifier
round1_screening,dlarge,500,13-0.75-M,2,0.3062,86641,46,intensifier
round1_screening,dlarge,500,13-0.75-M,2,0.3367,86735,46,intensifier
round1_screening,dlarge,500,13-0.75-M,2,0.3673,86798,23,intensifier
round1_screening,dlarge,500,13-0.75-M,2,0.3973,86857,46,intensifier
round1_screening,dlarge,500,13-0.75-M,2,0.4573,86915,23,intensifier
round1_screening,dlarge,500,13-0.75-M,2,0.8171,86924,23,intensifier
round1_screening,dlarge,500,13-0.75-M,2,1.1770,86927,23,intensifier
round1_screening,dlarge,500,13-0.75-M,2,1.7763,86996,11,intensifier
round1_screening,dlarge,500,13-0.75-M,2,3.1543,87008,31,intensifier
round1_screening,dlarge,500,13-0.75-M,2,3.6339,87020,11,intensifier
round1_screening,dlarge,500,13-0.75-M,2,4.6826,87108,11,intensifier
round1_screening,dlarge,500,13-0.75-M,2,6.3304,87130,11,intensifier
round1_screening,dlarge,500,13-0.75-M,2,6.9004,87146,11,intensifier
round1_screening,dlarge,1000,5-0.25-M,1,0.5347,32592,2,intensifier
round1_screening,dlarge,1000,5-0.25-M,1,0.5699,32751,32,intensifier
round1_screening,dlarge,1000,5-0.25-M,1,0.5999,32792,32,intensifier
round1_screening,dlarge,1000,5-0.25-M,1,0.6894,32893,58,explorer
round1_screening,dlarge,1000,5-0.25-M,1,0.7194,33018,43,intensifier
round1_screening,dlarge,1000,5-0.25-M,1,0.7497,33288,43,intensifier
round1_screening,dlarge,1000,5-0.25-M,1,0.8390,33378,43,intensifier
round1_screening,dlarge,1000,5-0.25-M,1,0.8689,33383,43,intensifier
round1_screening,dlarge,1000,5-0.25-M,1,0.8991,33541,43,intensifier
round1_screening,dlarge,1000,5-0.25-M,1,1.0473,33556,43,intensifier
round1_screening,dlarge,1000,5-0.25-M,1,1.4619,33617,43,intensifier
round1_screening,dlarge,1000,5-0.25-M,1,1.6107,33631,43,intensifier
round1_screening,dlarge,1000,5-0.25-M,1,1.6693,33656,43,intensifier
round1_screening,dlarge,1000,5-0.25-M,1,2.0557,33728,43,intensifier
round1_screening,dlarge,1000,5-0.25-M,1,2.2933,33792,43,intensifier
round1_screening,dlarge,1000,5-0.25-M,1,2.6789,33879,43,intensifier
round1_screening,dlarge,1000,5-0.25-M,1,2.7090,33978,43,intensifier
round1_screening,dlarge,1000,5-0.25-M,1,2.7400,34102,43,intensifier
round1_screening,dlarge,1000,5-0.25-M,1,6.7974,34106,43,intensifier
round1_screening,dlarge,1000,5-0.25-M,1,7.1540,34144,43,intensifier
round1_screening,dlarge,1000,5-0.25-M,1,8.4287,34152,43,intensifier
round1_screening,dlarge,1000,5-0.25-M,1,8.6663,34250,43,intensifier
round1_screening,dlarge,1000,5-0.25-M,1,10.2399,34330,43,intensifier
round1_screening,dlarge,1000,5-0.25-M,1,10.9511,34338,43,intensifier
round1_screening,dlarge,1000,5-0.25-M,1,11.6041,34439,43,intensifier
round1_screening,dlarge,1000,5-0.25-M,1,12.3150,34501,43,intensifier
round1_screening,dlarge,1000,5-0.25-M,1,21.3007,34576,43,intensifier
round1_screening,dlarge,1000,5-0.25-M,1,31.2828,34620,43,intensifier
round1_screening,dlarge,1000,5-0.25-M,1,38.2427,34676,43,intensifier
round1_screening,dlarge,1000,5-0.25-M,1,45.7982,34684,43,intensifier
round1_screening,dlarge,1000,5-0.25-M,1,56.9176,34708,43,intensifier
round1_screening,dlarge,1000,5-0.25-M,1,72.1381,34748,43,intensifier
round1_screening,dlarge,1000,5-0.25-M,1,75.1594,34885,43,intensifier
round1_screening,dlarge,1000,5-0.25-M,1,91.2250,34902,43,intensifier
round1_screening,dlarge,1000,5-0.25-M,1,94.8726,35011,43,intensifier
round1_screening,dlarge,1000,5-0.25-M,1,102.3914,35013,43,intensifier
round1_screening,dlarge,1000,5-0.25-M,2,0.6251,32929,29,intensifier
round1_screening,dlarge,1000,5-0.25-M,2,0.7463,32960,5,intensifier
round1_screening,dlarge,1000,5-0.25-M,2,0.7758,33408,51,explorer
round1_screening,dlarge,1000,5-0.25-M,2,1.6595,33411,29,intensifier
round1_screening,dlarge,1000,5-0.25-M,2,1.6885,33510,29,intensifier
round1_screening,dlarge,1000,5-0.25-M,2,1.7484,33550,29,intensifier
round1_screening,dlarge,1000,5-0.25-M,2,1.7784,33757,29,intensifier
round1_screening,dlarge,1000,5-0.25-M,2,1.9025,33777,29,intensifier
round1_screening,dlarge,1000,5-0.25-M,2,2.0200,33993,29,intensifier
round1_screening,dlarge,1000,5-0.25-M,2,2.1676,34245,29,intensifier
round1_screening,dlarge,1000,5-0.25-M,2,2.1962,34285,29,intensifier
round1_screening,dlarge,1000,5-0.25-M,2,2.8429,34452,29,intensifier
round1_screening,dlarge,1000,5-0.25-M,2,3.3783,34552,29,intensifier
round1_screening,dlarge,1000,5-0.25-M,2,3.5273,34603,29,intensifier
round1_screening,dlarge,1000,5-0.25-M,2,3.6169,34611,29,intensifier
round1_screening,dlarge,1000,5-0.25-M,2,6.5719,34681,29,intensifier
round1_screening,dlarge,1000,5-0.25-M,2,10.9560,34804,29,intensifier
round1_screening,dlarge,1000,5-0.25-M,2,17.4638,34942,29,intensifier
round1_screening,dlarge,1000,4-0.5-M,1,0.3022,39710,8,intensifier
round1_screening,dlarge,1000,4-0.5-M,1,0.3836,44064,8,intensifier
round1_screening,dlarge,1000,4-0.5-M,1,0.4137,44680,33,intensifier
round1_screening,dlarge,1000,4-0.5-M,1,0.4432,45422,20,intensifier
round1_screening,dlarge,1000,4-0.5-M,1,0.4728,46790,20,intensifier
round1_screening,dlarge,1000,4-0.5-M,1,0.5022,47243,26,intensifier
round1_screening,dlarge,1000,4-0.5-M,1,0.5316,47621,18,intensifier
round1_screening,dlarge,1000,4-0.5-M,1,0.5611,48070,18,intensifier
round1_screening,dlarge,1000,4-0.5-M,1,0.6198,48122,17,intensifier
round1_screening,dlarge,1000,4-0.5-M,1,0.6496,48235,59,explorer
round1_screening,dlarge,1000,4-0.5-M,1,0.6797,48845,32,intensifier
round1_screening,dlarge,1000,4-0.5-M,1,0.7095,48935,32,intensifier
round1_screening,dlarge,1000,4-0.5-M,1,0.8550,48968,47,intensifier
round1_screening,dlarge,1000,4-0.5-M,1,0.8849,49220,47,intensifier
round1_screening,dlarge,1000,4-0.5-M,1,0.9150,49667,47,intensifier
round1_screening,dlarge,1000,4-0.5-M,1,0.9467,49876,47,intensifier
round1_screening,dlarge,1000,4-0.5-M,1,1.0359,49877,47,intensifier
round1_screening,dlarge,1000,4-0.5-M,1,1.1817,49972,47,intensifier
round1_screening,dlarge,1000,4-0.5-M,1,1.3283,50015,47,intensifier
round1_screening,dlarge,1000,4-0.5-M,1,1.5937,50019,47,intensifier
round1_screening,dlarge,1000,4-0.5-M,1,2.6506,50160,47,intensifier
round1_screening,dlarge,1000,4-0.5-M,1,5.2532,50169,47,intensifier
round1_screening,dlarge,1000,4-0.5-M,1,5.2823,50194,47,intensifier
round1_screening,dlarge,1000,4-0.5-M,1,5.3705,50229,47,intensifier
round1_screening,dlarge,1000,4-0.5-M,1,6.3692,50477,26,intensifier
round1_screening,dlarge,1000,4-0.5-M,1,7.6037,50697,26,intensifier
round1_screening,dlarge,1000,4-0.5-M,1,8.1860,50716,26,intensifier
round1_screening,dlarge,1000,4-0.5-M,1,11.0629,50795,26,intensifier
round1_screening,dlarge,1000,4-0.5-M,1,12.7585,51009,26,intensifier
round1_screening,dlarge,1000,4-0.5-M,1,22.3293,51045,26,intensifier
round1_screening,dlarge,1000,4-0.5-M,1,22.3890,51196,26,intensifier
round1_screening,dlarge,1000,4-0.5-M,1,29.1897,51197,26,intensifier
round1_screening,dlarge,1000,4-0.5-M,1,40.7050,51210,26,intensifier
round1_screening,dlarge,1000,4-0.5-M,2,0.4569,46432,25,intensifier
round1_screening,dlarge,1000,4-0.5-M,2,0.5112,47582,31,intensifier
round1_screening,dlarge,1000,4-0.5-M,2,0.5405,47905,45,intensifier
round1_screening,dlarge,1000,4-0.5-M,2,0.5699,48278,45,intensifier
round1_screening,dlarge,1000,4-0.5-M,2,0.5993,48530,45,intensifier
round1_screening,dlarge,1000,4-0.5-M,2,0.6289,48715,45,intensifier
round1_screening,dlarge,1000,4-0.5-M,2,0.6584,49102,45,intensifier
round1_screening,dlarge,1000,4-0.5-M,2,0.8640,49488,1,intensifier
round1_screening,dlarge,1000,4-0.5-M,2,0.8931,49621,1,intensifier
round1_screening,dlarge,1000,4-0.5-M,2,0.9225,49790,1,intensifier
round1_screening,dlarge,1000,4-0.5-M,2,0.9515,49814,1,intensifier
round1_screening,dlarge,1000,4-0.5-M,2,1.0105,49975,1,intensifier
round1_screening,dlarge,1000,4-0.5-M,2,1.0408,50016,1,intensifier
round1_screening,dlarge,1000,4-0.5-M,2,1.1290,50124,1,intensifier
round1_screening,dlarge,1000,4-0.5-M,2,1.2174,50325,1,intensifier
round1_screening,dlarge,1000,4-0.5-M,2,3.4378,50336,1,intensifier
round1_screening,dlarge,1000,4-0.5-M,2,3.4665,50343,1,intensifier
round1_screening,dlarge,1000,4-0.5-M,2,3.6445,50610,1,intensifier
round1_screening,dlarge,1000,4-0.5-M,2,3.6745,50712,1,intensifier
round1_screening,dlarge,1000,4-0.5-M,2,4.0832,50801,1,intensifier
round1_screening,dlarge,1000,4-0.5-M,2,5.0154,50900,1,intensifier
round1_screening,dlarge,1000,4-0.5-M,2,5.0740,51085,1,intensifier
round1_screening,dlarge,1000,4-0.5-M,2,21.0492,51138,1,intensifier
round1_screening,dlarge,1000,3-0.75-P,1,0.6885,362370,62,explorer
round1_screening,dlarge,1000,3-0.75-P,1,0.8664,362554,28,intensifier
round1_screening,dlarge,1000,3-0.75-P,1,0.8967,362636,28,intensifier
round1_screening,dlarge,1000,3-0.75-P,1,0.9870,362683,28,intensifier
round1_screening,dlarge,1000,3-0.75-P,1,1.0455,362881,0,intensifier
round1_screening,dlarge,1000,3-0.75-P,1,1.0760,362890,0,intensifier
round1_screening,dlarge,1000,3-0.75-P,1,1.1349,362947,0,intensifier
round1_screening,dlarge,1000,3-0.75-P,1,1.1647,363042,0,intensifier
round1_screening,dlarge,1000,3-0.75-P,1,1.1940,363106,0,intensifier
round1_screening,dlarge,1000,3-0.75-P,1,1.2528,363238,0,intensifier
round1_screening,dlarge,1000,3-0.75-P,1,3.4686,363326,0,intensifier
round1_screening,dlarge,1000,3-0.75-P,1,3.4981,363329,0,intensifier
round1_screening,dlarge,1000,3-0.75-P,1,4.2046,363344,10,intensifier
round1_screening,dlarge,1000,3-0.75-P,1,4.4716,363413,10,intensifier
round1_screening,dlarge,1000,3-0.75-P,1,4.6500,363467,10,intensifier
round1_screening,dlarge,1000,3-0.75-P,1,4.7101,363738,10,intensifier
round1_screening,dlarge,1000,3-0.75-P,1,5.7439,363785,10,intensifier
round1_screening,dlarge,1000,3-0.75-P,1,5.8042,363909,10,intensifier
round1_screening,dlarge,1000,3-0.75-P,1,5.8636,363950,10,intensifier
round1_screening,dlarge,1000,3-0.75-P,1,6.2463,363977,10,intensifier
round1_screening,dlarge,1000,3-0.75-P,1,7.8734,364040,10,intensifier
round1_screening,dlarge,1000,3-0.75-P,1,9.7021,364184,10,intensifier
round1_screening,dlarge,1000,3-0.75-P,1,9.7309,364286,10,intensifier
round1_screening,dlarge,1000,3-0.75-P,1,41.1732,364301,10,intensifier
round1_screening,dlarge,1000,3-0.75-P,1,43.4987,364326,10,intensifier
round1_screening,dlarge,1000,3-0.75-P,1,50.7058,364404,10,intensifier
round1_screening,dlarge,1000,3-0.75-P,1,55.4637,364428,10,intensifier
round1_screening,dlarge,1000,3-0.75-P,1,62.7340,364494,10,intensifier
round1_screening,dlarge,1000,3-0.75-P,1,93.1151,364504,10,intensifier
round1_screening,dlarge,1000,3-0.75-P,1,105.8554,364623,10,intensifier
round1_screening,dlarge,1000,3-0.75-P,2,0.1162,337311,58,explorer
round1_screening,dlarge,1000,3-0.75-P,2,0.2949,359095,48,explorer
round1_screening,dlarge,1000,3-0.75-P,2,0.3251,360008,42,intensifier
round1_screening,dlarge,1000,3-0.75-P,2,0.3553,360317,42,intensifier
round1_screening,dlarge,1000,3-0.75-P,2,0.3858,360695,36,intensifier
round1_screening,dlarge,1000,3-0.75-P,2,0.4151,360972,47,intensifier
round1_screening,dlarge,1000,3-0.75-P,2,0.4445,361393,28,intensifier
round1_screening,dlarge,1000,3-0.75-P,2,0.4739,361443,28,intensifier
round1_screening,dlarge,1000,3-0.75-P,2,0.5032,361728,25,intensifier
round1_screening,dlarge,1000,3-0.75-P,2,0.5322,361881,25,intensifier
round1_screening,dlarge,1000,3-0.75-P,2,0.5623,362182,17,intensifier
round1_screening,dlarge,1000,3-0.75-P,2,0.5924,362396,41,intensifier
round1_screening,dlarge,1000,3-0.75-P,2,0.6226,362451,41,intensifier
round1_screening,dlarge,1000,3-0.75-P,2,0.7119,362640,41,intensifier
round1_screening,dlarge,1000,3-0.75-P,2,0.7413,362711,45,intensifier
round1_screening,dlarge,1000,3-0.75-P,2,0.7706,362775,45,intensifier
round1_screening,dlarge,1000,3-0.75-P,2,0.7998,363097,45,intensifier
round1_screening,dlarge,1000,3-0.75-P,2,1.0643,363184,45,intensifier
round1_screening,dlarge,1000,3-0.75-P,2,1.1542,363289,45,intensifier
round1_screening,dlarge,1000,3-0.75-P,2,1.2134,363380,45,intensifier
round1_screening,dlarge,1000,3-0.75-P,2,3.2201,363387,45,intensifier
round1_screening,dlarge,1000,3-0.75-P,2,4.2202,363444,45,intensifier
round1_screening,dlarge,1000,3-0.75-P,2,4.7231,363453,45,intensifier
round1_screening,dlarge,1000,3-0.75-P,2,6.6813,363479,45,intensifier
round1_screening,dlarge,1000,3-0.75-P,2,9.0165,363569,45,intensifier
round1_screening,dlarge,1000,3-0.75-P,2,9.4026,363700,45,intensifier
round1_screening,dlarge,1000,3-0.75-P,2,9.4328,363702,45,intensifier
round1_screening,dlarge,1000,3-0.75-P,2,11.7631,364004,45,intensifier
round1_screening,dlarge,1000,3-0.75-P,2,12.3232,364044,45,intensifier
round1_screening,dlarge,1000,3-0.75-P,2,15.0429,364045,45,intensifier
round1_screening,dlarge,1000,3-0.75-P,2,16.0784,364083,45,intensifier
round1_screening,dlarge,1000,3-0.75-P,2,19.8912,364198,45,intensifier
round1_screening,dlarge,1000,3-0.75-P,2,22.4138,364215,45,intensifier
round1_screening,dlarge,1000,3-0.75-P,2,34.0993,364317,45,intensifier
round1_screening,dlarge,1000,3-0.75-P,2,49.6629,364346,45,intensifier
round1_screening,Lint3k,500,3-0.25-P,1,0.0239,74320,28,intensifier
round1_screening,Lint3k,500,3-0.25-P,1,0.0763,75519,60,explorer
round1_screening,Lint3k,500,3-0.25-P,1,0.1078,75566,57,explorer
round1_screening,Lint3k,500,3-0.25-P,1,0.1370,75649,30,intensifier
round1_screening,Lint3k,500,3-0.25-P,1,0.1684,75792,34,intensifier
round1_screening,Lint3k,500,3-0.25-P,1,0.1986,75944,39,intensifier
round1_screening,Lint3k,500,3-0.25-P,1,0.2295,76183,26,intensifier
round1_screening,Lint3k,500,3-0.25-P,1,0.4087,76238,26,intensifier
round1_screening,Lint3k,500,3-0.25-P,1,0.5581,76304,26,intensifier
round1_screening,Lint3k,500,3-0.25-P,1,0.5883,76311,41,intensifier
round1_screening,Lint3k,500,3-0.25-P,1,0.6189,76391,41,intensifier
round1_screening,Lint3k,500,3-0.25-P,1,0.8298,76519,28,intensifier
round1_screening,Lint3k,500,3-0.25-P,1,0.9795,76731,2,intensifier
round1_screening,Lint3k,500,3-0.25-P,1,1.1888,76745,2,intensifier
round1_screening,Lint3k,500,3-0.25-P,1,1.3392,76746,2,intensifier
round1_screening,Lint3k,500,3-0.25-P,1,1.5491,76763,2,intensifier
round1_screening,Lint3k,500,3-0.25-P,1,1.8815,76841,2,intensifier
round1_screening,Lint3k,500,3-0.25-P,1,6.0463,76881,28,intensifier
round1_screening,Lint3k,500,3-0.25-P,1,18.0878,76907,32,intensifier
round1_screening,Lint3k,500,3-0.25-P,1,20.2142,76981,18,intensifier
round1_screening,Lint3k,500,3-0.25-P,1,33.4856,77029,27,intensifier
round1_screening,Lint3k,500,3-0.25-P,1,33.7274,77063,27,intensifier
round1_screening,Lint3k,500,3-0.25-P,1,64.0392,77118,17,intensifier
round1_screening,Lint3k,500,3-0.25-P,1,95.0071,77189,11,intensifier
round1_screening,Lint3k,500,3-0.25-P,2,0.0235,74384,54,explorer
round1_screening,Lint3k,500,3-0.25-P,2,0.0754,75822,37,intensifier
round1_screening,Lint3k,500,3-0.25-P,2,0.1954,75910,19,intensifier
round1_screening,Lint3k,500,3-0.25-P,2,0.2256,76346,19,intensifier
round1_screening,Lint3k,500,3-0.25-P,2,0.2558,76379,19,intensifier
round1_screening,Lint3k,500,3-0.25-P,2,0.3475,76397,19,intensifier
round1_screening,Lint3k,500,3-0.25-P,2,0.6168,76488,19,intensifier
round1_screening,Lint3k,500,3-0.25-P,2,0.6772,76593,19,intensifier
round1_screening,Lint3k,500,3-0.25-P,2,1.1564,76607,19,intensifier
round1_screening,Lint3k,500,3-0.25-P,2,1.3357,76622,34,intensifier
round1_screening,Lint3k,500,3-0.25-P,2,1.3660,76718,11,intensifier
round1_screening,Lint3k,500,3-0.25-P,2,1.5760,76720,27,intensifier
round1_screening,Lint3k,500,3-0.25-P,2,4.6601,76792,0,intensifier
round1_screening,Lint3k,500,3-0.25-P,2,7.3544,76856,0,intensifier
round1_screening,Lint3k,500,3-0.25-P,2,14.6290,76881,12,intensifier
round1_screening,Lint3k,500,3-0.25-P,2,14.9286,77025,17,intensifier
round1_screening,Lint3k,500,3-0.25-P,2,33.3691,77036,40,intensifier
round1_screening,Lint3k,500,3-0.25-P,2,48.0981,77119,39,intensifier
round1_screening,Lint3k,500,8-0.5-M,1,0.4630,81661,37,intensifier
round1_screening,Lint3k,500,8-0.5-M,1,0.5547,81937,37,intensifier
round1_screening,Lint3k,500,8-0.5-M,1,0.6747,81996,37,intensifier
round1_screening,Lint3k,500,8-0.5-M,1,1.1538,82109,37,intensifier
round1_screening,Lint3k,500,8-0.5-M,1,1.7821,82213,27,intensifier
round1_screening,Lint3k,500,8-0.5-M,1,2.4403,82271,27,intensifier
round1_screening,Lint3k,500,8-0.5-M,1,2.5609,82346,27,intensifier
round1_screening,Lint3k,500,8-0.5-M,1,35.1373,82398,15,intensifier
round1_screening,Lint3k,500,8-0.5-M,2,0.2438,81667,3,intensifier
round1_screening,Lint3k,500,8-0.5-M,2,0.2743,81754,28,intensifier
round1_screening,Lint3k,500,8-0.5-M,2,0.3045,81766,36,intensifier
round1_screening,Lint3k,500,8-0.5-M,2,0.3346,81807,28,intensifier
round1_screening,Lint3k,500,8-0.5-M,2,0.4841,81867,35,intensifier
round1_screening,Lint3k,500,8-0.5-M,2,0.5144,81928,46,intensifier
round1_screening,Lint3k,500,8-0.5-M,2,0.6341,81979,46,intensifier
round1_screening,Lint3k,500,8-0.5-M,2,1.0222,82032,46,intensifier
round1_screening,Lint3k,500,8-0.5-M,2,1.0820,82049,46,intensifier
round1_screening,Lint3k,500,8-0.5-M,2,1.4408,82085,46,intensifier
round1_screening,Lint3k,500,8-0.5-M,2,1.9192,82141,30,intensifier
round1_screening,Lint3k,500,8-0.5-M,2,2.3379,82228,41,intensifier
round1_screening,Lint3k,500,8-0.5-M,2,3.8022,82254,28,intensifier
round1_screening,Lint3k,500,8-0.5-M,2,4.4899,82278,14,intensifier
round1_screening,Lint3k,500,8-0.5-M,2,4.9980,82340,14,intensifier
round1_screening,Lint3k,500,8-0.5-M,2,5.6256,82400,14,intensifier
round1_screening,Lint3k,500,8-0.5-M,2,29.9509,82596,20,intensifier
round1_screening,Lint3k,500,13-0.75-M,1,0.3056,86754,38,intensifier
round1_screening,Lint3k,500,13-0.75-M,1,0.4873,86789,6,intensifier
round1_screening,Lint3k,500,13-0.75-M,1,0.5175,86793,6,intensifier
round1_screening,Lint3k,500,13-0.75-M,1,0.5776,86940,6,intensifier
round1_screening,Lint3k,500,13-0.75-M,1,6.0279,87015,17,intensifier
round1_screening,Lint3k,500,13-0.75-M,1,90.7296,87052,5,intensifier
round1_screening,Lint3k,500,13-0.75-M,2,0.2582,86601,39,intensifier
round1_screening,Lint3k,500,13-0.75-M,2,0.2931,86614,46,intensifier
round1_screening,Lint3k,500,13-0.75-M,2,0.3234,86690,30,intensifier
round1_screening,Lint3k,500,13-0.75-M,2,0.3537,86798,23,intensifier
round1_screening,Lint3k,500,13-0.75-M,2,0.4135,86851,23,intensifier
round1_screening,Lint3k,500,13-0.75-M,2,0.5337,86874,23,intensifier
round1_screening,Lint3k,500,13-0.75-M,2,0.5938,87032,23,intensifier
round1_screening,Lint3k,500,13-0.75-M,2,0.9234,87095,23,intensifier
round1_screening,Lint3k,500,13-0.75-M,2,86.5003,87227,20,intensifier
round1_screening,Lint3k,1000,5-0.25-M,1,0.6178,32849,32,intensifier
round1_screening,Lint3k,1000,5-0.25-M,1,0.6783,32893,58,explorer
round1_screening,Lint3k,1000,5-0.25-M,1,0.7088,33009,2,intensifier
round1_screening,Lint3k,1000,5-0.25-M,1,0.7380,33215,43,intensifier
round1_screening,Lint3k,1000,5-0.25-M,1,0.8876,33384,43,intensifier
round1_screening,Lint3k,1000,5-0.25-M,1,0.9774,33438,43,intensifier
round1_screening,Lint3k,1000,5-0.25-M,1,1.0673,33511,43,intensifier
round1_screening,Lint3k,1000,5-0.25-M,1,1.2166,33530,43,intensifier
round1_screening,Lint3k,1000,5-0.25-M,1,1.6050,33647,43,intensifier
round1_screening,Lint3k,1000,5-0.25-M,1,1.9604,33710,43,intensifier
round1_screening,Lint3k,1000,5-0.25-M,1,2.0491,33726,43,intensifier
round1_screening,Lint3k,1000,5-0.25-M,1,2.0792,33971,43,intensifier
round1_screening,Lint3k,1000,5-0.25-M,1,2.5260,34021,43,intensifier
round1_screening,Lint3k,1000,5-0.25-M,1,3.7993,34284,43,intensifier
round1_screening,Lint3k,1000,5-0.25-M,1,5.0492,34361,43,intensifier
round1_screening,Lint3k,1000,5-0.25-M,1,37.5106,34376,22,intensifier
round1_screening,Lint3k,1000,5-0.25-M,1,39.1440,34541,22,intensifier
round1_screening,Lint3k,1000,5-0.25-M,2,0.5561,32594,57,explorer
round1_screening,Lint3k,1000,5-0.25-M,2,0.5904,33030,15,intensifier
round1_screening,Lint3k,1000,5-0.25-M,2,0.6818,33104,15,intensifier
round1_screening,Lint3k,1000,5-0.25-M,2,0.7412,33285,5,intensifier
round1_screening,Lint3k,1000,5-0.25-M,2,0.7711,33408,51,explorer
round1_screening,Lint3k,1000,5-0.25-M,2,0.9486,33410,15,intensifier
round1_screening,Lint3k,1000,5-0.25-M,2,1.0375,33479,15,intensifier
round1_screening,Lint3k,1000,5-0.25-M,2,1.1255,33502,15,intensifier
round1_screening,Lint3k,1000,5-0.25-M,2,2.1966,33528,15,intensifier
round1_screening,Lint3k,1000,5-0.25-M,2,2.5243,33554,15,intensifier
round1_screening,Lint3k,1000,5-0.25-M,2,2.5533,33638,15,intensifier
round1_screening,Lint3k,1000,5-0.25-M,2,2.7319,33849,31,intensifier
round1_screening,Lint3k,1000,5-0.25-M,2,2.9411,33853,31,intensifier
round1_screening,Lint3k,1000,5-0.25-M,2,3.0307,33881,31,intensifier
round1_screening,Lint3k,1000,5-0.25-M,2,3.2987,33906,31,intensifier
round1_screening,Lint3k,1000,5-0.25-M,2,3.7146,33923,31,intensifier
round1_screening,Lint3k,1000,5-0.25-M,2,3.7446,34020,31,intensifier
round1_screening,Lint3k,1000,5-0.25-M,2,3.8330,34240,31,intensifier
round1_screening,Lint3k,1000,5-0.25-M,2,4.5725,34398,31,intensifier
round1_screening,Lint3k,1000,5-0.25-M,2,5.5490,34470,31,intensifier
round1_screening,Lint3k,1000,5-0.25-M,2,21.4885,34544,17,intensifier
round1_screening,Lint3k,1000,5-0.25-M,2,31.1520,34598,21,intensifier
round1_screening,Lint3k,1000,5-0.25-M,2,113.2238,34603,4,intensifier
round1_screening,Lint3k,1000,5-0.25-M,2,113.6679,34672,4,intensifier
round1_screening,Lint3k,1000,4-0.5-M,1,0.3544,43906,8,intensifier
round1_screening,Lint3k,1000,4-0.5-M,1,0.4217,46053,8,intensifier
round1_screening,Lint3k,1000,4-0.5-M,1,0.4514,46814,41,intensifier
round1_screening,Lint3k,1000,4-0.5-M,1,0.4813,46986,26,intensifier
round1_screening,Lint3k,1000,4-0.5-M,1,0.5112,47898,18,intensifier
round1_screening,Lint3k,1000,4-0.5-M,1,0.5405,48099,18,intensifier
round1_screening,Lint3k,1000,4-0.5-M,1,0.5699,48147,18,intensifier
round1_screening,Lint3k,1000,4-0.5-M,1,0.5995,48421,18,intensifier
round1_screening,Lint3k,1000,4-0.5-M,1,0.6287,48632,37,intensifier
round1_screening,Lint3k,1000,4-0.5-M,1,0.6585,48706,37,intensifier
round1_screening,Lint3k,1000,4-0.5-M,1,0.6878,49080,40,intensifier
round1_screening,Lint3k,1000,4-0.5-M,1,0.7169,49324,40,intensifier
round1_screening,Lint3k,1000,4-0.5-M,1,0.7456,49361,40,intensifier
round1_screening,Lint3k,1000,4-0.5-M,1,0.8058,49449,40,intensifier
round1_screening,Lint3k,1000,4-0.5-M,1,0.8352,49498,40,intensifier
round1_screening,Lint3k,1000,4-0.5-M,1,0.8935,49621,40,intensifier
round1_screening,Lint3k,1000,4-0.5-M,1,0.9516,49687,40,intensifier
round1_screening,Lint3k,1000,4-0.5-M,1,0.9818,49784,40,intensifier
round1_screening,Lint3k,1000,4-0.5-M,1,1.1879,49803,40,intensifier
round1_screening,Lint3k,1000,4-0.5-M,1,1.2793,49880,40,intensifier
round1_screening,Lint3k,1000,4-0.5-M,1,1.5154,49969,40,intensifier
round1_screening,Lint3k,1000,4-0.5-M,1,2.0669,50030,40,intensifier
round1_screening,Lint3k,1000,4-0.5-M,1,2.2998,50095,40,intensifier
round1_screening,Lint3k,1000,4-0.5-M,1,2.4471,50157,40,intensifier
round1_screening,Lint3k,1000,4-0.5-M,1,3.0918,50181,40,intensifier
round1_screening,Lint3k,1000,4-0.5-M,1,5.1066,50221,40,intensifier
round1_screening,Lint3k,1000,4-0.5-M,1,5.1357,50365,40,intensifier
round1_screening,Lint3k,1000,4-0.5-M,1,7.4794,50375,40,intensifier
round1_screening,Lint3k,1000,4-0.5-M,1,7.5090,50400,40,intensifier
round1_screening,Lint3k,1000,4-0.5-M,1,7.5670,50495,40,intensifier
round1_screening,Lint3k,1000,4-0.5-M,1,7.6261,50613,40,intensifier
round1_screening,Lint3k,1000,4-0.5-M,1,9.1489,50678,40,intensifier
round1_screening,Lint3k,1000,4-0.5-M,1,10.1769,50693,40,intensifier
round1_screening,Lint3k,1000,4-0.5-M,1,10.5588,50736,40,intensifier
round1_screening,Lint3k,1000,4-0.5-M,1,12.6992,50744,40,intensifier
round1_screening,Lint3k,1000,4-0.5-M,1,12.7870,50745,40,intensifier
round1_screening,Lint3k,1000,4-0.5-M,1,13.1691,50796,40,intensifier
round1_screening,Lint3k,1000,4-0.5-M,1,15.9594,50822,40,intensifier
round1_screening,Lint3k,1000,4-0.5-M,2,0.4516,46432,25,intensifier
round1_screening,Lint3k,1000,4-0.5-M,2,0.5074,47564,31,intensifier
round1_screening,Lint3k,1000,4-0.5-M,2,0.5368,47582,31,intensifier
round1_screening,Lint3k,1000,4-0.5-M,2,0.5661,47957,31,intensifier
round1_screening,Lint3k,1000,4-0.5-M,2,0.5953,48376,9,intensifier
round1_screening,Lint3k,1000,4-0.5-M,2,0.6538,48604,25,intensifier
round1_screening,Lint3k,1000,4-0.5-M,2,0.6832,49010,9,intensifier
round1_screening,Lint3k,1000,4-0.5-M,2,0.7413,49044,9,intensifier
round1_screening,Lint3k,1000,4-0.5-M,2,0.8021,49101,9,intensifier
round1_screening,Lint3k,1000,4-0.5-M,2,0.8318,49211,9,intensifier
round1_screening,Lint3k,1000,4-0.5-M,2,0.8614,49440,1,intensifier
round1_screening,Lint3k,1000,4-0.5-M,2,0.8904,49621,1,intensifier
round1_screening,Lint3k,1000,4-0.5-M,2,0.9206,49790,1,intensifier
round1_screening,Lint3k,1000,4-0.5-M,2,0.9511,49814,1,intensifier
round1_screening,Lint3k,1000,4-0.5-M,2,1.0098,49975,1,intensifier
round1_screening,Lint3k,1000,4-0.5-M,2,1.0401,50016,1,intensifier
round1_screening,Lint3k,1000,4-0.5-M,2,1.1280,50124,1,intensifier
round1_screening,Lint3k,1000,4-0.5-M,2,1.2162,50325,1,intensifier
round1_screening,Lint3k,1000,4-0.5-M,2,3.4378,50336,1,intensifier
round1_screening,Lint3k,1000,4-0.5-M,2,3.4677,50343,1,intensifier
round1_screening,Lint3k,1000,4-0.5-M,2,3.6148,50400,1,intensifier
round1_screening,Lint3k,1000,4-0.5-M,2,3.6447,50610,1,intensifier
round1_screening,Lint3k,1000,4-0.5-M,2,3.6745,50712,1,intensifier
round1_screening,Lint3k,1000,4-0.5-M,2,4.0555,50801,1,intensifier
round1_screening,Lint3k,1000,4-0.5-M,2,4.9881,50900,1,intensifier
round1_screening,Lint3k,1000,4-0.5-M,2,5.0756,51085,1,intensifier
round1_screening,Lint3k,1000,3-0.75-P,1,0.6431,362370,62,explorer
round1_screening,Lint3k,1000,3-0.75-P,1,0.9404,362554,28,intensifier
round1_screening,Lint3k,1000,3-0.75-P,1,0.9702,362636,28,intensifier
round1_screening,Lint3k,1000,3-0.75-P,1,1.0893,362683,28,intensifier
round1_screening,Lint3k,1000,3-0.75-P,1,1.1488,362890,0,intensifier
round1_screening,Lint3k,1000,3-0.75-P,1,1.2379,362947,0,intensifier
round1_screening,Lint3k,1000,3-0.75-P,1,1.2974,363042,0,intensifier
round1_screening,Lint3k,1000,3-0.75-P,1,1.3273,363106,0,intensifier
round1_screening,Lint3k,1000,3-0.75-P,1,1.3573,363238,0,intensifier
round1_screening,Lint3k,1000,3-0.75-P,1,3.6540,363241,0,intensifier
round1_screening,Lint3k,1000,3-0.75-P,1,3.6836,363329,0,intensifier
round1_screening,Lint3k,1000,3-0.75-P,1,4.3926,363344,10,intensifier
round1_screening,Lint3k,1000,3-0.75-P,1,4.6567,363413,10,intensifier
round1_screening,Lint3k,1000,3-0.75-P,1,4.8329,363467,10,intensifier
round1_screening,Lint3k,1000,3-0.75-P,1,4.8923,363738,10,intensifier
round1_screening,Lint3k,1000,3-0.75-P,1,6.0127,363785,10,intensifier
round1_screening,Lint3k,1000,3-0.75-P,1,6.0432,363909,10,intensifier
round1_screening,Lint3k,1000,3-0.75-P,1,6.1311,363950,10,intensifier
round1_screening,Lint3k,1000,3-0.75-P,1,6.5142,363977,10,intensifier
round1_screening,Lint3k,1000,3-0.75-P,1,8.1915,364040,10,intensifier
round1_screening,Lint3k,1000,3-0.75-P,1,10.1531,364184,10,intensifier
round1_screening,Lint3k,1000,3-0.75-P,1,10.1835,364286,10,intensifier
round1_screening,Lint3k,1000,3-0.75-P,2,0.1142,336622,40,intensifier
round1_screening,Lint3k,1000,3-0.75-P,2,0.2973,359095,48,explorer
round1_screening,Lint3k,1000,3-0.75-P,2,0.3276,360019,26,intensifier
round1_screening,Lint3k,1000,3-0.75-P,2,0.3580,360425,26,intensifier
round1_screening,Lint3k,1000,3-0.75-P,2,0.3885,360907,25,intensifier
round1_screening,Lint3k,1000,3-0.75-P,2,0.4180,360995,25,intensifier
round1_screening,Lint3k,1000,3-0.75-P,2,0.4475,361636,19,intensifier
round1_screening,Lint3k,1000,3-0.75-P,2,0.5348,361817,3,intensifier
round1_screening,Lint3k,1000,3-0.75-P,2,0.5650,362162,3,intensifier
round1_screening,Lint3k,1000,3-0.75-P,2,0.5952,362188,3,intensifier
round1_screening,Lint3k,1000,3-0.75-P,2,0.6851,362321,25,intensifier
round1_screening,Lint3k,1000,3-0.75-P,2,0.7154,362368,25,intensifier
round1_screening,Lint3k,1000,3-0.75-P,2,0.8337,362580,29,intensifier
round1_screening,Lint3k,1000,3-0.75-P,2,0.8925,362607,29,intensifier
round1_screening,Lint3k,1000,3-0.75-P,2,0.9518,362694,29,intensifier
round1_screening,Lint3k,1000,3-0.75-P,2,1.0400,362865,29,intensifier
round1_screening,Lint3k,1000,3-0.75-P,2,1.0695,363242,29,intensifier
round1_screening,Lint3k,1000,3-0.75-P,2,1.4505,363309,29,intensifier
round1_screening,Lint3k,1000,3-0.75-P,2,1.9787,363382,29,intensifier
round1_screening,Lint3k,1000,3-0.75-P,2,2.3909,363409,29,intensifier
round1_screening,Lint3k,1000,3-0.75-P,2,2.4213,363476,29,intensifier
round1_screening,Lint3k,1000,3-0.75-P,2,4.0897,363657,29,intensifier
round1_screening,Lint3k,1000,3-0.75-P,2,5.0670,363680,29,intensifier
round1_screening,Lint3k,1000,3-0.75-P,2,7.9080,363759,29,intensifier
round1_screening,Lint3k,1000,3-0.75-P,2,10.5033,363929,29,intensifier
round1_screening,B84,500,3-0.25-P,1,0.0070,61535,60,intensifier
round1_screening,B84,500,3-0.25-P,1,0.1151,75702,52,intensifier
round1_screening,B84,500,3-0.25-P,1,0.1454,75957,52,intensifier
round1_screening,B84,500,3-0.25-P,1,0.2048,75999,5,intensifier
round1_screening,B84,500,3-0.25-P,1,0.3562,76217,53,intensifier
round1_screening,B84,500,3-0.25-P,1,0.4462,76511,53,intensifier
round1_screening,B84,500,3-0.25-P,1,0.6556,76787,53,intensifier
round1_screening,B84,500,3-0.25-P,1,2.2468,76824,53,intensifier
round1_screening,B84,500,3-0.25-P,1,3.9840,76848,53,intensifier
round1_screening,B84,500,3-0.25-P,1,4.9722,76849,53,intensifier
round1_screening,B84,500,3-0.25-P,1,6.8294,76948,53,intensifier
round1_screening,B84,500,3-0.25-P,1,8.0572,76949,53,intensifier
round1_screening,B84,500,3-0.25-P,1,8.3870,76992,53,intensifier
round1_screening,B84,500,3-0.25-P,1,11.1759,77185,15,intensifier
round1_screening,B84,500,3-0.25-P,1,59.2195,77243,19,intensifier
round1_screening,B84,500,3-0.25-P,1,61.1995,77278,19,intensifier
round1_screening,B84,500,3-0.25-P,1,110.9288,77293,58,intensifier
round1_screening,B84,500,3-0.25-P,2,0.0181,72594,67,explorer
round1_screening,B84,500,3-0.25-P,2,0.0747,76036,17,intensifier
round1_screening,B84,500,3-0.25-P,2,0.1649,76078,17,intensifier
round1_screening,B84,500,3-0.25-P,2,0.3454,76119,13,intensifier
round1_screening,B84,500,3-0.25-P,2,0.3748,76215,0,intensifier
round1_screening,B84,500,3-0.25-P,2,0.4048,76569,9,intensifier
round1_screening,B84,500,3-0.25-P,2,1.9043,76621,9,intensifier
round1_screening,B84,500,3-0.25-P,2,2.9527,76624,9,intensifier
round1_screening,B84,500,3-0.25-P,2,3.4317,76643,9,intensifier
round1_screening,B84,500,3-0.25-P,2,3.5224,76704,9,intensifier
round1_screening,B84,500,3-0.25-P,2,3.8211,76735,9,intensifier
round1_screening,B84,500,3-0.25-P,2,4.6592,76741,52,intensifier
round1_screening,B84,500,3-0.25-P,2,4.9889,76883,9,intensifier
round1_screening,B84,500,3-0.25-P,2,6.0363,76909,9,intensifier
round1_screening,B84,500,3-0.25-P,2,7.3833,76993,1,intensifier
round1_screening,B84,500,3-0.25-P,2,7.7124,77008,15,intensifier
round1_screening,B84,500,3-0.25-P,2,7.9223,77085,15,intensifier
round1_screening,B84,500,3-0.25-P,2,13.0113,77151,0,intensifier
round1_screening,B84,500,3-0.25-P,2,87.4844,77197,45,intensifier
round1_screening,B84,500,3-0.25-P,2,91.7664,77252,45,intensifier
round1_screening,B84,500,8-0.5-M,1,0.4745,81694,66,explorer
round1_screening,B84,500,8-0.5-M,1,0.5373,81786,21,intensifier
round1_screening,B84,500,8-0.5-M,1,0.5660,81985,21,intensifier
round1_screening,B84,500,8-0.5-M,1,0.5972,82023,21,intensifier
round1_screening,B84,500,8-0.5-M,1,0.7166,82075,37,intensifier
round1_screening,B84,500,8-0.5-M,1,0.7467,82189,37,intensifier
round1_screening,B84,500,8-0.5-M,1,1.2557,82252,37,intensifier
round1_screening,B84,500,8-0.5-M,1,4.2782,82256,37,intensifier
round1_screening,B84,500,8-0.5-M,1,5.7450,82288,37,intensifier
round1_screening,B84,500,8-0.5-M,1,23.9057,82310,58,intensifier
round1_screening,B84,500,8-0.5-M,1,31.4742,82398,5,intensifier
round1_screening,B84,500,8-0.5-M,1,112.9698,82499,26,intensifier
round1_screening,B84,500,8-0.5-M,1,114.1369,82580,26,intensifier
round1_screening,B84,500,8-0.5-M,2,0.4600,81754,28,intensifier
round1_screening,B84,500,8-0.5-M,2,0.4916,81822,46,intensifier
round1_screening,B84,500,8-0.5-M,2,0.6113,81875,25,intensifier
round1_screening,B84,500,8-0.5-M,2,0.7613,81945,46,intensifier
round1_screening,B84,500,8-0.5-M,2,0.8218,81975,52,intensifier
round1_screening,B84,500,8-0.5-M,2,1.0008,82052,36,intensifier
round1_screening,B84,500,8-0.5-M,2,1.1207,82120,36,intensifier
round1_screening,B84,500,8-0.5-M,2,1.1507,82166,36,intensifier
round1_screening,B84,500,8-0.5-M,2,2.7957,82174,54,intensifier
round1_screening,B84,500,8-0.5-M,2,2.9157,82192,54,intensifier
round1_screening,B84,500,8-0.5-M,2,3.3344,82253,54,intensifier
round1_screening,B84,500,8-0.5-M,2,3.4839,82292,54,intensifier
round1_screening,B84,500,8-0.5-M,2,4.1420,82297,54,intensifier
round1_screening,B84,500,8-0.5-M,2,4.2919,82337,20,intensifier
round1_screening,B84,500,8-0.5-M,2,4.5608,82533,20,intensifier
round1_screening,B84,500,8-0.5-M,2,5.7864,82542,20,intensifier
round1_screening,B84,500,8-0.5-M,2,49.2926,82838,52,intensifier
round1_screening,B84,500,13-0.75-M,1,0.2847,86754,38,intensifier
round1_screening,B84,500,13-0.75-M,1,0.4971,86789,6,intensifier
round1_screening,B84,500,13-0.75-M,1,0.5273,86793,6,intensifier
round1_screening,B84,500,13-0.75-M,1,0.5874,86940,6,intensifier
round1_screening,B84,500,13-0.75-M,1,1.4561,86975,6,intensifier
round1_screening,B84,500,13-0.75-M,1,2.0853,87021,6,intensifier
round1_screening,B84,500,13-0.75-M,1,2.1460,87043,6,intensifier
round1_screening,B84,500,13-0.75-M,1,2.5946,87053,6,intensifier
round1_screening,B84,500,13-0.75-M,1,16.5759,87082,18,intensifier
round1_screening,B84,500,13-0.75-M,1,76.3965,87146,9,intensifier
round1_screening,B84,500,13-0.75-M,1,81.1878,87173,9,intensifier
round1_screening,B84,500,13-0.75-M,2,0.2942,86614,46,intensifier
round1_screening,B84,500,13-0.75-M,2,0.3269,86658,55,intensifier
round1_screening,B84,500,13-0.75-M,2,0.3578,86798,23,intensifier
round1_screening,B84,500,13-0.75-M,2,0.4179,86851,23,intensifier
round1_screening,B84,500,13-0.75-M,2,0.5373,86874,23,intensifier
round1_screening,B84,500,13-0.75-M,2,0.5974,87032,23,intensifier
round1_screening,B84,500,13-0.75-M,2,0.9264,87095,23,intensifier
round1_screening,B84,1000,5-0.25-M,1,0.5558,32690,68,explorer
round1_screening,B84,1000,5-0.25-M,1,0.5904,32792,32,intensifier
round1_screening,B84,1000,5-0.25-M,1,0.6488,32839,51,intensifier
round1_screening,B84,1000,5-0.25-M,1,0.6793,32905,51,intensifier
round1_screening,B84,1000,5-0.25-M,1,0.7088,33009,2,intensifier
round1_screening,B84,1000,5-0.25-M,1,0.7383,33215,43,intensifier
round1_screening,B84,1000,5-0.25-M,1,0.8853,33384,43,intensifier
round1_screening,B84,1000,5-0.25-M,1,0.9742,33438,43,intensifier
round1_screening,B84,1000,5-0.25-M,1,1.0626,33511,43,intensifier
round1_screening,B84,1000,5-0.25-M,1,1.2094,33520,43,intensifier
round1_screening,B84,1000,5-0.25-M,1,1.2389,33530,43,intensifier
round1_screening,B84,1000,5-0.25-M,1,1.6220,33647,43,intensifier
round1_screening,B84,1000,5-0.25-M,1,1.9747,33710,43,intensifier
round1_screening,B84,1000,5-0.25-M,1,2.0637,33726,43,intensifier
round1_screening,B84,1000,5-0.25-M,1,2.0931,33971,43,intensifier
round1_screening,B84,1000,5-0.25-M,1,2.5328,34021,43,intensifier
round1_screening,B84,1000,5-0.25-M,1,3.8215,34284,43,intensifier
round1_screening,B84,1000,5-0.25-M,1,5.0818,34361,43,intensifier
round1_screening,B84,1000,5-0.25-M,1,15.1270,34384,43,intensifier
round1_screening,B84,1000,5-0.25-M,1,15.5377,34399,43,intensifier
round1_screening,B84,1000,5-0.25-M,1,21.6659,34415,43,intensifier
round1_screening,B84,1000,5-0.25-M,1,24.6262,34464,43,intensifier
round1_screening,B84,1000,5-0.25-M,1,30.4521,34522,43,intensifier
round1_screening,B84,1000,5-0.25-M,1,30.4815,34562,43,intensifier
round1_screening,B84,1000,5-0.25-M,1,32.3604,34666,43,intensifier
round1_screening,B84,1000,5-0.25-M,1,36.6361,34778,43,intensifier
round1_screening,B84,1000,5-0.25-M,1,47.4749,34880,43,intensifier
round1_screening,B84,1000,5-0.25-M,1,58.3995,35020,43,intensifier
round1_screening,B84,1000,5-0.25-M,1,70.6843,35153,43,intensifier
round1_screening,B84,1000,5-0.25-M,1,92.7575,35178,43,intensifier
round1_screening,B84,1000,5-0.25-M,2,0.4553,32594,57,intensifier
round1_screening,B84,1000,5-0.25-M,2,0.5530,32730,15,intensifier
round1_screening,B84,1000,5-0.25-M,2,0.5840,33030,15,intensifier
round1_screening,B84,1000,5-0.25-M,2,0.6429,33270,29,intensifier
round1_screening,B84,1000,5-0.25-M,2,0.7028,33400,29,intensifier
round1_screening,B84,1000,5-0.25-M,2,0.7635,33428,51,intensifier
round1_screening,B84,1000,5-0.25-M,2,0.8814,33830,51,intensifier
round1_screening,B84,1000,5-0.25-M,2,0.9708,33878,51,intensifier
round1_screening,B84,1000,5-0.25-M,2,1.1796,33942,51,intensifier
round1_screening,B84,1000,5-0.25-M,2,2.3037,34027,51,intensifier
round1_screening,B84,1000,5-0.25-M,2,2.5719,34096,51,intensifier
round1_screening,B84,1000,5-0.25-M,2,2.6618,34117,51,intensifier
round1_screening,B84,1000,5-0.25-M,2,2.6921,34182,51,intensifier
round1_screening,B84,1000,5-0.25-M,2,6.5456,34203,51,intensifier
round1_screening,B84,1000,5-0.25-M,2,6.5758,34262,51,intensifier
round1_screening,B84,1000,5-0.25-M,2,7.8198,34294,51,intensifier
round1_screening,B84,1000,5-0.25-M,2,8.2632,34358,51,intensifier
round1_screening,B84,1000,5-0.25-M,2,10.6354,34359,51,intensifier
round1_screening,B84,1000,5-0.25-M,2,12.2872,34363,51,intensifier
round1_screening,B84,1000,5-0.25-M,2,13.0025,34492,51,intensifier
round1_screening,B84,1000,5-0.25-M,2,26.6763,34541,51,intensifier
round1_screening,B84,1000,5-0.25-M,2,26.7064,34550,51,intensifier
round1_screening,B84,1000,5-0.25-M,2,26.7368,34711,51,intensifier
round1_screening,B84,1000,5-0.25-M,2,47.3972,34791,51,intensifier
round1_screening,B84,1000,5-0.25-M,2,47.4275,34808,51,intensifier
round1_screening,B84,1000,5-0.25-M,2,52.8098,34866,51,intensifier
round1_screening,B84,1000,5-0.25-M,2,89.0455,34886,21,intensifier
round1_screening,B84,1000,4-0.5-M,1,0.3955,44623,8,intensifier
round1_screening,B84,1000,4-0.5-M,1,0.4606,46453,8,intensifier
round1_screening,B84,1000,4-0.5-M,1,0.4905,47137,1,intensifier
round1_screening,B84,1000,4-0.5-M,1,0.5200,47757,1,intensifier
round1_screening,B84,1000,4-0.5-M,1,0.5498,47990,1,intensifier
round1_screening,B84,1000,4-0.5-M,1,0.5808,47996,66,explorer
round1_screening,B84,1000,4-0.5-M,1,0.6092,48699,66,explorer
round1_screening,B84,1000,4-0.5-M,1,0.6390,48722,66,explorer
round1_screening,B84,1000,4-0.5-M,1,0.6981,48935,59,intensifier
round1_screening,B84,1000,4-0.5-M,1,0.7286,49163,59,intensifier
round1_screening,B84,1000,4-0.5-M,1,0.7565,49565,59,intensifier
round1_screening,B84,1000,4-0.5-M,1,0.8719,49834,59,intensifier
round1_screening,B84,1000,4-0.5-M,1,1.4862,49853,59,intensifier
round1_screening,B84,1000,4-0.5-M,1,1.9561,50039,32,intensifier
round1_screening,B84,1000,4-0.5-M,1,1.9853,50091,32,intensifier
round1_screening,B84,1000,4-0.5-M,1,2.4810,50112,32,intensifier
round1_screening,B84,1000,4-0.5-M,1,2.9478,50126,32,intensifier
round1_screening,B84,1000,4-0.5-M,1,2.9775,50194,32,intensifier
round1_screening,B84,1000,4-0.5-M,1,5.6180,50404,32,intensifier
round1_screening,B84,1000,4-0.5-M,1,6.0620,50477,32,intensifier
round1_screening,B84,1000,4-0.5-M,1,10.7465,50560,32,intensifier
round1_screening,B84,1000,4-0.5-M,1,13.2588,50643,32,intensifier
round1_screening,B84,1000,4-0.5-M,1,13.8741,50695,32,intensifier
round1_screening,B84,1000,4-0.5-M,1,21.4326,50752,32,intensifier
round1_screening,B84,1000,4-0.5-M,1,22.5768,50769,32,intensifier
round1_screening,B84,1000,4-0.5-M,1,22.6068,50793,32,intensifier
round1_screening,B84,1000,4-0.5-M,1,22.9001,50937,32,intensifier
round1_screening,B84,1000,4-0.5-M,1,40.8946,51061,32,intensifier
round1_screening,B84,1000,4-0.5-M,2,0.4117,45305,25,intensifier
round1_screening,B84,1000,4-0.5-M,2,0.4768,46696,25,intensifier
round1_screening,B84,1000,4-0.5-M,2,0.5073,47910,69,explorer
round1_screening,B84,1000,4-0.5-M,2,0.5361,48483,69,explorer
round1_screening,B84,1000,4-0.5-M,2,0.6546,48579,9,intensifier
round1_screening,B84,1000,4-0.5-M,2,0.6839,48651,25,intensifier
round1_screening,B84,1000,4-0.5-M,2,0.7130,48958,25,intensifier
round1_screening,B84,1000,4-0.5-M,2,0.8295,49230,9,intensifier
round1_screening,B84,1000,4-0.5-M,2,0.8886,49495,9,intensifier
round1_screening,B84,1000,4-0.5-M,2,0.9189,49591,9,intensifier
round1_screening,B84,1000,4-0.5-M,2,1.0065,49703,9,intensifier
round1_screening,B84,1000,4-0.5-M,2,1.0666,49705,9,intensifier
round1_screening,B84,1000,4-0.5-M,2,1.1832,49726,9,intensifier
round1_screening,B84,1000,4-0.5-M,2,1.2133,49747,9,intensifier
round1_screening,B84,1000,4-0.5-M,2,1.2733,49932,9,intensifier
round1_screening,B84,1000,4-0.5-M,2,1.3033,50029,9,intensifier
round1_screening,B84,1000,4-0.5-M,2,1.7154,50058,9,intensifier
round1_screening,B84,1000,4-0.5-M,2,2.5882,50086,9,intensifier
round1_screening,B84,1000,4-0.5-M,2,2.6172,50177,9,intensifier
round1_screening,B84,1000,4-0.5-M,2,4.2610,50319,9,intensifier
round1_screening,B84,1000,4-0.5-M,2,4.9082,50336,9,intensifier
round1_screening,B84,1000,4-0.5-M,2,5.5618,50363,9,intensifier
round1_screening,B84,1000,4-0.5-M,2,6.4165,50376,9,intensifier
round1_screening,B84,1000,4-0.5-M,2,6.4768,50463,9,intensifier
round1_screening,B84,1000,4-0.5-M,2,6.5058,50490,9,intensifier
round1_screening,B84,1000,4-0.5-M,2,6.5349,50543,9,intensifier
round1_screening,B84,1000,4-0.5-M,2,6.7378,50545,9,intensifier
round1_screening,B84,1000,4-0.5-M,2,6.7683,50740,9,intensifier
round1_screening,B84,1000,4-0.5-M,2,8.4416,50757,9,intensifier
round1_screening,B84,1000,4-0.5-M,2,8.4713,50804,9,intensifier
round1_screening,B84,1000,4-0.5-M,2,9.6929,51017,9,intensifier
round1_screening,B84,1000,4-0.5-M,2,15.4714,51093,9,intensifier
round1_screening,B84,1000,3-0.75-P,1,0.1138,336723,31,intensifier
round1_screening,B84,1000,3-0.75-P,1,0.2992,359786,65,explorer
round1_screening,B84,1000,3-0.75-P,1,0.3296,360252,65,explorer
round1_screening,B84,1000,3-0.75-P,1,0.3589,361098,31,intensifier
round1_screening,B84,1000,3-0.75-P,1,0.3892,361434,78,explorer
round1_screening,B84,1000,3-0.75-P,1,0.4186,362070,42,intensifier
round1_screening,B84,1000,3-0.75-P,1,0.4771,362082,42,intensifier
round1_screening,B84,1000,3-0.75-P,1,0.5650,362322,42,intensifier
round1_screening,B84,1000,3-0.75-P,1,0.5945,362822,42,intensifier
round1_screening,B84,1000,3-0.75-P,1,0.7710,362858,42,intensifier
round1_screening,B84,1000,3-0.75-P,1,0.8014,362889,42,intensifier
round1_screening,B84,1000,3-0.75-P,1,0.8308,362897,42,intensifier
round1_screening,B84,1000,3-0.75-P,1,0.9770,362903,42,intensifier
round1_screening,B84,1000,3-0.75-P,1,1.0651,363088,42,intensifier
round1_screening,B84,1000,3-0.75-P,1,1.2703,363266,42,intensifier
round1_screening,B84,1000,3-0.75-P,1,1.7077,363344,42,intensifier
round1_screening,B84,1000,3-0.75-P,1,2.3222,363391,42,intensifier
round1_screening,B84,1000,3-0.75-P,1,2.7942,363452,42,intensifier
round1_screening,B84,1000,3-0.75-P,1,3.1452,363591,42,intensifier
round1_screening,B84,1000,3-0.75-P,1,4.7594,363637,42,intensifier
round1_screening,B84,1000,3-0.75-P,1,5.6665,363683,42,intensifier
round1_screening,B84,1000,3-0.75-P,1,8.7229,363988,42,intensifier
round1_screening,B84,1000,3-0.75-P,1,13.8110,364007,42,intensifier
round1_screening,B84,1000,3-0.75-P,1,16.4782,364128,42,intensifier
round1_screening,B84,1000,3-0.75-P,1,25.3268,364151,42,intensifier
round1_screening,B84,1000,3-0.75-P,1,30.8671,364175,42,intensifier
round1_screening,B84,1000,3-0.75-P,1,38.6257,364216,42,intensifier
round1_screening,B84,1000,3-0.75-P,1,49.5238,364267,42,intensifier
round1_screening,B84,1000,3-0.75-P,1,50.9369,364308,42,intensifier
round1_screening,B84,1000,3-0.75-P,1,63.7295,364347,42,intensifier
round1_screening,B84,1000,3-0.75-P,1,78.5104,364386,42,intensifier
round1_screening,B84,1000,3-0.75-P,1,88.6632,364606,42,intensifier
round1_screening,B84,1000,3-0.75-P,2,0.0802,325733,2,intensifier
round1_screening,B84,1000,3-0.75-P,2,0.3487,360621,7,intensifier
round1_screening,B84,1000,3-0.75-P,2,0.3784,360895,7,intensifier
round1_screening,B84,1000,3-0.75-P,2,0.4082,361194,76,explorer
round1_screening,B84,1000,3-0.75-P,2,0.4378,361680,76,explorer
round1_screening,B84,1000,3-0.75-P,2,0.5260,361774,33,intensifier
round1_screening,B84,1000,3-0.75-P,2,0.5554,361894,78,explorer
round1_screening,B84,1000,3-0.75-P,2,0.5852,362091,51,intensifier
round1_screening,B84,1000,3-0.75-P,2,0.6735,362378,47,intensifier
round1_screening,B84,1000,3-0.75-P,2,0.7627,362438,73,explorer
round1_screening,B84,1000,3-0.75-P,2,0.8809,362991,80,explorer
round1_screening,B84,1000,3-0.75-P,2,1.6439,363205,49,intensifier
round1_screening,B84,1000,3-0.75-P,2,1.9946,363219,49,intensifier
round1_screening,B84,1000,3-0.75-P,2,2.3758,363242,49,intensifier
round1_screening,B84,1000,3-0.75-P,2,2.6401,363254,49,intensifier
round1_screening,B84,1000,3-0.75-P,2,3.4605,363481,49,intensifier
round1_screening,B84,1000,3-0.75-P,2,3.7526,363538,49,intensifier
round1_screening,B84,1000,3-0.75-P,2,4.9569,363565,49,intensifier
round1_screening,B84,1000,3-0.75-P,2,5.0173,363671,49,intensifier
round1_screening,B84,1000,3-0.75-P,2,5.5752,363683,49,intensifier
round1_screening,B84,1000,3-0.75-P,2,5.9276,363754,49,intensifier
round1_screening,B84,1000,3-0.75-P,2,6.8052,363787,49,intensifier
round1_screening,B84,1000,3-0.75-P,2,11.0633,363885,49,intensifier
round1_screening,B84,1000,3-0.75-P,2,14.6965,363956,49,intensifier
round1_screening,B84,1000,3-0.75-P,2,16.3991,363957,49,intensifier
round1_screening,B84,1000,3-0.75-P,2,17.5433,363986,49,intensifier
round1_screening,B84,1000,3-0.75-P,2,17.8666,364213,49,intensifier
round1_screening,B84,1000,3-0.75-P,2,18.1891,364305,49,intensifier
round1_screening,B84,1000,3-0.75-P,2,25.9063,364523,49,intensifier
round1_screening,B84,1000,3-0.75-P,2,52.9099,364532,49,intensifier
round1_screening,B84,1000,3-0.75-P,2,76.0791,364655,49,intensifier
round1_screening,B84,1000,3-0.75-P,2,97.4483,364700,49,intensifier
round1_screening,B84,1000,3-0.75-P,2,110.7932,364707,49,intensifier
round1_screening,swap,500,3-0.25-P,1,0.2147,75938,55,explorer
round1_screening,swap,500,3-0.25-P,1,0.2772,76209,28,intensifier
round1_screening,swap,500,3-0.25-P,1,0.3364,76383,28,intensifier
round1_screening,swap,500,3-0.25-P,1,0.6964,76484,28,intensifier
round1_screening,swap,500,3-0.25-P,1,0.9373,76728,13,intensifier
round1_screening,swap,500,3-0.25-P,1,2.0765,76779,13,intensifier
round1_screening,swap,500,3-0.25-P,1,2.4368,76873,13,intensifier
round1_screening,swap,500,3-0.25-P,1,4.9824,76892,13,intensifier
round1_screening,swap,500,3-0.25-P,1,5.4921,76900,13,intensifier
round1_screening,swap,500,3-0.25-P,1,7.6776,76909,13,intensifier
round1_screening,swap,500,3-0.25-P,1,7.8287,76923,13,intensifier
round1_screening,swap,500,3-0.25-P,1,8.7875,76972,13,intensifier
round1_screening,swap,500,3-0.25-P,1,13.0719,76995,13,intensifier
round1_screening,swap,500,3-0.25-P,1,16.6653,77018,13,intensifier
round1_screening,swap,500,3-0.25-P,1,21.3083,77094,13,intensifier
round1_screening,swap,500,3-0.25-P,1,45.7190,77105,10,intensifier
round1_screening,swap,500,3-0.25-P,2,0.0188,72673,5,intensifier
round1_screening,swap,500,3-0.25-P,2,0.0762,75461,29,intensifier
round1_screening,swap,500,3-0.25-P,2,0.1063,75736,29,intensifier
round1_screening,swap,500,3-0.25-P,2,0.1363,75957,25,intensifier
round1_screening,swap,500,3-0.25-P,2,0.2863,76267,58,explorer
round1_screening,swap,500,3-0.25-P,2,0.7353,76358,17,intensifier
round1_screening,swap,500,3-0.25-P,2,0.7654,76362,17,intensifier
round1_screening,swap,500,3-0.25-P,2,0.9150,76409,17,intensifier
round1_screening,swap,500,3-0.25-P,2,0.9452,76453,31,intensifier
round1_screening,swap,500,3-0.25-P,2,1.0953,76526,31,intensifier
round1_screening,swap,500,3-0.25-P,2,1.1857,76756,31,intensifier
round1_screening,swap,500,3-0.25-P,2,1.2765,76810,31,intensifier
round1_screening,swap,500,3-0.25-P,2,1.9660,76945,31,intensifier
round1_screening,swap,500,3-0.25-P,2,2.3854,76975,31,intensifier
round1_screening,swap,500,3-0.25-P,2,2.6551,77058,31,intensifier
round1_screening,swap,500,3-0.25-P,2,54.5773,77100,31,intensifier
round1_screening,swap,500,8-0.5-M,1,0.4655,81661,37,intensifier
round1_screening,swap,500,8-0.5-M,1,0.5578,81937,37,intensifier
round1_screening,swap,500,8-0.5-M,1,0.6781,82038,21,intensifier
round1_screening,swap,500,8-0.5-M,1,1.2158,82339,27,intensifier
round1_screening,swap,500,8-0.5-M,1,63.9723,82341,44,intensifier
round1_screening,swap,500,8-0.5-M,2,0.4756,81754,28,intensifier
round1_screening,swap,500,8-0.5-M,2,0.5061,81822,46,intensifier
round1_screening,swap,500,8-0.5-M,2,0.6262,81875,25,intensifier
round1_screening,swap,500,8-0.5-M,2,0.6857,81891,46,intensifier
round1_screening,swap,500,8-0.5-M,2,0.8055,81961,25,intensifier
round1_screening,swap,500,8-0.5-M,2,1.1938,82148,36,intensifier
round1_screening,swap,500,8-0.5-M,2,1.7915,82476,36,intensifier
round1_screening,swap,500,8-0.5-M,2,2.6585,82561,36,intensifier
round1_screening,swap,500,8-0.5-M,2,11.0022,82599,20,intensifier
round1_screening,swap,500,13-0.75-M,1,0.3005,86754,38,intensifier
round1_screening,swap,500,13-0.75-M,1,0.4822,86789,6,intensifier
round1_screening,swap,500,13-0.75-M,1,0.5123,86793,6,intensifier
round1_screening,swap,500,13-0.75-M,1,0.5725,86940,6,intensifier
round1_screening,swap,500,13-0.75-M,1,1.4108,86975,6,intensifier
round1_screening,swap,500,13-0.75-M,1,2.0698,87021,6,intensifier
round1_screening,swap,500,13-0.75-M,1,2.1299,87043,6,intensifier
round1_screening,swap,500,13-0.75-M,1,2.5489,87053,6,intensifier
round1_screening,swap,500,13-0.75-M,1,16.3190,87082,18,intensifier
round1_screening,swap,500,13-0.75-M,1,74.9640,87146,9,intensifier
round1_screening,swap,500,13-0.75-M,2,0.2507,86601,39,intensifier
round1_screening,swap,500,13-0.75-M,2,0.3121,86780,9,intensifier
round1_screening,swap,500,13-0.75-M,2,0.3722,86798,23,intensifier
round1_screening,swap,500,13-0.75-M,2,0.4319,86851,23,intensifier
round1_screening,swap,500,13-0.75-M,2,0.5535,86874,23,intensifier
round1_screening,swap,500,13-0.75-M,2,0.6163,87032,23,intensifier
round1_screening,swap,500,13-0.75-M,2,0.9717,87095,23,intensifier
round1_screening,swap,1000,5-0.25-M,1,0.5499,32592,2,intensifier
round1_screening,swap,1000,5-0.25-M,1,0.5842,32792,32,intensifier
round1_screening,swap,1000,5-0.25-M,1,0.6740,32893,58,explorer
round1_screening,swap,1000,5-0.25-M,1,0.7042,33009,2,intensifier
round1_screening,swap,1000,5-0.25-M,1,0.7342,33215,43,intensifier
round1_screening,swap,1000,5-0.25-M,1,0.8823,33384,43,intensifier
round1_screening,swap,1000,5-0.25-M,1,0.9714,33438,43,intensifier
round1_screening,swap,1000,5-0.25-M,1,1.0612,33511,43,intensifier
round1_screening,swap,1000,5-0.25-M,1,1.2107,33520,43,intensifier
round1_screening,swap,1000,5-0.25-M,1,1.2400,33530,43,intensifier
round1_screening,swap,1000,5-0.25-M,1,1.5987,33647,43,intensifier
round1_screening,swap,1000,5-0.25-M,1,1.9852,33710,43,intensifier
round1_screening,swap,1000,5-0.25-M,1,2.0441,33726,43,intensifier
round1_screening,swap,1000,5-0.25-M,1,2.0746,33971,43,intensifier
round1_screening,swap,1000,5-0.25-M,1,2.5194,34021,43,intensifier
round1_screening,swap,1000,5-0.25-M,1,3.7950,34284,43,intensifier
round1_screening,swap,1000,5-0.25-M,1,5.0440,34361,43,intensifier
round1_screening,swap,1000,5-0.25-M,1,14.9420,34384,43,intensifier
round1_screening,swap,1000,5-0.25-M,1,15.3576,34399,43,intensifier
round1_screening,swap,1000,5-0.25-M,1,21.3876,34415,43,intensifier
round1_screening,swap,1000,5-0.25-M,1,24.3304,34464,43,intensifier
round1_screening,swap,1000,5-0.25-M,1,30.1709,34522,43,intensifier
round1_screening,swap,1000,5-0.25-M,1,30.2033,34562,43,intensifier
round1_screening,swap,1000,5-0.25-M,1,32.1752,34666,43,intensifier
round1_screening,swap,1000,5-0.25-M,1,36.5079,34778,43,intensifier
round1_screening,swap,1000,5-0.25-M,1,47.1761,34880,43,intensifier
round1_screening,swap,1000,5-0.25-M,1,57.9287,35020,43,intensifier
round1_screening,swap,1000,5-0.25-M,2,0.5281,32594,57,explorer
round1_screening,swap,1000,5-0.25-M,2,0.6546,32827,15,intensifier
round1_screening,swap,1000,5-0.25-M,2,0.6845,33030,15,intensifier
round1_screening,swap,1000,5-0.25-M,2,0.8036,33104,15,intensifier
round1_screening,swap,1000,5-0.25-M,2,0.8333,33285,5,intensifier
round1_screening,swap,1000,5-0.25-M,2,0.8632,33408,51,explorer
round1_screening,swap,1000,5-0.25-M,2,1.4246,33501,5,intensifier
round1_screening,swap,1000,5-0.25-M,2,1.6337,33695,5,intensifier
round1_screening,swap,1000,5-0.25-M,2,1.9881,33763,5,intensifier
round1_screening,swap,1000,5-0.25-M,2,2.0179,33929,5,intensifier
round1_screening,swap,1000,5-0.25-M,2,3.4347,33998,5,intensifier
round1_screening,swap,1000,5-0.25-M,2,4.2084,34186,5,intensifier
round1_screening,swap,1000,5-0.25-M,2,4.3283,34211,5,intensifier
round1_screening,swap,1000,5-0.25-M,2,4.5365,34325,5,intensifier
round1_screening,swap,1000,5-0.25-M,2,7.0857,34385,5,intensifier
round1_screening,swap,1000,4-0.5-M,1,0.4101,45551,8,intensifier
round1_screening,swap,1000,4-0.5-M,1,0.4713,46695,8,intensifier
round1_screening,swap,1000,4-0.5-M,1,0.5009,47409,8,intensifier
round1_screening,swap,1000,4-0.5-M,1,0.5307,47714,53,explorer
round1_screening,swap,1000,4-0.5-M,1,0.5607,47834,59,explorer
round1_screening,swap,1000,4-0.5-M,1,0.5905,48063,59,explorer
round1_screening,swap,1000,4-0.5-M,1,0.6205,48555,37,intensifier
round1_screening,swap,1000,4-0.5-M,1,0.6509,48705,37,intensifier
round1_screening,swap,1000,4-0.5-M,1,0.6792,49016,40,intensifier
round1_screening,swap,1000,4-0.5-M,1,0.7087,49171,40,intensifier
round1_screening,swap,1000,4-0.5-M,1,0.7385,49361,40,intensifier
round1_screening,swap,1000,4-0.5-M,1,0.7683,49419,32,intensifier
round1_screening,swap,1000,4-0.5-M,1,0.8569,49634,40,intensifier
round1_screening,swap,1000,4-0.5-M,1,0.8849,49732,40,intensifier
round1_screening,swap,1000,4-0.5-M,1,0.9147,49857,40,intensifier
round1_screening,swap,1000,4-0.5-M,1,0.9441,49885,40,intensifier
round1_screening,swap,1000,4-0.5-M,1,1.1504,49948,40,intensifier
round1_screening,swap,1000,4-0.5-M,1,1.2691,50090,40,intensifier
round1_screening,swap,1000,4-0.5-M,1,1.2997,50095,40,intensifier
round1_screening,swap,1000,4-0.5-M,1,2.5303,50202,40,intensifier
round1_screening,swap,1000,4-0.5-M,1,2.9423,50306,40,intensifier
round1_screening,swap,1000,4-0.5-M,1,3.4969,50495,40,intensifier
round1_screening,swap,1000,4-0.5-M,1,4.5525,50550,40,intensifier
round1_screening,swap,1000,4-0.5-M,1,24.0459,50584,40,intensifier
round1_screening,swap,1000,4-0.5-M,1,24.5720,50644,40,intensifier
round1_screening,swap,1000,4-0.5-M,1,25.6534,50689,40,intensifier
round1_screening,swap,1000,4-0.5-M,1,31.0313,50732,40,intensifier
round1_screening,swap,1000,4-0.5-M,1,34.2165,50858,40,intensifier
round1_screening,swap,1000,4-0.5-M,1,39.6687,50916,40,intensifier
round1_screening,swap,1000,4-0.5-M,1,63.9560,51153,40,intensifier
round1_screening,swap,1000,4-0.5-M,1,88.9940,51165,40,intensifier
round1_screening,swap,1000,4-0.5-M,2,0.4357,46148,25,intensifier
round1_screening,swap,1000,4-0.5-M,2,0.4933,46713,45,intensifier
round1_screening,swap,1000,4-0.5-M,2,0.5229,47404,45,intensifier
round1_screening,swap,1000,4-0.5-M,2,0.5519,47611,25,intensifier
round1_screening,swap,1000,4-0.5-M,2,0.5813,48189,25,intensifier
round1_screening,swap,1000,4-0.5-M,2,0.6108,48376,9,intensifier
round1_screening,swap,1000,4-0.5-M,2,0.6693,49010,9,intensifier
round1_screening,swap,1000,4-0.5-M,2,0.7570,49044,9,intensifier
round1_screening,swap,1000,4-0.5-M,2,0.8171,49211,9,intensifier
round1_screening,swap,1000,4-0.5-M,2,0.8467,49360,9,intensifier
round1_screening,swap,1000,4-0.5-M,2,0.9053,49501,9,intensifier
round1_screening,swap,1000,4-0.5-M,2,0.9343,49953,9,intensifier
round1_screening,swap,1000,4-0.5-M,2,0.9646,50213,9,intensifier
round1_screening,swap,1000,4-0.5-M,2,1.0236,50218,9,intensifier
round1_screening,swap,1000,4-0.5-M,2,1.3756,50284,9,intensifier
round1_screening,swap,1000,4-0.5-M,2,1.4347,50505,9,intensifier
round1_screening,swap,1000,3-0.75-P,1,0.6625,362370,62,explorer
round1_screening,swap,1000,3-0.75-P,1,0.8989,362554,28,intensifier
round1_screening,swap,1000,3-0.75-P,1,0.9581,362636,28,intensifier
round1_screening,swap,1000,3-0.75-P,1,1.0757,362683,28,intensifier
round1_screening,swap,1000,3-0.75-P,1,1.1342,362890,0,intensifier
round1_screening,swap,1000,3-0.75-P,1,1.2227,362947,0,intensifier
round1_screening,swap,1000,3-0.75-P,1,1.2521,363042,0,intensifier
round1_screening,swap,1000,3-0.75-P,1,1.2817,363106,0,intensifier
round1_screening,swap,1000,3-0.75-P,1,1.3113,363238,0,intensifier
round1_screening,swap,1000,3-0.75-P,1,3.6818,363241,0,intensifier
round1_screening,swap,1000,3-0.75-P,1,3.7119,363329,0,intensifier
round1_screening,swap,1000,3-0.75-P,1,4.4805,363344,10,intensifier
round1_screening,swap,1000,3-0.75-P,1,4.7746,363413,10,intensifier
round1_screening,swap,1000,3-0.75-P,1,4.9500,363467,10,intensifier
round1_screening,swap,1000,3-0.75-P,1,5.0388,363738,10,intensifier
round1_screening,swap,1000,3-0.75-P,1,6.1504,363785,10,intensifier
round1_screening,swap,1000,3-0.75-P,1,6.2090,363909,10,intensifier
round1_screening,swap,1000,3-0.75-P,1,6.2965,363950,10,intensifier
round1_screening,swap,1000,3-0.75-P,1,6.7072,363977,10,intensifier
round1_screening,swap,1000,3-0.75-P,1,8.3772,364040,10,intensifier
round1_screening,swap,1000,3-0.75-P,1,10.3435,364184,10,intensifier
round1_screening,swap,1000,3-0.75-P,1,10.3727,364286,10,intensifier
round1_screening,swap,1000,3-0.75-P,2,0.1175,337843,2,intensifier
round1_screening,swap,1000,3-0.75-P,2,0.2936,359095,48,explorer
round1_screening,swap,1000,3-0.75-P,2,0.3239,359907,12,intensifier
round1_screening,swap,1000,3-0.75-P,2,0.3543,360504,5,intensifier
round1_screening,swap,1000,3-0.75-P,2,0.3840,360851,46,intensifier
round1_screening,swap,1000,3-0.75-P,2,0.4135,361013,46,intensifier
round1_screening,swap,1000,3-0.75-P,2,0.4429,361281,4,intensifier
round1_screening,swap,1000,3-0.75-P,2,0.4723,362019,4,intensifier
round1_screening,swap,1000,3-0.75-P,2,0.5018,362031,4,intensifier
round1_screening,swap,1000,3-0.75-P,2,0.5311,362198,4,intensifier
round1_screening,swap,1000,3-0.75-P,2,0.5603,362232,4,intensifier
round1_screening,swap,1000,3-0.75-P,2,0.5908,362254,4,intensifier
round1_screening,swap,1000,3-0.75-P,2,0.6500,362343,4,intensifier
round1_screening,swap,1000,3-0.75-P,2,0.6802,362558,4,intensifier
round1_screening,swap,1000,3-0.75-P,2,0.7403,362587,4,intensifier
round1_screening,swap,1000,3-0.75-P,2,0.7696,362647,4,intensifier
round1_screening,swap,1000,3-0.75-P,2,1.2101,362737,4,intensifier
round1_screening,swap,1000,3-0.75-P,2,1.3003,362748,4,intensifier
round1_screening,swap,1000,3-0.75-P,2,1.5977,362840,20,intensifier
round1_screening,swap,1000,3-0.75-P,2,1.6271,363189,20,intensifier
round1_screening,swap,1000,3-0.75-P,2,2.0654,363220,20,intensifier
round1_screening,swap,1000,3-0.75-P,2,2.0962,363473,20,intensifier
round1_screening,swap,1000,3-0.75-P,2,4.4084,363573,20,intensifier
round1_screening,swap,1000,3-0.75-P,2,10.6748,363577,20,intensifier
round1_screening,swap,1000,3-0.75-P,2,14.9480,363581,20,intensifier
round1_screening,swap,1000,3-0.75-P,2,15.7141,363614,20,intensifier
round1_screening,swap,1000,3-0.75-P,2,16.3894,363649,20,intensifier
round1_screening,swap,1000,3-0.75-P,2,16.4489,363728,20,intensifier
round1_screening,swap,1000,3-0.75-P,2,17.0934,363730,20,intensifier
round1_screening,swap,1000,3-0.75-P,2,23.6071,363763,20,intensifier
round1_screening,swap,1000,3-0.75-P,2,24.4659,363858,20,intensifier
round1_screening,swap,1000,3-0.75-P,2,30.7574,363925,20,intensifier
round1_screening,swap,1000,3-0.75-P,2,36.2976,364001,20,intensifier
round1_screening,swap,1000,3-0.75-P,2,36.3277,364268,20,intensifier
round1_screening,swap,1000,3-0.75-P,2,51.9518,364276,20,intensifier
round1_screening,T03,500,3-0.25-P,1,0.0071,63636,17,intensifier
round1_screening,T03,500,3-0.25-P,1,0.1122,75816,36,intensifier
round1_screening,T03,500,3-0.25-P,1,0.1416,75986,19,intensifier
round1_screening,T03,500,3-0.25-P,1,0.2329,76152,29,intensifier
round1_screening,T03,500,3-0.25-P,1,0.2630,76230,29,intensifier
round1_screening,T03,500,3-0.25-P,1,0.4128,76268,29,intensifier
round1_screening,T03,500,3-0.25-P,1,0.5027,76477,29,intensifier
round1_screening,T03,500,3-0.25-P,1,0.7423,76917,29,intensifier
round1_screening,T03,500,3-0.25-P,1,26.9552,77041,1,intensifier
round1_screening,T03,500,3-0.25-P,1,29.0520,77056,29,intensifier
round1_screening,T03,500,3-0.25-P,1,30.2213,77165,29,intensifier
round1_screening,T03,500,3-0.25-P,1,36.7514,77170,44,intensifier
round1_screening,T03,500,3-0.25-P,1,43.4913,77195,3,intensifier
round1_screening,T03,500,3-0.25-P,2,0.0163,72525,42,intensifier
round1_screening,T03,500,3-0.25-P,2,0.0772,76194,49,explorer
round1_screening,T03,500,3-0.25-P,2,0.1973,76380,50,explorer
round1_screening,T03,500,3-0.25-P,2,0.4368,76515,9,intensifier
round1_screening,T03,500,3-0.25-P,2,1.0955,76548,2,intensifier
round1_screening,T03,500,3-0.25-P,2,1.7272,76603,2,intensifier
round1_screening,T03,500,3-0.25-P,2,1.8169,76634,2,intensifier
round1_screening,T03,500,3-0.25-P,2,1.9073,76647,2,intensifier
round1_screening,T03,500,3-0.25-P,2,2.1169,76671,2,intensifier
round1_screening,T03,500,3-0.25-P,2,2.5958,76688,1,intensifier
round1_screening,T03,500,3-0.25-P,2,2.7459,76731,1,intensifier
round1_screening,T03,500,3-0.25-P,2,3.0753,76789,1,intensifier
round1_screening,T03,500,3-0.25-P,2,3.3448,76912,1,intensifier
round1_screening,T03,500,3-0.25-P,2,3.5844,76968,1,intensifier
round1_screening,T03,500,3-0.25-P,2,4.6914,77001,1,intensifier
round1_screening,T03,500,3-0.25-P,2,9.6002,77066,42,intensifier
round1_screening,T03,500,3-0.25-P,2,11.5456,77196,42,intensifier
round1_screening,T03,500,3-0.25-P,2,48.3579,77233,27,intensifier
round1_screening,T03,500,3-0.25-P,2,62.9060,77242,2,intensifier
round1_screening,T03,500,8-0.5-M,1,0.4579,81681,27,intensifier
round1_screening,T03,500,8-0.5-M,1,0.4903,81701,46,intensifier
round1_screening,T03,500,8-0.5-M,1,0.5215,81882,41,intensifier
round1_screening,T03,500,8-0.5-M,1,0.6409,82047,41,intensifier
round1_screening,T03,500,8-0.5-M,1,0.7006,82080,41,intensifier
round1_screening,T03,500,8-0.5-M,1,1.3299,82275,41,intensifier
round1_screening,T03,500,8-0.5-M,1,1.3590,82298,41,intensifier
round1_screening,T03,500,8-0.5-M,1,22.7503,82326,27,intensifier
round1_screening,T03,500,8-0.5-M,1,25.5350,82429,27,intensifier
round1_screening,T03,500,8-0.5-M,2,0.0062,36270,19,intensifier
round1_screening,T03,500,8-0.5-M,2,0.3037,82101,18,intensifier
round1_screening,T03,500,8-0.5-M,2,0.4236,82146,17,intensifier
round1_screening,T03,500,8-0.5-M,2,0.5433,82253,18,intensifier
round1_screening,T03,500,8-0.5-M,2,0.6032,82283,18,intensifier
round1_screening,T03,500,8-0.5-M,2,1.2609,82361,22,intensifier
round1_screening,T03,500,8-0.5-M,2,3.5027,82545,22,intensifier
round1_screening,T03,500,13-0.75-M,1,0.3025,86671,14,intensifier
round1_screening,T03,500,13-0.75-M,1,0.3345,86683,45,intensifier
round1_screening,T03,500,13-0.75-M,1,0.3947,86777,9,intensifier
round1_screening,T03,500,13-0.75-M,1,0.4247,86951,8,intensifier
round1_screening,T03,500,13-0.75-M,1,0.7841,87022,8,intensifier
round1_screening,T03,500,13-0.75-M,1,4.1072,87080,8,intensifier
round1_screening,T03,500,13-0.75-M,1,4.2271,87084,8,intensifier
round1_screening,T03,500,13-0.75-M,1,99.9940,87116,47,intensifier
round1_screening,T03,500,13-0.75-M,2,0.3231,86647,43,intensifier
round1_screening,T03,500,13-0.75-M,2,0.3853,86904,44,intensifier
round1_screening,T03,500,13-0.75-M,2,0.4457,86938,44,intensifier
round1_screening,T03,500,13-0.75-M,2,0.8344,87014,57,explorer
round1_screening,T03,500,13-0.75-M,2,7.1796,87030,22,intensifier
round1_screening,T03,500,13-0.75-M,2,7.8986,87085,9,intensifier
round1_screening,T03,500,13-0.75-M,2,82.9110,87097,40,intensifier
round1_screening,T03,1000,5-0.25-M,1,0.5568,33134,14,intensifier
round1_screening,T03,1000,5-0.25-M,1,0.7707,33214,22,intensifier
round1_screening,T03,1000,5-0.25-M,1,0.8291,33268,22,intensifier
round1_screening,T03,1000,5-0.25-M,1,0.8878,33275,22,intensifier
round1_screening,T03,1000,5-0.25-M,1,1.0636,33282,22,intensifier
round1_screening,T03,1000,5-0.25-M,1,1.0933,33283,1,intensifier
round1_screening,T03,1000,5-0.25-M,1,1.1520,33443,14,intensifier
round1_screening,T03,1000,5-0.25-M,1,1.1821,33649,14,intensifier
round1_screening,T03,1000,5-0.25-M,1,1.4766,33761,14,intensifier
round1_screening,T03,1000,5-0.25-M,1,1.5060,33830,14,intensifier
round1_screening,T03,1000,5-0.25-M,1,2.2108,33891,14,intensifier
round1_screening,T03,1000,5-0.25-M,1,2.3283,33974,14,intensifier
round1_screening,T03,1000,5-0.25-M,1,2.4462,34012,14,intensifier
round1_screening,T03,1000,5-0.25-M,1,3.8085,34015,14,intensifier
round1_screening,T03,1000,5-0.25-M,1,4.5735,34030,14,intensifier
round1_screening,T03,1000,5-0.25-M,1,4.6326,34140,14,intensifier
round1_screening,T03,1000,5-0.25-M,1,4.6627,34197,14,intensifier
round1_screening,T03,1000,5-0.25-M,1,5.8419,34262,14,intensifier
round1_screening,T03,1000,5-0.25-M,1,6.0179,34267,14,intensifier
round1_screening,T03,1000,5-0.25-M,1,6.3396,34357,14,intensifier
round1_screening,T03,1000,5-0.25-M,1,8.7761,34500,14,intensifier
round1_screening,T03,1000,5-0.25-M,1,9.7856,34561,14,intensifier
round1_screening,T03,1000,5-0.25-M,1,17.0050,34618,14,intensifier
round1_screening,T03,1000,5-0.25-M,1,20.5282,34658,14,intensifier
round1_screening,T03,1000,5-0.25-M,1,30.2485,34665,28,intensifier
round1_screening,T03,1000,5-0.25-M,1,30.7780,34758,14,intensifier
round1_screening,T03,1000,5-0.25-M,1,31.3975,34773,14,intensifier
round1_screening,T03,1000,5-0.25-M,1,41.3317,34794,14,intensifier
round1_screening,T03,1000,5-0.25-M,1,44.6613,34848,14,intensifier
round1_screening,T03,1000,5-0.25-M,1,46.1180,34864,14,intensifier
round1_screening,T03,1000,5-0.25-M,1,57.9195,34918,14,intensifier
round1_screening,T03,1000,5-0.25-M,1,82.7150,34970,14,intensifier
round1_screening,T03,1000,5-0.25-M,1,93.4484,34972,14,intensifier
round1_screening,T03,1000,5-0.25-M,1,106.3508,35006,14,intensifier
round1_screening,T03,1000,5-0.25-M,1,118.7855,35027,14,intensifier
round1_screening,T03,1000,5-0.25-M,2,0.5915,32909,58,explorer
round1_screening,T03,1000,5-0.25-M,2,0.7418,32991,43,intensifier
round1_screening,T03,1000,5-0.25-M,2,0.8301,33128,43,intensifier
round1_screening,T03,1000,5-0.25-M,2,0.8888,33341,43,intensifier
round1_screening,T03,1000,5-0.25-M,2,0.9176,33422,62,explorer
round1_screening,T03,1000,5-0.25-M,2,2.0398,33590,16,intensifier
round1_screening,T03,1000,5-0.25-M,2,2.2170,33667,16,intensifier
round1_screening,T03,1000,5-0.25-M,2,2.6611,33747,16,intensifier
round1_screening,T03,1000,5-0.25-M,2,2.7215,34121,16,intensifier
round1_screening,T03,1000,5-0.25-M,2,3.9563,34142,16,intensifier
round1_screening,T03,1000,5-0.25-M,2,4.8481,34150,16,intensifier
round1_screening,T03,1000,5-0.25-M,2,5.8269,34297,16,intensifier
round1_screening,T03,1000,5-0.25-M,2,6.1238,34346,16,intensifier
round1_screening,T03,1000,5-0.25-M,2,7.7853,34360,16,intensifier
round1_screening,T03,1000,5-0.25-M,2,8.2324,34525,16,intensifier
round1_screening,T03,1000,5-0.25-M,2,11.4613,34610,16,intensifier
round1_screening,T03,1000,5-0.25-M,2,12.1149,34626,16,intensifier
round1_screening,T03,1000,5-0.25-M,2,12.7997,34958,16,intensifier
round1_screening,T03,1000,5-0.25-M,2,40.3522,34998,16,intensifier
round1_screening,T03,1000,4-0.5-M,1,0.4316,47182,2,intensifier
round1_screening,T03,1000,4-0.5-M,1,0.4897,48212,2,intensifier
round1_screening,T03,1000,4-0.5-M,1,0.5194,48289,2,intensifier
round1_screening,T03,1000,4-0.5-M,1,0.5496,48581,2,intensifier
round1_screening,T03,1000,4-0.5-M,1,0.5794,48652,2,intensifier
round1_screening,T03,1000,4-0.5-M,1,0.6093,48998,2,intensifier
round1_screening,T03,1000,4-0.5-M,1,0.6395,49263,2,intensifier
round1_screening,T03,1000,4-0.5-M,1,0.6981,49528,2,intensifier
round1_screening,T03,1000,4-0.5-M,1,0.7566,49536,2,intensifier
round1_screening,T03,1000,4-0.5-M,1,0.8155,49571,2,intensifier
round1_screening,T03,1000,4-0.5-M,1,1.1401,49675,1,intensifier
round1_screening,T03,1000,4-0.5-M,1,1.3148,49769,2,intensifier
round1_screening,T03,1000,4-0.5-M,1,1.3444,49902,2,intensifier
round1_screening,T03,1000,4-0.5-M,1,1.4041,49979,2,intensifier
round1_screening,T03,1000,4-0.5-M,1,1.8395,50306,2,intensifier
round1_screening,T03,1000,4-0.5-M,1,2.0141,50322,2,intensifier
round1_screening,T03,1000,4-0.5-M,1,2.2183,50454,2,intensifier
round1_screening,T03,1000,4-0.5-M,1,3.0663,50552,2,intensifier
round1_screening,T03,1000,4-0.5-M,1,4.2122,50616,2,intensifier
round1_screening,T03,1000,4-0.5-M,1,6.5835,50725,2,intensifier
round1_screening,T03,1000,4-0.5-M,1,14.2540,50752,2,intensifier
round1_screening,T03,1000,4-0.5-M,1,18.1311,50836,2,intensifier
round1_screening,T03,1000,4-0.5-M,1,18.8943,50882,2,intensifier
round1_screening,T03,1000,4-0.5-M,1,19.9208,50895,2,intensifier
round1_screening,T03,1000,4-0.5-M,1,26.2157,50903,2,intensifier
round1_screening,T03,1000,4-0.5-M,1,26.2458,50913,2,intensifier
round1_screening,T03,1000,4-0.5-M,1,31.6439,50947,2,intensifier
round1_screening,T03,1000,4-0.5-M,1,32.1142,50957,2,intensifier
round1_screening,T03,1000,4-0.5-M,1,34.1969,50961,2,intensifier
round1_screening,T03,1000,4-0.5-M,1,34.2579,51097,2,intensifier
round1_screening,T03,1000,4-0.5-M,1,49.6436,51111,2,intensifier
round1_screening,T03,1000,4-0.5-M,2,0.4523,46980,5,intensifier
round1_screening,T03,1000,4-0.5-M,2,0.5076,47632,18,intensifier
round1_screening,T03,1000,4-0.5-M,2,0.5369,47988,18,intensifier
round1_screening,T03,1000,4-0.5-M,2,0.5663,48219,18,intensifier
round1_screening,T03,1000,4-0.5-M,2,0.5954,48375,14,intensifier
round1_screening,T03,1000,4-0.5-M,2,0.6243,48689,14,intensifier
round1_screening,T03,1000,4-0.5-M,2,0.6547,48771,14,intensifier
round1_screening,T03,1000,4-0.5-M,2,0.6838,49057,9,intensifier
round1_screening,T03,1000,4-0.5-M,2,0.7431,49100,9,intensifier
round1_screening,T03,1000,4-0.5-M,2,0.7727,49116,9,intensifier
round1_screening,T03,1000,4-0.5-M,2,0.8026,49263,9,intensifier
round1_screening,T03,1000,4-0.5-M,2,0.9204,49287,9,intensifier
round1_screening,T03,1000,4-0.5-M,2,0.9498,49405,9,intensifier
round1_screening,T03,1000,4-0.5-M,2,0.9789,49806,9,intensifier
round1_screening,T03,1000,4-0.5-M,2,1.0663,50027,9,intensifier
round1_screening,T03,1000,4-0.5-M,2,1.3583,50205,9,intensifier
round1_screening,T03,1000,4-0.5-M,2,1.6495,50260,9,intensifier
round1_screening,T03,1000,4-0.5-M,2,2.8189,50323,9,intensifier
round1_screening,T03,1000,4-0.5-M,2,3.8725,50326,9,intensifier
round1_screening,T03,1000,4-0.5-M,2,5.0148,50345,9,intensifier
round1_screening,T03,1000,4-0.5-M,2,5.7454,50505,9,intensifier
round1_screening,T03,1000,4-0.5-M,2,5.8943,50523,9,intensifier
round1_screening,T03,1000,4-0.5-M,2,8.0397,50538,9,intensifier
round1_screening,T03,1000,4-0.5-M,2,9.6287,50550,9,intensifier
round1_screening,T03,1000,4-0.5-M,2,9.8050,50643,9,intensifier
round1_screening,T03,1000,4-0.5-M,2,11.0426,50661,9,intensifier
round1_screening,T03,1000,4-0.5-M,2,12.6893,50710,9,intensifier
round1_screening,T03,1000,4-0.5-M,2,12.7196,50765,9,intensifier
round1_screening,T03,1000,4-0.5-M,2,12.7487,50851,9,intensifier
round1_screening,T03,1000,4-0.5-M,2,13.5764,50899,9,intensifier
round1_screening,T03,1000,4-0.5-M,2,17.0006,50911,9,intensifier
round1_screening,T03,1000,4-0.5-M,2,17.3574,50915,9,intensifier
round1_screening,T03,1000,3-0.75-P,1,0.6029,362696,42,intensifier
round1_screening,T03,1000,3-0.75-P,1,1.0802,362916,54,explorer
round1_screening,T03,1000,3-0.75-P,1,1.8206,362918,10,intensifier
round1_screening,T03,1000,3-0.75-P,1,2.0269,362962,10,intensifier
round1_screening,T03,1000,3-0.75-P,1,2.1742,362969,10,intensifier
round1_screening,T03,1000,3-0.75-P,1,2.3218,363158,10,intensifier
round1_screening,T03,1000,3-0.75-P,1,2.3520,363242,36,intensifier
round1_screening,T03,1000,3-0.75-P,1,2.3821,363354,36,intensifier
round1_screening,T03,1000,3-0.75-P,1,3.3864,363363,36,intensifier
round1_screening,T03,1000,3-0.75-P,1,4.0615,363406,36,intensifier
round1_screening,T03,1000,3-0.75-P,1,4.4479,363430,36,intensifier
round1_screening,T03,1000,3-0.75-P,1,4.6847,363513,36,intensifier
round1_screening,T03,1000,3-0.75-P,1,7.1079,363689,36,intensifier
round1_screening,T03,1000,3-0.75-P,1,7.2848,363839,36,intensifier
round1_screening,T03,1000,3-0.75-P,1,11.4875,363904,36,intensifier
round1_screening,T03,1000,3-0.75-P,1,12.3698,363911,36,intensifier
round1_screening,T03,1000,3-0.75-P,1,13.3163,364032,36,intensifier
round1_screening,T03,1000,3-0.75-P,1,13.4048,364209,36,intensifier
round1_screening,T03,1000,3-0.75-P,1,23.3390,364242,36,intensifier
round1_screening,T03,1000,3-0.75-P,1,31.4412,364261,36,intensifier
round1_screening,T03,1000,3-0.75-P,2,0.1119,343065,36,intensifier
round1_screening,T03,1000,3-0.75-P,2,0.2993,360552,55,explorer
round1_screening,T03,1000,3-0.75-P,2,0.3297,360627,55,explorer
round1_screening,T03,1000,3-0.75-P,2,0.3589,361292,47,intensifier
round1_screening,T03,1000,3-0.75-P,2,0.3891,361471,47,intensifier
round1_screening,T03,1000,3-0.75-P,2,0.4194,361897,55,explorer
round1_screening,T03,1000,3-0.75-P,2,0.4487,361952,55,explorer
round1_screening,T03,1000,3-0.75-P,2,0.5087,362042,15,intensifier
round1_screening,T03,1000,3-0.75-P,2,0.5687,362470,47,intensifier
round1_screening,T03,1000,3-0.75-P,2,0.6284,362557,47,intensifier
round1_screening,T03,1000,3-0.75-P,2,0.6578,362592,47,intensifier
round1_screening,T03,1000,3-0.75-P,2,0.6871,362633,47,intensifier
round1_screening,T03,1000,3-0.75-P,2,0.7167,362665,47,intensifier
round1_screening,T03,1000,3-0.75-P,2,0.8338,362787,7,intensifier
round1_screening,T03,1000,3-0.75-P,2,0.8924,362802,30,intensifier
round1_screening,T03,1000,3-0.75-P,2,0.9217,363000,7,intensifier
round1_screening,T03,1000,3-0.75-P,2,0.9521,363415,30,intensifier
round1_screening,T03,1000,3-0.75-P,2,3.1030,363473,30,intensifier
round1_screening,T03,1000,3-0.75-P,2,3.1924,363552,30,intensifier
round1_screening,T03,1000,3-0.75-P,2,3.3965,363569,30,intensifier
round1_screening,T03,1000,3-0.75-P,2,4.1635,363647,30,intensifier
round1_screening,T03,1000,3-0.75-P,2,4.1938,363766,30,intensifier
round1_screening,T03,1000,3-0.75-P,2,4.5774,363838,30,intensifier
round1_screening,T03,1000,3-0.75-P,2,5.2631,363899,30,intensifier
round1_screening,T03,1000,3-0.75-P,2,5.4729,363990,30,intensifier
round1_screening,T03,1000,3-0.75-P,2,8.5452,364038,30,intensifier
round1_screening,T03,1000,3-0.75-P,2,9.7549,364108,30,intensifier
round1_screening,T03,1000,3-0.75-P,2,9.8150,364151,30,intensifier
round1_screening,T03,1000,3-0.75-P,2,21.3929,364285,30,intensifier
round1_screening,T03,1000,3-0.75-P,2,28.9364,364286,30,intensifier
round1_screening,T03,1000,3-0.75-P,2,33.1139,364311,30,intensifier
round1_screening,T03,1000,3-0.75-P,2,37.6889,364329,30,intensifier
round1_screening,T03,1000,3-0.75-P,2,55.2761,364413,30,intensifier
round1_screening,T03,1000,3-0.75-P,2,55.7783,364423,30,intensifier
round1_screening,T03,1000,3-0.75-P,2,55.8385,364462,30,intensifier
round1_screening,T03,1000,3-0.75-P,2,69.7059,364493,30,intensifier
round1_screening,T03,1000,3-0.75-P,2,92.4891,364512,30,intensifier
round1_screening,T03,1000,3-0.75-P,2,114.7918,364717,30,intensifier
round1_confirmation,D,500,10-0.5-P,1,0.4756,141018,9,intensifier
round1_confirmation,D,500,10-0.5-P,1,0.5362,141098,47,intensifier
round1_confirmation,D,500,10-0.5-P,1,0.6257,141188,47,intensifier
round1_confirmation,D,500,10-0.5-P,1,0.6561,141308,28,intensifier
round1_confirmation,D,500,10-0.5-P,1,0.6859,141498,15,intensifier
round1_confirmation,D,500,10-0.5-P,1,0.7159,141581,15,intensifier
round1_confirmation,D,500,10-0.5-P,1,0.7458,141643,15,intensifier
round1_confirmation,D,500,10-0.5-P,1,12.0202,141677,20,intensifier
round1_confirmation,D,500,10-0.5-P,1,12.0802,141736,20,intensifier
round1_confirmation,D,500,10-0.5-P,1,61.4691,141853,10,intensifier
round1_confirmation,D,500,10-0.5-P,1,63.7111,141907,10,intensifier
round1_confirmation,D,500,10-0.5-P,2,0.4369,140977,1,intensifier
round1_confirmation,D,500,10-0.5-P,2,0.5287,141121,48,explorer
round1_confirmation,D,500,10-0.5-P,2,0.5587,141252,53,explorer
round1_confirmation,D,500,10-0.5-P,2,0.8585,141352,19,intensifier
round1_confirmation,D,500,10-0.5-P,2,0.9788,141664,20,intensifier
round1_confirmation,D,500,10-0.5-P,2,1.9352,141669,20,intensifier
round1_confirmation,D,500,10-0.5-P,2,3.5795,141710,20,intensifier
round1_confirmation,D,500,10-0.5-P,2,3.6098,141790,20,intensifier
round1_confirmation,D,500,10-0.5-P,2,10.2199,141842,6,intensifier
round1_confirmation,D,500,10-0.5-P,2,10.8474,141860,6,intensifier
round1_confirmation,D,500,10-0.5-P,2,12.4921,141868,6,intensifier
round1_confirmation,D,500,10-0.5-P,2,13.7779,141885,6,intensifier
round1_confirmation,D,500,10-0.5-P,2,18.8328,141909,6,intensifier
round1_confirmation,D,500,10-0.5-P,2,19.1323,141941,6,intensifier
round1_confirmation,D,500,10-0.5-P,2,20.1799,141957,6,intensifier
round1_confirmation,D,500,10-0.5-P,2,21.0764,141969,6,intensifier
round1_confirmation,D,500,10-0.5-P,2,225.6495,142056,30,intensifier
round1_confirmation,D,500,10-0.5-P,2,231.8709,142060,30,intensifier
round1_confirmation,D,500,10-0.5-P,3,0.4383,141413,27,intensifier
round1_confirmation,D,500,10-0.5-P,3,1.5462,141414,2,intensifier
round1_confirmation,D,500,10-0.5-P,3,1.6663,141432,2,intensifier
round1_confirmation,D,500,10-0.5-P,3,1.8164,141502,41,intensifier
round1_confirmation,D,500,10-0.5-P,3,2.0854,141699,41,intensifier
round1_confirmation,D,500,10-0.5-P,3,3.2819,141724,41,intensifier
round1_confirmation,D,500,10-0.5-P,3,3.4914,141742,41,intensifier
round1_confirmation,D,500,10-0.5-P,3,5.9426,141745,41,intensifier
round1_confirmation,D,500,10-0.5-P,3,41.1702,141752,28,intensifier
round1_confirmation,D,500,10-0.5-P,3,43.1753,141905,28,intensifier
round1_confirmation,D,500,10-0.5-P,3,45.6316,141915,28,intensifier
round1_confirmation,D,500,10-0.5-P,3,49.6717,142042,28,intensifier
round1_confirmation,D,500,10-0.5-P,3,52.3943,142087,28,intensifier
round1_confirmation,D,500,12-0.75-P,1,0.2648,193848,4,intensifier
round1_confirmation,D,500,12-0.75-P,1,0.8086,193929,24,intensifier
round1_confirmation,D,500,12-0.75-P,1,0.8388,193988,24,intensifier
round1_confirmation,D,500,12-0.75-P,1,0.8995,194137,24,intensifier
round1_confirmation,D,500,12-0.75-P,1,1.5885,194163,24,intensifier
round1_confirmation,D,500,12-0.75-P,1,1.7385,194164,24,intensifier
round1_confirmation,D,500,12-0.75-P,1,1.9781,194267,24,intensifier
round1_confirmation,D,500,12-0.75-P,1,2.0986,194367,24,intensifier
round1_confirmation,D,500,12-0.75-P,2,0.2666,193597,5,intensifier
round1_confirmation,D,500,12-0.75-P,2,0.3309,193739,45,intensifier
round1_confirmation,D,500,12-0.75-P,2,0.3611,193783,45,intensifier
round1_confirmation,D,500,12-0.75-P,2,0.3913,193844,45,intensifier
round1_confirmation,D,500,12-0.75-P,2,0.6012,193947,45,intensifier
round1_confirmation,D,500,12-0.75-P,2,0.8112,194002,45,intensifier
round1_confirmation,D,500,12-0.75-P,2,0.9313,194050,45,intensifier
round1_confirmation,D,500,12-0.75-P,2,2.0396,194207,45,intensifier
round1_confirmation,D,500,12-0.75-P,2,2.3389,194208,45,intensifier
round1_confirmation,D,500,12-0.75-P,2,4.0466,194209,45,intensifier
round1_confirmation,D,500,12-0.75-P,2,6.0830,194230,45,intensifier
round1_confirmation,D,500,12-0.75-P,2,6.1132,194305,45,intensifier
round1_confirmation,D,500,12-0.75-P,2,7.5211,194312,45,intensifier
round1_confirmation,D,500,12-0.75-P,2,53.8517,194358,35,intensifier
round1_confirmation,D,500,12-0.75-P,2,173.8335,194364,23,intensifier
round1_confirmation,D,500,12-0.75-P,2,513.4955,194641,12,intensifier
round1_confirmation,D,500,12-0.75-P,3,0.2779,193584,5,intensifier
round1_confirmation,D,500,12-0.75-P,3,0.3116,193847,42,intensifier
round1_confirmation,D,500,12-0.75-P,3,0.7010,193952,42,intensifier
round1_confirmation,D,500,12-0.75-P,3,1.0011,194039,42,intensifier
round1_confirmation,D,500,12-0.75-P,3,2.8292,194232,42,intensifier
round1_confirmation,D,500,12-0.75-P,3,2.9494,194400,42,intensifier
round1_confirmation,D,500,2-0.25-M,1,0.0184,45715,27,intensifier
round1_confirmation,D,500,2-0.25-M,1,0.0754,48823,46,intensifier
round1_confirmation,D,500,2-0.25-M,1,0.1058,48947,35,intensifier
round1_confirmation,D,500,2-0.25-M,1,0.1361,49054,35,intensifier
round1_confirmation,D,500,2-0.25-M,1,0.1665,49103,35,intensifier
round1_confirmation,D,500,2-0.25-M,1,0.2268,49236,35,intensifier
round1_confirmation,D,500,2-0.25-M,1,0.4358,49427,35,intensifier
round1_confirmation,D,500,2-0.25-M,1,0.5260,49461,35,intensifier
round1_confirmation,D,500,2-0.25-M,1,0.6164,49531,35,intensifier
round1_confirmation,D,500,2-0.25-M,1,9.8742,49631,38,intensifier
round1_confirmation,D,500,2-0.25-M,1,14.0724,49668,38,intensifier
round1_confirmation,D,500,2-0.25-M,1,14.1326,49710,38,intensifier
round1_confirmation,D,500,2-0.25-M,1,37.0249,49794,29,intensifier
round1_confirmation,D,500,2-0.25-M,1,41.2510,49912,10,intensifier
round1_confirmation,D,500,2-0.25-M,1,42.9888,49922,10,intensifier
round1_confirmation,D,500,2-0.25-M,1,61.1157,49951,35,intensifier
round1_confirmation,D,500,2-0.25-M,1,62.5542,50109,35,intensifier
round1_confirmation,D,500,2-0.25-M,1,131.3093,50135,46,intensifier
round1_confirmation,D,500,2-0.25-M,1,166.4337,50154,26,intensifier
round1_confirmation,D,500,2-0.25-M,1,445.0999,50171,44,intensifier
round1_confirmation,D,500,2-0.25-M,2,0.0074,28052,38,intensifier
round1_confirmation,D,500,2-0.25-M,2,0.1016,48817,35,intensifier
round1_confirmation,D,500,2-0.25-M,2,0.1621,48857,53,explorer
round1_confirmation,D,500,2-0.25-M,2,0.1923,48891,32,intensifier
round1_confirmation,D,500,2-0.25-M,2,0.2526,49179,44,intensifier
round1_confirmation,D,500,2-0.25-M,2,0.3126,49256,10,intensifier
round1_confirmation,D,500,2-0.25-M,2,0.6424,49337,10,intensifier
round1_confirmation,D,500,2-0.25-M,2,0.7028,49404,10,intensifier
round1_confirmation,D,500,2-0.25-M,2,0.7337,49504,10,intensifier
round1_confirmation,D,500,2-0.25-M,2,0.8835,49599,10,intensifier
round1_confirmation,D,500,2-0.25-M,2,4.3279,49614,28,intensifier
round1_confirmation,D,500,2-0.25-M,2,5.7361,49690,28,intensifier
round1_confirmation,D,500,2-0.25-M,2,6.1256,49742,28,intensifier
round1_confirmation,D,500,2-0.25-M,2,6.4255,49766,28,intensifier
round1_confirmation,D,500,2-0.25-M,2,6.8151,49834,24,intensifier
round1_confirmation,D,500,2-0.25-M,2,8.7918,49953,28,intensifier
round1_confirmation,D,500,2-0.25-M,2,45.6886,50034,9,intensifier
round1_confirmation,D,500,2-0.25-M,2,75.3976,50117,35,intensifier
round1_confirmation,D,500,2-0.25-M,2,142.2160,50190,37,intensifier
round1_confirmation,D,500,2-0.25-M,2,414.9629,50436,3,intensifier
round1_confirmation,D,500,2-0.25-M,3,0.0072,25900,12,intensifier
round1_confirmation,D,500,2-0.25-M,3,0.1051,49072,3,intensifier
round1_confirmation,D,500,2-0.25-M,3,0.1356,49133,17,intensifier
round1_confirmation,D,500,2-0.25-M,3,0.2257,49168,17,intensifier
round1_confirmation,D,500,2-0.25-M,3,0.2559,49204,17,intensifier
round1_confirmation,D,500,2-0.25-M,3,0.2862,49535,17,intensifier
round1_confirmation,D,500,2-0.25-M,3,1.0952,49569,8,intensifier
round1_confirmation,D,500,2-0.25-M,3,1.5747,49719,8,intensifier
round1_confirmation,D,500,2-0.25-M,3,4.3613,49753,8,intensifier
round1_confirmation,D,500,2-0.25-M,3,5.7396,49952,8,intensifier
round1_confirmation,D,500,2-0.25-M,3,36.4387,50048,39,intensifier
round1_confirmation,D,500,2-0.25-M,3,203.6502,50084,43,intensifier
round1_confirmation,D,500,2-0.25-M,3,305.9236,50185,44,intensifier
round1_confirmation,D,1000,2-0.25-P,1,0.5262,131529,6,intensifier
round1_confirmation,D,1000,2-0.25-P,1,0.5621,131735,6,intensifier
round1_confirmation,D,1000,2-0.25-P,1,0.6208,131940,6,intensifier
round1_confirmation,D,1000,2-0.25-P,1,0.7098,132129,43,intensifier
round1_confirmation,D,1000,2-0.25-P,1,0.8272,132231,43,intensifier
round1_confirmation,D,1000,2-0.25-P,1,0.8577,132300,43,intensifier
round1_confirmation,D,1000,2-0.25-P,1,0.9162,132576,43,intensifier
round1_confirmation,D,1000,2-0.25-P,1,1.0043,132578,10,intensifier
round1_confirmation,D,1000,2-0.25-P,1,1.0635,132610,43,intensifier
round1_confirmation,D,1000,2-0.25-P,1,1.0938,132683,43,intensifier
round1_confirmation,D,1000,2-0.25-P,1,1.2133,132829,43,intensifier
round1_confirmation,D,1000,2-0.25-P,1,1.4495,133251,43,intensifier
round1_confirmation,D,1000,2-0.25-P,1,1.4796,133310,43,intensifier
round1_confirmation,D,1000,2-0.25-P,1,2.3675,133383,14,intensifier
round1_confirmation,D,1000,2-0.25-P,1,2.3974,133387,14,intensifier
round1_confirmation,D,1000,2-0.25-P,1,2.4573,133432,14,intensifier
round1_confirmation,D,1000,2-0.25-P,1,2.4865,133468,14,intensifier
round1_confirmation,D,1000,2-0.25-P,1,2.5174,133500,14,intensifier
round1_confirmation,D,1000,2-0.25-P,1,2.5472,133554,14,intensifier
round1_confirmation,D,1000,2-0.25-P,1,2.5772,133656,14,intensifier
round1_confirmation,D,1000,2-0.25-P,1,2.6071,133707,14,intensifier
round1_confirmation,D,1000,2-0.25-P,1,4.5035,133714,14,intensifier
round1_confirmation,D,1000,2-0.25-P,1,4.6226,133809,14,intensifier
round1_confirmation,D,1000,2-0.25-P,1,4.8902,133886,14,intensifier
round1_confirmation,D,1000,2-0.25-P,1,5.0680,134010,14,intensifier
round1_confirmation,D,1000,2-0.25-P,1,5.0978,134033,14,intensifier
round1_confirmation,D,1000,2-0.25-P,1,6.1325,134133,14,intensifier
round1_confirmation,D,1000,2-0.25-P,1,6.1623,134138,14,intensifier
round1_confirmation,D,1000,2-0.25-P,1,6.4272,134188,14,intensifier
round1_confirmation,D,1000,2-0.25-P,1,10.5439,134271,14,intensifier
round1_confirmation,D,1000,2-0.25-P,1,12.9425,134384,14,intensifier
round1_confirmation,D,1000,2-0.25-P,1,17.1967,134414,14,intensifier
round1_confirmation,D,1000,2-0.25-P,1,19.2135,134429,14,intensifier
round1_confirmation,D,1000,2-0.25-P,1,21.8810,134518,14,intensifier
round1_confirmation,D,1000,2-0.25-P,1,32.5486,134519,14,intensifier
round1_confirmation,D,1000,2-0.25-P,1,47.6515,134527,14,intensifier
round1_confirmation,D,1000,2-0.25-P,1,50.6131,134533,14,intensifier
round1_confirmation,D,1000,2-0.25-P,1,51.3531,134539,14,intensifier
round1_confirmation,D,1000,2-0.25-P,1,68.4192,134580,14,intensifier
round1_confirmation,D,1000,2-0.25-P,1,72.8570,134586,14,intensifier
round1_confirmation,D,1000,2-0.25-P,1,74.8104,134641,14,intensifier
round1_confirmation,D,1000,2-0.25-P,1,89.9555,134782,14,intensifier
round1_confirmation,D,1000,2-0.25-P,1,116.8418,134888,14,intensifier
round1_confirmation,D,1000,2-0.25-P,1,117.1970,135013,14,intensifier
round1_confirmation,D,1000,2-0.25-P,1,119.6797,135192,14,intensifier
round1_confirmation,D,1000,2-0.25-P,2,0.5174,131633,15,intensifier
round1_confirmation,D,1000,2-0.25-P,2,0.5547,131662,29,intensifier
round1_confirmation,D,1000,2-0.25-P,2,0.5847,131848,29,intensifier
round1_confirmation,D,1000,2-0.25-P,2,0.6151,132502,29,intensifier
round1_confirmation,D,1000,2-0.25-P,2,0.6739,132602,16,intensifier
round1_confirmation,D,1000,2-0.25-P,2,0.7039,132728,16,intensifier
round1_confirmation,D,1000,2-0.25-P,2,0.7343,132810,16,intensifier
round1_confirmation,D,1000,2-0.25-P,2,0.9418,132972,16,intensifier
round1_confirmation,D,1000,2-0.25-P,2,1.0905,133006,16,intensifier
round1_confirmation,D,1000,2-0.25-P,2,1.1204,133138,16,intensifier
round1_confirmation,D,1000,2-0.25-P,2,1.2097,133141,16,intensifier
round1_confirmation,D,1000,2-0.25-P,2,1.7421,133186,16,intensifier
round1_confirmation,D,1000,2-0.25-P,2,2.1258,133296,16,intensifier
round1_confirmation,D,1000,2-0.25-P,2,2.2146,133304,16,intensifier
round1_confirmation,D,1000,2-0.25-P,2,2.8049,133395,16,intensifier
round1_confirmation,D,1000,2-0.25-P,2,5.4473,133508,16,intensifier
round1_confirmation,D,1000,2-0.25-P,2,5.6261,133612,16,intensifier
round1_confirmation,D,1000,2-0.25-P,2,5.6563,133708,16,intensifier
round1_confirmation,D,1000,2-0.25-P,2,5.6864,133730,16,intensifier
round1_confirmation,D,1000,2-0.25-P,2,7.4623,133756,16,intensifier
round1_confirmation,D,1000,2-0.25-P,2,8.1124,133760,16,intensifier
round1_confirmation,D,1000,2-0.25-P,2,8.9719,133840,16,intensifier
round1_confirmation,D,1000,2-0.25-P,2,10.3349,133912,31,intensifier
round1_confirmation,D,1000,2-0.25-P,2,10.3650,134079,31,intensifier
round1_confirmation,D,1000,2-0.25-P,2,10.8700,134150,31,intensifier
round1_confirmation,D,1000,2-0.25-P,2,12.3537,134193,31,intensifier
round1_confirmation,D,1000,2-0.25-P,2,13.6895,134503,31,intensifier
round1_confirmation,D,1000,2-0.25-P,2,14.1336,134524,31,intensifier
round1_confirmation,D,1000,2-0.25-P,2,16.4124,134526,31,intensifier
round1_confirmation,D,1000,2-0.25-P,2,18.6611,134586,31,intensifier
round1_confirmation,D,1000,2-0.25-P,2,18.6910,134691,31,intensifier
round1_confirmation,D,1000,2-0.25-P,2,20.0534,134718,31,intensifier
round1_confirmation,D,1000,2-0.25-P,2,23.4574,134724,31,intensifier
round1_confirmation,D,1000,2-0.25-P,2,23.7545,134825,31,intensifier
round1_confirmation,D,1000,2-0.25-P,2,36.1318,135063,31,intensifier
round1_confirmation,D,1000,2-0.25-P,3,0.5194,131815,27,intensifier
round1_confirmation,D,1000,2-0.25-P,3,0.6166,131935,27,intensifier
round1_confirmation,D,1000,2-0.25-P,3,0.6756,132269,21,intensifier
round1_confirmation,D,1000,2-0.25-P,3,0.7056,132277,21,intensifier
round1_confirmation,D,1000,2-0.25-P,3,0.7357,132286,21,intensifier
round1_confirmation,D,1000,2-0.25-P,3,0.7658,132598,21,intensifier
round1_confirmation,D,1000,2-0.25-P,3,0.7959,132781,21,intensifier
round1_confirmation,D,1000,2-0.25-P,3,1.0932,132799,21,intensifier
round1_confirmation,D,1000,2-0.25-P,3,1.3900,133005,21,intensifier
round1_confirmation,D,1000,2-0.25-P,3,1.4499,133054,21,intensifier
round1_confirmation,D,1000,2-0.25-P,3,1.4799,133186,21,intensifier
round1_confirmation,D,1000,2-0.25-P,3,1.5396,133420,21,intensifier
round1_confirmation,D,1000,2-0.25-P,3,1.7173,133455,21,intensifier
round1_confirmation,D,1000,2-0.25-P,3,1.7767,133580,21,intensifier
round1_confirmation,D,1000,2-0.25-P,3,2.3392,133754,21,intensifier
round1_confirmation,D,1000,2-0.25-P,3,4.3555,133794,21,intensifier
round1_confirmation,D,1000,2-0.25-P,3,4.5040,133802,21,intensifier
round1_confirmation,D,1000,2-0.25-P,3,5.2735,133810,21,intensifier
round1_confirmation,D,1000,2-0.25-P,3,5.9245,133854,21,intensifier
round1_confirmation,D,1000,2-0.25-P,3,5.9546,134051,21,intensifier
round1_confirmation,D,1000,2-0.25-P,3,8.6179,134117,21,intensifier
round1_confirmation,D,1000,2-0.25-P,3,9.8629,134181,21,intensifier
round1_confirmation,D,1000,2-0.25-P,3,11.4909,134213,21,intensifier
round1_confirmation,D,1000,2-0.25-P,3,11.6392,134271,21,intensifier
round1_confirmation,D,1000,2-0.25-P,3,15.0428,134273,21,intensifier
round1_confirmation,D,1000,2-0.25-P,3,16.4040,134421,21,intensifier
round1_confirmation,D,1000,2-0.25-P,3,18.0051,134521,21,intensifier
round1_confirmation,D,1000,2-0.25-P,3,19.6611,134573,21,intensifier
round1_confirmation,D,1000,2-0.25-P,3,20.0169,134586,21,intensifier
round1_confirmation,D,1000,2-0.25-P,3,20.0479,134701,21,intensifier
round1_confirmation,D,1000,2-0.25-P,3,20.1073,134774,21,intensifier
round1_confirmation,D,1000,2-0.25-P,3,32.1767,134804,21,intensifier
round1_confirmation,D,1000,2-0.25-P,3,39.4477,134836,21,intensifier
round1_confirmation,D,1000,2-0.25-P,3,42.3462,135014,21,intensifier
round1_confirmation,D,1000,2-0.25-P,3,62.0032,135073,21,intensifier
round1_confirmation,D,1000,2-0.25-P,3,78.8974,135082,21,intensifier
round1_confirmation,D,1000,7-0.5-M,1,0.3060,36814,54,explorer
round1_confirmation,D,1000,7-0.5-M,1,0.3858,42243,7,intensifier
round1_confirmation,D,1000,7-0.5-M,1,0.4155,43387,7,intensifier
round1_confirmation,D,1000,7-0.5-M,1,0.4454,44454,7,intensifier
round1_confirmation,D,1000,7-0.5-M,1,0.4754,45243,7,intensifier
round1_confirmation,D,1000,7-0.5-M,1,0.5061,45435,7,intensifier
round1_confirmation,D,1000,7-0.5-M,1,0.5354,45743,7,intensifier
round1_confirmation,D,1000,7-0.5-M,1,0.5651,45938,7,intensifier
round1_confirmation,D,1000,7-0.5-M,1,0.6528,46331,9,intensifier
round1_confirmation,D,1000,7-0.5-M,1,0.7107,46482,7,intensifier
round1_confirmation,D,1000,7-0.5-M,1,0.7420,46948,7,intensifier
round1_confirmation,D,1000,7-0.5-M,1,0.7723,47030,7,intensifier
round1_confirmation,D,1000,7-0.5-M,1,0.8024,47054,7,intensifier
round1_confirmation,D,1000,7-0.5-M,1,0.8325,47194,7,intensifier
round1_confirmation,D,1000,7-0.5-M,1,0.8629,47373,7,intensifier
round1_confirmation,D,1000,7-0.5-M,1,0.8917,47567,7,intensifier
round1_confirmation,D,1000,7-0.5-M,1,1.3893,47628,7,intensifier
round1_confirmation,D,1000,7-0.5-M,1,1.4761,47697,7,intensifier
round1_confirmation,D,1000,7-0.5-M,1,2.4778,47718,7,intensifier
round1_confirmation,D,1000,7-0.5-M,1,2.5377,47828,7,intensifier
round1_confirmation,D,1000,7-0.5-M,1,2.5667,47862,7,intensifier
round1_confirmation,D,1000,7-0.5-M,1,4.0061,47948,7,intensifier
round1_confirmation,D,1000,7-0.5-M,1,4.1240,47994,7,intensifier
round1_confirmation,D,1000,7-0.5-M,1,4.5312,48034,7,intensifier
round1_confirmation,D,1000,7-0.5-M,1,4.5899,48101,7,intensifier
round1_confirmation,D,1000,7-0.5-M,1,4.6193,48183,7,intensifier
round1_confirmation,D,1000,7-0.5-M,1,4.7367,48211,7,intensifier
round1_confirmation,D,1000,7-0.5-M,1,4.8262,48242,7,intensifier
round1_confirmation,D,1000,7-0.5-M,1,5.0300,48269,7,intensifier
round1_confirmation,D,1000,7-0.5-M,1,5.0595,48372,7,intensifier
round1_confirmation,D,1000,7-0.5-M,1,5.1183,48442,7,intensifier
round1_confirmation,D,1000,7-0.5-M,1,5.7340,48530,7,intensifier
round1_confirmation,D,1000,7-0.5-M,1,5.7638,48559,7,intensifier
round1_confirmation,D,1000,7-0.5-M,1,5.8228,48572,7,intensifier
round1_confirmation,D,1000,7-0.5-M,1,229.3073,48607,29,intensifier
round1_confirmation,D,1000,7-0.5-M,1,231.7314,48712,29,intensifier
round1_confirmation,D,1000,7-0.5-M,1,232.4644,48734,29,intensifier
round1_confirmation,D,1000,7-0.5-M,1,234.7182,48787,29,intensifier
round1_confirmation,D,1000,7-0.5-M,1,239.1728,48894,29,intensifier
round1_confirmation,D,1000,7-0.5-M,1,241.9970,48916,29,intensifier
round1_confirmation,D,1000,7-0.5-M,1,248.7828,49004,29,intensifier
round1_confirmation,D,1000,7-0.5-M,1,250.5391,49041,29,intensifier
round1_confirmation,D,1000,7-0.5-M,1,253.4950,49090,29,intensifier
round1_confirmation,D,1000,7-0.5-M,1,256.4435,49101,29,intensifier
round1_confirmation,D,1000,7-0.5-M,1,267.8611,49130,29,intensifier
round1_confirmation,D,1000,7-0.5-M,1,289.4093,49199,29,intensifier
round1_confirmation,D,1000,7-0.5-M,2,0.3228,38414,19,intensifier
round1_confirmation,D,1000,7-0.5-M,2,0.3977,43763,49,explorer
round1_confirmation,D,1000,7-0.5-M,2,0.4280,44098,49,explorer
round1_confirmation,D,1000,7-0.5-M,2,0.4865,44212,49,explorer
round1_confirmation,D,1000,7-0.5-M,2,0.5168,44797,34,intensifier
round1_confirmation,D,1000,7-0.5-M,2,0.5459,45133,34,intensifier
round1_confirmation,D,1000,7-0.5-M,2,0.6036,45603,34,intensifier
round1_confirmation,D,1000,7-0.5-M,2,0.6333,46512,34,intensifier
round1_confirmation,D,1000,7-0.5-M,2,0.6626,46985,34,intensifier
round1_confirmation,D,1000,7-0.5-M,2,0.6922,47206,34,intensifier
round1_confirmation,D,1000,7-0.5-M,2,0.7217,47290,34,intensifier
round1_confirmation,D,1000,7-0.5-M,2,0.7515,47448,34,intensifier
round1_confirmation,D,1000,7-0.5-M,2,0.8687,47493,34,intensifier
round1_confirmation,D,1000,7-0.5-M,2,0.9276,47494,34,intensifier
round1_confirmation,D,1000,7-0.5-M,2,1.0758,47601,34,intensifier
round1_confirmation,D,1000,7-0.5-M,2,1.4608,47751,34,intensifier
round1_confirmation,D,1000,7-0.5-M,2,1.5209,47753,37,intensifier
round1_confirmation,D,1000,7-0.5-M,2,1.6091,47765,37,intensifier
round1_confirmation,D,1000,7-0.5-M,2,1.7267,47797,37,intensifier
round1_confirmation,D,1000,7-0.5-M,2,1.8727,47927,37,intensifier
round1_confirmation,D,1000,7-0.5-M,2,1.9029,47939,37,intensifier
round1_confirmation,D,1000,7-0.5-M,2,2.5796,47942,37,intensifier
round1_confirmation,D,1000,7-0.5-M,2,2.8476,48048,37,intensifier
round1_confirmation,D,1000,7-0.5-M,2,2.9947,48109,37,intensifier
round1_confirmation,D,1000,7-0.5-M,2,3.4939,48216,37,intensifier
round1_confirmation,D,1000,7-0.5-M,2,5.3189,48219,37,intensifier
round1_confirmation,D,1000,7-0.5-M,2,5.6130,48285,37,intensifier
round1_confirmation,D,1000,7-0.5-M,2,6.3791,48310,37,intensifier
round1_confirmation,D,1000,7-0.5-M,2,6.9052,48384,37,intensifier
round1_confirmation,D,1000,7-0.5-M,2,9.4308,48443,37,intensifier
round1_confirmation,D,1000,7-0.5-M,2,9.5203,48479,37,intensifier
round1_confirmation,D,1000,7-0.5-M,2,10.1099,48527,37,intensifier
round1_confirmation,D,1000,7-0.5-M,2,11.4581,48556,37,intensifier
round1_confirmation,D,1000,7-0.5-M,2,11.6056,48629,37,intensifier
round1_confirmation,D,1000,7-0.5-M,2,15.2934,48649,37,intensifier
round1_confirmation,D,1000,7-0.5-M,2,16.4639,48702,37,intensifier
round1_confirmation,D,1000,7-0.5-M,2,16.7590,48896,37,intensifier
round1_confirmation,D,1000,7-0.5-M,2,17.1703,48899,37,intensifier
round1_confirmation,D,1000,7-0.5-M,2,17.2002,48932,37,intensifier
round1_confirmation,D,1000,7-0.5-M,2,26.2894,48940,37,intensifier
round1_confirmation,D,1000,7-0.5-M,2,32.6142,48946,37,intensifier
round1_confirmation,D,1000,7-0.5-M,2,32.6436,48993,37,intensifier
round1_confirmation,D,1000,7-0.5-M,2,42.1236,49048,37,intensifier
round1_confirmation,D,1000,7-0.5-M,2,47.0912,49066,37,intensifier
round1_confirmation,D,1000,7-0.5-M,3,0.3489,38619,12,intensifier
round1_confirmation,D,1000,7-0.5-M,3,0.4198,41936,23,intensifier
round1_confirmation,D,1000,7-0.5-M,3,0.4499,42811,23,intensifier
round1_confirmation,D,1000,7-0.5-M,3,0.4804,43358,23,intensifier
round1_confirmation,D,1000,7-0.5-M,3,0.5099,43791,55,explorer
round1_confirmation,D,1000,7-0.5-M,3,0.5404,44702,16,intensifier
round1_confirmation,D,1000,7-0.5-M,3,0.5700,45280,55,explorer
round1_confirmation,D,1000,7-0.5-M,3,0.5997,45973,55,explorer
round1_confirmation,D,1000,7-0.5-M,3,0.6296,46505,47,intensifier
round1_confirmation,D,1000,7-0.5-M,3,0.6603,46676,47,intensifier
round1_confirmation,D,1000,7-0.5-M,3,0.7192,46703,47,intensifier
round1_confirmation,D,1000,7-0.5-M,3,0.7486,46761,47,intensifier
round1_confirmation,D,1000,7-0.5-M,3,0.7775,47006,47,intensifier
round1_confirmation,D,1000,7-0.5-M,3,0.8374,47041,47,intensifier
round1_confirmation,D,1000,7-0.5-M,3,0.8674,47056,47,intensifier
round1_confirmation,D,1000,7-0.5-M,3,0.9277,47136,45,intensifier
round1_confirmation,D,1000,7-0.5-M,3,0.9560,47339,42,intensifier
round1_confirmation,D,1000,7-0.5-M,3,1.2206,47438,17,intensifier
round1_confirmation,D,1000,7-0.5-M,3,1.3087,47488,17,intensifier
round1_confirmation,D,1000,7-0.5-M,3,1.3365,47528,17,intensifier
round1_confirmation,D,1000,7-0.5-M,3,1.3950,47800,17,intensifier
round1_confirmation,D,1000,7-0.5-M,3,1.4823,47838,17,intensifier
round1_confirmation,D,1000,7-0.5-M,3,1.5122,48000,17,intensifier
round1_confirmation,D,1000,7-0.5-M,3,2.2482,48012,17,intensifier
round1_confirmation,D,1000,7-0.5-M,3,2.2779,48025,17,intensifier
round1_confirmation,D,1000,7-0.5-M,3,2.5132,48096,17,intensifier
round1_confirmation,D,1000,7-0.5-M,3,3.4472,48179,17,intensifier
round1_confirmation,D,1000,7-0.5-M,3,3.5944,48193,17,intensifier
round1_confirmation,D,1000,7-0.5-M,3,4.0977,48241,17,intensifier
round1_confirmation,D,1000,7-0.5-M,3,4.1279,48420,17,intensifier
round1_confirmation,D,1000,7-0.5-M,3,5.5382,48553,17,intensifier
round1_confirmation,D,1000,7-0.5-M,3,5.9802,48640,17,intensifier
round1_confirmation,D,1000,7-0.5-M,3,6.7699,48715,17,intensifier
round1_confirmation,D,1000,9-0.75-M,1,0.6671,29660,3,intensifier
round1_confirmation,D,1000,9-0.75-M,1,0.6968,29972,17,intensifier
round1_confirmation,D,1000,9-0.75-M,1,0.7264,30470,17,intensifier
round1_confirmation,D,1000,9-0.75-M,1,0.8146,30692,17,intensifier
round1_confirmation,D,1000,9-0.75-M,1,1.3735,30718,17,intensifier
round1_confirmation,D,1000,9-0.75-M,1,1.4917,30778,17,intensifier
round1_confirmation,D,1000,9-0.75-M,1,4.2238,30827,2,intensifier
round1_confirmation,D,1000,9-0.75-M,1,4.5463,30928,2,intensifier
round1_confirmation,D,1000,9-0.75-M,1,4.7237,30986,2,intensifier
round1_confirmation,D,1000,9-0.75-M,1,5.1947,31057,2,intensifier
round1_confirmation,D,1000,9-0.75-M,1,6.6628,31074,2,intensifier
round1_confirmation,D,1000,9-0.75-M,1,7.3114,31138,2,intensifier
round1_confirmation,D,1000,9-0.75-M,1,7.3996,31143,2,intensifier
round1_confirmation,D,1000,9-0.75-M,1,11.2791,31223,2,intensifier
round1_confirmation,D,1000,9-0.75-M,1,13.0721,31287,2,intensifier
round1_confirmation,D,1000,9-0.75-M,2,0.6522,29707,59,explorer
round1_confirmation,D,1000,9-0.75-M,2,0.6829,29802,6,intensifier
round1_confirmation,D,1000,9-0.75-M,2,0.7418,30011,6,intensifier
round1_confirmation,D,1000,9-0.75-M,2,0.8005,30356,6,intensifier
round1_confirmation,D,1000,9-0.75-M,2,1.1234,30927,6,intensifier
round1_confirmation,D,1000,9-0.75-M,2,1.7136,31264,6,intensifier
round1_confirmation,D,1000,9-0.75-M,2,4.4133,31489,6,intensifier
round1_confirmation,D,1000,9-0.75-M,2,9.9651,31539,6,intensifier
round1_confirmation,D,1000,9-0.75-M,2,12.6726,31546,6,intensifier
round1_confirmation,D,1000,9-0.75-M,2,19.4028,31570,6,intensifier
round1_confirmation,D,1000,9-0.75-M,2,29.7083,31668,6,intensifier
round1_confirmation,D,1000,9-0.75-M,2,50.9116,31784,6,intensifier
round1_confirmation,D,1000,9-0.75-M,2,57.9910,31877,6,intensifier
round1_confirmation,D,1000,9-0.75-M,3,0.6686,29845,49,explorer
round1_confirmation,D,1000,9-0.75-M,3,0.7571,29886,30,intensifier
round1_confirmation,D,1000,9-0.75-M,3,0.7868,30184,30,intensifier
round1_confirmation,D,1000,9-0.75-M,3,0.8163,30188,19,intensifier
round1_confirmation,D,1000,9-0.75-M,3,0.9338,30248,30,intensifier
round1_confirmation,D,1000,9-0.75-M,3,0.9634,30312,30,intensifier
round1_confirmation,D,1000,9-0.75-M,3,1.1398,30431,19,intensifier
round1_confirmation,D,1000,9-0.75-M,3,1.1985,30579,19,intensifier
round1_confirmation,D,1000,9-0.75-M,3,1.4919,30613,19,intensifier
round1_confirmation,D,1000,9-0.75-M,3,1.7265,30917,19,intensifier
round1_confirmation,D,1000,9-0.75-M,3,2.4604,30941,19,intensifier
round1_confirmation,D,1000,9-0.75-M,3,2.4901,31073,19,intensifier
round1_confirmation,D,1000,9-0.75-M,3,2.9294,31212,19,intensifier
round1_confirmation,D,1000,9-0.75-M,3,4.4542,31256,19,intensifier
round1_confirmation,D,1000,9-0.75-M,3,7.9089,31318,19,intensifier
round1_confirmation,D,1000,9-0.75-M,3,9.3431,31347,19,intensifier
round1_confirmation,D,1000,9-0.75-M,3,10.9270,31371,19,intensifier
round1_confirmation,D,1000,9-0.75-M,3,11.5414,31460,19,intensifier
round1_confirmation,D,1000,9-0.75-M,3,11.5710,31462,19,intensifier
round1_confirmation,D,1000,9-0.75-M,3,12.3920,31483,19,intensifier
round1_confirmation,D,1000,9-0.75-M,3,12.5963,31520,19,intensifier
round1_confirmation,D,1000,9-0.75-M,3,12.8603,31526,19,intensifier
round1_confirmation,D,1000,9-0.75-M,3,15.1464,31611,19,intensifier
round1_confirmation,D,1000,9-0.75-M,3,34.7366,31698,19,intensifier
round1_confirmation,D,1000,9-0.75-M,3,43.6079,31807,19,intensifier
round1_confirmation,D,1000,9-0.75-M,3,45.2184,31822,19,intensifier
round1_confirmation,B84,500,10-0.5-P,1,0.4333,141018,9,intensifier
round1_confirmation,B84,500,10-0.5-P,1,0.4654,141160,33,intensifier
round1_confirmation,B84,500,10-0.5-P,1,0.5555,141342,33,intensifier
round1_confirmation,B84,500,10-0.5-P,1,0.7951,141349,14,intensifier
round1_confirmation,B84,500,10-0.5-P,1,0.8852,141407,14,intensifier
round1_confirmation,B84,500,10-0.5-P,1,0.9749,141647,14,intensifier
round1_confirmation,B84,500,10-0.5-P,1,22.3619,141676,62,intensifier
round1_confirmation,B84,500,10-0.5-P,1,22.5714,141749,62,intensifier
round1_confirmation,B84,500,10-0.5-P,1,22.6016,141881,62,intensifier
round1_confirmation,B84,500,10-0.5-P,1,58.7245,141908,62,intensifier
round1_confirmation,B84,500,10-0.5-P,1,135.3419,141957,7,intensifier
round1_confirmation,B84,500,10-0.5-P,1,485.7462,142122,45,intensifier
round1_confirmation,B84,500,10-0.5-P,2,0.4280,140977,1,intensifier
round1_confirmation,B84,500,10-0.5-P,2,0.5201,141350,48,intensifier
round1_confirmation,B84,500,10-0.5-P,2,0.6099,141404,48,intensifier
round1_confirmation,B84,500,10-0.5-P,2,0.8793,141437,48,intensifier
round1_confirmation,B84,500,10-0.5-P,2,1.5676,141462,4,intensifier
round1_confirmation,B84,500,10-0.5-P,2,1.6278,141502,44,intensifier
round1_confirmation,B84,500,10-0.5-P,2,1.6579,141607,44,intensifier
round1_confirmation,B84,500,10-0.5-P,2,2.0464,141642,44,intensifier
round1_confirmation,B84,500,10-0.5-P,2,2.1668,141680,44,intensifier
round1_confirmation,B84,500,10-0.5-P,2,2.2268,141818,44,intensifier
round1_confirmation,B84,500,10-0.5-P,2,23.1075,141867,41,intensifier
round1_confirmation,B84,500,10-0.5-P,2,28.1634,141994,41,intensifier
round1_confirmation,B84,500,10-0.5-P,3,0.4406,141413,27,intensifier
round1_confirmation,B84,500,10-0.5-P,3,1.5492,141414,2,intensifier
round1_confirmation,B84,500,10-0.5-P,3,1.6689,141432,2,intensifier
round1_confirmation,B84,500,10-0.5-P,3,1.7889,141619,58,intensifier
round1_confirmation,B84,500,10-0.5-P,3,1.9988,141694,58,intensifier
round1_confirmation,B84,500,10-0.5-P,3,2.0288,141770,58,intensifier
round1_confirmation,B84,500,10-0.5-P,3,2.2084,141907,58,intensifier
round1_confirmation,B84,500,10-0.5-P,3,3.3152,141933,58,intensifier
round1_confirmation,B84,500,10-0.5-P,3,6.6064,142019,58,intensifier
round1_confirmation,B84,500,10-0.5-P,3,157.4810,142087,13,intensifier
round1_confirmation,B84,500,10-0.5-P,3,161.9705,142117,13,intensifier
round1_confirmation,B84,500,12-0.75-P,1,0.2660,193848,4,intensifier
round1_confirmation,B84,500,12-0.75-P,1,0.8103,193929,24,intensifier
round1_confirmation,B84,500,12-0.75-P,1,0.8405,193988,24,intensifier
round1_confirmation,B84,500,12-0.75-P,1,0.9007,194137,24,intensifier
round1_confirmation,B84,500,12-0.75-P,1,1.5897,194163,24,intensifier
round1_confirmation,B84,500,12-0.75-P,1,1.7393,194164,24,intensifier
round1_confirmation,B84,500,12-0.75-P,1,1.9790,194267,24,intensifier
round1_confirmation,B84,500,12-0.75-P,1,2.0992,194367,24,intensifier
round1_confirmation,B84,500,12-0.75-P,1,238.5134,194407,76,explorer
round1_confirmation,B84,500,12-0.75-P,1,544.9929,194425,56,intensifier
round1_confirmation,B84,500,12-0.75-P,2,0.2686,193597,5,intensifier
round1_confirmation,B84,500,12-0.75-P,2,0.3327,193739,45,intensifier
round1_confirmation,B84,500,12-0.75-P,2,0.3628,193783,45,intensifier
round1_confirmation,B84,500,12-0.75-P,2,0.3929,193844,45,intensifier
round1_confirmation,B84,500,12-0.75-P,2,0.6032,193947,45,intensifier
round1_confirmation,B84,500,12-0.75-P,2,0.8130,194002,45,intensifier
round1_confirmation,B84,500,12-0.75-P,2,0.9330,194050,45,intensifier
round1_confirmation,B84,500,12-0.75-P,2,1.2328,194052,47,intensifier
round1_confirmation,B84,500,12-0.75-P,2,1.3529,194169,47,intensifier
round1_confirmation,B84,500,12-0.75-P,2,1.5929,194444,47,intensifier
round1_confirmation,B84,500,12-0.75-P,2,2.5510,194465,47,intensifier
round1_confirmation,B84,500,12-0.75-P,2,416.1065,194566,30,intensifier
round1_confirmation,B84,500,12-0.75-P,3,0.2925,193584,5,intensifier
round1_confirmation,B84,500,12-0.75-P,3,0.3254,193847,42,intensifier
round1_confirmation,B84,500,12-0.75-P,3,0.7149,193952,42,intensifier
round1_confirmation,B84,500,12-0.75-P,3,1.0149,194039,42,intensifier
round1_confirmation,B84,500,12-0.75-P,3,2.8129,194070,42,intensifier
round1_confirmation,B84,500,12-0.75-P,3,2.8430,194232,42,intensifier
round1_confirmation,B84,500,12-0.75-P,3,2.9330,194400,42,intensifier
round1_confirmation,B84,500,2-0.25-M,1,0.0203,45881,27,intensifier
round1_confirmation,B84,500,2-0.25-M,1,0.0753,48773,41,intensifier
round1_confirmation,B84,500,2-0.25-M,1,0.1055,48871,42,intensifier
round1_confirmation,B84,500,2-0.25-M,1,0.1355,48946,42,intensifier
round1_confirmation,B84,500,2-0.25-M,1,0.1657,49450,37,intensifier
round1_confirmation,B84,500,2-0.25-M,1,1.2441,49564,37,intensifier
round1_confirmation,B84,500,2-0.25-M,1,1.9030,49634,37,intensifier
round1_confirmation,B84,500,2-0.25-M,1,2.2025,49660,37,intensifier
round1_confirmation,B84,500,2-0.25-M,1,6.2131,49743,29,intensifier
round1_confirmation,B84,500,2-0.25-M,1,7.0261,49834,29,intensifier
round1_confirmation,B84,500,2-0.25-M,1,9.8057,49851,29,intensifier
round1_confirmation,B84,500,2-0.25-M,1,11.4537,49937,29,intensifier
round1_confirmation,B84,500,2-0.25-M,1,39.6273,49973,59,intensifier
round1_confirmation,B84,500,2-0.25-M,1,68.2198,49978,23,intensifier
round1_confirmation,B84,500,2-0.25-M,1,69.7153,50005,23,intensifier
round1_confirmation,B84,500,2-0.25-M,1,71.3347,50007,26,intensifier
round1_confirmation,B84,500,2-0.25-M,1,115.9353,50019,26,intensifier
round1_confirmation,B84,500,2-0.25-M,1,161.7990,50024,47,intensifier
round1_confirmation,B84,500,2-0.25-M,1,238.9510,50082,46,intensifier
round1_confirmation,B84,500,2-0.25-M,1,288.4684,50133,61,intensifier
round1_confirmation,B84,500,2-0.25-M,1,362.9264,50148,34,intensifier
round1_confirmation,B84,500,2-0.25-M,1,478.5512,50256,25,intensifier
round1_confirmation,B84,500,2-0.25-M,2,0.0071,26377,38,intensifier
round1_confirmation,B84,500,2-0.25-M,2,0.1057,48865,77,explorer
round1_confirmation,B84,500,2-0.25-M,2,0.1364,49021,5,intensifier
round1_confirmation,B84,500,2-0.25-M,2,0.1663,49118,5,intensifier
round1_confirmation,B84,500,2-0.25-M,2,0.2265,49309,5,intensifier
round1_confirmation,B84,500,2-0.25-M,2,0.2566,49572,5,intensifier
round1_confirmation,B84,500,2-0.25-M,2,0.5261,49575,5,intensifier
round1_confirmation,B84,500,2-0.25-M,2,1.0654,49637,5,intensifier
round1_confirmation,B84,500,2-0.25-M,2,1.6657,49704,5,intensifier
round1_confirmation,B84,500,2-0.25-M,2,12.2085,49830,18,intensifier
round1_confirmation,B84,500,2-0.25-M,2,35.2987,49897,60,intensifier
round1_confirmation,B84,500,2-0.25-M,2,46.0797,49957,60,intensifier
round1_confirmation,B84,500,2-0.25-M,2,46.6792,50000,25,intensifier
round1_confirmation,B84,500,2-0.25-M,2,345.8431,50062,14,intensifier
round1_confirmation,B84,500,2-0.25-M,2,435.3874,50106,35,intensifier
round1_confirmation,B84,500,2-0.25-M,2,436.2856,50190,35,intensifier
round1_confirmation,B84,500,2-0.25-M,3,0.0069,25900,12,intensifier
round1_confirmation,B84,500,2-0.25-M,3,0.1075,49072,3,intensifier
round1_confirmation,B84,500,2-0.25-M,3,0.2277,49192,43,intensifier
round1_confirmation,B84,500,2-0.25-M,3,0.2580,49254,43,intensifier
round1_confirmation,B84,500,2-0.25-M,3,0.4976,49299,14,intensifier
round1_confirmation,B84,500,2-0.25-M,3,0.5581,49324,14,intensifier
round1_confirmation,B84,500,2-0.25-M,3,0.7380,49429,14,intensifier
round1_confirmation,B84,500,2-0.25-M,3,0.8281,49437,14,intensifier
round1_confirmation,B84,500,2-0.25-M,3,0.9181,49456,14,intensifier
round1_confirmation,B84,500,2-0.25-M,3,0.9483,49486,14,intensifier
round1_confirmation,B84,500,2-0.25-M,3,1.0987,49511,43,intensifier
round1_confirmation,B84,500,2-0.25-M,3,1.1289,49539,43,intensifier
round1_confirmation,B84,500,2-0.25-M,3,1.2489,49626,14,intensifier
round1_confirmation,B84,500,2-0.25-M,3,1.4887,50007,14,intensifier
round1_confirmation,B84,500,2-0.25-M,3,51.6783,50021,21,intensifier
round1_confirmation,B84,500,2-0.25-M,3,78.4535,50070,13,intensifier
round1_confirmation,B84,500,2-0.25-M,3,111.0686,50076,47,intensifier
round1_confirmation,B84,500,2-0.25-M,3,241.5263,50082,14,intensifier
round1_confirmation,B84,500,2-0.25-M,3,304.6319,50236,41,intensifier
round1_confirmation,B84,500,2-0.25-M,3,369.0246,50315,32,intensifier
round1_confirmation,B84,500,2-0.25-M,3,576.0605,50336,55,intensifier
round1_confirmation,B84,1000,2-0.25-P,1,0.5100,131452,6,intensifier
round1_confirmation,B84,1000,2-0.25-P,1,0.5478,131582,6,intensifier
round1_confirmation,B84,1000,2-0.25-P,1,0.5782,131994,6,intensifier
round1_confirmation,B84,1000,2-0.25-P,1,0.6079,132019,6,intensifier
round1_confirmation,B84,1000,2-0.25-P,1,0.6375,132119,6,intensifier
round1_confirmation,B84,1000,2-0.25-P,1,0.6968,132201,6,intensifier
round1_confirmation,B84,1000,2-0.25-P,1,0.7562,132319,6,intensifier
round1_confirmation,B84,1000,2-0.25-P,1,0.8147,132527,68,explorer
round1_confirmation,B84,1000,2-0.25-P,1,0.8452,132787,68,explorer
round1_confirmation,B84,1000,2-0.25-P,1,0.9913,133124,68,explorer
round1_confirmation,B84,1000,2-0.25-P,1,1.0208,133241,68,explorer
round1_confirmation,B84,1000,2-0.25-P,1,2.7661,133285,14,intensifier
round1_confirmation,B84,1000,2-0.25-P,1,3.0637,133321,14,intensifier
round1_confirmation,B84,1000,2-0.25-P,1,3.4216,133786,14,intensifier
round1_confirmation,B84,1000,2-0.25-P,1,4.4621,133812,14,intensifier
round1_confirmation,B84,1000,2-0.25-P,1,6.0966,133949,14,intensifier
round1_confirmation,B84,1000,2-0.25-P,1,6.2458,133967,14,intensifier
round1_confirmation,B84,1000,2-0.25-P,1,6.8688,134072,14,intensifier
round1_confirmation,B84,1000,2-0.25-P,1,8.5826,134163,14,intensifier
round1_confirmation,B84,1000,2-0.25-P,1,8.6422,134165,14,intensifier
round1_confirmation,B84,1000,2-0.25-P,1,9.7148,134263,14,intensifier
round1_confirmation,B84,1000,2-0.25-P,1,10.5492,134351,14,intensifier
round1_confirmation,B84,1000,2-0.25-P,1,11.0256,134453,14,intensifier
round1_confirmation,B84,1000,2-0.25-P,1,16.7561,134484,14,intensifier
round1_confirmation,B84,1000,2-0.25-P,1,35.0589,134598,14,intensifier
round1_confirmation,B84,1000,2-0.25-P,1,38.1730,134700,14,intensifier
round1_confirmation,B84,1000,2-0.25-P,1,60.6658,134848,14,intensifier
round1_confirmation,B84,1000,2-0.25-P,1,75.1845,134900,14,intensifier
round1_confirmation,B84,1000,2-0.25-P,2,0.5113,132294,80,explorer
round1_confirmation,B84,1000,2-0.25-P,2,0.6676,132529,16,intensifier
round1_confirmation,B84,1000,2-0.25-P,2,0.6970,132728,16,intensifier
round1_confirmation,B84,1000,2-0.25-P,2,0.7263,132810,16,intensifier
round1_confirmation,B84,1000,2-0.25-P,2,0.9609,132972,16,intensifier
round1_confirmation,B84,1000,2-0.25-P,2,1.1103,133006,16,intensifier
round1_confirmation,B84,1000,2-0.25-P,2,1.1403,133138,16,intensifier
round1_confirmation,B84,1000,2-0.25-P,2,1.2300,133141,16,intensifier
round1_confirmation,B84,1000,2-0.25-P,2,1.7663,133186,16,intensifier
round1_confirmation,B84,1000,2-0.25-P,2,2.1467,133296,16,intensifier
round1_confirmation,B84,1000,2-0.25-P,2,2.2364,133304,16,intensifier
round1_confirmation,B84,1000,2-0.25-P,2,2.8307,133395,16,intensifier
round1_confirmation,B84,1000,2-0.25-P,2,5.5052,133508,16,intensifier
round1_confirmation,B84,1000,2-0.25-P,2,5.6833,133708,16,intensifier
round1_confirmation,B84,1000,2-0.25-P,2,5.7433,133730,16,intensifier
round1_confirmation,B84,1000,2-0.25-P,2,7.4981,133756,16,intensifier
round1_confirmation,B84,1000,2-0.25-P,2,8.1828,133760,16,intensifier
round1_confirmation,B84,1000,2-0.25-P,2,9.0446,133840,16,intensifier
round1_confirmation,B84,1000,2-0.25-P,2,10.4114,134048,31,intensifier
round1_confirmation,B84,1000,2-0.25-P,2,10.4407,134079,31,intensifier
round1_confirmation,B84,1000,2-0.25-P,2,10.9412,134150,31,intensifier
round1_confirmation,B84,1000,2-0.25-P,2,12.4514,134193,31,intensifier
round1_confirmation,B84,1000,2-0.25-P,2,13.7870,134503,31,intensifier
round1_confirmation,B84,1000,2-0.25-P,2,14.2328,134524,31,intensifier
round1_confirmation,B84,1000,2-0.25-P,2,16.5414,134526,31,intensifier
round1_confirmation,B84,1000,2-0.25-P,2,18.8262,134616,31,intensifier
round1_confirmation,B84,1000,2-0.25-P,2,18.8563,134691,31,intensifier
round1_confirmation,B84,1000,2-0.25-P,2,20.2264,134718,31,intensifier
round1_confirmation,B84,1000,2-0.25-P,2,23.6431,134724,31,intensifier
round1_confirmation,B84,1000,2-0.25-P,2,23.9408,134825,31,intensifier
round1_confirmation,B84,1000,2-0.25-P,2,36.4290,135063,31,intensifier
round1_confirmation,B84,1000,2-0.25-P,3,0.5207,131815,27,intensifier
round1_confirmation,B84,1000,2-0.25-P,3,0.6185,132231,79,explorer
round1_confirmation,B84,1000,2-0.25-P,3,0.6477,132480,79,explorer
round1_confirmation,B84,1000,2-0.25-P,3,0.9150,132560,33,intensifier
round1_confirmation,B84,1000,2-0.25-P,3,0.9749,132646,33,intensifier
round1_confirmation,B84,1000,2-0.25-P,3,1.0347,132755,33,intensifier
round1_confirmation,B84,1000,2-0.25-P,3,1.2724,132957,33,intensifier
round1_confirmation,B84,1000,2-0.25-P,3,1.3618,133034,33,intensifier
round1_confirmation,B84,1000,2-0.25-P,3,1.3919,133125,33,intensifier
round1_confirmation,B84,1000,2-0.25-P,3,1.4222,133154,33,intensifier
round1_confirmation,B84,1000,2-0.25-P,3,1.5722,133255,33,intensifier
round1_confirmation,B84,1000,2-0.25-P,3,1.6011,133335,33,intensifier
round1_confirmation,B84,1000,2-0.25-P,3,1.9288,133761,33,intensifier
round1_confirmation,B84,1000,2-0.25-P,3,3.1455,133764,33,intensifier
round1_confirmation,B84,1000,2-0.25-P,3,3.5034,133898,33,intensifier
round1_confirmation,B84,1000,2-0.25-P,3,4.1265,133951,33,intensifier
round1_confirmation,B84,1000,2-0.25-P,3,8.0803,133964,33,intensifier
round1_confirmation,B84,1000,2-0.25-P,3,8.7627,134210,33,intensifier
round1_confirmation,B84,1000,2-0.25-P,3,9.7128,134441,33,intensifier
round1_confirmation,B84,1000,2-0.25-P,3,13.1883,134735,33,intensifier
round1_confirmation,B84,1000,2-0.25-P,3,15.7716,134783,33,intensifier
round1_confirmation,B84,1000,2-0.25-P,3,37.9891,134830,33,intensifier
round1_confirmation,B84,1000,2-0.25-P,3,123.5119,134840,38,intensifier
round1_confirmation,B84,1000,2-0.25-P,3,131.3739,134882,38,intensifier
round1_confirmation,B84,1000,2-0.25-P,3,135.9129,134900,38,intensifier
round1_confirmation,B84,1000,2-0.25-P,3,142.7597,134918,38,intensifier
round1_confirmation,B84,1000,2-0.25-P,3,148.9290,134972,38,intensifier
round1_confirmation,B84,1000,2-0.25-P,3,204.0022,135029,16,intensifier
round1_confirmation,B84,1000,7-0.5-M,1,0.3323,39001,79,explorer
round1_confirmation,B84,1000,7-0.5-M,1,0.4085,42497,7,intensifier
round1_confirmation,B84,1000,7-0.5-M,1,0.4385,43378,7,intensifier
round1_confirmation,B84,1000,7-0.5-M,1,0.4979,43973,65,explorer
round1_confirmation,B84,1000,7-0.5-M,1,0.5292,45200,80,explorer
round1_confirmation,B84,1000,7-0.5-M,1,0.5594,45330,80,explorer
round1_confirmation,B84,1000,7-0.5-M,1,0.5886,45616,15,intensifier
round1_confirmation,B84,1000,7-0.5-M,1,0.6177,45626,21,intensifier
round1_confirmation,B84,1000,7-0.5-M,1,0.6471,46115,21,intensifier
round1_confirmation,B84,1000,7-0.5-M,1,0.6764,46490,21,intensifier
round1_confirmation,B84,1000,7-0.5-M,1,0.7059,46504,21,intensifier
round1_confirmation,B84,1000,7-0.5-M,1,0.7351,46901,80,explorer
round1_confirmation,B84,1000,7-0.5-M,1,0.9098,46918,24,intensifier
round1_confirmation,B84,1000,7-0.5-M,1,0.9404,47279,14,intensifier
round1_confirmation,B84,1000,7-0.5-M,1,1.1733,47296,14,intensifier
round1_confirmation,B84,1000,7-0.5-M,1,1.2588,47631,75,explorer
round1_confirmation,B84,1000,7-0.5-M,1,2.0784,47831,24,intensifier
round1_confirmation,B84,1000,7-0.5-M,1,2.1965,47865,24,intensifier
round1_confirmation,B84,1000,7-0.5-M,1,2.3404,48035,24,intensifier
round1_confirmation,B84,1000,7-0.5-M,1,2.4296,48047,24,intensifier
round1_confirmation,B84,1000,7-0.5-M,1,2.5462,48159,24,intensifier
round1_confirmation,B84,1000,7-0.5-M,1,3.9875,48257,24,intensifier
round1_confirmation,B84,1000,7-0.5-M,1,5.6068,48262,24,intensifier
round1_confirmation,B84,1000,7-0.5-M,1,5.9583,48294,24,intensifier
round1_confirmation,B84,1000,7-0.5-M,1,6.1925,48313,24,intensifier
round1_confirmation,B84,1000,7-0.5-M,1,6.2525,48340,24,intensifier
round1_confirmation,B84,1000,7-0.5-M,1,6.3126,48441,24,intensifier
round1_confirmation,B84,1000,7-0.5-M,1,6.3728,48544,24,intensifier
round1_confirmation,B84,1000,7-0.5-M,1,6.7329,48675,24,intensifier
round1_confirmation,B84,1000,7-0.5-M,2,0.4012,43796,49,intensifier
round1_confirmation,B84,1000,7-0.5-M,2,0.4666,45065,19,intensifier
round1_confirmation,B84,1000,7-0.5-M,2,0.5270,45474,19,intensifier
round1_confirmation,B84,1000,7-0.5-M,2,0.5562,45779,19,intensifier
round1_confirmation,B84,1000,7-0.5-M,2,0.5845,45886,19,intensifier
round1_confirmation,B84,1000,7-0.5-M,2,0.6142,45939,45,intensifier
round1_confirmation,B84,1000,7-0.5-M,2,0.6445,46362,45,intensifier
round1_confirmation,B84,1000,7-0.5-M,2,0.6733,46515,45,intensifier
round1_confirmation,B84,1000,7-0.5-M,2,0.7036,46667,45,intensifier
round1_confirmation,B84,1000,7-0.5-M,2,0.7339,47450,45,intensifier
round1_confirmation,B84,1000,7-0.5-M,2,0.7642,47696,45,intensifier
round1_confirmation,B84,1000,7-0.5-M,2,0.7943,47899,45,intensifier
round1_confirmation,B84,1000,7-0.5-M,2,2.4077,47950,45,intensifier
round1_confirmation,B84,1000,7-0.5-M,2,2.5271,47996,45,intensifier
round1_confirmation,B84,1000,7-0.5-M,2,4.5863,48027,45,intensifier
round1_confirmation,B84,1000,7-0.5-M,2,4.6164,48106,45,intensifier
round1_confirmation,B84,1000,7-0.5-M,2,5.1777,48116,45,intensifier
round1_confirmation,B84,1000,7-0.5-M,2,6.2295,48157,45,intensifier
round1_confirmation,B84,1000,7-0.5-M,2,6.6144,48192,45,intensifier
round1_confirmation,B84,1000,7-0.5-M,2,33.1129,48253,18,intensifier
round1_confirmation,B84,1000,7-0.5-M,2,33.5257,48442,18,intensifier
round1_confirmation,B84,1000,7-0.5-M,2,36.5952,48602,18,intensifier
round1_confirmation,B84,1000,7-0.5-M,2,40.4857,48733,18,intensifier
round1_confirmation,B84,1000,7-0.5-M,2,40.5163,48849,18,intensifier
round1_confirmation,B84,1000,7-0.5-M,2,41.2220,48881,18,intensifier
round1_confirmation,B84,1000,7-0.5-M,2,41.4288,48892,18,intensifier
round1_confirmation,B84,1000,7-0.5-M,2,49.8330,48907,18,intensifier
round1_confirmation,B84,1000,7-0.5-M,2,53.1232,49019,18,intensifier
round1_confirmation,B84,1000,7-0.5-M,2,54.3592,49104,18,intensifier
round1_confirmation,B84,1000,7-0.5-M,2,54.3893,49135,18,intensifier
round1_confirmation,B84,1000,7-0.5-M,2,87.3774,49142,18,intensifier
round1_confirmation,B84,1000,7-0.5-M,2,95.0799,49249,18,intensifier
round1_confirmation,B84,1000,7-0.5-M,2,95.1380,49305,18,intensifier
round1_confirmation,B84,1000,7-0.5-M,2,116.4340,49315,18,intensifier
round1_confirmation,B84,1000,7-0.5-M,3,0.3501,38472,12,intensifier
round1_confirmation,B84,1000,7-0.5-M,3,0.4218,42091,47,intensifier
round1_confirmation,B84,1000,7-0.5-M,3,0.4509,43498,47,intensifier
round1_confirmation,B84,1000,7-0.5-M,3,0.4801,43857,47,intensifier
round1_confirmation,B84,1000,7-0.5-M,3,0.5099,43954,47,intensifier
round1_confirmation,B84,1000,7-0.5-M,3,0.5408,44510,16,intensifier
round1_confirmation,B84,1000,7-0.5-M,3,0.5695,45219,8,intensifier
round1_confirmation,B84,1000,7-0.5-M,3,0.6000,45236,8,intensifier
round1_confirmation,B84,1000,7-0.5-M,3,0.6295,45566,26,intensifier
round1_confirmation,B84,1000,7-0.5-M,3,0.6592,45966,26,intensifier
round1_confirmation,B84,1000,7-0.5-M,3,0.6891,46014,54,intensifier
round1_confirmation,B84,1000,7-0.5-M,3,0.7190,46157,42,intensifier
round1_confirmation,B84,1000,7-0.5-M,3,0.7487,46290,42,intensifier
round1_confirmation,B84,1000,7-0.5-M,3,0.8382,46405,54,intensifier
round1_confirmation,B84,1000,7-0.5-M,3,0.8672,46773,63,explorer
round1_confirmation,B84,1000,7-0.5-M,3,0.9264,46873,45,intensifier
round1_confirmation,B84,1000,7-0.5-M,3,0.9563,47156,45,intensifier
round1_confirmation,B84,1000,7-0.5-M,3,0.9852,47171,45,intensifier
round1_confirmation,B84,1000,7-0.5-M,3,1.1330,47420,45,intensifier
round1_confirmation,B84,1000,7-0.5-M,3,1.2208,47538,45,intensifier
round1_confirmation,B84,1000,7-0.5-M,3,2.1316,47714,45,intensifier
round1_confirmation,B84,1000,7-0.5-M,3,2.9801,47729,45,intensifier
round1_confirmation,B84,1000,7-0.5-M,3,3.1273,47888,45,intensifier
round1_confirmation,B84,1000,7-0.5-M,3,4.1738,48126,45,intensifier
round1_confirmation,B84,1000,7-0.5-M,3,4.2034,48184,45,intensifier
round1_confirmation,B84,1000,7-0.5-M,3,4.5256,48230,45,intensifier
round1_confirmation,B84,1000,7-0.5-M,3,4.9395,48515,45,intensifier
round1_confirmation,B84,1000,7-0.5-M,3,5.9106,48546,45,intensifier
round1_confirmation,B84,1000,7-0.5-M,3,7.8722,48600,45,intensifier
round1_confirmation,B84,1000,7-0.5-M,3,177.1505,48616,10,intensifier
round1_confirmation,B84,1000,7-0.5-M,3,178.7394,48761,10,intensifier
round1_confirmation,B84,1000,7-0.5-M,3,188.1528,48776,10,intensifier
round1_confirmation,B84,1000,7-0.5-M,3,196.7862,48799,10,intensifier
round1_confirmation,B84,1000,7-0.5-M,3,200.6875,48829,10,intensifier
round1_confirmation,B84,1000,7-0.5-M,3,200.8349,48927,10,intensifier
round1_confirmation,B84,1000,7-0.5-M,3,205.6254,49053,10,intensifier
round1_confirmation,B84,1000,7-0.5-M,3,206.5329,49058,10,intensifier
round1_confirmation,B84,1000,7-0.5-M,3,211.5081,49116,10,intensifier
round1_confirmation,B84,1000,7-0.5-M,3,219.8277,49171,10,intensifier
round1_confirmation,B84,1000,7-0.5-M,3,245.6544,49252,10,intensifier
round1_confirmation,B84,1000,7-0.5-M,3,251.9234,49320,10,intensifier
round1_confirmation,B84,1000,7-0.5-M,3,278.5865,49339,10,intensifier
round1_confirmation,B84,1000,9-0.75-M,1,0.3944,28618,61,intensifier
round1_confirmation,B84,1000,9-0.75-M,1,0.4242,28917,20,intensifier
round1_confirmation,B84,1000,9-0.75-M,1,0.4542,29079,20,intensifier
round1_confirmation,B84,1000,9-0.75-M,1,0.4839,29530,83,explorer
round1_confirmation,B84,1000,9-0.75-M,1,0.5431,29638,3,intensifier
round1_confirmation,B84,1000,9-0.75-M,1,0.6025,30042,9,intensifier
round1_confirmation,B84,1000,9-0.75-M,1,0.6325,30193,9,intensifier
round1_confirmation,B84,1000,9-0.75-M,1,0.6919,30370,9,intensifier
round1_confirmation,B84,1000,9-0.75-M,1,0.7218,30592,9,intensifier
round1_confirmation,B84,1000,9-0.75-M,1,0.8109,30641,9,intensifier
round1_confirmation,B84,1000,9-0.75-M,1,0.8407,30702,9,intensifier
round1_confirmation,B84,1000,9-0.75-M,1,0.9594,30814,9,intensifier
round1_confirmation,B84,1000,9-0.75-M,1,1.8488,31080,9,intensifier
round1_confirmation,B84,1000,9-0.75-M,1,2.5321,31083,9,intensifier
round1_confirmation,B84,1000,9-0.75-M,1,2.6515,31114,9,intensifier
round1_confirmation,B84,1000,9-0.75-M,1,2.7115,31148,9,intensifier
round1_confirmation,B84,1000,9-0.75-M,1,4.0164,31151,9,intensifier
round1_confirmation,B84,1000,9-0.75-M,1,6.4165,31336,9,intensifier
round1_confirmation,B84,1000,9-0.75-M,1,8.1051,31414,9,intensifier
round1_confirmation,B84,1000,9-0.75-M,1,17.9816,31455,9,intensifier
round1_confirmation,B84,1000,9-0.75-M,1,19.0787,31514,9,intensifier
round1_confirmation,B84,1000,9-0.75-M,1,21.1859,31531,9,intensifier
round1_confirmation,B84,1000,9-0.75-M,1,21.9571,31603,9,intensifier
round1_confirmation,B84,1000,9-0.75-M,1,21.9871,31742,9,intensifier
round1_confirmation,B84,1000,9-0.75-M,2,0.6494,29798,75,explorer
round1_confirmation,B84,1000,9-0.75-M,2,0.6812,29802,6,intensifier
round1_confirmation,B84,1000,9-0.75-M,2,0.7396,30011,6,intensifier
round1_confirmation,B84,1000,9-0.75-M,2,0.7989,30356,6,intensifier
round1_confirmation,B84,1000,9-0.75-M,2,1.1240,30927,6,intensifier
round1_confirmation,B84,1000,9-0.75-M,2,1.7183,31264,6,intensifier
round1_confirmation,B84,1000,9-0.75-M,2,4.4434,31489,6,intensifier
round1_confirmation,B84,1000,9-0.75-M,2,10.0491,31539,6,intensifier
round1_confirmation,B84,1000,9-0.75-M,2,12.8061,31546,6,intensifier
round1_confirmation,B84,1000,9-0.75-M,2,19.5946,31570,6,intensifier
round1_confirmation,B84,1000,9-0.75-M,2,30.0091,31668,6,intensifier
round1_confirmation,B84,1000,9-0.75-M,2,51.4725,31784,6,intensifier
round1_confirmation,B84,1000,9-0.75-M,2,58.6169,31877,6,intensifier
round1_confirmation,B84,1000,9-0.75-M,3,0.6422,29845,49,intensifier
round1_confirmation,B84,1000,9-0.75-M,3,0.6742,29916,53,intensifier
round1_confirmation,B84,1000,9-0.75-M,3,0.7041,30083,53,intensifier
round1_confirmation,B84,1000,9-0.75-M,3,0.8515,30431,53,intensifier
round1_confirmation,B84,1000,9-0.75-M,3,1.1171,30552,53,intensifier
round1_confirmation,B84,1000,9-0.75-M,3,1.1469,30639,53,intensifier
round1_confirmation,B84,1000,9-0.75-M,3,2.8554,30711,53,intensifier
round1_confirmation,B84,1000,9-0.75-M,3,3.0911,30876,53,intensifier
round1_confirmation,B84,1000,9-0.75-M,3,3.1209,31026,53,intensifier
round1_confirmation,B84,1000,9-0.75-M,3,3.2391,31100,53,intensifier
round1_confirmation,B84,1000,9-0.75-M,3,6.6384,31103,53,intensifier
round1_confirmation,B84,1000,9-0.75-M,3,6.6682,31177,53,intensifier
round1_confirmation,B84,1000,9-0.75-M,3,6.9045,31224,53,intensifier
round1_confirmation,B84,1000,9-0.75-M,3,7.1715,31642,53,intensifier
round1_confirmation,B84,1000,9-0.75-M,3,17.9034,31808,53,intensifier
round1_confirmation,dsmall,500,10-0.5-P,1,0.4335,141018,9,intensifier
round1_confirmation,dsmall,500,10-0.5-P,1,0.4656,141160,33,intensifier
round1_confirmation,dsmall,500,10-0.5-P,1,0.5554,141342,33,intensifier
round1_confirmation,dsmall,500,10-0.5-P,1,0.7966,141349,14,intensifier
round1_confirmation,dsmall,500,10-0.5-P,1,0.8869,141407,14,intensifier
round1_confirmation,dsmall,500,10-0.5-P,1,0.9771,141647,14,intensifier
round1_confirmation,dsmall,500,10-0.5-P,1,16.3113,141701,14,intensifier
round1_confirmation,dsmall,500,10-0.5-P,1,17.7777,141707,14,intensifier
round1_confirmation,dsmall,500,10-0.5-P,1,18.2262,141761,14,intensifier
round1_confirmation,dsmall,500,10-0.5-P,1,58.7873,141804,43,intensifier
round1_confirmation,dsmall,500,10-0.5-P,1,60.6422,141837,31,intensifier
round1_confirmation,dsmall,500,10-0.5-P,1,64.7094,141891,32,intensifier
round1_confirmation,dsmall,500,10-0.5-P,1,64.9787,142100,2,intensifier
round1_confirmation,dsmall,500,10-0.5-P,1,73.1724,142102,2,intensifier
round1_confirmation,dsmall,500,10-0.5-P,1,144.7686,142167,45,intensifier
round1_confirmation,dsmall,500,10-0.5-P,1,430.1664,142174,15,intensifier
round1_confirmation,dsmall,500,10-0.5-P,2,0.4272,140977,1,intensifier
round1_confirmation,dsmall,500,10-0.5-P,2,0.5192,141121,48,explorer
round1_confirmation,dsmall,500,10-0.5-P,2,0.5805,141267,31,intensifier
round1_confirmation,dsmall,500,10-0.5-P,2,0.6096,141334,31,intensifier
round1_confirmation,dsmall,500,10-0.5-P,2,0.8189,141400,31,intensifier
round1_confirmation,dsmall,500,10-0.5-P,2,1.1180,141527,4,intensifier
round1_confirmation,dsmall,500,10-0.5-P,2,1.9853,141568,4,intensifier
round1_confirmation,dsmall,500,10-0.5-P,2,2.1352,141625,4,intensifier
round1_confirmation,dsmall,500,10-0.5-P,2,3.4823,141658,4,intensifier
round1_confirmation,dsmall,500,10-0.5-P,2,6.3552,141673,4,intensifier
round1_confirmation,dsmall,500,10-0.5-P,2,7.8221,141775,4,intensifier
round1_confirmation,dsmall,500,10-0.5-P,2,9.1982,141783,4,intensifier
round1_confirmation,dsmall,500,10-0.5-P,2,10.4857,141862,4,intensifier
round1_confirmation,dsmall,500,10-0.5-P,2,15.6327,141900,14,intensifier
round1_confirmation,dsmall,500,10-0.5-P,2,47.2742,141937,21,intensifier
round1_confirmation,dsmall,500,10-0.5-P,2,79.8120,141982,5,intensifier
round1_confirmation,dsmall,500,10-0.5-P,2,80.5013,142142,5,intensifier
round1_confirmation,dsmall,500,10-0.5-P,2,101.1959,142231,19,intensifier
round1_confirmation,dsmall,500,10-0.5-P,2,148.9573,142282,21,intensifier
round1_confirmation,dsmall,500,10-0.5-P,2,281.6360,142288,28,intensifier
round1_confirmation,dsmall,500,10-0.5-P,2,355.8759,142320,18,intensifier
round1_confirmation,dsmall,500,10-0.5-P,2,532.1834,142390,17,intensifier
round1_confirmation,dsmall,500,10-0.5-P,3,0.4165,141413,27,intensifier
round1_confirmation,dsmall,500,10-0.5-P,3,1.5548,141414,2,intensifier
round1_confirmation,dsmall,500,10-0.5-P,3,1.6451,141432,2,intensifier
round1_confirmation,dsmall,500,10-0.5-P,3,2.2136,141528,27,intensifier
round1_confirmation,dsmall,500,10-0.5-P,3,2.3933,141866,27,intensifier
round1_confirmation,dsmall,500,10-0.5-P,3,7.7191,141893,27,intensifier
round1_confirmation,dsmall,500,10-0.5-P,3,9.8433,141951,10,intensifier
round1_confirmation,dsmall,500,10-0.5-P,3,38.8217,141952,6,intensifier
round1_confirmation,dsmall,500,10-0.5-P,3,44.4784,141965,6,intensifier
round1_confirmation,dsmall,500,10-0.5-P,3,47.5939,142013,6,intensifier
round1_confirmation,dsmall,500,10-0.5-P,3,67.3300,142202,6,intensifier
round1_confirmation,dsmall,500,10-0.5-P,3,199.0086,142257,19,intensifier
round1_confirmation,dsmall,500,10-0.5-P,3,405.6524,142285,38,intensifier
round1_confirmation,dsmall,500,12-0.75-P,1,0.2677,193848,4,intensifier
round1_confirmation,dsmall,500,12-0.75-P,1,0.8110,193929,24,intensifier
round1_confirmation,dsmall,500,12-0.75-P,1,0.8411,193988,24,intensifier
round1_confirmation,dsmall,500,12-0.75-P,1,0.9014,194137,24,intensifier
round1_confirmation,dsmall,500,12-0.75-P,1,1.5901,194163,24,intensifier
round1_confirmation,dsmall,500,12-0.75-P,1,1.7402,194164,24,intensifier
round1_confirmation,dsmall,500,12-0.75-P,1,1.9797,194267,24,intensifier
round1_confirmation,dsmall,500,12-0.75-P,1,2.1000,194367,24,intensifier
round1_confirmation,dsmall,500,12-0.75-P,1,43.8791,194420,20,intensifier
round1_confirmation,dsmall,500,12-0.75-P,1,151.1003,194445,39,intensifier
round1_confirmation,dsmall,500,12-0.75-P,1,164.6665,194451,16,intensifier
round1_confirmation,dsmall,500,12-0.75-P,1,164.9958,194475,16,intensifier
round1_confirmation,dsmall,500,12-0.75-P,1,189.8489,194561,43,intensifier
round1_confirmation,dsmall,500,12-0.75-P,1,283.6471,194565,35,intensifier
round1_confirmation,dsmall,500,12-0.75-P,1,284.6352,194579,15,intensifier
round1_confirmation,dsmall,500,12-0.75-P,1,402.1527,194601,36,intensifier
round1_confirmation,dsmall,500,12-0.75-P,2,0.2659,193597,5,intensifier
round1_confirmation,dsmall,500,12-0.75-P,2,0.3303,193739,45,intensifier
round1_confirmation,dsmall,500,12-0.75-P,2,0.3605,193783,45,intensifier
round1_confirmation,dsmall,500,12-0.75-P,2,0.3906,193844,45,intensifier
round1_confirmation,dsmall,500,12-0.75-P,2,0.6005,193947,45,intensifier
round1_confirmation,dsmall,500,12-0.75-P,2,0.8103,194002,45,intensifier
round1_confirmation,dsmall,500,12-0.75-P,2,0.9309,194050,45,intensifier
round1_confirmation,dsmall,500,12-0.75-P,2,1.1109,194225,47,intensifier
round1_confirmation,dsmall,500,12-0.75-P,2,3.8667,194306,47,intensifier
round1_confirmation,dsmall,500,12-0.75-P,2,7.8801,194389,47,intensifier
round1_confirmation,dsmall,500,12-0.75-P,2,10.9960,194413,47,intensifier
round1_confirmation,dsmall,500,12-0.75-P,2,21.7176,194431,15,intensifier
round1_confirmation,dsmall,500,12-0.75-P,2,22.1073,194469,15,intensifier
round1_confirmation,dsmall,500,12-0.75-P,2,315.8326,194489,20,intensifier
round1_confirmation,dsmall,500,12-0.75-P,2,503.6755,194491,13,intensifier
round1_confirmation,dsmall,500,12-0.75-P,2,544.7976,194695,13,intensifier
round1_confirmation,dsmall,500,12-0.75-P,3,0.2601,193584,5,intensifier
round1_confirmation,dsmall,500,12-0.75-P,3,0.3245,193847,42,intensifier
round1_confirmation,dsmall,500,12-0.75-P,3,0.7144,193952,42,intensifier
round1_confirmation,dsmall,500,12-0.75-P,3,1.0140,194039,42,intensifier
round1_confirmation,dsmall,500,12-0.75-P,3,2.8416,194232,42,intensifier
round1_confirmation,dsmall,500,12-0.75-P,3,2.9317,194400,42,intensifier
round1_confirmation,dsmall,500,12-0.75-P,3,162.2034,194448,32,intensifier
round1_confirmation,dsmall,500,12-0.75-P,3,198.9167,194575,25,intensifier
round1_confirmation,dsmall,500,12-0.75-P,3,423.5857,194588,32,intensifier
round1_confirmation,dsmall,500,2-0.25-M,1,0.0111,38380,43,intensifier
round1_confirmation,dsmall,500,2-0.25-M,1,0.0850,48875,34,intensifier
round1_confirmation,dsmall,500,2-0.25-M,1,0.1152,48902,34,intensifier
round1_confirmation,dsmall,500,2-0.25-M,1,0.1456,49296,40,intensifier
round1_confirmation,dsmall,500,2-0.25-M,1,0.3851,49393,22,intensifier
round1_confirmation,dsmall,500,2-0.25-M,1,0.4152,49441,22,intensifier
round1_confirmation,dsmall,500,2-0.25-M,1,1.0140,49550,22,intensifier
round1_confirmation,dsmall,500,2-0.25-M,1,2.1521,49765,22,intensifier
round1_confirmation,dsmall,500,2-0.25-M,1,4.8461,49834,22,intensifier
round1_confirmation,dsmall,500,2-0.25-M,1,13.3783,49917,22,intensifier
round1_confirmation,dsmall,500,2-0.25-M,1,13.5280,49975,21,intensifier
round1_confirmation,dsmall,500,2-0.25-M,1,21.9093,50081,46,intensifier
round1_confirmation,dsmall,500,2-0.25-M,1,29.8133,50138,7,intensifier
round1_confirmation,dsmall,500,2-0.25-M,1,73.5545,50191,7,intensifier
round1_confirmation,dsmall,500,2-0.25-M,1,94.4520,50207,17,intensifier
round1_confirmation,dsmall,500,2-0.25-M,1,143.0114,50376,47,intensifier
round1_confirmation,dsmall,500,2-0.25-M,2,0.0073,27409,38,intensifier
round1_confirmation,dsmall,500,2-0.25-M,2,0.1028,48764,53,explorer
round1_confirmation,dsmall,500,2-0.25-M,2,0.1333,49065,19,intensifier
round1_confirmation,dsmall,500,2-0.25-M,2,0.1936,49326,39,intensifier
round1_confirmation,dsmall,500,2-0.25-M,2,0.2537,49480,39,intensifier
round1_confirmation,dsmall,500,2-0.25-M,2,0.7629,49505,39,intensifier
round1_confirmation,dsmall,500,2-0.25-M,2,1.0039,49609,39,intensifier
round1_confirmation,dsmall,500,2-0.25-M,2,1.4821,49655,39,intensifier
round1_confirmation,dsmall,500,2-0.25-M,2,4.3875,49774,39,intensifier
round1_confirmation,dsmall,500,2-0.25-M,2,10.7363,49798,1,intensifier
round1_confirmation,dsmall,500,2-0.25-M,2,11.8445,49804,11,intensifier
round1_confirmation,dsmall,500,2-0.25-M,2,24.6625,49946,19,intensifier
round1_confirmation,dsmall,500,2-0.25-M,2,59.0440,49962,19,intensifier
round1_confirmation,dsmall,500,2-0.25-M,2,60.2435,50025,1,intensifier
round1_confirmation,dsmall,500,2-0.25-M,2,78.6318,50054,21,intensifier
round1_confirmation,dsmall,500,2-0.25-M,2,95.2244,50142,43,intensifier
round1_confirmation,dsmall,500,2-0.25-M,2,307.6602,50221,28,intensifier
round1_confirmation,dsmall,500,2-0.25-M,2,394.7833,50313,23,intensifier
round1_confirmation,dsmall,500,2-0.25-M,3,0.0068,25900,12,intensifier
round1_confirmation,dsmall,500,2-0.25-M,3,0.1085,49072,3,intensifier
round1_confirmation,dsmall,500,2-0.25-M,3,0.1388,49186,19,intensifier
round1_confirmation,dsmall,500,2-0.25-M,3,0.1691,49196,17,intensifier
round1_confirmation,dsmall,500,2-0.25-M,3,0.2593,49214,17,intensifier
round1_confirmation,dsmall,500,2-0.25-M,3,0.2899,49401,17,intensifier
round1_confirmation,dsmall,500,2-0.25-M,3,0.4698,49439,17,intensifier
round1_confirmation,dsmall,500,2-0.25-M,3,0.6198,49499,17,intensifier
round1_confirmation,dsmall,500,2-0.25-M,3,1.3988,49655,17,intensifier
round1_confirmation,dsmall,500,2-0.25-M,3,2.8682,49742,46,intensifier
round1_confirmation,dsmall,500,2-0.25-M,3,3.0779,49862,17,intensifier
round1_confirmation,dsmall,500,2-0.25-M,3,9.7556,49880,23,intensifier
round1_confirmation,dsmall,500,2-0.25-M,3,16.4950,50016,23,intensifier
round1_confirmation,dsmall,500,2-0.25-M,3,17.2441,50050,10,intensifier
round1_confirmation,dsmall,500,2-0.25-M,3,33.5401,50101,14,intensifier
round1_confirmation,dsmall,500,2-0.25-M,3,62.7775,50116,28,intensifier
round1_confirmation,dsmall,500,2-0.25-M,3,130.9724,50183,45,intensifier
round1_confirmation,dsmall,500,2-0.25-M,3,185.7482,50262,13,intensifier
round1_confirmation,dsmall,500,2-0.25-M,3,248.4334,50322,47,intensifier
round1_confirmation,dsmall,500,2-0.25-M,3,559.7063,50328,15,intensifier
round1_confirmation,dsmall,1000,2-0.25-P,1,0.5134,131452,6,intensifier
round1_confirmation,dsmall,1000,2-0.25-P,1,0.5510,131994,6,intensifier
round1_confirmation,dsmall,1000,2-0.25-P,1,0.5813,132019,6,intensifier
round1_confirmation,dsmall,1000,2-0.25-P,1,0.6411,132119,6,intensifier
round1_confirmation,dsmall,1000,2-0.25-P,1,0.7003,132201,6,intensifier
round1_confirmation,dsmall,1000,2-0.25-P,1,0.7301,132319,6,intensifier
round1_confirmation,dsmall,1000,2-0.25-P,1,0.9657,132835,6,intensifier
round1_confirmation,dsmall,1000,2-0.25-P,1,1.6447,132940,6,intensifier
round1_confirmation,dsmall,1000,2-0.25-P,1,1.6749,133020,6,intensifier
round1_confirmation,dsmall,1000,2-0.25-P,1,1.8234,133035,6,intensifier
round1_confirmation,dsmall,1000,2-0.25-P,1,2.3555,133179,14,intensifier
round1_confirmation,dsmall,1000,2-0.25-P,1,2.3853,133560,14,intensifier
round1_confirmation,dsmall,1000,2-0.25-P,1,3.1860,133611,14,intensifier
round1_confirmation,dsmall,1000,2-0.25-P,1,3.2162,133621,14,intensifier
round1_confirmation,dsmall,1000,2-0.25-P,1,3.3649,133722,14,intensifier
round1_confirmation,dsmall,1000,2-0.25-P,1,4.4923,133725,14,intensifier
round1_confirmation,dsmall,1000,2-0.25-P,1,4.6704,133898,14,intensifier
round1_confirmation,dsmall,1000,2-0.25-P,1,4.8191,133903,14,intensifier
round1_confirmation,dsmall,1000,2-0.25-P,1,5.0575,133962,14,intensifier
round1_confirmation,dsmall,1000,2-0.25-P,1,8.0190,133969,14,intensifier
round1_confirmation,dsmall,1000,2-0.25-P,1,8.4641,134042,14,intensifier
round1_confirmation,dsmall,1000,2-0.25-P,1,9.0561,134226,14,intensifier
round1_confirmation,dsmall,1000,2-0.25-P,1,9.4391,134346,14,intensifier
round1_confirmation,dsmall,1000,2-0.25-P,1,9.7350,134420,14,intensifier
round1_confirmation,dsmall,1000,2-0.25-P,1,10.5969,134421,14,intensifier
round1_confirmation,dsmall,1000,2-0.25-P,1,14.5652,134555,14,intensifier
round1_confirmation,dsmall,1000,2-0.25-P,1,19.0372,134599,14,intensifier
round1_confirmation,dsmall,1000,2-0.25-P,1,23.5931,134668,14,intensifier
round1_confirmation,dsmall,1000,2-0.25-P,1,24.6003,134680,14,intensifier
round1_confirmation,dsmall,1000,2-0.25-P,1,31.2501,134733,14,intensifier
round1_confirmation,dsmall,1000,2-0.25-P,1,40.5322,134905,14,intensifier
round1_confirmation,dsmall,1000,2-0.25-P,1,56.3698,134967,14,intensifier
round1_confirmation,dsmall,1000,2-0.25-P,1,56.6662,134984,14,intensifier
round1_confirmation,dsmall,1000,2-0.25-P,1,62.9293,135046,14,intensifier
round1_confirmation,dsmall,1000,2-0.25-P,1,187.1424,135059,25,intensifier
round1_confirmation,dsmall,1000,2-0.25-P,1,193.2892,135108,19,intensifier
round1_confirmation,dsmall,1000,2-0.25-P,1,195.0639,135133,4,intensifier
round1_confirmation,dsmall,1000,2-0.25-P,1,199.1447,135145,36,intensifier
round1_confirmation,dsmall,1000,2-0.25-P,1,230.3273,135153,3,intensifier
round1_confirmation,dsmall,1000,2-0.25-P,1,259.7364,135300,3,intensifier
round1_confirmation,dsmall,1000,2-0.25-P,1,366.3133,135382,36,intensifier
round1_confirmation,dsmall,1000,2-0.25-P,1,570.6262,135440,6,intensifier
round1_confirmation,dsmall,1000,2-0.25-P,1,598.0146,135454,24,intensifier
round1_confirmation,dsmall,1000,2-0.25-P,2,0.5233,131633,15,intensifier
round1_confirmation,dsmall,1000,2-0.25-P,2,0.5607,131662,29,intensifier
round1_confirmation,dsmall,1000,2-0.25-P,2,0.5907,131848,29,intensifier
round1_confirmation,dsmall,1000,2-0.25-P,2,0.6208,132502,29,intensifier
round1_confirmation,dsmall,1000,2-0.25-P,2,0.6806,132529,16,intensifier
round1_confirmation,dsmall,1000,2-0.25-P,2,0.7106,132728,16,intensifier
round1_confirmation,dsmall,1000,2-0.25-P,2,0.7410,132810,16,intensifier
round1_confirmation,dsmall,1000,2-0.25-P,2,0.9490,132972,16,intensifier
round1_confirmation,dsmall,1000,2-0.25-P,2,1.0981,133006,16,intensifier
round1_confirmation,dsmall,1000,2-0.25-P,2,1.1279,133138,16,intensifier
round1_confirmation,dsmall,1000,2-0.25-P,2,1.2182,133141,16,intensifier
round1_confirmation,dsmall,1000,2-0.25-P,2,1.7486,133186,16,intensifier
round1_confirmation,dsmall,1000,2-0.25-P,2,2.1353,133296,16,intensifier
round1_confirmation,dsmall,1000,2-0.25-P,2,2.2243,133304,16,intensifier
round1_confirmation,dsmall,1000,2-0.25-P,2,2.8168,133395,16,intensifier
round1_confirmation,dsmall,1000,2-0.25-P,2,5.4586,133508,16,intensifier
round1_confirmation,dsmall,1000,2-0.25-P,2,5.6374,133612,16,intensifier
round1_confirmation,dsmall,1000,2-0.25-P,2,5.6676,133708,16,intensifier
round1_confirmation,dsmall,1000,2-0.25-P,2,5.6984,133730,16,intensifier
round1_confirmation,dsmall,1000,2-0.25-P,2,7.4791,133756,16,intensifier
round1_confirmation,dsmall,1000,2-0.25-P,2,8.1299,133760,16,intensifier
round1_confirmation,dsmall,1000,2-0.25-P,2,8.9883,133840,16,intensifier
round1_confirmation,dsmall,1000,2-0.25-P,2,10.3534,133912,31,intensifier
round1_confirmation,dsmall,1000,2-0.25-P,2,10.3837,134079,31,intensifier
round1_confirmation,dsmall,1000,2-0.25-P,2,10.8883,134150,31,intensifier
round1_confirmation,dsmall,1000,2-0.25-P,2,12.3677,134193,31,intensifier
round1_confirmation,dsmall,1000,2-0.25-P,2,13.7006,134503,31,intensifier
round1_confirmation,dsmall,1000,2-0.25-P,2,14.1460,134524,31,intensifier
round1_confirmation,dsmall,1000,2-0.25-P,2,16.4234,134526,31,intensifier
round1_confirmation,dsmall,1000,2-0.25-P,2,18.6756,134586,31,intensifier
round1_confirmation,dsmall,1000,2-0.25-P,2,18.7056,134691,31,intensifier
round1_confirmation,dsmall,1000,2-0.25-P,2,20.0690,134718,31,intensifier
round1_confirmation,dsmall,1000,2-0.25-P,2,23.4660,134724,31,intensifier
round1_confirmation,dsmall,1000,2-0.25-P,2,23.7625,134825,31,intensifier
round1_confirmation,dsmall,1000,2-0.25-P,2,36.1390,135063,31,intensifier
round1_confirmation,dsmall,1000,2-0.25-P,2,64.7270,135114,42,intensifier
round1_confirmation,dsmall,1000,2-0.25-P,2,73.3136,135311,42,intensifier
round1_confirmation,dsmall,1000,2-0.25-P,2,301.8867,135380,30,intensifier
round1_confirmation,dsmall,1000,2-0.25-P,2,470.9723,135384,20,intensifier
round1_confirmation,dsmall,1000,2-0.25-P,2,478.1733,135575,14,intensifier
round1_confirmation,dsmall,1000,2-0.25-P,3,0.5140,131815,27,intensifier
round1_confirmation,dsmall,1000,2-0.25-P,3,0.6107,131935,27,intensifier
round1_confirmation,dsmall,1000,2-0.25-P,3,0.6707,132269,21,intensifier
round1_confirmation,dsmall,1000,2-0.25-P,3,0.7009,132277,21,intensifier
round1_confirmation,dsmall,1000,2-0.25-P,3,0.7312,132286,21,intensifier
round1_confirmation,dsmall,1000,2-0.25-P,3,0.7612,132781,21,intensifier
round1_confirmation,dsmall,1000,2-0.25-P,3,1.0883,132799,21,intensifier
round1_confirmation,dsmall,1000,2-0.25-P,3,1.3548,132833,21,intensifier
round1_confirmation,dsmall,1000,2-0.25-P,3,1.3851,133005,21,intensifier
round1_confirmation,dsmall,1000,2-0.25-P,3,1.4443,133054,21,intensifier
round1_confirmation,dsmall,1000,2-0.25-P,3,1.4743,133186,21,intensifier
round1_confirmation,dsmall,1000,2-0.25-P,3,1.5340,133420,21,intensifier
round1_confirmation,dsmall,1000,2-0.25-P,3,1.7119,133455,21,intensifier
round1_confirmation,dsmall,1000,2-0.25-P,3,1.7421,133580,21,intensifier
round1_confirmation,dsmall,1000,2-0.25-P,3,2.3344,133754,21,intensifier
round1_confirmation,dsmall,1000,2-0.25-P,3,4.3492,133794,21,intensifier
round1_confirmation,dsmall,1000,2-0.25-P,3,4.4975,133802,21,intensifier
round1_confirmation,dsmall,1000,2-0.25-P,3,5.2673,133810,21,intensifier
round1_confirmation,dsmall,1000,2-0.25-P,3,5.9194,133854,21,intensifier
round1_confirmation,dsmall,1000,2-0.25-P,3,5.9494,134051,21,intensifier
round1_confirmation,dsmall,1000,2-0.25-P,3,8.6166,134117,21,intensifier
round1_confirmation,dsmall,1000,2-0.25-P,3,9.8603,134181,21,intensifier
round1_confirmation,dsmall,1000,2-0.25-P,3,11.4912,134213,21,intensifier
round1_confirmation,dsmall,1000,2-0.25-P,3,11.6098,134271,21,intensifier
round1_confirmation,dsmall,1000,2-0.25-P,3,15.0398,134273,21,intensifier
round1_confirmation,dsmall,1000,2-0.25-P,3,16.3699,134421,21,intensifier
round1_confirmation,dsmall,1000,2-0.25-P,3,18.0001,134521,21,intensifier
round1_confirmation,dsmall,1000,2-0.25-P,3,19.6592,134573,21,intensifier
round1_confirmation,dsmall,1000,2-0.25-P,3,20.0151,134586,21,intensifier
round1_confirmation,dsmall,1000,2-0.25-P,3,20.0463,134701,21,intensifier
round1_confirmation,dsmall,1000,2-0.25-P,3,20.1057,134774,21,intensifier
round1_confirmation,dsmall,1000,2-0.25-P,3,32.1804,134804,21,intensifier
round1_confirmation,dsmall,1000,2-0.25-P,3,39.4301,134836,21,intensifier
round1_confirmation,dsmall,1000,2-0.25-P,3,42.3587,135014,21,intensifier
round1_confirmation,dsmall,1000,2-0.25-P,3,62.0108,135073,21,intensifier
round1_confirmation,dsmall,1000,2-0.25-P,3,78.8711,135082,21,intensifier
round1_confirmation,dsmall,1000,2-0.25-P,3,178.9209,135092,21,intensifier
round1_confirmation,dsmall,1000,2-0.25-P,3,178.9511,135204,21,intensifier
round1_confirmation,dsmall,1000,2-0.25-P,3,330.3953,135208,43,intensifier
round1_confirmation,dsmall,1000,2-0.25-P,3,444.4742,135232,38,intensifier
round1_confirmation,dsmall,1000,2-0.25-P,3,467.8305,135247,38,intensifier
round1_confirmation,dsmall,1000,2-0.25-P,3,474.4423,135289,38,intensifier
round1_confirmation,dsmall,1000,2-0.25-P,3,489.7009,135317,20,intensifier
round1_confirmation,dsmall,1000,2-0.25-P,3,495.3237,135347,40,intensifier
round1_confirmation,dsmall,1000,7-0.5-M,1,0.2885,35003,7,intensifier
round1_confirmation,dsmall,1000,7-0.5-M,1,0.3700,41131,54,explorer
round1_confirmation,dsmall,1000,7-0.5-M,1,0.3995,42314,54,explorer
round1_confirmation,dsmall,1000,7-0.5-M,1,0.4305,43218,49,explorer
round1_confirmation,dsmall,1000,7-0.5-M,1,0.4597,43535,46,intensifier
round1_confirmation,dsmall,1000,7-0.5-M,1,0.4887,44360,8,intensifier
round1_confirmation,dsmall,1000,7-0.5-M,1,0.5195,45337,36,intensifier
round1_confirmation,dsmall,1000,7-0.5-M,1,0.5490,45389,36,intensifier
round1_confirmation,dsmall,1000,7-0.5-M,1,0.6070,45604,52,explorer
round1_confirmation,dsmall,1000,7-0.5-M,1,0.6366,45946,52,explorer
round1_confirmation,dsmall,1000,7-0.5-M,1,0.6971,46475,18,intensifier
round1_confirmation,dsmall,1000,7-0.5-M,1,0.7553,46715,8,intensifier
round1_confirmation,dsmall,1000,7-0.5-M,1,0.8162,47035,8,intensifier
round1_confirmation,dsmall,1000,7-0.5-M,1,0.9344,47095,8,intensifier
round1_confirmation,dsmall,1000,7-0.5-M,1,0.9639,47157,8,intensifier
round1_confirmation,dsmall,1000,7-0.5-M,1,1.0227,47543,9,intensifier
round1_confirmation,dsmall,1000,7-0.5-M,1,1.4062,47627,9,intensifier
round1_confirmation,dsmall,1000,7-0.5-M,1,1.4354,47704,9,intensifier
round1_confirmation,dsmall,1000,7-0.5-M,1,2.1392,47764,9,intensifier
round1_confirmation,dsmall,1000,7-0.5-M,1,2.8156,47769,9,intensifier
round1_confirmation,dsmall,1000,7-0.5-M,1,2.8751,47812,9,intensifier
round1_confirmation,dsmall,1000,7-0.5-M,1,2.9048,47980,9,intensifier
round1_confirmation,dsmall,1000,7-0.5-M,1,3.8428,48008,7,intensifier
round1_confirmation,dsmall,1000,7-0.5-M,1,4.0777,48096,9,intensifier
round1_confirmation,dsmall,1000,7-0.5-M,1,4.7493,48251,9,intensifier
round1_confirmation,dsmall,1000,7-0.5-M,1,5.0435,48338,9,intensifier
round1_confirmation,dsmall,1000,7-0.5-M,1,5.4868,48448,9,intensifier
round1_confirmation,dsmall,1000,7-0.5-M,1,5.5162,48534,9,intensifier
round1_confirmation,dsmall,1000,7-0.5-M,1,5.7794,48650,9,intensifier
round1_confirmation,dsmall,1000,7-0.5-M,1,8.9955,48711,9,intensifier
round1_confirmation,dsmall,1000,7-0.5-M,1,211.8909,48778,9,intensifier
round1_confirmation,dsmall,1000,7-0.5-M,1,213.9748,48820,9,intensifier
round1_confirmation,dsmall,1000,7-0.5-M,1,215.1990,48862,29,intensifier
round1_confirmation,dsmall,1000,7-0.5-M,1,216.3442,48886,29,intensifier
round1_confirmation,dsmall,1000,7-0.5-M,1,217.5718,48904,29,intensifier
round1_confirmation,dsmall,1000,7-0.5-M,1,222.7238,48914,29,intensifier
round1_confirmation,dsmall,1000,7-0.5-M,1,236.4562,48944,29,intensifier
round1_confirmation,dsmall,1000,7-0.5-M,1,240.8217,48946,29,intensifier
round1_confirmation,dsmall,1000,7-0.5-M,1,241.1460,48975,29,intensifier
round1_confirmation,dsmall,1000,7-0.5-M,1,244.3376,49049,29,intensifier
round1_confirmation,dsmall,1000,7-0.5-M,1,249.4624,49093,29,intensifier
round1_confirmation,dsmall,1000,7-0.5-M,1,276.8598,49124,29,intensifier
round1_confirmation,dsmall,1000,7-0.5-M,2,0.3359,39009,49,explorer
round1_confirmation,dsmall,1000,7-0.5-M,2,0.4093,44098,49,explorer
round1_confirmation,dsmall,1000,7-0.5-M,2,0.4691,44178,49,explorer
round1_confirmation,dsmall,1000,7-0.5-M,2,0.4975,44852,46,intensifier
round1_confirmation,dsmall,1000,7-0.5-M,2,0.5268,45048,46,intensifier
round1_confirmation,dsmall,1000,7-0.5-M,2,0.5561,45327,46,intensifier
round1_confirmation,dsmall,1000,7-0.5-M,2,0.5857,45840,27,intensifier
round1_confirmation,dsmall,1000,7-0.5-M,2,0.6161,45845,38,intensifier
round1_confirmation,dsmall,1000,7-0.5-M,2,0.6453,46241,38,intensifier
round1_confirmation,dsmall,1000,7-0.5-M,2,0.7044,46438,38,intensifier
round1_confirmation,dsmall,1000,7-0.5-M,2,0.7326,46543,38,intensifier
round1_confirmation,dsmall,1000,7-0.5-M,2,0.7622,46955,27,intensifier
round1_confirmation,dsmall,1000,7-0.5-M,2,0.7918,47173,38,intensifier
round1_confirmation,dsmall,1000,7-0.5-M,2,0.8213,47442,38,intensifier
round1_confirmation,dsmall,1000,7-0.5-M,2,1.1723,47456,38,intensifier
round1_confirmation,dsmall,1000,7-0.5-M,2,1.2027,47544,38,intensifier
round1_confirmation,dsmall,1000,7-0.5-M,2,1.2310,47668,38,intensifier
round1_confirmation,dsmall,1000,7-0.5-M,2,1.8803,47741,38,intensifier
round1_confirmation,dsmall,1000,7-0.5-M,2,3.0529,47869,38,intensifier
round1_confirmation,dsmall,1000,7-0.5-M,2,3.8731,47936,38,intensifier
round1_confirmation,dsmall,1000,7-0.5-M,2,3.9029,47956,38,intensifier
round1_confirmation,dsmall,1000,7-0.5-M,2,4.0208,48038,38,intensifier
round1_confirmation,dsmall,1000,7-0.5-M,2,4.1102,48199,38,intensifier
round1_confirmation,dsmall,1000,7-0.5-M,2,4.2888,48223,38,intensifier
round1_confirmation,dsmall,1000,7-0.5-M,2,19.1701,48332,44,intensifier
round1_confirmation,dsmall,1000,7-0.5-M,2,19.4620,48506,44,intensifier
round1_confirmation,dsmall,1000,7-0.5-M,2,19.5216,48675,44,intensifier
round1_confirmation,dsmall,1000,7-0.5-M,2,21.6859,48778,44,intensifier
round1_confirmation,dsmall,1000,7-0.5-M,2,21.7153,48870,44,intensifier
round1_confirmation,dsmall,1000,7-0.5-M,2,21.7445,49042,44,intensifier
round1_confirmation,dsmall,1000,7-0.5-M,2,23.3841,49181,44,intensifier
round1_confirmation,dsmall,1000,7-0.5-M,2,33.7936,49231,44,intensifier
round1_confirmation,dsmall,1000,7-0.5-M,2,33.8518,49310,44,intensifier
round1_confirmation,dsmall,1000,7-0.5-M,2,146.5696,49323,24,intensifier
round1_confirmation,dsmall,1000,7-0.5-M,2,152.2027,49381,24,intensifier
round1_confirmation,dsmall,1000,7-0.5-M,3,0.4016,41595,8,intensifier
round1_confirmation,dsmall,1000,7-0.5-M,3,0.4641,43916,47,intensifier
round1_confirmation,dsmall,1000,7-0.5-M,3,0.4936,44448,0,intensifier
round1_confirmation,dsmall,1000,7-0.5-M,3,0.5235,44802,8,intensifier
round1_confirmation,dsmall,1000,7-0.5-M,3,0.5541,45089,8,intensifier
round1_confirmation,dsmall,1000,7-0.5-M,3,0.5832,45796,55,explorer
round1_confirmation,dsmall,1000,7-0.5-M,3,0.6131,46218,55,explorer
round1_confirmation,dsmall,1000,7-0.5-M,3,0.6428,46577,55,explorer
round1_confirmation,dsmall,1000,7-0.5-M,3,0.7617,46635,55,explorer
round1_confirmation,dsmall,1000,7-0.5-M,3,0.8471,46773,63,explorer
round1_confirmation,dsmall,1000,7-0.5-M,3,0.8764,46887,55,explorer
round1_confirmation,dsmall,1000,7-0.5-M,3,0.9056,46973,45,intensifier
round1_confirmation,dsmall,1000,7-0.5-M,3,0.9350,47193,45,intensifier
round1_confirmation,dsmall,1000,7-0.5-M,3,1.4059,47606,45,intensifier
round1_confirmation,dsmall,1000,7-0.5-M,3,1.4644,47648,45,intensifier
round1_confirmation,dsmall,1000,7-0.5-M,3,2.5467,47768,1,intensifier
round1_confirmation,dsmall,1000,7-0.5-M,3,2.5767,47999,1,intensifier
round1_confirmation,dsmall,1000,7-0.5-M,3,2.8997,48010,1,intensifier
round1_confirmation,dsmall,1000,7-0.5-M,3,3.3653,48448,1,intensifier
round1_confirmation,dsmall,1000,7-0.5-M,3,3.8934,48488,1,intensifier
round1_confirmation,dsmall,1000,7-0.5-M,3,3.9245,48574,1,intensifier
round1_confirmation,dsmall,1000,7-0.5-M,3,4.7723,48700,1,intensifier
round1_confirmation,dsmall,1000,7-0.5-M,3,5.5360,48790,1,intensifier
round1_confirmation,dsmall,1000,7-0.5-M,3,7.9721,48855,1,intensifier
round1_confirmation,dsmall,1000,7-0.5-M,3,8.7064,48866,1,intensifier
round1_confirmation,dsmall,1000,7-0.5-M,3,9.4393,48935,1,intensifier
round1_confirmation,dsmall,1000,7-0.5-M,3,9.4686,48994,1,intensifier
round1_confirmation,dsmall,1000,7-0.5-M,3,10.2315,49089,1,intensifier
round1_confirmation,dsmall,1000,9-0.75-M,1,0.6673,29660,3,intensifier
round1_confirmation,dsmall,1000,9-0.75-M,1,0.6970,29972,17,intensifier
round1_confirmation,dsmall,1000,9-0.75-M,1,0.7267,30366,17,intensifier
round1_confirmation,dsmall,1000,9-0.75-M,1,0.7562,30470,17,intensifier
round1_confirmation,dsmall,1000,9-0.75-M,1,0.8150,30692,17,intensifier
round1_confirmation,dsmall,1000,9-0.75-M,1,1.3745,30718,17,intensifier
round1_confirmation,dsmall,1000,9-0.75-M,1,1.4925,30778,17,intensifier
round1_confirmation,dsmall,1000,9-0.75-M,1,4.2267,30827,2,intensifier
round1_confirmation,dsmall,1000,9-0.75-M,1,4.5201,30904,2,intensifier
round1_confirmation,dsmall,1000,9-0.75-M,1,4.5504,30928,2,intensifier
round1_confirmation,dsmall,1000,9-0.75-M,1,4.7273,30986,2,intensifier
round1_confirmation,dsmall,1000,9-0.75-M,1,5.1985,31057,2,intensifier
round1_confirmation,dsmall,1000,9-0.75-M,1,6.6670,31074,2,intensifier
round1_confirmation,dsmall,1000,9-0.75-M,1,7.3156,31138,2,intensifier
round1_confirmation,dsmall,1000,9-0.75-M,1,7.3746,31143,2,intensifier
round1_confirmation,dsmall,1000,9-0.75-M,1,11.2816,31223,2,intensifier
round1_confirmation,dsmall,1000,9-0.75-M,1,13.0752,31287,2,intensifier
round1_confirmation,dsmall,1000,9-0.75-M,1,339.8908,31445,1,intensifier
round1_confirmation,dsmall,1000,9-0.75-M,1,345.9988,31544,1,intensifier
round1_confirmation,dsmall,1000,9-0.75-M,1,456.0998,31560,4,intensifier
round1_confirmation,dsmall,1000,9-0.75-M,1,457.5999,31612,4,intensifier
round1_confirmation,dsmall,1000,9-0.75-M,1,463.8627,31633,4,intensifier
round1_confirmation,dsmall,1000,9-0.75-M,1,469.5371,31778,4,intensifier
round1_confirmation,dsmall,1000,9-0.75-M,1,470.5659,31790,4,intensifier
round1_confirmation,dsmall,1000,9-0.75-M,1,477.2105,32000,4,intensifier
round1_confirmation,dsmall,1000,9-0.75-M,2,0.6452,29707,59,explorer
round1_confirmation,dsmall,1000,9-0.75-M,2,0.6759,29802,6,intensifier
round1_confirmation,dsmall,1000,9-0.75-M,2,0.7348,30011,6,intensifier
round1_confirmation,dsmall,1000,9-0.75-M,2,0.7936,30356,6,intensifier
round1_confirmation,dsmall,1000,9-0.75-M,2,1.1174,30927,6,intensifier
round1_confirmation,dsmall,1000,9-0.75-M,2,1.7070,31264,6,intensifier
round1_confirmation,dsmall,1000,9-0.75-M,2,4.4102,31489,6,intensifier
round1_confirmation,dsmall,1000,9-0.75-M,2,9.9576,31539,6,intensifier
round1_confirmation,dsmall,1000,9-0.75-M,2,12.6636,31546,6,intensifier
round1_confirmation,dsmall,1000,9-0.75-M,2,19.3902,31570,6,intensifier
round1_confirmation,dsmall,1000,9-0.75-M,2,29.7074,31668,6,intensifier
round1_confirmation,dsmall,1000,9-0.75-M,2,50.9185,31784,6,intensifier
round1_confirmation,dsmall,1000,9-0.75-M,2,58.0012,31877,6,intensifier
round1_confirmation,dsmall,1000,9-0.75-M,3,0.4672,28788,42,intensifier
round1_confirmation,dsmall,1000,9-0.75-M,3,0.4968,29333,23,intensifier
round1_confirmation,dsmall,1000,9-0.75-M,3,0.5263,29796,23,intensifier
round1_confirmation,dsmall,1000,9-0.75-M,3,0.6142,29845,49,explorer
round1_confirmation,dsmall,1000,9-0.75-M,3,0.7607,30071,30,intensifier
round1_confirmation,dsmall,1000,9-0.75-M,3,0.7903,30184,30,intensifier
round1_confirmation,dsmall,1000,9-0.75-M,3,0.8490,30215,30,intensifier
round1_confirmation,dsmall,1000,9-0.75-M,3,0.8787,30387,30,intensifier
round1_confirmation,dsmall,1000,9-0.75-M,3,0.9083,30404,30,intensifier
round1_confirmation,dsmall,1000,9-0.75-M,3,1.0258,30634,30,intensifier
round1_confirmation,dsmall,1000,9-0.75-M,3,1.3191,30702,30,intensifier
round1_confirmation,dsmall,1000,9-0.75-M,3,1.5247,30814,30,intensifier
round1_confirmation,dsmall,1000,9-0.75-M,3,1.6422,30918,30,intensifier
round1_confirmation,dsmall,1000,9-0.75-M,3,1.6719,31058,30,intensifier
round1_confirmation,dsmall,1000,9-0.75-M,3,3.4561,31073,30,intensifier
round1_confirmation,dsmall,1000,9-0.75-M,3,4.2755,31147,30,intensifier
round1_confirmation,dsmall,1000,9-0.75-M,3,4.7434,31271,30,intensifier
round1_confirmation,dsmall,1000,9-0.75-M,3,5.1555,31320,30,intensifier
round1_confirmation,dsmall,1000,9-0.75-M,3,6.3243,31459,30,intensifier
round1_confirmation,dsmall,1000,9-0.75-M,3,13.2610,31498,30,intensifier
round1_confirmation,dsmall,1000,9-0.75-M,3,21.9898,31530,30,intensifier
round1_confirmation,dsmall,1000,9-0.75-M,3,24.5963,31557,30,intensifier
round1_confirmation,dsmall,1000,9-0.75-M,3,29.7159,31571,30,intensifier
round1_confirmation,dsmall,1000,9-0.75-M,3,30.8866,31575,30,intensifier
round1_confirmation,dsmall,1000,9-0.75-M,3,37.9757,31688,30,intensifier
round1_confirmation,dsmall,1000,9-0.75-M,3,65.6611,31738,30,intensifier
round1_confirmation,dsmall,1000,9-0.75-M,3,67.1820,31766,30,intensifier
round1_confirmation,dsmall,1000,9-0.75-M,3,71.0200,31770,30,intensifier
round1_confirmation,dsmall,1000,9-0.75-M,3,71.1378,31851,30,intensifier
round1_confirmation,B84ds,500,10-0.5-P,1,0.4299,141018,9,intensifier
round1_confirmation,B84ds,500,10-0.5-P,1,0.4620,141160,33,intensifier
round1_confirmation,B84ds,500,10-0.5-P,1,0.5522,141342,33,intensifier
round1_confirmation,B84ds,500,10-0.5-P,1,0.7915,141349,14,intensifier
round1_confirmation,B84ds,500,10-0.5-P,1,0.8817,141407,14,intensifier
round1_confirmation,B84ds,500,10-0.5-P,1,0.9718,141647,14,intensifier
round1_confirmation,B84ds,500,10-0.5-P,1,16.2482,141701,14,intensifier
round1_confirmation,B84ds,500,10-0.5-P,1,17.6845,141707,14,intensifier
round1_confirmation,B84ds,500,10-0.5-P,1,18.1329,141761,14,intensifier
round1_confirmation,B84ds,500,10-0.5-P,1,58.8681,141804,43,intensifier
round1_confirmation,B84ds,500,10-0.5-P,1,73.1661,141833,23,intensifier
round1_confirmation,B84ds,500,10-0.5-P,1,74.4527,141985,28,intensifier
round1_confirmation,B84ds,500,10-0.5-P,1,96.2053,142032,28,intensifier
round1_confirmation,B84ds,500,10-0.5-P,1,102.2467,142046,15,intensifier
round1_confirmation,B84ds,500,10-0.5-P,1,102.4566,142106,45,intensifier
round1_confirmation,B84ds,500,10-0.5-P,1,245.8069,142173,30,intensifier
round1_confirmation,B84ds,500,10-0.5-P,1,370.6352,142187,55,intensifier
round1_confirmation,B84ds,500,10-0.5-P,2,0.4208,140977,1,intensifier
round1_confirmation,B84ds,500,10-0.5-P,2,0.5129,141350,48,intensifier
round1_confirmation,B84ds,500,10-0.5-P,2,0.6032,141404,48,intensifier
round1_confirmation,B84ds,500,10-0.5-P,2,0.8724,141437,48,intensifier
round1_confirmation,B84ds,500,10-0.5-P,2,1.5905,141511,44,intensifier
round1_confirmation,B84ds,500,10-0.5-P,2,1.6206,141612,44,intensifier
round1_confirmation,B84ds,500,10-0.5-P,2,1.8308,141710,44,intensifier
round1_confirmation,B84ds,500,10-0.5-P,2,2.3395,141714,44,intensifier
round1_confirmation,B84ds,500,10-0.5-P,2,2.5193,141735,44,intensifier
round1_confirmation,B84ds,500,10-0.5-P,2,3.2072,141767,44,intensifier
round1_confirmation,B84ds,500,10-0.5-P,2,3.6258,141775,44,intensifier
round1_confirmation,B84ds,500,10-0.5-P,2,5.0914,141784,44,intensifier
round1_confirmation,B84ds,500,10-0.5-P,2,5.5697,141815,44,intensifier
round1_confirmation,B84ds,500,10-0.5-P,2,6.1680,141897,44,intensifier
round1_confirmation,B84ds,500,10-0.5-P,2,11.2852,141988,44,intensifier
round1_confirmation,B84ds,500,10-0.5-P,2,16.4011,142001,44,intensifier
round1_confirmation,B84ds,500,10-0.5-P,2,21.3089,142017,44,intensifier
round1_confirmation,B84ds,500,10-0.5-P,2,22.7146,142070,44,intensifier
round1_confirmation,B84ds,500,10-0.5-P,2,33.6026,142072,6,intensifier
round1_confirmation,B84ds,500,10-0.5-P,2,35.8475,142134,0,intensifier
round1_confirmation,B84ds,500,10-0.5-P,2,81.3457,142264,24,intensifier
round1_confirmation,B84ds,500,10-0.5-P,2,146.7028,142390,49,intensifier
round1_confirmation,B84ds,500,10-0.5-P,3,0.4385,141413,27,intensifier
round1_confirmation,B84ds,500,10-0.5-P,3,1.5473,141414,2,intensifier
round1_confirmation,B84ds,500,10-0.5-P,3,1.6673,141432,2,intensifier
round1_confirmation,B84ds,500,10-0.5-P,3,1.6972,141505,41,intensifier
round1_confirmation,B84ds,500,10-0.5-P,3,2.7143,141701,41,intensifier
round1_confirmation,B84ds,500,10-0.5-P,3,5.5263,141819,41,intensifier
round1_confirmation,B84ds,500,10-0.5-P,3,7.3506,141930,41,intensifier
round1_confirmation,B84ds,500,10-0.5-P,3,13.1560,141949,41,intensifier
round1_confirmation,B84ds,500,10-0.5-P,3,17.5209,141993,41,intensifier
round1_confirmation,B84ds,500,10-0.5-P,3,20.0031,142093,41,intensifier
round1_confirmation,B84ds,500,10-0.5-P,3,78.7730,142122,55,intensifier
round1_confirmation,B84ds,500,10-0.5-P,3,184.4046,142190,4,intensifier
round1_confirmation,B84ds,500,10-0.5-P,3,311.1163,142198,3,intensifier
round1_confirmation,B84ds,500,10-0.5-P,3,530.8971,142279,28,intensifier
round1_confirmation,B84ds,500,10-0.5-P,3,599.6972,142281,12,intensifier
round1_confirmation,B84ds,500,12-0.75-P,1,0.2689,193848,4,intensifier
round1_confirmation,B84ds,500,12-0.75-P,1,0.8123,193929,24,intensifier
round1_confirmation,B84ds,500,12-0.75-P,1,0.8429,193988,24,intensifier
round1_confirmation,B84ds,500,12-0.75-P,1,0.9029,194137,24,intensifier
round1_confirmation,B84ds,500,12-0.75-P,1,1.5920,194163,24,intensifier
round1_confirmation,B84ds,500,12-0.75-P,1,1.7419,194164,24,intensifier
round1_confirmation,B84ds,500,12-0.75-P,1,1.9815,194267,24,intensifier
round1_confirmation,B84ds,500,12-0.75-P,1,2.1017,194367,24,intensifier
round1_confirmation,B84ds,500,12-0.75-P,1,43.9123,194420,20,intensifier
round1_confirmation,B84ds,500,12-0.75-P,1,103.1485,194471,59,intensifier
round1_confirmation,B84ds,500,12-0.75-P,1,149.0589,194500,15,intensifier
round1_confirmation,B84ds,500,12-0.75-P,1,209.8829,194503,3,intensifier
round1_confirmation,B84ds,500,12-0.75-P,1,225.4870,194601,12,intensifier
round1_confirmation,B84ds,500,12-0.75-P,2,0.2342,193526,12,intensifier
round1_confirmation,B84ds,500,12-0.75-P,2,0.2690,193597,5,intensifier
round1_confirmation,B84ds,500,12-0.75-P,2,0.3292,193739,45,intensifier
round1_confirmation,B84ds,500,12-0.75-P,2,0.3593,193783,45,intensifier
round1_confirmation,B84ds,500,12-0.75-P,2,0.3896,193844,45,intensifier
round1_confirmation,B84ds,500,12-0.75-P,2,0.5994,193947,45,intensifier
round1_confirmation,B84ds,500,12-0.75-P,2,0.8096,194002,45,intensifier
round1_confirmation,B84ds,500,12-0.75-P,2,0.9293,194050,45,intensifier
round1_confirmation,B84ds,500,12-0.75-P,2,2.0375,194207,45,intensifier
round1_confirmation,B84ds,500,12-0.75-P,2,2.3369,194208,45,intensifier
round1_confirmation,B84ds,500,12-0.75-P,2,4.0441,194209,45,intensifier
round1_confirmation,B84ds,500,12-0.75-P,2,6.0805,194230,45,intensifier
round1_confirmation,B84ds,500,12-0.75-P,2,6.1407,194305,45,intensifier
round1_confirmation,B84ds,500,12-0.75-P,2,7.5186,194312,45,intensifier
round1_confirmation,B84ds,500,12-0.75-P,2,13.1201,194358,49,intensifier
round1_confirmation,B84ds,500,12-0.75-P,2,18.2113,194364,0,intensifier
round1_confirmation,B84ds,500,12-0.75-P,2,37.5863,194394,49,intensifier
round1_confirmation,B84ds,500,12-0.75-P,2,68.6110,194420,37,intensifier
round1_confirmation,B84ds,500,12-0.75-P,2,109.7923,194454,61,intensifier
round1_confirmation,B84ds,500,12-0.75-P,2,112.3713,194494,61,intensifier
round1_confirmation,B84ds,500,12-0.75-P,2,209.4065,194579,19,intensifier
round1_confirmation,B84ds,500,12-0.75-P,3,0.2661,193584,5,intensifier
round1_confirmation,B84ds,500,12-0.75-P,3,0.3005,193801,42,intensifier
round1_confirmation,B84ds,500,12-0.75-P,3,0.3306,193847,42,intensifier
round1_confirmation,B84ds,500,12-0.75-P,3,0.7203,193952,42,intensifier
round1_confirmation,B84ds,500,12-0.75-P,3,1.0203,194039,42,intensifier
round1_confirmation,B84ds,500,12-0.75-P,3,2.8173,194232,42,intensifier
round1_confirmation,B84ds,500,12-0.75-P,3,2.9371,194400,42,intensifier
round1_confirmation,B84ds,500,12-0.75-P,3,97.9607,194580,48,intensifier
round1_confirmation,B84ds,500,12-0.75-P,3,493.8941,194594,30,intensifier
round1_confirmation,B84ds,500,2-0.25-M,1,0.0186,45881,27,intensifier
round1_confirmation,B84ds,500,2-0.25-M,1,0.0752,48821,49,intensifier
round1_confirmation,B84ds,500,2-0.25-M,1,0.1055,49026,49,intensifier
round1_confirmation,B84ds,500,2-0.25-M,1,0.1954,49250,56,intensifier
round1_confirmation,B84ds,500,2-0.25-M,1,0.2558,49284,80,explorer
round1_confirmation,B84ds,500,2-0.25-M,1,0.3157,49337,56,intensifier
round1_confirmation,B84ds,500,2-0.25-M,1,0.3758,49391,56,intensifier
round1_confirmation,B84ds,500,2-0.25-M,1,0.6455,49584,56,intensifier
round1_confirmation,B84ds,500,2-0.25-M,1,0.6755,49642,56,intensifier
round1_confirmation,B84ds,500,2-0.25-M,1,1.0646,49730,56,intensifier
round1_confirmation,B84ds,500,2-0.25-M,1,3.1015,49758,56,intensifier
round1_confirmation,B84ds,500,2-0.25-M,1,3.1612,49908,56,intensifier
round1_confirmation,B84ds,500,2-0.25-M,1,5.1367,49921,56,intensifier
round1_confirmation,B84ds,500,2-0.25-M,1,5.7954,50012,45,intensifier
round1_confirmation,B84ds,500,2-0.25-M,1,35.7648,50014,56,intensifier
round1_confirmation,B84ds,500,2-0.25-M,1,55.9115,50075,53,intensifier
round1_confirmation,B84ds,500,2-0.25-M,1,98.5361,50097,28,intensifier
round1_confirmation,B84ds,500,2-0.25-M,1,134.7639,50289,32,intensifier
round1_confirmation,B84ds,500,2-0.25-M,1,331.1419,50303,2,intensifier
round1_confirmation,B84ds,500,2-0.25-M,1,484.5097,50339,18,intensifier
round1_confirmation,B84ds,500,2-0.25-M,2,0.0066,25098,38,intensifier
round1_confirmation,B84ds,500,2-0.25-M,2,0.1090,49025,5,intensifier
round1_confirmation,B84ds,500,2-0.25-M,2,0.1694,49315,5,intensifier
round1_confirmation,B84ds,500,2-0.25-M,2,0.3791,49377,5,intensifier
round1_confirmation,B84ds,500,2-0.25-M,2,0.4093,49532,5,intensifier
round1_confirmation,B84ds,500,2-0.25-M,2,0.7988,49706,5,intensifier
round1_confirmation,B84ds,500,2-0.25-M,2,5.3217,49777,5,intensifier
round1_confirmation,B84ds,500,2-0.25-M,2,7.5683,49818,37,intensifier
round1_confirmation,B84ds,500,2-0.25-M,2,7.6285,49852,28,intensifier
round1_confirmation,B84ds,500,2-0.25-M,2,8.3470,49915,20,intensifier
round1_confirmation,B84ds,500,2-0.25-M,2,22.6044,49957,20,intensifier
round1_confirmation,B84ds,500,2-0.25-M,2,49.0484,50108,60,intensifier
round1_confirmation,B84ds,500,2-0.25-M,2,90.1107,50116,56,intensifier
round1_confirmation,B84ds,500,2-0.25-M,2,213.3171,50224,62,intensifier
round1_confirmation,B84ds,500,2-0.25-M,2,323.3600,50232,56,intensifier
round1_confirmation,B84ds,500,2-0.25-M,2,369.1239,50239,60,intensifier
round1_confirmation,B84ds,500,2-0.25-M,3,0.0066,25394,12,intensifier
round1_confirmation,B84ds,500,2-0.25-M,3,0.1098,48928,19,intensifier
round1_confirmation,B84ds,500,2-0.25-M,3,0.1406,48964,19,intensifier
round1_confirmation,B84ds,500,2-0.25-M,3,0.1709,49154,46,intensifier
round1_confirmation,B84ds,500,2-0.25-M,3,0.2608,49321,35,intensifier
round1_confirmation,B84ds,500,2-0.25-M,3,0.3510,49441,35,intensifier
round1_confirmation,B84ds,500,2-0.25-M,3,0.6808,49515,35,intensifier
round1_confirmation,B84ds,500,2-0.25-M,3,1.3995,49546,35,intensifier
round1_confirmation,B84ds,500,2-0.25-M,3,1.4597,49550,35,intensifier
round1_confirmation,B84ds,500,2-0.25-M,3,1.6097,49691,35,intensifier
round1_confirmation,B84ds,500,2-0.25-M,3,3.4669,49928,35,intensifier
round1_confirmation,B84ds,500,2-0.25-M,3,7.1510,49961,17,intensifier
round1_confirmation,B84ds,500,2-0.25-M,3,8.1400,49967,3,intensifier
round1_confirmation,B84ds,500,2-0.25-M,3,8.7093,49975,17,intensifier
round1_confirmation,B84ds,500,2-0.25-M,3,10.3578,49991,40,intensifier
round1_confirmation,B84ds,500,2-0.25-M,3,13.0828,50026,47,intensifier
round1_confirmation,B84ds,500,2-0.25-M,3,13.9519,50044,44,intensifier
round1_confirmation,B84ds,500,2-0.25-M,3,22.5780,50050,46,intensifier
round1_confirmation,B84ds,500,2-0.25-M,3,23.5667,50178,10,intensifier
round1_confirmation,B84ds,500,2-0.25-M,3,57.1418,50287,10,intensifier
round1_confirmation,B84ds,500,2-0.25-M,3,61.3643,50365,53,intensifier
round1_confirmation,B84ds,500,2-0.25-M,3,154.8417,50451,6,intensifier
round1_confirmation,B84ds,1000,2-0.25-P,1,0.5059,131452,6,intensifier
round1_confirmation,B84ds,1000,2-0.25-P,1,0.5436,131582,6,intensifier
round1_confirmation,B84ds,1000,2-0.25-P,1,0.5741,131994,6,intensifier
round1_confirmation,B84ds,1000,2-0.25-P,1,0.6038,132019,6,intensifier
round1_confirmation,B84ds,1000,2-0.25-P,1,0.6334,132119,6,intensifier
round1_confirmation,B84ds,1000,2-0.25-P,1,0.6927,132201,6,intensifier
round1_confirmation,B84ds,1000,2-0.25-P,1,0.7520,132319,6,intensifier
round1_confirmation,B84ds,1000,2-0.25-P,1,0.8105,132527,68,explorer
round1_confirmation,B84ds,1000,2-0.25-P,1,0.8410,132787,68,explorer
round1_confirmation,B84ds,1000,2-0.25-P,1,0.9874,133124,68,explorer
round1_confirmation,B84ds,1000,2-0.25-P,1,1.0176,133241,68,explorer
round1_confirmation,B84ds,1000,2-0.25-P,1,2.7592,133285,14,intensifier
round1_confirmation,B84ds,1000,2-0.25-P,1,3.0562,133321,14,intensifier
round1_confirmation,B84ds,1000,2-0.25-P,1,3.4142,133711,14,intensifier
round1_confirmation,B84ds,1000,2-0.25-P,1,3.4446,133786,14,intensifier
round1_confirmation,B84ds,1000,2-0.25-P,1,4.4534,133812,14,intensifier
round1_confirmation,B84ds,1000,2-0.25-P,1,6.1222,133949,14,intensifier
round1_confirmation,B84ds,1000,2-0.25-P,1,6.2398,133967,14,intensifier
round1_confirmation,B84ds,1000,2-0.25-P,1,6.8639,134072,14,intensifier
round1_confirmation,B84ds,1000,2-0.25-P,1,8.5837,134163,14,intensifier
round1_confirmation,B84ds,1000,2-0.25-P,1,8.6428,134165,14,intensifier
round1_confirmation,B84ds,1000,2-0.25-P,1,9.6851,134263,14,intensifier
round1_confirmation,B84ds,1000,2-0.25-P,1,10.5196,134351,14,intensifier
round1_confirmation,B84ds,1000,2-0.25-P,1,11.0246,134453,14,intensifier
round1_confirmation,B84ds,1000,2-0.25-P,1,16.7472,134484,14,intensifier
round1_confirmation,B84ds,1000,2-0.25-P,1,35.0468,134598,14,intensifier
round1_confirmation,B84ds,1000,2-0.25-P,1,38.1638,134700,14,intensifier
round1_confirmation,B84ds,1000,2-0.25-P,1,60.6549,134848,14,intensifier
round1_confirmation,B84ds,1000,2-0.25-P,1,75.1901,134900,14,intensifier
round1_confirmation,B84ds,1000,2-0.25-P,1,127.8460,134964,14,intensifier
round1_confirmation,B84ds,1000,2-0.25-P,1,243.1935,135038,14,intensifier
round1_confirmation,B84ds,1000,2-0.25-P,1,373.3077,135051,7,intensifier
round1_confirmation,B84ds,1000,2-0.25-P,1,403.0860,135140,7,intensifier
round1_confirmation,B84ds,1000,2-0.25-P,1,405.3082,135200,7,intensifier
round1_confirmation,B84ds,1000,2-0.25-P,1,500.8664,135212,35,intensifier
round1_confirmation,B84ds,1000,2-0.25-P,1,511.4508,135290,19,intensifier
round1_confirmation,B84ds,1000,2-0.25-P,1,518.4851,135441,29,intensifier
round1_confirmation,B84ds,1000,2-0.25-P,2,0.5238,132294,80,explorer
round1_confirmation,B84ds,1000,2-0.25-P,2,0.6788,132529,16,intensifier
round1_confirmation,B84ds,1000,2-0.25-P,2,0.7082,132728,16,intensifier
round1_confirmation,B84ds,1000,2-0.25-P,2,0.7376,132810,16,intensifier
round1_confirmation,B84ds,1000,2-0.25-P,2,0.9723,132972,16,intensifier
round1_confirmation,B84ds,1000,2-0.25-P,2,1.1210,133006,16,intensifier
round1_confirmation,B84ds,1000,2-0.25-P,2,1.1512,133138,16,intensifier
round1_confirmation,B84ds,1000,2-0.25-P,2,1.2409,133141,16,intensifier
round1_confirmation,B84ds,1000,2-0.25-P,2,1.7462,133186,16,intensifier
round1_confirmation,B84ds,1000,2-0.25-P,2,2.1579,133296,16,intensifier
round1_confirmation,B84ds,1000,2-0.25-P,2,2.2473,133304,16,intensifier
round1_confirmation,B84ds,1000,2-0.25-P,2,2.8408,133395,16,intensifier
round1_confirmation,B84ds,1000,2-0.25-P,2,5.5127,133508,16,intensifier
round1_confirmation,B84ds,1000,2-0.25-P,2,5.5433,133510,42,intensifier
round1_confirmation,B84ds,1000,2-0.25-P,2,5.7769,133606,42,intensifier
round1_confirmation,B84ds,1000,2-0.25-P,2,6.3334,133609,42,intensifier
round1_confirmation,B84ds,1000,2-0.25-P,2,6.3641,133708,42,intensifier
round1_confirmation,B84ds,1000,2-0.25-P,2,6.4527,133855,42,intensifier
round1_confirmation,B84ds,1000,2-0.25-P,2,6.4835,133952,42,intensifier
round1_confirmation,B84ds,1000,2-0.25-P,2,10.3161,134301,31,intensifier
round1_confirmation,B84ds,1000,2-0.25-P,2,10.3455,134359,31,intensifier
round1_confirmation,B84ds,1000,2-0.25-P,2,11.9120,134584,31,intensifier
round1_confirmation,B84ds,1000,2-0.25-P,2,12.5617,134628,31,intensifier
round1_confirmation,B84ds,1000,2-0.25-P,2,24.8204,134820,31,intensifier
round1_confirmation,B84ds,1000,2-0.25-P,2,30.4394,135018,31,intensifier
round1_confirmation,B84ds,1000,2-0.25-P,2,30.6767,135071,31,intensifier
round1_confirmation,B84ds,1000,2-0.25-P,2,60.7683,135226,16,intensifier
round1_confirmation,B84ds,1000,2-0.25-P,2,76.4004,135315,16,intensifier
round1_confirmation,B84ds,1000,2-0.25-P,2,105.3965,135322,16,intensifier
round1_confirmation,B84ds,1000,2-0.25-P,2,185.1590,135523,8,intensifier
round1_confirmation,B84ds,1000,2-0.25-P,3,0.5044,131815,27,intensifier
round1_confirmation,B84ds,1000,2-0.25-P,3,0.6029,132090,79,explorer
round1_confirmation,B84ds,1000,2-0.25-P,3,0.6333,132480,79,explorer
round1_confirmation,B84ds,1000,2-0.25-P,3,0.9009,132560,33,intensifier
round1_confirmation,B84ds,1000,2-0.25-P,3,0.9610,132566,33,intensifier
round1_confirmation,B84ds,1000,2-0.25-P,3,0.9910,132646,33,intensifier
round1_confirmation,B84ds,1000,2-0.25-P,3,1.0209,132755,33,intensifier
round1_confirmation,B84ds,1000,2-0.25-P,3,1.2873,132957,33,intensifier
round1_confirmation,B84ds,1000,2-0.25-P,3,1.3473,133034,33,intensifier
round1_confirmation,B84ds,1000,2-0.25-P,3,1.3763,133125,33,intensifier
round1_confirmation,B84ds,1000,2-0.25-P,3,1.4360,133154,33,intensifier
round1_confirmation,B84ds,1000,2-0.25-P,3,1.5552,133255,33,intensifier
round1_confirmation,B84ds,1000,2-0.25-P,3,1.5850,133335,33,intensifier
round1_confirmation,B84ds,1000,2-0.25-P,3,1.9120,133761,33,intensifier
round1_confirmation,B84ds,1000,2-0.25-P,3,3.1586,133764,33,intensifier
round1_confirmation,B84ds,1000,2-0.25-P,3,3.5153,133898,33,intensifier
round1_confirmation,B84ds,1000,2-0.25-P,3,4.1082,133951,33,intensifier
round1_confirmation,B84ds,1000,2-0.25-P,3,8.0895,133964,33,intensifier
round1_confirmation,B84ds,1000,2-0.25-P,3,8.7703,134210,33,intensifier
round1_confirmation,B84ds,1000,2-0.25-P,3,9.7191,134441,33,intensifier
round1_confirmation,B84ds,1000,2-0.25-P,3,13.1825,134735,33,intensifier
round1_confirmation,B84ds,1000,2-0.25-P,3,15.7944,134783,33,intensifier
round1_confirmation,B84ds,1000,2-0.25-P,3,38.0097,134830,33,intensifier
round1_confirmation,B84ds,1000,2-0.25-P,3,69.4158,134840,26,intensifier
round1_confirmation,B84ds,1000,2-0.25-P,3,77.2993,134882,26,intensifier
round1_confirmation,B84ds,1000,2-0.25-P,3,81.8094,134900,26,intensifier
round1_confirmation,B84ds,1000,2-0.25-P,3,88.6397,134918,26,intensifier
round1_confirmation,B84ds,1000,2-0.25-P,3,91.9146,134985,12,intensifier
round1_confirmation,B84ds,1000,2-0.25-P,3,106.0682,135007,12,intensifier
round1_confirmation,B84ds,1000,2-0.25-P,3,111.7362,135052,12,intensifier
round1_confirmation,B84ds,1000,2-0.25-P,3,116.7779,135159,1,intensifier
round1_confirmation,B84ds,1000,2-0.25-P,3,167.3914,135257,1,intensifier
round1_confirmation,B84ds,1000,2-0.25-P,3,167.4511,135283,11,intensifier
round1_confirmation,B84ds,1000,2-0.25-P,3,168.6661,135347,11,intensifier
round1_confirmation,B84ds,1000,2-0.25-P,3,198.8197,135397,31,intensifier
round1_confirmation,B84ds,1000,7-0.5-M,1,0.3487,40189,79,explorer
round1_confirmation,B84ds,1000,7-0.5-M,1,0.4180,42762,53,intensifier
round1_confirmation,B84ds,1000,7-0.5-M,1,0.4480,44273,53,intensifier
round1_confirmation,B84ds,1000,7-0.5-M,1,0.4784,44521,53,intensifier
round1_confirmation,B84ds,1000,7-0.5-M,1,0.5078,44976,7,intensifier
round1_confirmation,B84ds,1000,7-0.5-M,1,0.5364,45553,7,intensifier
round1_confirmation,B84ds,1000,7-0.5-M,1,0.5665,45643,7,intensifier
round1_confirmation,B84ds,1000,7-0.5-M,1,0.5965,46006,7,intensifier
round1_confirmation,B84ds,1000,7-0.5-M,1,0.6280,46079,7,intensifier
round1_confirmation,B84ds,1000,7-0.5-M,1,0.6569,46272,9,intensifier
round1_confirmation,B84ds,1000,7-0.5-M,1,0.6888,46404,9,intensifier
round1_confirmation,B84ds,1000,7-0.5-M,1,0.7178,46574,80,explorer
round1_confirmation,B84ds,1000,7-0.5-M,1,0.7477,46901,80,explorer
round1_confirmation,B84ds,1000,7-0.5-M,1,0.7768,47145,36,intensifier
round1_confirmation,B84ds,1000,7-0.5-M,1,0.8359,47317,36,intensifier
round1_confirmation,B84ds,1000,7-0.5-M,1,1.0106,47325,36,intensifier
round1_confirmation,B84ds,1000,7-0.5-M,1,1.2465,47631,75,explorer
round1_confirmation,B84ds,1000,7-0.5-M,1,3.2994,47667,80,explorer
round1_confirmation,B84ds,1000,7-0.5-M,1,5.7913,47861,46,intensifier
round1_confirmation,B84ds,1000,7-0.5-M,1,5.9085,47902,46,intensifier
round1_confirmation,B84ds,1000,7-0.5-M,1,5.9379,47963,46,intensifier
round1_confirmation,B84ds,1000,7-0.5-M,1,6.3771,47967,46,intensifier
round1_confirmation,B84ds,1000,7-0.5-M,1,6.5527,48002,46,intensifier
round1_confirmation,B84ds,1000,7-0.5-M,1,7.0842,48241,46,intensifier
round1_confirmation,B84ds,1000,7-0.5-M,1,8.7009,48269,46,intensifier
round1_confirmation,B84ds,1000,7-0.5-M,1,8.7306,48298,46,intensifier
round1_confirmation,B84ds,1000,7-0.5-M,1,9.8156,48306,46,intensifier
round1_confirmation,B84ds,1000,7-0.5-M,1,10.1635,48321,46,intensifier
round1_confirmation,B84ds,1000,7-0.5-M,1,10.3412,48415,46,intensifier
round1_confirmation,B84ds,1000,7-0.5-M,1,10.4288,48450,46,intensifier
round1_confirmation,B84ds,1000,7-0.5-M,1,12.8457,48683,46,intensifier
round1_confirmation,B84ds,1000,7-0.5-M,1,374.3495,48937,6,intensifier
round1_confirmation,B84ds,1000,7-0.5-M,1,375.2666,48943,6,intensifier
round1_confirmation,B84ds,1000,7-0.5-M,1,575.9936,48991,33,intensifier
round1_confirmation,B84ds,1000,7-0.5-M,1,586.2539,49042,33,intensifier
round1_confirmation,B84ds,1000,7-0.5-M,1,592.5570,49055,33,intensifier
round1_confirmation,B84ds,1000,7-0.5-M,1,596.4714,49173,33,intensifier
round1_confirmation,B84ds,1000,7-0.5-M,1,597.9743,49203,33,intensifier
round1_confirmation,B84ds,1000,7-0.5-M,2,0.2640,32250,49,intensifier
round1_confirmation,B84ds,1000,7-0.5-M,2,0.3562,40307,71,explorer
round1_confirmation,B84ds,1000,7-0.5-M,2,0.3856,42323,67,explorer
round1_confirmation,B84ds,1000,7-0.5-M,2,0.4152,42830,67,explorer
round1_confirmation,B84ds,1000,7-0.5-M,2,0.4450,44281,71,explorer
round1_confirmation,B84ds,1000,7-0.5-M,2,0.4753,44542,71,explorer
round1_confirmation,B84ds,1000,7-0.5-M,2,0.5055,44745,71,explorer
round1_confirmation,B84ds,1000,7-0.5-M,2,0.5358,45260,68,explorer
round1_confirmation,B84ds,1000,7-0.5-M,2,0.5647,45670,68,explorer
round1_confirmation,B84ds,1000,7-0.5-M,2,0.5945,45943,45,intensifier
round1_confirmation,B84ds,1000,7-0.5-M,2,0.6243,46123,45,intensifier
round1_confirmation,B84ds,1000,7-0.5-M,2,0.6536,46161,71,explorer
round1_confirmation,B84ds,1000,7-0.5-M,2,0.6826,46320,71,explorer
round1_confirmation,B84ds,1000,7-0.5-M,2,0.7117,46428,45,intensifier
round1_confirmation,B84ds,1000,7-0.5-M,2,0.7407,46610,68,explorer
round1_confirmation,B84ds,1000,7-0.5-M,2,0.7714,46860,14,intensifier
round1_confirmation,B84ds,1000,7-0.5-M,2,0.8008,46900,14,intensifier
round1_confirmation,B84ds,1000,7-0.5-M,2,0.8296,46912,14,intensifier
round1_confirmation,B84ds,1000,7-0.5-M,2,0.8901,46999,14,intensifier
round1_confirmation,B84ds,1000,7-0.5-M,2,1.0061,47330,14,intensifier
round1_confirmation,B84ds,1000,7-0.5-M,2,1.2116,47567,23,intensifier
round1_confirmation,B84ds,1000,7-0.5-M,2,1.2411,47657,23,intensifier
round1_confirmation,B84ds,1000,7-0.5-M,2,1.3584,47831,23,intensifier
round1_confirmation,B84ds,1000,7-0.5-M,2,1.4764,47864,23,intensifier
round1_confirmation,B84ds,1000,7-0.5-M,2,1.6227,47990,23,intensifier
round1_confirmation,B84ds,1000,7-0.5-M,2,2.6236,48051,23,intensifier
round1_confirmation,B84ds,1000,7-0.5-M,2,2.7112,48066,23,intensifier
round1_confirmation,B84ds,1000,7-0.5-M,2,2.7405,48094,23,intensifier
round1_confirmation,B84ds,1000,7-0.5-M,2,3.0914,48368,23,intensifier
round1_confirmation,B84ds,1000,7-0.5-M,2,3.2103,48479,23,intensifier
round1_confirmation,B84ds,1000,7-0.5-M,2,3.6842,48552,23,intensifier
round1_confirmation,B84ds,1000,7-0.5-M,2,7.9563,48553,23,intensifier
round1_confirmation,B84ds,1000,7-0.5-M,2,7.9851,48636,23,intensifier
round1_confirmation,B84ds,1000,7-0.5-M,2,8.0164,48652,23,intensifier
round1_confirmation,B84ds,1000,7-0.5-M,2,8.9813,48688,23,intensifier
round1_confirmation,B84ds,1000,7-0.5-M,2,9.0691,48757,23,intensifier
round1_confirmation,B84ds,1000,7-0.5-M,2,9.6592,48811,23,intensifier
round1_confirmation,B84ds,1000,7-0.5-M,2,24.0610,48940,23,intensifier
round1_confirmation,B84ds,1000,7-0.5-M,2,43.9177,48952,23,intensifier
round1_confirmation,B84ds,1000,7-0.5-M,2,43.9772,49115,23,intensifier
round1_confirmation,B84ds,1000,7-0.5-M,2,58.5388,49155,23,intensifier
round1_confirmation,B84ds,1000,7-0.5-M,2,62.9152,49195,23,intensifier
round1_confirmation,B84ds,1000,7-0.5-M,2,78.4610,49299,23,intensifier
round1_confirmation,B84ds,1000,7-0.5-M,2,321.6695,49386,62,intensifier
round1_confirmation,B84ds,1000,7-0.5-M,2,321.6991,49439,62,intensifier
round1_confirmation,B84ds,1000,7-0.5-M,2,359.7939,49442,62,intensifier
round1_confirmation,B84ds,1000,7-0.5-M,3,0.2757,31715,80,explorer
round1_confirmation,B84ds,1000,7-0.5-M,3,0.3674,39256,57,intensifier
round1_confirmation,B84ds,1000,7-0.5-M,3,0.3983,41002,57,intensifier
round1_confirmation,B84ds,1000,7-0.5-M,3,0.4276,41752,47,intensifier
round1_confirmation,B84ds,1000,7-0.5-M,3,0.4571,42738,75,explorer
round1_confirmation,B84ds,1000,7-0.5-M,3,0.4859,43826,57,intensifier
round1_confirmation,B84ds,1000,7-0.5-M,3,0.5159,44274,57,intensifier
round1_confirmation,B84ds,1000,7-0.5-M,3,0.5464,44597,1,intensifier
round1_confirmation,B84ds,1000,7-0.5-M,3,0.5754,45076,55,intensifier
round1_confirmation,B84ds,1000,7-0.5-M,3,0.6057,45705,55,intensifier
round1_confirmation,B84ds,1000,7-0.5-M,3,0.6352,45772,55,intensifier
round1_confirmation,B84ds,1000,7-0.5-M,3,0.6651,46169,55,intensifier
round1_confirmation,B84ds,1000,7-0.5-M,3,0.6945,46584,55,intensifier
round1_confirmation,B84ds,1000,7-0.5-M,3,0.7532,46744,49,intensifier
round1_confirmation,B84ds,1000,7-0.5-M,3,0.8409,46840,49,intensifier
round1_confirmation,B84ds,1000,7-0.5-M,3,0.9004,46959,17,intensifier
round1_confirmation,B84ds,1000,7-0.5-M,3,0.9585,46963,17,intensifier
round1_confirmation,B84ds,1000,7-0.5-M,3,0.9887,46985,17,intensifier
round1_confirmation,B84ds,1000,7-0.5-M,3,1.0195,47229,17,intensifier
round1_confirmation,B84ds,1000,7-0.5-M,3,1.0499,47522,17,intensifier
round1_confirmation,B84ds,1000,7-0.5-M,3,1.6675,47783,15,intensifier
round1_confirmation,B84ds,1000,7-0.5-M,3,1.6975,47909,15,intensifier
round1_confirmation,B84ds,1000,7-0.5-M,3,1.7865,47988,15,intensifier
round1_confirmation,B84ds,1000,7-0.5-M,3,2.8752,48200,15,intensifier
round1_confirmation,B84ds,1000,7-0.5-M,3,3.8424,48386,15,intensifier
round1_confirmation,B84ds,1000,7-0.5-M,3,3.9321,48554,15,intensifier
round1_confirmation,B84ds,1000,7-0.5-M,3,4.1667,48762,15,intensifier
round1_confirmation,B84ds,1000,7-0.5-M,3,4.1970,48769,15,intensifier
round1_confirmation,B84ds,1000,7-0.5-M,3,5.1394,48924,15,intensifier
round1_confirmation,B84ds,1000,7-0.5-M,3,10.5865,49072,15,intensifier
round1_confirmation,B84ds,1000,7-0.5-M,3,22.9910,49164,15,intensifier
round1_confirmation,B84ds,1000,7-0.5-M,3,27.1397,49174,15,intensifier
round1_confirmation,B84ds,1000,7-0.5-M,3,41.7168,49369,15,intensifier
round1_confirmation,B84ds,1000,7-0.5-M,3,63.9982,49462,15,intensifier
round1_confirmation,B84ds,1000,7-0.5-M,3,95.8567,49545,15,intensifier
round1_confirmation,B84ds,1000,9-0.75-M,1,0.6632,29874,69,explorer
round1_confirmation,B84ds,1000,9-0.75-M,1,0.7227,29984,17,intensifier
round1_confirmation,B84ds,1000,9-0.75-M,1,0.7526,30116,17,intensifier
round1_confirmation,B84ds,1000,9-0.75-M,1,0.7825,30229,17,intensifier
round1_confirmation,B84ds,1000,9-0.75-M,1,0.8418,30367,17,intensifier
round1_confirmation,B84ds,1000,9-0.75-M,1,1.1078,30634,17,intensifier
round1_confirmation,B84ds,1000,9-0.75-M,1,1.4934,30635,17,intensifier
round1_confirmation,B84ds,1000,9-0.75-M,1,1.5233,30756,17,intensifier
round1_confirmation,B84ds,1000,9-0.75-M,1,2.3236,30775,17,intensifier
round1_confirmation,B84ds,1000,9-0.75-M,1,2.7987,30805,17,intensifier
round1_confirmation,B84ds,1000,9-0.75-M,1,2.9182,30870,17,intensifier
round1_confirmation,B84ds,1000,9-0.75-M,1,2.9483,31046,17,intensifier
round1_confirmation,B84ds,1000,9-0.75-M,1,3.1863,31047,17,intensifier
round1_confirmation,B84ds,1000,9-0.75-M,1,3.2165,31087,17,intensifier
round1_confirmation,B84ds,1000,9-0.75-M,1,3.5722,31091,17,intensifier
round1_confirmation,B84ds,1000,9-0.75-M,1,3.9288,31215,17,intensifier
round1_confirmation,B84ds,1000,9-0.75-M,1,4.1657,31260,17,intensifier
round1_confirmation,B84ds,1000,9-0.75-M,1,103.8999,31403,8,intensifier
round1_confirmation,B84ds,1000,9-0.75-M,1,111.4636,31411,8,intensifier
round1_confirmation,B84ds,1000,9-0.75-M,1,112.6498,31563,8,intensifier
round1_confirmation,B84ds,1000,9-0.75-M,1,119.2600,31632,8,intensifier
round1_confirmation,B84ds,1000,9-0.75-M,1,124.0640,31784,8,intensifier
round1_confirmation,B84ds,1000,9-0.75-M,1,214.7625,31868,62,intensifier
round1_confirmation,B84ds,1000,9-0.75-M,2,0.6557,29798,75,explorer
round1_confirmation,B84ds,1000,9-0.75-M,2,0.6866,29802,6,intensifier
round1_confirmation,B84ds,1000,9-0.75-M,2,0.7162,30011,6,intensifier
round1_confirmation,B84ds,1000,9-0.75-M,2,0.8052,30356,6,intensifier
round1_confirmation,B84ds,1000,9-0.75-M,2,1.1304,30927,6,intensifier
round1_confirmation,B84ds,1000,9-0.75-M,2,1.6928,30953,6,intensifier
round1_confirmation,B84ds,1000,9-0.75-M,2,1.7234,31264,6,intensifier
round1_confirmation,B84ds,1000,9-0.75-M,2,4.4477,31489,6,intensifier
round1_confirmation,B84ds,1000,9-0.75-M,2,10.0548,31539,6,intensifier
round1_confirmation,B84ds,1000,9-0.75-M,2,12.7846,31546,6,intensifier
round1_confirmation,B84ds,1000,9-0.75-M,2,19.5751,31570,6,intensifier
round1_confirmation,B84ds,1000,9-0.75-M,2,30.0095,31668,6,intensifier
round1_confirmation,B84ds,1000,9-0.75-M,2,51.4414,31784,6,intensifier
round1_confirmation,B84ds,1000,9-0.75-M,2,58.5810,31877,6,intensifier
round1_confirmation,B84ds,1000,9-0.75-M,3,0.6645,29845,49,intensifier
round1_confirmation,B84ds,1000,9-0.75-M,3,0.7535,29886,30,intensifier
round1_confirmation,B84ds,1000,9-0.75-M,3,0.7833,30184,30,intensifier
round1_confirmation,B84ds,1000,9-0.75-M,3,0.8422,30215,30,intensifier
round1_confirmation,B84ds,1000,9-0.75-M,3,0.8720,30387,30,intensifier
round1_confirmation,B84ds,1000,9-0.75-M,3,0.9018,30404,30,intensifier
round1_confirmation,B84ds,1000,9-0.75-M,3,1.0199,30634,30,intensifier
round1_confirmation,B84ds,1000,9-0.75-M,3,1.3443,30702,30,intensifier
round1_confirmation,B84ds,1000,9-0.75-M,3,1.5230,30814,30,intensifier
round1_confirmation,B84ds,1000,9-0.75-M,3,1.6711,31058,30,intensifier
round1_confirmation,B84ds,1000,9-0.75-M,3,3.4687,31073,30,intensifier
round1_confirmation,B84ds,1000,9-0.75-M,3,4.2964,31147,30,intensifier
round1_confirmation,B84ds,1000,9-0.75-M,3,4.7691,31271,30,intensifier
round1_confirmation,B84ds,1000,9-0.75-M,3,5.1843,31320,30,intensifier
round1_confirmation,B84ds,1000,9-0.75-M,3,6.3978,31459,30,intensifier
round1_confirmation,B84ds,1000,9-0.75-M,3,13.3755,31498,30,intensifier
round1_confirmation,B84ds,1000,9-0.75-M,3,22.2176,31530,30,intensifier
round1_confirmation,B84ds,1000,9-0.75-M,3,24.8546,31557,30,intensifier
round1_confirmation,B84ds,1000,9-0.75-M,3,30.0277,31571,30,intensifier
round1_confirmation,B84ds,1000,9-0.75-M,3,31.2103,31575,30,intensifier
round1_confirmation,B84ds,1000,9-0.75-M,3,38.3621,31688,30,intensifier
round1_confirmation,B84ds,1000,9-0.75-M,3,66.3226,31738,30,intensifier
round1_confirmation,B84ds,1000,9-0.75-M,3,67.8579,31766,30,intensifier
round1_confirmation,B84ds,1000,9-0.75-M,3,71.7600,31770,30,intensifier
round1_confirmation,B84ds,1000,9-0.75-M,3,71.8785,31851,30,intensifier
round1_confirmation,B84ds,1000,9-0.75-M,3,573.2902,32018,42,intensifier
round1_confirmation,B84ds,1000,9-0.75-M,3,590.3491,32182,42,intensifier
round2_screening,B84ds,1000,1-0.25-P,1,0.6066,159241,11,intensifier
round2_screening,B84ds,1000,1-0.25-P,1,0.6397,159442,36,intensifier
round2_screening,B84ds,1000,1-0.25-P,1,0.6695,159443,36,intensifier
round2_screening,B84ds,1000,1-0.25-P,1,0.6997,159467,36,intensifier
round2_screening,B84ds,1000,1-0.25-P,1,0.7295,159587,36,intensifier
round2_screening,B84ds,1000,1-0.25-P,1,0.7592,159774,36,intensifier
round2_screening,B84ds,1000,1-0.25-P,1,1.1143,159987,34,intensifier
round2_screening,B84ds,1000,1-0.25-P,1,1.1443,160066,34,intensifier
round2_screening,B84ds,1000,1-0.25-P,1,1.7670,160147,34,intensifier
round2_screening,B84ds,1000,1-0.25-P,1,2.0630,160444,34,intensifier
round2_screening,B84ds,1000,1-0.25-P,1,2.8325,160504,34,intensifier
round2_screening,B84ds,1000,1-0.25-P,1,2.8921,160506,34,intensifier
round2_screening,B84ds,1000,1-0.25-P,1,2.9218,160575,34,intensifier
round2_screening,B84ds,1000,1-0.25-P,1,4.9721,160664,34,intensifier
round2_screening,B84ds,1000,1-0.25-P,1,6.6668,160683,34,intensifier
round2_screening,B84ds,1000,1-0.25-P,1,7.3802,160792,34,intensifier
round2_screening,B84ds,1000,1-0.25-P,1,7.4105,160823,34,intensifier
round2_screening,B84ds,1000,1-0.25-P,1,7.4707,160935,34,intensifier
round2_screening,B84ds,1000,1-0.25-P,1,10.3871,161004,34,intensifier
round2_screening,B84ds,1000,1-0.25-P,1,13.5078,161125,34,intensifier
round2_screening,B84ds,1000,1-0.25-P,1,45.5928,161172,34,intensifier
round2_screening,B84ds,1000,1-0.25-P,1,46.6144,161277,17,intensifier
round2_screening,B84ds,1000,1-0.25-P,1,199.8963,161312,56,intensifier
round2_screening,B84ds,1000,1-0.25-P,1,221.6093,161512,56,intensifier
round2_screening,B84ds,1000,1-0.25-P,2,0.5412,159411,40,intensifier
round2_screening,B84ds,1000,1-0.25-P,2,0.5766,159844,49,intensifier
round2_screening,B84ds,1000,1-0.25-P,2,0.6068,159893,49,intensifier
round2_screening,B84ds,1000,1-0.25-P,2,0.8751,159909,49,intensifier
round2_screening,B84ds,1000,1-0.25-P,2,1.0212,160296,49,intensifier
round2_screening,B84ds,1000,1-0.25-P,2,1.0514,160421,49,intensifier
round2_screening,B84ds,1000,1-0.25-P,2,1.0818,160635,49,intensifier
round2_screening,B84ds,1000,1-0.25-P,2,2.3586,160672,49,intensifier
round2_screening,B84ds,1000,1-0.25-P,2,3.7479,160808,49,intensifier
round2_screening,B84ds,1000,1-0.25-P,2,5.8200,160899,49,intensifier
round2_screening,B84ds,1000,1-0.25-P,2,5.9099,160938,49,intensifier
round2_screening,B84ds,1000,1-0.25-P,2,8.4643,161000,49,intensifier
round2_screening,B84ds,1000,1-0.25-P,2,12.8263,161051,49,intensifier
round2_screening,B84ds,1000,1-0.25-P,2,15.4255,161130,49,intensifier
round2_screening,B84ds,1000,1-0.25-P,2,16.0782,161216,49,intensifier
round2_screening,B84ds,1000,1-0.25-P,2,21.8760,161264,49,intensifier
round2_screening,B84ds,1000,1-0.25-P,2,22.6466,161270,49,intensifier
round2_screening,B84ds,1000,1-0.25-P,2,33.7712,161463,49,intensifier
round2_screening,B84ds,1000,1-0.25-P,2,34.1859,161517,49,intensifier
round2_screening,B84ds,1000,1-0.25-P,2,98.7110,161525,13,intensifier
round2_screening,B84ds,1000,1-0.25-P,2,98.8002,161565,13,intensifier
round2_screening,B84ds,1000,1-0.25-P,2,105.5385,161600,45,intensifier
round2_screening,B84ds,1000,1-0.25-P,2,112.7980,161654,50,intensifier
round2_screening,B84ds,1000,1-0.25-P,2,132.1404,161728,50,intensifier
round2_screening,B84ds,1000,1-0.25-P,2,235.1695,161807,53,intensifier
round2_screening,B84ds,1000,1-0.25-P,2,249.2234,161819,19,intensifier
round2_screening,B84ds,1000,1-0.25-P,2,253.4951,161925,56,intensifier
round2_screening,B84ds,1000,2-0.25-P,1,0.5059,131452,6,intensifier
round2_screening,B84ds,1000,2-0.25-P,1,0.5436,131582,6,intensifier
round2_screening,B84ds,1000,2-0.25-P,1,0.5741,131994,6,intensifier
round2_screening,B84ds,1000,2-0.25-P,1,0.6038,132019,6,intensifier
round2_screening,B84ds,1000,2-0.25-P,1,0.6334,132119,6,intensifier
round2_screening,B84ds,1000,2-0.25-P,1,0.6927,132201,6,intensifier
round2_screening,B84ds,1000,2-0.25-P,1,0.7520,132319,6,intensifier
round2_screening,B84ds,1000,2-0.25-P,1,0.8105,132527,68,explorer
round2_screening,B84ds,1000,2-0.25-P,1,0.8410,132787,68,explorer
round2_screening,B84ds,1000,2-0.25-P,1,0.9874,133124,68,explorer
round2_screening,B84ds,1000,2-0.25-P,1,1.0176,133241,68,explorer
round2_screening,B84ds,1000,2-0.25-P,1,2.7592,133285,14,intensifier
round2_screening,B84ds,1000,2-0.25-P,1,3.0562,133321,14,intensifier
round2_screening,B84ds,1000,2-0.25-P,1,3.4142,133711,14,intensifier
round2_screening,B84ds,1000,2-0.25-P,1,3.4446,133786,14,intensifier
round2_screening,B84ds,1000,2-0.25-P,1,4.4534,133812,14,intensifier
round2_screening,B84ds,1000,2-0.25-P,1,6.1222,133949,14,intensifier
round2_screening,B84ds,1000,2-0.25-P,1,6.2398,133967,14,intensifier
round2_screening,B84ds,1000,2-0.25-P,1,6.8639,134072,14,intensifier
round2_screening,B84ds,1000,2-0.25-P,1,8.5837,134163,14,intensifier
round2_screening,B84ds,1000,2-0.25-P,1,8.6428,134165,14,intensifier
round2_screening,B84ds,1000,2-0.25-P,1,9.6851,134263,14,intensifier
round2_screening,B84ds,1000,2-0.25-P,1,10.5196,134351,14,intensifier
round2_screening,B84ds,1000,2-0.25-P,1,11.0246,134453,14,intensifier
round2_screening,B84ds,1000,2-0.25-P,1,16.7472,134484,14,intensifier
round2_screening,B84ds,1000,2-0.25-P,1,35.0468,134598,14,intensifier
round2_screening,B84ds,1000,2-0.25-P,1,38.1638,134700,14,intensifier
round2_screening,B84ds,1000,2-0.25-P,1,60.6549,134848,14,intensifier
round2_screening,B84ds,1000,2-0.25-P,1,75.1901,134900,14,intensifier
round2_screening,B84ds,1000,2-0.25-P,1,127.8460,134964,14,intensifier
round2_screening,B84ds,1000,2-0.25-P,1,243.1935,135038,14,intensifier
round2_screening,B84ds,1000,2-0.25-P,1,373.3077,135051,7,intensifier
round2_screening,B84ds,1000,2-0.25-P,1,403.0860,135140,7,intensifier
round2_screening,B84ds,1000,2-0.25-P,1,405.3082,135200,7,intensifier
round2_screening,B84ds,1000,2-0.25-P,1,500.8664,135212,35,intensifier
round2_screening,B84ds,1000,2-0.25-P,1,511.4508,135290,19,intensifier
round2_screening,B84ds,1000,2-0.25-P,1,518.4851,135441,29,intensifier
round2_screening,B84ds,1000,2-0.25-P,2,0.5238,132294,80,explorer
round2_screening,B84ds,1000,2-0.25-P,2,0.6788,132529,16,intensifier
round2_screening,B84ds,1000,2-0.25-P,2,0.7082,132728,16,intensifier
round2_screening,B84ds,1000,2-0.25-P,2,0.7376,132810,16,intensifier
round2_screening,B84ds,1000,2-0.25-P,2,0.9723,132972,16,intensifier
round2_screening,B84ds,1000,2-0.25-P,2,1.1210,133006,16,intensifier
round2_screening,B84ds,1000,2-0.25-P,2,1.1512,133138,16,intensifier
round2_screening,B84ds,1000,2-0.25-P,2,1.2409,133141,16,intensifier
round2_screening,B84ds,1000,2-0.25-P,2,1.7462,133186,16,intensifier
round2_screening,B84ds,1000,2-0.25-P,2,2.1579,133296,16,intensifier
round2_screening,B84ds,1000,2-0.25-P,2,2.2473,133304,16,intensifier
round2_screening,B84ds,1000,2-0.25-P,2,2.8408,133395,16,intensifier
round2_screening,B84ds,1000,2-0.25-P,2,5.5127,133508,16,intensifier
round2_screening,B84ds,1000,2-0.25-P,2,5.5433,133510,42,intensifier
round2_screening,B84ds,1000,2-0.25-P,2,5.7769,133606,42,intensifier
round2_screening,B84ds,1000,2-0.25-P,2,6.3334,133609,42,intensifier
round2_screening,B84ds,1000,2-0.25-P,2,6.3641,133708,42,intensifier
round2_screening,B84ds,1000,2-0.25-P,2,6.4527,133855,42,intensifier
round2_screening,B84ds,1000,2-0.25-P,2,6.4835,133952,42,intensifier
round2_screening,B84ds,1000,2-0.25-P,2,10.3161,134301,31,intensifier
round2_screening,B84ds,1000,2-0.25-P,2,10.3455,134359,31,intensifier
round2_screening,B84ds,1000,2-0.25-P,2,11.9120,134584,31,intensifier
round2_screening,B84ds,1000,2-0.25-P,2,12.5617,134628,31,intensifier
round2_screening,B84ds,1000,2-0.25-P,2,24.8204,134820,31,intensifier
round2_screening,B84ds,1000,2-0.25-P,2,30.4394,135018,31,intensifier
round2_screening,B84ds,1000,2-0.25-P,2,30.6767,135071,31,intensifier
round2_screening,B84ds,1000,2-0.25-P,2,60.7683,135226,16,intensifier
round2_screening,B84ds,1000,2-0.25-P,2,76.4004,135315,16,intensifier
round2_screening,B84ds,1000,2-0.25-P,2,105.3965,135322,16,intensifier
round2_screening,B84ds,1000,2-0.25-P,2,185.1590,135523,8,intensifier
round2_screening,B84ds,1000,7-0.5-M,1,0.3487,40189,79,explorer
round2_screening,B84ds,1000,7-0.5-M,1,0.4180,42762,53,intensifier
round2_screening,B84ds,1000,7-0.5-M,1,0.4480,44273,53,intensifier
round2_screening,B84ds,1000,7-0.5-M,1,0.4784,44521,53,intensifier
round2_screening,B84ds,1000,7-0.5-M,1,0.5078,44976,7,intensifier
round2_screening,B84ds,1000,7-0.5-M,1,0.5364,45553,7,intensifier
round2_screening,B84ds,1000,7-0.5-M,1,0.5665,45643,7,intensifier
round2_screening,B84ds,1000,7-0.5-M,1,0.5965,46006,7,intensifier
round2_screening,B84ds,1000,7-0.5-M,1,0.6280,46079,7,intensifier
round2_screening,B84ds,1000,7-0.5-M,1,0.6569,46272,9,intensifier
round2_screening,B84ds,1000,7-0.5-M,1,0.6888,46404,9,intensifier
round2_screening,B84ds,1000,7-0.5-M,1,0.7178,46574,80,explorer
round2_screening,B84ds,1000,7-0.5-M,1,0.7477,46901,80,explorer
round2_screening,B84ds,1000,7-0.5-M,1,0.7768,47145,36,intensifier
round2_screening,B84ds,1000,7-0.5-M,1,0.8359,47317,36,intensifier
round2_screening,B84ds,1000,7-0.5-M,1,1.0106,47325,36,intensifier
round2_screening,B84ds,1000,7-0.5-M,1,1.2465,47631,75,explorer
round2_screening,B84ds,1000,7-0.5-M,1,3.2994,47667,80,explorer
round2_screening,B84ds,1000,7-0.5-M,1,5.7913,47861,46,intensifier
round2_screening,B84ds,1000,7-0.5-M,1,5.9085,47902,46,intensifier
round2_screening,B84ds,1000,7-0.5-M,1,5.9379,47963,46,intensifier
round2_screening,B84ds,1000,7-0.5-M,1,6.3771,47967,46,intensifier
round2_screening,B84ds,1000,7-0.5-M,1,6.5527,48002,46,intensifier
round2_screening,B84ds,1000,7-0.5-M,1,7.0842,48241,46,intensifier
round2_screening,B84ds,1000,7-0.5-M,1,8.7009,48269,46,intensifier
round2_screening,B84ds,1000,7-0.5-M,1,8.7306,48298,46,intensifier
round2_screening,B84ds,1000,7-0.5-M,1,9.8156,48306,46,intensifier
round2_screening,B84ds,1000,7-0.5-M,1,10.1635,48321,46,intensifier
round2_screening,B84ds,1000,7-0.5-M,1,10.3412,48415,46,intensifier
round2_screening,B84ds,1000,7-0.5-M,1,10.4288,48450,46,intensifier
round2_screening,B84ds,1000,7-0.5-M,1,12.8457,48683,46,intensifier
round2_screening,B84ds,1000,7-0.5-M,1,374.3495,48937,6,intensifier
round2_screening,B84ds,1000,7-0.5-M,1,375.2666,48943,6,intensifier
round2_screening,B84ds,1000,7-0.5-M,1,575.9936,48991,33,intensifier
round2_screening,B84ds,1000,7-0.5-M,1,586.2539,49042,33,intensifier
round2_screening,B84ds,1000,7-0.5-M,1,592.5570,49055,33,intensifier
round2_screening,B84ds,1000,7-0.5-M,1,596.4714,49173,33,intensifier
round2_screening,B84ds,1000,7-0.5-M,1,597.9743,49203,33,intensifier
round2_screening,B84ds,1000,7-0.5-M,2,0.2640,32250,49,intensifier
round2_screening,B84ds,1000,7-0.5-M,2,0.3562,40307,71,explorer
round2_screening,B84ds,1000,7-0.5-M,2,0.3856,42323,67,explorer
round2_screening,B84ds,1000,7-0.5-M,2,0.4152,42830,67,explorer
round2_screening,B84ds,1000,7-0.5-M,2,0.4450,44281,71,explorer
round2_screening,B84ds,1000,7-0.5-M,2,0.4753,44542,71,explorer
round2_screening,B84ds,1000,7-0.5-M,2,0.5055,44745,71,explorer
round2_screening,B84ds,1000,7-0.5-M,2,0.5358,45260,68,explorer
round2_screening,B84ds,1000,7-0.5-M,2,0.5647,45670,68,explorer
round2_screening,B84ds,1000,7-0.5-M,2,0.5945,45943,45,intensifier
round2_screening,B84ds,1000,7-0.5-M,2,0.6243,46123,45,intensifier
round2_screening,B84ds,1000,7-0.5-M,2,0.6536,46161,71,explorer
round2_screening,B84ds,1000,7-0.5-M,2,0.6826,46320,71,explorer
round2_screening,B84ds,1000,7-0.5-M,2,0.7117,46428,45,intensifier
round2_screening,B84ds,1000,7-0.5-M,2,0.7407,46610,68,explorer
round2_screening,B84ds,1000,7-0.5-M,2,0.7714,46860,14,intensifier
round2_screening,B84ds,1000,7-0.5-M,2,0.8008,46900,14,intensifier
round2_screening,B84ds,1000,7-0.5-M,2,0.8296,46912,14,intensifier
round2_screening,B84ds,1000,7-0.5-M,2,0.8901,46999,14,intensifier
round2_screening,B84ds,1000,7-0.5-M,2,1.0061,47330,14,intensifier
round2_screening,B84ds,1000,7-0.5-M,2,1.2116,47567,23,intensifier
round2_screening,B84ds,1000,7-0.5-M,2,1.2411,47657,23,intensifier
round2_screening,B84ds,1000,7-0.5-M,2,1.3584,47831,23,intensifier
round2_screening,B84ds,1000,7-0.5-M,2,1.4764,47864,23,intensifier
round2_screening,B84ds,1000,7-0.5-M,2,1.6227,47990,23,intensifier
round2_screening,B84ds,1000,7-0.5-M,2,2.6236,48051,23,intensifier
round2_screening,B84ds,1000,7-0.5-M,2,2.7112,48066,23,intensifier
round2_screening,B84ds,1000,7-0.5-M,2,2.7405,48094,23,intensifier
round2_screening,B84ds,1000,7-0.5-M,2,3.0914,48368,23,intensifier
round2_screening,B84ds,1000,7-0.5-M,2,3.2103,48479,23,intensifier
round2_screening,B84ds,1000,7-0.5-M,2,3.6842,48552,23,intensifier
round2_screening,B84ds,1000,7-0.5-M,2,7.9563,48553,23,intensifier
round2_screening,B84ds,1000,7-0.5-M,2,7.9851,48636,23,intensifier
round2_screening,B84ds,1000,7-0.5-M,2,8.0164,48652,23,intensifier
round2_screening,B84ds,1000,7-0.5-M,2,8.9813,48688,23,intensifier
round2_screening,B84ds,1000,7-0.5-M,2,9.0691,48757,23,intensifier
round2_screening,B84ds,1000,7-0.5-M,2,9.6592,48811,23,intensifier
round2_screening,B84ds,1000,7-0.5-M,2,24.0610,48940,23,intensifier
round2_screening,B84ds,1000,7-0.5-M,2,43.9177,48952,23,intensifier
round2_screening,B84ds,1000,7-0.5-M,2,43.9772,49115,23,intensifier
round2_screening,B84ds,1000,7-0.5-M,2,58.5388,49155,23,intensifier
round2_screening,B84ds,1000,7-0.5-M,2,62.9152,49195,23,intensifier
round2_screening,B84ds,1000,7-0.5-M,2,78.4610,49299,23,intensifier
round2_screening,B84ds,1000,7-0.5-M,2,321.6695,49386,62,intensifier
round2_screening,B84ds,1000,7-0.5-M,2,321.6991,49439,62,intensifier
round2_screening,B84ds,1000,7-0.5-M,2,359.7939,49442,62,intensifier
round2_screening,B84ds,1000,9-0.75-M,1,0.6632,29874,69,explorer
round2_screening,B84ds,1000,9-0.75-M,1,0.7227,29984,17,intensifier
round2_screening,B84ds,1000,9-0.75-M,1,0.7526,30116,17,intensifier
round2_screening,B84ds,1000,9-0.75-M,1,0.7825,30229,17,intensifier
round2_screening,B84ds,1000,9-0.75-M,1,0.8418,30367,17,intensifier
round2_screening,B84ds,1000,9-0.75-M,1,1.1078,30634,17,intensifier
round2_screening,B84ds,1000,9-0.75-M,1,1.4934,30635,17,intensifier
round2_screening,B84ds,1000,9-0.75-M,1,1.5233,30756,17,intensifier
round2_screening,B84ds,1000,9-0.75-M,1,2.3236,30775,17,intensifier
round2_screening,B84ds,1000,9-0.75-M,1,2.7987,30805,17,intensifier
round2_screening,B84ds,1000,9-0.75-M,1,2.9182,30870,17,intensifier
round2_screening,B84ds,1000,9-0.75-M,1,2.9483,31046,17,intensifier
round2_screening,B84ds,1000,9-0.75-M,1,3.1863,31047,17,intensifier
round2_screening,B84ds,1000,9-0.75-M,1,3.2165,31087,17,intensifier
round2_screening,B84ds,1000,9-0.75-M,1,3.5722,31091,17,intensifier
round2_screening,B84ds,1000,9-0.75-M,1,3.9288,31215,17,intensifier
round2_screening,B84ds,1000,9-0.75-M,1,4.1657,31260,17,intensifier
round2_screening,B84ds,1000,9-0.75-M,1,103.8999,31403,8,intensifier
round2_screening,B84ds,1000,9-0.75-M,1,111.4636,31411,8,intensifier
round2_screening,B84ds,1000,9-0.75-M,1,112.6498,31563,8,intensifier
round2_screening,B84ds,1000,9-0.75-M,1,119.2600,31632,8,intensifier
round2_screening,B84ds,1000,9-0.75-M,1,124.0640,31784,8,intensifier
round2_screening,B84ds,1000,9-0.75-M,1,214.7625,31868,62,intensifier
round2_screening,B84ds,1000,9-0.75-M,2,0.6557,29798,75,explorer
round2_screening,B84ds,1000,9-0.75-M,2,0.6866,29802,6,intensifier
round2_screening,B84ds,1000,9-0.75-M,2,0.7162,30011,6,intensifier
round2_screening,B84ds,1000,9-0.75-M,2,0.8052,30356,6,intensifier
round2_screening,B84ds,1000,9-0.75-M,2,1.1304,30927,6,intensifier
round2_screening,B84ds,1000,9-0.75-M,2,1.6928,30953,6,intensifier
round2_screening,B84ds,1000,9-0.75-M,2,1.7234,31264,6,intensifier
round2_screening,B84ds,1000,9-0.75-M,2,4.4477,31489,6,intensifier
round2_screening,B84ds,1000,9-0.75-M,2,10.0548,31539,6,intensifier
round2_screening,B84ds,1000,9-0.75-M,2,12.7846,31546,6,intensifier
round2_screening,B84ds,1000,9-0.75-M,2,19.5751,31570,6,intensifier
round2_screening,B84ds,1000,9-0.75-M,2,30.0095,31668,6,intensifier
round2_screening,B84ds,1000,9-0.75-M,2,51.4414,31784,6,intensifier
round2_screening,B84ds,1000,9-0.75-M,2,58.5810,31877,6,intensifier
round2_screening,L10k,1000,1-0.25-P,1,0.6058,159241,11,intensifier
round2_screening,L10k,1000,1-0.25-P,1,0.6389,159442,36,intensifier
round2_screening,L10k,1000,1-0.25-P,1,0.6686,159443,36,intensifier
round2_screening,L10k,1000,1-0.25-P,1,0.6983,159467,36,intensifier
round2_screening,L10k,1000,1-0.25-P,1,0.7283,159587,36,intensifier
round2_screening,L10k,1000,1-0.25-P,1,0.7581,159774,36,intensifier
round2_screening,L10k,1000,1-0.25-P,1,1.1122,159987,34,intensifier
round2_screening,L10k,1000,1-0.25-P,1,1.1423,160066,34,intensifier
round2_screening,L10k,1000,1-0.25-P,1,1.7657,160147,34,intensifier
round2_screening,L10k,1000,1-0.25-P,1,2.0621,160444,34,intensifier
round2_screening,L10k,1000,1-0.25-P,1,2.8304,160504,34,intensifier
round2_screening,L10k,1000,1-0.25-P,1,2.9196,160575,34,intensifier
round2_screening,L10k,1000,1-0.25-P,1,4.9683,160664,34,intensifier
round2_screening,L10k,1000,1-0.25-P,1,6.6624,160683,34,intensifier
round2_screening,L10k,1000,1-0.25-P,1,7.4036,160823,34,intensifier
round2_screening,L10k,1000,1-0.25-P,1,7.4622,160935,34,intensifier
round2_screening,L10k,1000,1-0.25-P,1,10.3788,161004,34,intensifier
round2_screening,L10k,1000,1-0.25-P,1,13.5257,161125,34,intensifier
round2_screening,L10k,1000,1-0.25-P,1,39.1169,161172,60,intensifier
round2_screening,L10k,1000,1-0.25-P,1,48.1294,161291,60,intensifier
round2_screening,L10k,1000,1-0.25-P,1,248.2013,161372,52,intensifier
round2_screening,L10k,1000,1-0.25-P,1,294.8516,161416,50,intensifier
round2_screening,L10k,1000,1-0.25-P,1,502.2215,161440,27,intensifier
round2_screening,L10k,1000,1-0.25-P,1,512.0273,161452,27,intensifier
round2_screening,L10k,1000,1-0.25-P,2,0.6388,159760,49,intensifier
round2_screening,L10k,1000,1-0.25-P,2,1.3213,159784,49,intensifier
round2_screening,L10k,1000,1-0.25-P,2,1.4097,160088,49,intensifier
round2_screening,L10k,1000,1-0.25-P,2,1.7639,160224,49,intensifier
round2_screening,L10k,1000,1-0.25-P,2,1.8239,160375,49,intensifier
round2_screening,L10k,1000,1-0.25-P,2,1.8829,160490,49,intensifier
round2_screening,L10k,1000,1-0.25-P,2,2.7163,160738,49,intensifier
round2_screening,L10k,1000,1-0.25-P,2,5.5237,160898,49,intensifier
round2_screening,L10k,1000,1-0.25-P,2,7.2919,160926,49,intensifier
round2_screening,L10k,1000,1-0.25-P,2,9.6245,160927,49,intensifier
round2_screening,L10k,1000,1-0.25-P,2,10.3105,161102,49,intensifier
round2_screening,L10k,1000,1-0.25-P,2,14.8090,161124,49,intensifier
round2_screening,L10k,1000,1-0.25-P,2,21.9262,161287,49,intensifier
round2_screening,L10k,1000,1-0.25-P,2,23.7584,161325,49,intensifier
round2_screening,L10k,1000,1-0.25-P,2,23.8184,161370,49,intensifier
round2_screening,L10k,1000,1-0.25-P,2,33.5966,161449,49,intensifier
round2_screening,L10k,1000,1-0.25-P,2,118.0468,161527,49,intensifier
round2_screening,L10k,1000,1-0.25-P,2,121.9385,161529,2,intensifier
round2_screening,L10k,1000,1-0.25-P,2,164.4363,161618,2,intensifier
round2_screening,L10k,1000,1-0.25-P,2,232.6526,161656,20,intensifier
round2_screening,L10k,1000,1-0.25-P,2,250.7339,161701,22,intensifier
round2_screening,L10k,1000,1-0.25-P,2,275.3776,161759,14,intensifier
round2_screening,L10k,1000,1-0.25-P,2,449.6199,161768,6,intensifier
round2_screening,L10k,1000,2-0.25-P,1,0.5352,131603,6,intensifier
round2_screening,L10k,1000,2-0.25-P,1,0.5720,131698,6,intensifier
round2_screening,L10k,1000,2-0.25-P,1,0.6028,131891,6,intensifier
round2_screening,L10k,1000,2-0.25-P,1,0.6616,132316,46,intensifier
round2_screening,L10k,1000,2-0.25-P,1,0.7500,132332,46,intensifier
round2_screening,L10k,1000,2-0.25-P,1,0.8087,132716,68,explorer
round2_screening,L10k,1000,2-0.25-P,1,0.8384,132787,68,explorer
round2_screening,L10k,1000,2-0.25-P,1,0.9855,133124,68,explorer
round2_screening,L10k,1000,2-0.25-P,1,1.0160,133241,68,explorer
round2_screening,L10k,1000,2-0.25-P,1,2.7635,133285,14,intensifier
round2_screening,L10k,1000,2-0.25-P,1,3.0603,133321,14,intensifier
round2_screening,L10k,1000,2-0.25-P,1,3.4162,133786,14,intensifier
round2_screening,L10k,1000,2-0.25-P,1,4.4583,133812,14,intensifier
round2_screening,L10k,1000,2-0.25-P,1,6.0906,133949,14,intensifier
round2_screening,L10k,1000,2-0.25-P,1,6.2394,133967,14,intensifier
round2_screening,L10k,1000,2-0.25-P,1,6.8629,134072,14,intensifier
round2_screening,L10k,1000,2-0.25-P,1,8.5547,134163,14,intensifier
round2_screening,L10k,1000,2-0.25-P,1,8.6144,134165,14,intensifier
round2_screening,L10k,1000,2-0.25-P,1,9.6816,134263,14,intensifier
round2_screening,L10k,1000,2-0.25-P,1,10.5135,134351,14,intensifier
round2_screening,L10k,1000,2-0.25-P,1,10.9891,134453,14,intensifier
round2_screening,L10k,1000,2-0.25-P,1,16.7613,134484,14,intensifier
round2_screening,L10k,1000,2-0.25-P,1,31.7086,134544,34,intensifier
round2_screening,L10k,1000,2-0.25-P,1,33.1001,134611,36,intensifier
round2_screening,L10k,1000,2-0.25-P,1,42.9103,134684,36,intensifier
round2_screening,L10k,1000,2-0.25-P,1,48.3736,134687,5,intensifier
round2_screening,L10k,1000,2-0.25-P,1,49.3202,134753,30,intensifier
round2_screening,L10k,1000,2-0.25-P,1,51.1875,134770,30,intensifier
round2_screening,L10k,1000,2-0.25-P,1,51.2166,134889,30,intensifier
round2_screening,L10k,1000,2-0.25-P,1,53.2261,135035,30,intensifier
round2_screening,L10k,1000,2-0.25-P,1,76.1996,135134,51,intensifier
round2_screening,L10k,1000,2-0.25-P,1,85.0299,135221,51,intensifier
round2_screening,L10k,1000,2-0.25-P,1,88.0200,135294,51,intensifier
round2_screening,L10k,1000,2-0.25-P,1,101.1275,135490,14,intensifier
round2_screening,L10k,1000,2-0.25-P,1,262.3872,135602,40,intensifier
round2_screening,L10k,1000,2-0.25-P,1,533.0811,135605,27,intensifier
round2_screening,L10k,1000,2-0.25-P,2,0.6314,132294,80,explorer
round2_screening,L10k,1000,2-0.25-P,2,0.6639,132529,16,intensifier
round2_screening,L10k,1000,2-0.25-P,2,0.6931,132602,16,intensifier
round2_screening,L10k,1000,2-0.25-P,2,0.7231,132810,16,intensifier
round2_screening,L10k,1000,2-0.25-P,2,0.9602,132972,16,intensifier
round2_screening,L10k,1000,2-0.25-P,2,1.1091,133006,16,intensifier
round2_screening,L10k,1000,2-0.25-P,2,1.1393,133138,16,intensifier
round2_screening,L10k,1000,2-0.25-P,2,1.2284,133141,16,intensifier
round2_screening,L10k,1000,2-0.25-P,2,1.7625,133186,16,intensifier
round2_screening,L10k,1000,2-0.25-P,2,2.1463,133296,16,intensifier
round2_screening,L10k,1000,2-0.25-P,2,2.2355,133304,16,intensifier
round2_screening,L10k,1000,2-0.25-P,2,2.8266,133395,16,intensifier
round2_screening,L10k,1000,2-0.25-P,2,5.4959,133508,16,intensifier
round2_screening,L10k,1000,2-0.25-P,2,5.6455,133612,16,intensifier
round2_screening,L10k,1000,2-0.25-P,2,5.6756,133708,16,intensifier
round2_screening,L10k,1000,2-0.25-P,2,5.7057,133730,16,intensifier
round2_screening,L10k,1000,2-0.25-P,2,7.4887,133756,16,intensifier
round2_screening,L10k,1000,2-0.25-P,2,8.1690,133760,16,intensifier
round2_screening,L10k,1000,2-0.25-P,2,9.0278,133840,16,intensifier
round2_screening,L10k,1000,2-0.25-P,2,10.3631,133912,31,intensifier
round2_screening,L10k,1000,2-0.25-P,2,10.3932,134079,31,intensifier
round2_screening,L10k,1000,2-0.25-P,2,10.8972,134150,31,intensifier
round2_screening,L10k,1000,2-0.25-P,2,12.3792,134193,31,intensifier
round2_screening,L10k,1000,2-0.25-P,2,13.7156,134503,31,intensifier
round2_screening,L10k,1000,2-0.25-P,2,14.1599,134524,31,intensifier
round2_screening,L10k,1000,2-0.25-P,2,16.4432,134526,31,intensifier
round2_screening,L10k,1000,2-0.25-P,2,18.7250,134616,31,intensifier
round2_screening,L10k,1000,2-0.25-P,2,18.7551,134691,31,intensifier
round2_screening,L10k,1000,2-0.25-P,2,20.1181,134718,31,intensifier
round2_screening,L10k,1000,2-0.25-P,2,21.0665,134859,26,intensifier
round2_screening,L10k,1000,2-0.25-P,2,21.8084,135001,26,intensifier
round2_screening,L10k,1000,2-0.25-P,2,31.1350,135009,30,intensifier
round2_screening,L10k,1000,2-0.25-P,2,34.1575,135280,30,intensifier
round2_screening,L10k,1000,2-0.25-P,2,195.2205,135351,2,intensifier
round2_screening,L10k,1000,2-0.25-P,2,253.4049,135514,41,intensifier
round2_screening,L10k,1000,2-0.25-P,2,316.5412,135605,1,intensifier
round2_screening,L10k,1000,7-0.5-M,1,0.3636,41131,54,intensifier
round2_screening,L10k,1000,7-0.5-M,1,0.4319,43048,53,intensifier
round2_screening,L10k,1000,7-0.5-M,1,0.4620,44250,49,intensifier
round2_screening,L10k,1000,7-0.5-M,1,0.4922,44773,49,intensifier
round2_screening,L10k,1000,7-0.5-M,1,0.5230,45200,80,explorer
round2_screening,L10k,1000,7-0.5-M,1,0.5521,45330,80,explorer
round2_screening,L10k,1000,7-0.5-M,1,0.5818,45572,80,explorer
round2_screening,L10k,1000,7-0.5-M,1,0.6408,45909,36,intensifier
round2_screening,L10k,1000,7-0.5-M,1,0.6706,46166,36,intensifier
round2_screening,L10k,1000,7-0.5-M,1,0.7006,46392,80,explorer
round2_screening,L10k,1000,7-0.5-M,1,0.7298,46901,80,explorer
round2_screening,L10k,1000,7-0.5-M,1,0.9355,47020,1,intensifier
round2_screening,L10k,1000,7-0.5-M,1,0.9665,47090,1,intensifier
round2_screening,L10k,1000,7-0.5-M,1,1.1125,47337,32,intensifier
round2_screening,L10k,1000,7-0.5-M,1,1.1416,47402,32,intensifier
round2_screening,L10k,1000,7-0.5-M,1,1.2307,47631,75,explorer
round2_screening,L10k,1000,7-0.5-M,1,1.5258,47673,54,intensifier
round2_screening,L10k,1000,7-0.5-M,1,1.7009,47704,54,intensifier
round2_screening,L10k,1000,7-0.5-M,1,1.9634,47803,54,intensifier
round2_screening,L10k,1000,7-0.5-M,1,2.5819,47805,54,intensifier
round2_screening,L10k,1000,7-0.5-M,1,4.4934,47841,54,intensifier
round2_screening,L10k,1000,7-0.5-M,1,5.1137,47864,54,intensifier
round2_screening,L10k,1000,7-0.5-M,1,5.2028,47871,54,intensifier
round2_screening,L10k,1000,7-0.5-M,1,5.9672,47883,54,intensifier
round2_screening,L10k,1000,7-0.5-M,1,6.4674,47907,54,intensifier
round2_screening,L10k,1000,7-0.5-M,1,7.2347,48040,54,intensifier
round2_screening,L10k,1000,7-0.5-M,1,8.2963,48373,54,intensifier
round2_screening,L10k,1000,7-0.5-M,1,8.7089,48379,54,intensifier
round2_screening,L10k,1000,7-0.5-M,1,8.7379,48389,54,intensifier
round2_screening,L10k,1000,7-0.5-M,1,43.2585,48490,34,intensifier
round2_screening,L10k,1000,7-0.5-M,1,44.0263,48541,34,intensifier
round2_screening,L10k,1000,7-0.5-M,1,46.7846,48613,34,intensifier
round2_screening,L10k,1000,7-0.5-M,1,48.2262,48814,34,intensifier
round2_screening,L10k,1000,7-0.5-M,1,54.8323,48863,34,intensifier
round2_screening,L10k,1000,7-0.5-M,1,76.7987,48881,35,intensifier
round2_screening,L10k,1000,7-0.5-M,1,78.5862,48908,35,intensifier
round2_screening,L10k,1000,7-0.5-M,1,79.1417,48938,35,intensifier
round2_screening,L10k,1000,7-0.5-M,1,80.2607,48965,35,intensifier
round2_screening,L10k,1000,7-0.5-M,1,81.3213,48971,35,intensifier
round2_screening,L10k,1000,7-0.5-M,1,351.9677,49001,32,intensifier
round2_screening,L10k,1000,7-0.5-M,1,360.5049,49030,32,intensifier
round2_screening,L10k,1000,7-0.5-M,1,361.3580,49072,32,intensifier
round2_screening,L10k,1000,7-0.5-M,1,427.5758,49101,33,intensifier
round2_screening,L10k,1000,7-0.5-M,1,430.4389,49227,32,intensifier
round2_screening,L10k,1000,7-0.5-M,2,0.4599,44542,71,explorer
round2_screening,L10k,1000,7-0.5-M,2,0.5186,45260,68,explorer
round2_screening,L10k,1000,7-0.5-M,2,0.5487,45663,68,explorer
round2_screening,L10k,1000,7-0.5-M,2,0.5784,45762,46,intensifier
round2_screening,L10k,1000,7-0.5-M,2,0.6080,45920,46,intensifier
round2_screening,L10k,1000,7-0.5-M,2,0.6379,46050,34,intensifier
round2_screening,L10k,1000,7-0.5-M,2,0.6666,46320,71,explorer
round2_screening,L10k,1000,7-0.5-M,2,0.6967,46658,34,intensifier
round2_screening,L10k,1000,7-0.5-M,2,0.7268,47029,34,intensifier
round2_screening,L10k,1000,7-0.5-M,2,0.8164,47067,34,intensifier
round2_screening,L10k,1000,7-0.5-M,2,0.8774,47439,34,intensifier
round2_screening,L10k,1000,7-0.5-M,2,0.9075,47467,34,intensifier
round2_screening,L10k,1000,7-0.5-M,2,1.0236,48006,34,intensifier
round2_screening,L10k,1000,7-0.5-M,2,1.0541,48015,34,intensifier
round2_screening,L10k,1000,7-0.5-M,2,2.0246,48064,34,intensifier
round2_screening,L10k,1000,7-0.5-M,2,2.2596,48197,34,intensifier
round2_screening,L10k,1000,7-0.5-M,2,2.7592,48273,34,intensifier
round2_screening,L10k,1000,7-0.5-M,2,3.2598,48279,34,intensifier
round2_screening,L10k,1000,7-0.5-M,2,3.9090,48284,34,intensifier
round2_screening,L10k,1000,7-0.5-M,2,6.1176,48292,34,intensifier
round2_screening,L10k,1000,7-0.5-M,2,6.2065,48377,34,intensifier
round2_screening,L10k,1000,7-0.5-M,2,7.8500,48400,34,intensifier
round2_screening,L10k,1000,7-0.5-M,2,8.9112,48534,34,intensifier
round2_screening,L10k,1000,7-0.5-M,2,9.4420,48569,34,intensifier
round2_screening,L10k,1000,7-0.5-M,2,9.4712,48711,34,intensifier
round2_screening,L10k,1000,7-0.5-M,2,13.4305,48791,34,intensifier
round2_screening,L10k,1000,7-0.5-M,2,18.3908,48839,34,intensifier
round2_screening,L10k,1000,7-0.5-M,2,28.3501,48999,34,intensifier
round2_screening,L10k,1000,7-0.5-M,2,31.6456,49028,34,intensifier
round2_screening,L10k,1000,7-0.5-M,2,33.4621,49098,34,intensifier
round2_screening,L10k,1000,7-0.5-M,2,34.9817,49105,34,intensifier
round2_screening,L10k,1000,7-0.5-M,2,73.3869,49221,35,intensifier
round2_screening,L10k,1000,7-0.5-M,2,78.4961,49224,35,intensifier
round2_screening,L10k,1000,7-0.5-M,2,82.3061,49261,35,intensifier
round2_screening,L10k,1000,7-0.5-M,2,88.0869,49303,35,intensifier
round2_screening,L10k,1000,7-0.5-M,2,217.1391,49309,52,intensifier
round2_screening,L10k,1000,7-0.5-M,2,535.2415,49345,0,intensifier
round2_screening,L10k,1000,9-0.75-M,1,0.6484,29874,69,explorer
round2_screening,L10k,1000,9-0.75-M,1,0.7079,29984,17,intensifier
round2_screening,L10k,1000,9-0.75-M,1,0.7376,30116,17,intensifier
round2_screening,L10k,1000,9-0.75-M,1,0.7673,30229,17,intensifier
round2_screening,L10k,1000,9-0.75-M,1,0.8265,30367,17,intensifier
round2_screening,L10k,1000,9-0.75-M,1,1.0920,30634,17,intensifier
round2_screening,L10k,1000,9-0.75-M,1,1.4778,30635,17,intensifier
round2_screening,L10k,1000,9-0.75-M,1,1.5078,30756,17,intensifier
round2_screening,L10k,1000,9-0.75-M,1,2.3065,30775,17,intensifier
round2_screening,L10k,1000,9-0.75-M,1,2.7811,30805,17,intensifier
round2_screening,L10k,1000,9-0.75-M,1,2.8992,30870,17,intensifier
round2_screening,L10k,1000,9-0.75-M,1,2.9289,31046,17,intensifier
round2_screening,L10k,1000,9-0.75-M,1,3.1649,31047,17,intensifier
round2_screening,L10k,1000,9-0.75-M,1,3.1950,31087,17,intensifier
round2_screening,L10k,1000,9-0.75-M,1,3.5504,31091,17,intensifier
round2_screening,L10k,1000,9-0.75-M,1,3.9057,31215,17,intensifier
round2_screening,L10k,1000,9-0.75-M,1,4.1418,31260,17,intensifier
round2_screening,L10k,1000,9-0.75-M,1,109.8309,31364,45,intensifier
round2_screening,L10k,1000,9-0.75-M,1,109.8904,31402,3,intensifier
round2_screening,L10k,1000,9-0.75-M,1,110.5432,31434,3,intensifier
round2_screening,L10k,1000,9-0.75-M,1,114.7062,31540,45,intensifier
round2_screening,L10k,1000,9-0.75-M,1,161.2006,31558,61,intensifier
round2_screening,L10k,1000,9-0.75-M,1,162.5300,31559,61,intensifier
round2_screening,L10k,1000,9-0.75-M,1,165.8698,31586,61,intensifier
round2_screening,L10k,1000,9-0.75-M,1,274.7019,31660,54,intensifier
round2_screening,L10k,1000,9-0.75-M,2,0.0989,2141,71,explorer
round2_screening,L10k,1000,9-0.75-M,2,0.3091,27478,78,explorer
round2_screening,L10k,1000,9-0.75-M,2,0.3391,27925,78,explorer
round2_screening,L10k,1000,9-0.75-M,2,0.3693,27965,36,intensifier
round2_screening,L10k,1000,9-0.75-M,2,0.3992,28792,30,intensifier
round2_screening,L10k,1000,9-0.75-M,2,0.4290,29071,30,intensifier
round2_screening,L10k,1000,9-0.75-M,2,0.4589,29618,33,intensifier
round2_screening,L10k,1000,9-0.75-M,2,0.4888,29804,30,intensifier
round2_screening,L10k,1000,9-0.75-M,2,0.5778,29931,28,intensifier
round2_screening,L10k,1000,9-0.75-M,2,0.6076,29973,28,intensifier
round2_screening,L10k,1000,9-0.75-M,2,0.6374,30041,28,intensifier
round2_screening,L10k,1000,9-0.75-M,2,0.7259,30145,57,intensifier
round2_screening,L10k,1000,9-0.75-M,2,1.0207,30275,57,intensifier
round2_screening,L10k,1000,9-0.75-M,2,1.0505,30364,57,intensifier
round2_screening,L10k,1000,9-0.75-M,2,1.3466,30373,60,intensifier
round2_screening,L10k,1000,9-0.75-M,2,1.4355,30623,57,intensifier
round2_screening,L10k,1000,9-0.75-M,2,1.4653,30735,57,intensifier
round2_screening,L10k,1000,9-0.75-M,2,1.5832,30810,57,intensifier
round2_screening,L10k,1000,9-0.75-M,2,1.9963,30829,57,intensifier
round2_screening,L10k,1000,9-0.75-M,2,2.1438,30881,57,intensifier
round2_screening,L10k,1000,9-0.75-M,2,2.1737,30919,57,intensifier
round2_screening,L10k,1000,9-0.75-M,2,2.4691,30987,57,intensifier
round2_screening,L10k,1000,9-0.75-M,2,4.8871,31097,57,intensifier
round2_screening,L10k,1000,9-0.75-M,2,5.0353,31134,57,intensifier
round2_screening,L10k,1000,9-0.75-M,2,10.3205,31138,13,intensifier
round2_screening,L10k,1000,9-0.75-M,2,10.3505,31266,13,intensifier
round2_screening,L10k,1000,9-0.75-M,2,10.3802,31294,13,intensifier
round2_screening,L10k,1000,9-0.75-M,2,13.3886,31322,57,intensifier
round2_screening,L10k,1000,9-0.75-M,2,14.1535,31364,13,intensifier
round2_screening,L10k,1000,9-0.75-M,2,14.1832,31398,13,intensifier
round2_screening,L10k,1000,9-0.75-M,2,18.7239,31442,13,intensifier
round2_screening,L10k,1000,9-0.75-M,2,18.7538,31487,13,intensifier
round2_screening,L10k,1000,9-0.75-M,2,36.3584,31523,48,intensifier
round2_screening,L10k,1000,9-0.75-M,2,40.7792,31530,48,intensifier
round2_screening,L10k,1000,9-0.75-M,2,42.5782,31598,48,intensifier
round2_screening,L10k,1000,9-0.75-M,2,48.1484,31772,48,intensifier
round2_screening,L5k,1000,1-0.25-P,1,0.5488,159065,60,intensifier
round2_screening,L5k,1000,1-0.25-P,1,0.5846,159669,11,intensifier
round2_screening,L5k,1000,1-0.25-P,1,0.6147,159856,11,intensifier
round2_screening,L5k,1000,1-0.25-P,1,0.7043,159972,11,intensifier
round2_screening,L5k,1000,1-0.25-P,1,0.7346,160074,11,intensifier
round2_screening,L5k,1000,1-0.25-P,1,1.0020,160102,11,intensifier
round2_screening,L5k,1000,1-0.25-P,1,1.1492,160382,11,intensifier
round2_screening,L5k,1000,1-0.25-P,1,1.2658,160531,11,intensifier
round2_screening,L5k,1000,1-0.25-P,1,1.9406,160561,11,intensifier
round2_screening,L5k,1000,1-0.25-P,1,1.9708,160678,11,intensifier
round2_screening,L5k,1000,1-0.25-P,1,2.5364,160699,11,intensifier
round2_screening,L5k,1000,1-0.25-P,1,3.7819,160738,11,intensifier
round2_screening,L5k,1000,1-0.25-P,1,4.6383,160802,11,intensifier
round2_screening,L5k,1000,1-0.25-P,1,4.7851,160841,11,intensifier
round2_screening,L5k,1000,1-0.25-P,1,9.2423,160856,11,intensifier
round2_screening,L5k,1000,1-0.25-P,1,9.6596,160859,54,intensifier
round2_screening,L5k,1000,1-0.25-P,1,9.8938,160939,54,intensifier
round2_screening,L5k,1000,1-0.25-P,1,22.6347,160968,3,intensifier
round2_screening,L5k,1000,1-0.25-P,1,23.3500,160992,3,intensifier
round2_screening,L5k,1000,1-0.25-P,1,23.5288,161005,47,intensifier
round2_screening,L5k,1000,1-0.25-P,1,23.6486,161153,28,intensifier
round2_screening,L5k,1000,1-0.25-P,1,60.4741,161318,60,intensifier
round2_screening,L5k,1000,1-0.25-P,1,307.9964,161386,45,intensifier
round2_screening,L5k,1000,1-0.25-P,1,348.8448,161444,56,intensifier
round2_screening,L5k,1000,1-0.25-P,1,500.6978,161453,3,intensifier
round2_screening,L5k,1000,1-0.25-P,1,533.2895,161497,9,intensifier
round2_screening,L5k,1000,1-0.25-P,1,568.0863,161505,49,intensifier
round2_screening,L5k,1000,1-0.25-P,1,586.9244,161519,9,intensifier
round2_screening,L5k,1000,1-0.25-P,2,0.6401,159760,49,intensifier
round2_screening,L5k,1000,1-0.25-P,2,1.3260,159784,49,intensifier
round2_screening,L5k,1000,1-0.25-P,2,1.4141,160088,49,intensifier
round2_screening,L5k,1000,1-0.25-P,2,1.7705,160224,49,intensifier
round2_screening,L5k,1000,1-0.25-P,2,1.8004,160372,49,intensifier
round2_screening,L5k,1000,1-0.25-P,2,1.8304,160375,49,intensifier
round2_screening,L5k,1000,1-0.25-P,2,1.8908,160490,49,intensifier
round2_screening,L5k,1000,1-0.25-P,2,2.6926,160738,49,intensifier
round2_screening,L5k,1000,1-0.25-P,2,5.5306,160898,49,intensifier
round2_screening,L5k,1000,1-0.25-P,2,7.2691,160926,49,intensifier
round2_screening,L5k,1000,1-0.25-P,2,9.6044,160927,49,intensifier
round2_screening,L5k,1000,1-0.25-P,2,10.3172,161102,49,intensifier
round2_screening,L5k,1000,1-0.25-P,2,14.7882,161124,49,intensifier
round2_screening,L5k,1000,1-0.25-P,2,16.2659,161230,56,intensifier
round2_screening,L5k,1000,1-0.25-P,2,38.3264,161362,9,intensifier
round2_screening,L5k,1000,1-0.25-P,2,62.1493,161461,13,intensifier
round2_screening,L5k,1000,1-0.25-P,2,145.2753,161473,61,intensifier
round2_screening,L5k,1000,1-0.25-P,2,164.0855,161483,7,intensifier
round2_screening,L5k,1000,1-0.25-P,2,249.4913,161500,27,intensifier
round2_screening,L5k,1000,1-0.25-P,2,314.0259,161547,19,intensifier
round2_screening,L5k,1000,1-0.25-P,2,364.9442,161554,40,intensifier
round2_screening,L5k,1000,1-0.25-P,2,404.9809,161587,60,intensifier
round2_screening,L5k,1000,1-0.25-P,2,438.3128,161649,25,intensifier
round2_screening,L5k,1000,1-0.25-P,2,586.6716,161709,9,intensifier
round2_screening,L5k,1000,2-0.25-P,1,0.5405,131603,6,intensifier
round2_screening,L5k,1000,2-0.25-P,1,0.5775,131698,6,intensifier
round2_screening,L5k,1000,2-0.25-P,1,0.6077,131891,6,intensifier
round2_screening,L5k,1000,2-0.25-P,1,0.6968,131893,43,intensifier
round2_screening,L5k,1000,2-0.25-P,1,0.7569,132072,43,intensifier
round2_screening,L5k,1000,2-0.25-P,1,0.7866,132405,68,explorer
round2_screening,L5k,1000,2-0.25-P,1,0.8161,132716,68,explorer
round2_screening,L5k,1000,2-0.25-P,1,0.8461,132787,68,explorer
round2_screening,L5k,1000,2-0.25-P,1,0.9935,133124,68,explorer
round2_screening,L5k,1000,2-0.25-P,1,1.0231,133241,68,explorer
round2_screening,L5k,1000,2-0.25-P,1,2.7651,133285,14,intensifier
round2_screening,L5k,1000,2-0.25-P,1,3.0625,133321,14,intensifier
round2_screening,L5k,1000,2-0.25-P,1,3.4195,133500,14,intensifier
round2_screening,L5k,1000,2-0.25-P,1,3.4498,133786,14,intensifier
round2_screening,L5k,1000,2-0.25-P,1,4.4590,133812,14,intensifier
round2_screening,L5k,1000,2-0.25-P,1,6.1219,133949,14,intensifier
round2_screening,L5k,1000,2-0.25-P,1,6.2703,133967,14,intensifier
round2_screening,L5k,1000,2-0.25-P,1,6.8943,134072,14,intensifier
round2_screening,L5k,1000,2-0.25-P,1,8.5830,134163,14,intensifier
round2_screening,L5k,1000,2-0.25-P,1,8.6434,134165,14,intensifier
round2_screening,L5k,1000,2-0.25-P,1,9.7107,134263,14,intensifier
round2_screening,L5k,1000,2-0.25-P,1,10.6945,134351,14,intensifier
round2_screening,L5k,1000,2-0.25-P,1,11.1975,134453,14,intensifier
round2_screening,L5k,1000,2-0.25-P,1,32.1395,134646,32,intensifier
round2_screening,L5k,1000,2-0.25-P,1,32.2579,134665,32,intensifier
round2_screening,L5k,1000,2-0.25-P,1,107.5535,134729,7,intensifier
round2_screening,L5k,1000,2-0.25-P,1,107.8799,134776,7,intensifier
round2_screening,L5k,1000,2-0.25-P,1,110.1313,134827,7,intensifier
round2_screening,L5k,1000,2-0.25-P,1,110.1607,134965,7,intensifier
round2_screening,L5k,1000,2-0.25-P,1,149.7202,134997,60,intensifier
round2_screening,L5k,1000,2-0.25-P,1,182.6966,135031,42,intensifier
round2_screening,L5k,1000,2-0.25-P,1,190.5843,135212,2,intensifier
round2_screening,L5k,1000,2-0.25-P,1,207.3225,135304,26,intensifier
round2_screening,L5k,1000,2-0.25-P,1,337.1465,135350,25,intensifier
round2_screening,L5k,1000,2-0.25-P,1,354.0570,135363,49,intensifier
round2_screening,L5k,1000,2-0.25-P,1,415.3019,135413,22,intensifier
round2_screening,L5k,1000,2-0.25-P,1,416.7253,135437,13,intensifier
round2_screening,L5k,1000,2-0.25-P,1,467.3042,135518,22,intensifier
round2_screening,L5k,1000,2-0.25-P,1,519.2464,135532,51,intensifier
round2_screening,L5k,1000,2-0.25-P,2,0.6287,132294,80,explorer
round2_screening,L5k,1000,2-0.25-P,2,0.6613,132529,16,intensifier
round2_screening,L5k,1000,2-0.25-P,2,0.6906,132602,16,intensifier
round2_screening,L5k,1000,2-0.25-P,2,0.7206,132728,16,intensifier
round2_screening,L5k,1000,2-0.25-P,2,0.7508,132810,16,intensifier
round2_screening,L5k,1000,2-0.25-P,2,0.9573,132972,16,intensifier
round2_screening,L5k,1000,2-0.25-P,2,1.1061,133006,16,intensifier
round2_screening,L5k,1000,2-0.25-P,2,1.1363,133138,16,intensifier
round2_screening,L5k,1000,2-0.25-P,2,1.2256,133141,16,intensifier
round2_screening,L5k,1000,2-0.25-P,2,1.7609,133186,16,intensifier
round2_screening,L5k,1000,2-0.25-P,2,2.1456,133296,16,intensifier
round2_screening,L5k,1000,2-0.25-P,2,2.2349,133304,16,intensifier
round2_screening,L5k,1000,2-0.25-P,2,2.8275,133395,16,intensifier
round2_screening,L5k,1000,2-0.25-P,2,5.4966,133508,16,intensifier
round2_screening,L5k,1000,2-0.25-P,2,5.6462,133612,16,intensifier
round2_screening,L5k,1000,2-0.25-P,2,5.6762,133708,16,intensifier
round2_screening,L5k,1000,2-0.25-P,2,5.7064,133730,16,intensifier
round2_screening,L5k,1000,2-0.25-P,2,7.4883,133756,16,intensifier
round2_screening,L5k,1000,2-0.25-P,2,7.6963,133807,17,intensifier
round2_screening,L5k,1000,2-0.25-P,2,8.6149,133916,17,intensifier
round2_screening,L5k,1000,2-0.25-P,2,9.5337,133949,60,intensifier
round2_screening,L5k,1000,2-0.25-P,2,10.2169,134043,31,intensifier
round2_screening,L5k,1000,2-0.25-P,2,10.2467,134359,31,intensifier
round2_screening,L5k,1000,2-0.25-P,2,11.8186,134584,31,intensifier
round2_screening,L5k,1000,2-0.25-P,2,12.4707,134628,31,intensifier
round2_screening,L5k,1000,2-0.25-P,2,28.2934,134665,18,intensifier
round2_screening,L5k,1000,2-0.25-P,2,29.8653,134743,5,intensifier
round2_screening,L5k,1000,2-0.25-P,2,30.4583,135028,5,intensifier
round2_screening,L5k,1000,2-0.25-P,2,35.3473,135039,5,intensifier
round2_screening,L5k,1000,2-0.25-P,2,35.7617,135070,22,intensifier
round2_screening,L5k,1000,2-0.25-P,2,36.0874,135140,60,intensifier
round2_screening,L5k,1000,2-0.25-P,2,84.1557,135251,56,intensifier
round2_screening,L5k,1000,2-0.25-P,2,122.4238,135282,13,intensifier
round2_screening,L5k,1000,2-0.25-P,2,140.5045,135334,23,intensifier
round2_screening,L5k,1000,2-0.25-P,2,144.4155,135353,17,intensifier
round2_screening,L5k,1000,2-0.25-P,2,170.6494,135380,50,intensifier
round2_screening,L5k,1000,2-0.25-P,2,172.1581,135390,26,intensifier
round2_screening,L5k,1000,2-0.25-P,2,258.9312,135463,62,intensifier
round2_screening,L5k,1000,2-0.25-P,2,306.5597,135496,10,intensifier
round2_screening,L5k,1000,2-0.25-P,2,407.4887,135552,33,intensifier
round2_screening,L5k,1000,2-0.25-P,2,411.4916,135591,20,intensifier
round2_screening,L5k,1000,2-0.25-P,2,451.2400,135592,17,intensifier
round2_screening,L5k,1000,7-0.5-M,1,0.3678,41514,54,intensifier
round2_screening,L5k,1000,7-0.5-M,1,0.4365,43939,54,intensifier
round2_screening,L5k,1000,7-0.5-M,1,0.4665,44629,54,intensifier
round2_screening,L5k,1000,7-0.5-M,1,0.4964,44941,54,intensifier
round2_screening,L5k,1000,7-0.5-M,1,0.5265,45440,53,intensifier
round2_screening,L5k,1000,7-0.5-M,1,0.5565,45920,53,intensifier
round2_screening,L5k,1000,7-0.5-M,1,0.6165,45945,53,intensifier
round2_screening,L5k,1000,7-0.5-M,1,0.6465,46172,53,intensifier
round2_screening,L5k,1000,7-0.5-M,1,0.6764,46292,53,intensifier
round2_screening,L5k,1000,7-0.5-M,1,0.7068,46514,80,explorer
round2_screening,L5k,1000,7-0.5-M,1,0.7379,46901,80,explorer
round2_screening,L5k,1000,7-0.5-M,1,0.9162,46998,46,intensifier
round2_screening,L5k,1000,7-0.5-M,1,1.0336,47019,46,intensifier
round2_screening,L5k,1000,7-0.5-M,1,1.0629,47181,46,intensifier
round2_screening,L5k,1000,7-0.5-M,1,1.0922,47196,46,intensifier
round2_screening,L5k,1000,7-0.5-M,1,1.1504,47319,46,intensifier
round2_screening,L5k,1000,7-0.5-M,1,1.1795,47417,46,intensifier
round2_screening,L5k,1000,7-0.5-M,1,1.2380,47766,46,intensifier
round2_screening,L5k,1000,7-0.5-M,1,1.5860,47846,46,intensifier
round2_screening,L5k,1000,7-0.5-M,1,2.6670,47999,46,intensifier
round2_screening,L5k,1000,7-0.5-M,1,2.7273,48085,46,intensifier
round2_screening,L5k,1000,7-0.5-M,1,3.8419,48326,46,intensifier
round2_screening,L5k,1000,7-0.5-M,1,5.2173,48339,46,intensifier
round2_screening,L5k,1000,7-0.5-M,1,6.1581,48372,46,intensifier
round2_screening,L5k,1000,7-0.5-M,1,6.2187,48386,46,intensifier
round2_screening,L5k,1000,7-0.5-M,1,7.2201,48502,46,intensifier
round2_screening,L5k,1000,7-0.5-M,1,7.4245,48515,46,intensifier
round2_screening,L5k,1000,7-0.5-M,1,8.3676,48566,46,intensifier
round2_screening,L5k,1000,7-0.5-M,1,8.5441,48581,46,intensifier
round2_screening,L5k,1000,7-0.5-M,1,8.9571,48648,46,intensifier
round2_screening,L5k,1000,7-0.5-M,1,9.2235,48692,46,intensifier
round2_screening,L5k,1000,7-0.5-M,1,12.1404,48796,46,intensifier
round2_screening,L5k,1000,7-0.5-M,1,15.4366,48807,46,intensifier
round2_screening,L5k,1000,7-0.5-M,1,40.0826,49000,51,intensifier
round2_screening,L5k,1000,7-0.5-M,1,46.9267,49016,51,intensifier
round2_screening,L5k,1000,7-0.5-M,1,51.3440,49133,51,intensifier
round2_screening,L5k,1000,7-0.5-M,1,51.9306,49283,51,intensifier
round2_screening,L5k,1000,7-0.5-M,1,55.4009,49291,51,intensifier
round2_screening,L5k,1000,7-0.5-M,1,572.4042,49322,58,intensifier
round2_screening,L5k,1000,7-0.5-M,1,577.3100,49398,58,intensifier
round2_screening,L5k,1000,7-0.5-M,2,0.4592,44542,71,explorer
round2_screening,L5k,1000,7-0.5-M,2,0.5178,45260,68,explorer
round2_screening,L5k,1000,7-0.5-M,2,0.5478,45663,68,explorer
round2_screening,L5k,1000,7-0.5-M,2,0.5774,45762,46,intensifier
round2_screening,L5k,1000,7-0.5-M,2,0.6070,45920,46,intensifier
round2_screening,L5k,1000,7-0.5-M,2,0.6369,46050,34,intensifier
round2_screening,L5k,1000,7-0.5-M,2,0.6656,46320,71,explorer
round2_screening,L5k,1000,7-0.5-M,2,0.6957,46588,34,intensifier
round2_screening,L5k,1000,7-0.5-M,2,0.7259,46628,34,intensifier
round2_screening,L5k,1000,7-0.5-M,2,0.7858,46652,34,intensifier
round2_screening,L5k,1000,7-0.5-M,2,0.8467,46716,57,intensifier
round2_screening,L5k,1000,7-0.5-M,2,0.8768,46884,57,intensifier
round2_screening,L5k,1000,7-0.5-M,2,1.0528,47281,57,intensifier
round2_screening,L5k,1000,7-0.5-M,2,1.0826,47454,20,intensifier
round2_screening,L5k,1000,7-0.5-M,2,1.1123,47500,20,intensifier
round2_screening,L5k,1000,7-0.5-M,2,1.1417,47649,57,intensifier
round2_screening,L5k,1000,7-0.5-M,2,1.4388,47662,57,intensifier
round2_screening,L5k,1000,7-0.5-M,2,1.6168,47714,57,intensifier
round2_screening,L5k,1000,7-0.5-M,2,1.7925,47831,57,intensifier
round2_screening,L5k,1000,7-0.5-M,2,1.8212,47895,57,intensifier
round2_screening,L5k,1000,7-0.5-M,2,1.9112,47905,57,intensifier
round2_screening,L5k,1000,7-0.5-M,2,2.0275,48025,57,intensifier
round2_screening,L5k,1000,7-0.5-M,2,2.1438,48045,57,intensifier
round2_screening,L5k,1000,7-0.5-M,2,2.1742,48054,57,intensifier
round2_screening,L5k,1000,7-0.5-M,2,2.2631,48105,57,intensifier
round2_screening,L5k,1000,7-0.5-M,2,2.3499,48119,57,intensifier
round2_screening,L5k,1000,7-0.5-M,2,2.5871,48204,57,intensifier
round2_screening,L5k,1000,7-0.5-M,2,3.4705,48222,57,intensifier
round2_screening,L5k,1000,7-0.5-M,2,3.7061,48468,57,intensifier
round2_screening,L5k,1000,7-0.5-M,2,4.8003,48623,57,intensifier
round2_screening,L5k,1000,7-0.5-M,2,4.8301,48642,57,intensifier
round2_screening,L5k,1000,7-0.5-M,2,4.8599,48693,57,intensifier
round2_screening,L5k,1000,7-0.5-M,2,7.5037,48745,57,intensifier
round2_screening,L5k,1000,7-0.5-M,2,8.0330,48748,57,intensifier
round2_screening,L5k,1000,7-0.5-M,2,54.7030,48756,7,intensifier
round2_screening,L5k,1000,7-0.5-M,2,54.7326,48774,7,intensifier
round2_screening,L5k,1000,7-0.5-M,2,54.7911,48792,7,intensifier
round2_screening,L5k,1000,7-0.5-M,2,56.8764,48816,7,intensifier
round2_screening,L5k,1000,7-0.5-M,2,57.9324,48863,7,intensifier
round2_screening,L5k,1000,7-0.5-M,2,58.4618,49025,7,intensifier
round2_screening,L5k,1000,7-0.5-M,2,107.4527,49120,2,intensifier
round2_screening,L5k,1000,7-0.5-M,2,129.2976,49184,51,intensifier
round2_screening,L5k,1000,7-0.5-M,2,132.0884,49225,51,intensifier
round2_screening,L5k,1000,7-0.5-M,2,135.4928,49291,51,intensifier
round2_screening,L5k,1000,9-0.75-M,1,0.6742,29874,69,explorer
round2_screening,L5k,1000,9-0.75-M,1,0.7043,29984,17,intensifier
round2_screening,L5k,1000,9-0.75-M,1,0.7346,30116,17,intensifier
round2_screening,L5k,1000,9-0.75-M,1,0.7931,30229,17,intensifier
round2_screening,L5k,1000,9-0.75-M,1,0.8528,30367,17,intensifier
round2_screening,L5k,1000,9-0.75-M,1,1.0895,30634,17,intensifier
round2_screening,L5k,1000,9-0.75-M,1,1.5043,30635,17,intensifier
round2_screening,L5k,1000,9-0.75-M,1,1.5344,30756,17,intensifier
round2_screening,L5k,1000,9-0.75-M,1,2.3069,30775,17,intensifier
round2_screening,L5k,1000,9-0.75-M,1,2.8118,30805,17,intensifier
round2_screening,L5k,1000,9-0.75-M,1,2.9311,31046,17,intensifier
round2_screening,L5k,1000,9-0.75-M,1,3.1981,31087,17,intensifier
round2_screening,L5k,1000,9-0.75-M,1,3.5838,31091,17,intensifier
round2_screening,L5k,1000,9-0.75-M,1,3.9398,31215,17,intensifier
round2_screening,L5k,1000,9-0.75-M,1,4.1768,31260,17,intensifier
round2_screening,L5k,1000,9-0.75-M,1,47.8506,31269,41,intensifier
round2_screening,L5k,1000,9-0.75-M,1,49.5603,31320,41,intensifier
round2_screening,L5k,1000,9-0.75-M,1,49.6197,31442,18,intensifier
round2_screening,L5k,1000,9-0.75-M,1,222.6841,31562,17,intensifier
round2_screening,L5k,1000,9-0.75-M,1,486.6815,31605,36,intensifier
round2_screening,L5k,1000,9-0.75-M,1,528.6849,31631,61,intensifier
round2_screening,L5k,1000,9-0.75-M,1,529.3053,31650,61,intensifier
round2_screening,L5k,1000,9-0.75-M,1,530.4847,31703,61,intensifier
round2_screening,L5k,1000,9-0.75-M,2,0.3778,28419,49,intensifier
round2_screening,L5k,1000,9-0.75-M,2,0.4078,28530,30,intensifier
round2_screening,L5k,1000,9-0.75-M,2,0.4377,28859,39,intensifier
round2_screening,L5k,1000,9-0.75-M,2,0.4674,29261,33,intensifier
round2_screening,L5k,1000,9-0.75-M,2,0.4972,29312,55,intensifier
round2_screening,L5k,1000,9-0.75-M,2,0.5270,30137,55,intensifier
round2_screening,L5k,1000,9-0.75-M,2,0.7629,30188,55,intensifier
round2_screening,L5k,1000,9-0.75-M,2,0.7927,30410,55,intensifier
round2_screening,L5k,1000,9-0.75-M,2,1.1764,30411,55,intensifier
round2_screening,L5k,1000,9-0.75-M,2,1.3246,30551,52,intensifier
round2_screening,L5k,1000,9-0.75-M,2,1.5311,30556,52,intensifier
round2_screening,L5k,1000,9-0.75-M,2,1.5905,30692,52,intensifier
round2_screening,L5k,1000,9-0.75-M,2,2.0031,30730,52,intensifier
round2_screening,L5k,1000,9-0.75-M,2,2.4458,30807,52,intensifier
round2_screening,L5k,1000,9-0.75-M,2,3.5060,31060,52,intensifier
round2_screening,L5k,1000,9-0.75-M,2,3.7135,31112,52,intensifier
round2_screening,L5k,1000,9-0.75-M,2,3.7728,31165,52,intensifier
round2_screening,L5k,1000,9-0.75-M,2,4.3919,31221,52,intensifier
round2_screening,L5k,1000,9-0.75-M,2,5.4246,31344,52,intensifier
round2_screening,L5k,1000,9-0.75-M,2,8.0490,31356,52,intensifier
round2_screening,L5k,1000,9-0.75-M,2,9.5213,31396,52,intensifier
round2_screening,L5k,1000,9-0.75-M,2,10.2306,31444,52,intensifier
round2_screening,L5k,1000,9-0.75-M,2,11.5878,31504,52,intensifier
round2_screening,L5k,1000,9-0.75-M,2,12.7692,31556,52,intensifier
round2_screening,L5k,1000,9-0.75-M,2,17.5142,31586,52,intensifier
round2_screening,L5k,1000,9-0.75-M,2,19.1940,31661,52,intensifier
round2_screening,L5k,1000,9-0.75-M,2,22.7947,31815,52,intensifier
round2_screening,L5k,1000,9-0.75-M,2,96.9855,31865,8,intensifier
round2_screening,L10kdt,1000,1-0.25-P,1,0.5260,159065,60,intensifier
round2_screening,L10kdt,1000,1-0.25-P,1,0.5629,159126,11,intensifier
round2_screening,L10kdt,1000,1-0.25-P,1,0.5923,159856,11,intensifier
round2_screening,L10kdt,1000,1-0.25-P,1,0.6822,159955,11,intensifier
round2_screening,L10kdt,1000,1-0.25-P,1,0.7114,160074,11,intensifier
round2_screening,L10kdt,1000,1-0.25-P,1,1.0070,160102,11,intensifier
round2_screening,L10kdt,1000,1-0.25-P,1,1.1237,160382,11,intensifier
round2_screening,L10kdt,1000,1-0.25-P,1,1.2691,160531,11,intensifier
round2_screening,L10kdt,1000,1-0.25-P,1,1.9488,160678,11,intensifier
round2_screening,L10kdt,1000,1-0.25-P,1,2.5130,160699,11,intensifier
round2_screening,L10kdt,1000,1-0.25-P,1,3.7888,160738,11,intensifier
round2_screening,L10kdt,1000,1-0.25-P,1,4.6449,160802,11,intensifier
round2_screening,L10kdt,1000,1-0.25-P,1,4.7940,160841,11,intensifier
round2_screening,L10kdt,1000,1-0.25-P,1,9.2250,160856,11,intensifier
round2_screening,L10kdt,1000,1-0.25-P,1,13.0978,160859,42,intensifier
round2_screening,L10kdt,1000,1-0.25-P,1,13.3360,160939,42,intensifier
round2_screening,L10kdt,1000,1-0.25-P,1,34.5110,160966,16,intensifier
round2_screening,L10kdt,1000,1-0.25-P,1,34.6863,161003,52,intensifier
round2_screening,L10kdt,1000,1-0.25-P,1,36.5718,161023,14,intensifier
round2_screening,L10kdt,1000,1-0.25-P,1,37.1899,161035,52,intensifier
round2_screening,L10kdt,1000,1-0.25-P,1,40.5910,161043,56,intensifier
round2_screening,L10kdt,1000,1-0.25-P,1,40.9160,161345,48,intensifier
round2_screening,L10kdt,1000,1-0.25-P,1,86.5944,161354,44,intensifier
round2_screening,L10kdt,1000,1-0.25-P,1,128.3362,161395,59,intensifier
round2_screening,L10kdt,1000,1-0.25-P,1,190.2555,161428,36,intensifier
round2_screening,L10kdt,1000,1-0.25-P,1,235.8943,161480,7,intensifier
round2_screening,L10kdt,1000,1-0.25-P,1,453.5000,161489,12,intensifier
round2_screening,L10kdt,1000,1-0.25-P,1,565.4110,161522,50,intensifier
round2_screening,L10kdt,1000,1-0.25-P,2,0.5446,159411,40,intensifier
round2_screening,L10kdt,1000,1-0.25-P,2,0.5810,159844,49,intensifier
round2_screening,L10kdt,1000,1-0.25-P,2,0.6115,159893,49,intensifier
round2_screening,L10kdt,1000,1-0.25-P,2,0.8779,159909,49,intensifier
round2_screening,L10kdt,1000,1-0.25-P,2,1.0230,160296,49,intensifier
round2_screening,L10kdt,1000,1-0.25-P,2,1.0531,160421,49,intensifier
round2_screening,L10kdt,1000,1-0.25-P,2,1.0836,160635,49,intensifier
round2_screening,L10kdt,1000,1-0.25-P,2,2.3833,160672,49,intensifier
round2_screening,L10kdt,1000,1-0.25-P,2,3.7427,160808,49,intensifier
round2_screening,L10kdt,1000,1-0.25-P,2,5.8115,160899,49,intensifier
round2_screening,L10kdt,1000,1-0.25-P,2,5.9011,160938,49,intensifier
round2_screening,L10kdt,1000,1-0.25-P,2,8.4324,161000,49,intensifier
round2_screening,L10kdt,1000,1-0.25-P,2,12.7956,161051,49,intensifier
round2_screening,L10kdt,1000,1-0.25-P,2,15.4159,161130,49,intensifier
round2_screening,L10kdt,1000,1-0.25-P,2,16.0406,161216,49,intensifier
round2_screening,L10kdt,1000,1-0.25-P,2,21.8417,161264,49,intensifier
round2_screening,L10kdt,1000,1-0.25-P,2,22.6370,161270,49,intensifier
round2_screening,L10kdt,1000,1-0.25-P,2,25.1349,161281,41,intensifier
round2_screening,L10kdt,1000,1-0.25-P,2,25.2248,161380,60,intensifier
round2_screening,L10kdt,1000,1-0.25-P,2,44.7805,161388,23,intensifier
round2_screening,L10kdt,1000,1-0.25-P,2,46.4040,161389,43,intensifier
round2_screening,L10kdt,1000,1-0.25-P,2,46.6725,161503,43,intensifier
round2_screening,L10kdt,1000,1-0.25-P,2,48.8241,161614,42,intensifier
round2_screening,L10kdt,1000,1-0.25-P,2,92.3570,161717,54,intensifier
round2_screening,L10kdt,1000,1-0.25-P,2,271.2245,161769,56,intensifier
round2_screening,L10kdt,1000,1-0.25-P,2,487.3252,161844,12,intensifier
round2_screening,L10kdt,1000,2-0.25-P,1,0.5547,131636,6,intensifier
round2_screening,L10kdt,1000,2-0.25-P,1,0.5907,131655,46,intensifier
round2_screening,L10kdt,1000,2-0.25-P,1,0.6499,131827,46,intensifier
round2_screening,L10kdt,1000,2-0.25-P,1,0.6798,131893,43,intensifier
round2_screening,L10kdt,1000,2-0.25-P,1,0.7385,131907,43,intensifier
round2_screening,L10kdt,1000,2-0.25-P,1,0.7684,132171,43,intensifier
round2_screening,L10kdt,1000,2-0.25-P,1,0.7984,132527,68,explorer
round2_screening,L10kdt,1000,2-0.25-P,1,0.8278,132716,68,explorer
round2_screening,L10kdt,1000,2-0.25-P,1,0.8574,132787,68,explorer
round2_screening,L10kdt,1000,2-0.25-P,1,1.0038,133241,68,explorer
round2_screening,L10kdt,1000,2-0.25-P,1,1.8867,133354,32,intensifier
round2_screening,L10kdt,1000,2-0.25-P,1,2.0035,133361,32,intensifier
round2_screening,L10kdt,1000,2-0.25-P,1,2.1820,133497,32,intensifier
round2_screening,L10kdt,1000,2-0.25-P,1,2.2120,133731,32,intensifier
round2_screening,L10kdt,1000,2-0.25-P,1,2.5689,133769,32,intensifier
round2_screening,L10kdt,1000,2-0.25-P,1,5.3922,133844,32,intensifier
round2_screening,L10kdt,1000,2-0.25-P,1,5.4516,133968,32,intensifier
round2_screening,L10kdt,1000,2-0.25-P,1,5.5110,134042,32,intensifier
round2_screening,L10kdt,1000,2-0.25-P,1,5.6585,134135,32,intensifier
round2_screening,L10kdt,1000,2-0.25-P,1,7.7916,134139,32,intensifier
round2_screening,L10kdt,1000,2-0.25-P,1,8.1770,134173,32,intensifier
round2_screening,L10kdt,1000,2-0.25-P,1,9.7202,134253,32,intensifier
round2_screening,L10kdt,1000,2-0.25-P,1,14.1731,134273,32,intensifier
round2_screening,L10kdt,1000,2-0.25-P,1,14.5597,134327,14,intensifier
round2_screening,L10kdt,1000,2-0.25-P,1,15.5981,134448,14,intensifier
round2_screening,L10kdt,1000,2-0.25-P,1,18.2726,134475,44,intensifier
round2_screening,L10kdt,1000,2-0.25-P,1,19.0740,134551,44,intensifier
round2_screening,L10kdt,1000,2-0.25-P,1,21.2119,134661,14,intensifier
round2_screening,L10kdt,1000,2-0.25-P,1,67.8090,134719,61,intensifier
round2_screening,L10kdt,1000,2-0.25-P,1,68.7877,134844,39,intensifier
round2_screening,L10kdt,1000,2-0.25-P,1,72.0842,134880,7,intensifier
round2_screening,L10kdt,1000,2-0.25-P,1,78.5589,135065,40,intensifier
round2_screening,L10kdt,1000,2-0.25-P,1,83.1886,135112,59,intensifier
round2_screening,L10kdt,1000,2-0.25-P,1,108.0132,135140,41,intensifier
round2_screening,L10kdt,1000,2-0.25-P,1,109.5271,135148,5,intensifier
round2_screening,L10kdt,1000,2-0.25-P,1,110.1205,135197,3,intensifier
round2_screening,L10kdt,1000,2-0.25-P,1,112.0218,135256,11,intensifier
round2_screening,L10kdt,1000,2-0.25-P,1,124.4937,135386,35,intensifier
round2_screening,L10kdt,1000,2-0.25-P,1,125.4136,135418,35,intensifier
round2_screening,L10kdt,1000,2-0.25-P,1,126.9295,135497,14,intensifier
round2_screening,L10kdt,1000,2-0.25-P,1,230.3007,135581,8,intensifier
round2_screening,L10kdt,1000,2-0.25-P,1,430.7977,135744,55,intensifier
round2_screening,L10kdt,1000,2-0.25-P,1,527.1435,135755,25,intensifier
round2_screening,L10kdt,1000,2-0.25-P,2,0.5839,132294,80,explorer
round2_screening,L10kdt,1000,2-0.25-P,2,0.6773,132529,16,intensifier
round2_screening,L10kdt,1000,2-0.25-P,2,0.7074,132728,16,intensifier
round2_screening,L10kdt,1000,2-0.25-P,2,0.7375,132810,16,intensifier
round2_screening,L10kdt,1000,2-0.25-P,2,0.9416,132972,16,intensifier
round2_screening,L10kdt,1000,2-0.25-P,2,1.1202,133006,16,intensifier
round2_screening,L10kdt,1000,2-0.25-P,2,1.1506,133138,16,intensifier
round2_screening,L10kdt,1000,2-0.25-P,2,1.2092,133141,16,intensifier
round2_screening,L10kdt,1000,2-0.25-P,2,1.7428,133186,16,intensifier
round2_screening,L10kdt,1000,2-0.25-P,2,2.1554,133296,16,intensifier
round2_screening,L10kdt,1000,2-0.25-P,2,2.2150,133304,16,intensifier
round2_screening,L10kdt,1000,2-0.25-P,2,2.8080,133395,16,intensifier
round2_screening,L10kdt,1000,2-0.25-P,2,5.4764,133508,16,intensifier
round2_screening,L10kdt,1000,2-0.25-P,2,5.6559,133612,16,intensifier
round2_screening,L10kdt,1000,2-0.25-P,2,5.6860,133708,16,intensifier
round2_screening,L10kdt,1000,2-0.25-P,2,5.7161,133730,16,intensifier
round2_screening,L10kdt,1000,2-0.25-P,2,7.4639,133756,16,intensifier
round2_screening,L10kdt,1000,2-0.25-P,2,8.1447,133760,16,intensifier
round2_screening,L10kdt,1000,2-0.25-P,2,9.0038,133840,16,intensifier
round2_screening,L10kdt,1000,2-0.25-P,2,10.3678,134079,31,intensifier
round2_screening,L10kdt,1000,2-0.25-P,2,10.9018,134150,31,intensifier
round2_screening,L10kdt,1000,2-0.25-P,2,12.3859,134193,31,intensifier
round2_screening,L10kdt,1000,2-0.25-P,2,13.7199,134503,31,intensifier
round2_screening,L10kdt,1000,2-0.25-P,2,14.1652,134524,31,intensifier
round2_screening,L10kdt,1000,2-0.25-P,2,16.4477,134526,31,intensifier
round2_screening,L10kdt,1000,2-0.25-P,2,18.6986,134616,31,intensifier
round2_screening,L10kdt,1000,2-0.25-P,2,18.7284,134691,31,intensifier
round2_screening,L10kdt,1000,2-0.25-P,2,19.4076,134804,34,intensifier
round2_screening,L10kdt,1000,2-0.25-P,2,28.8547,134961,32,intensifier
round2_screening,L10kdt,1000,2-0.25-P,2,31.8154,134994,32,intensifier
round2_screening,L10kdt,1000,2-0.25-P,2,43.0420,135044,43,intensifier
round2_screening,L10kdt,1000,2-0.25-P,2,44.8800,135052,33,intensifier
round2_screening,L10kdt,1000,2-0.25-P,2,45.3562,135099,60,intensifier
round2_screening,L10kdt,1000,2-0.25-P,2,83.3429,135108,3,intensifier
round2_screening,L10kdt,1000,2-0.25-P,2,92.3148,135202,3,intensifier
round2_screening,L10kdt,1000,2-0.25-P,2,106.7933,135287,3,intensifier
round2_screening,L10kdt,1000,2-0.25-P,2,195.5475,135313,46,intensifier
round2_screening,L10kdt,1000,2-0.25-P,2,208.0433,135326,21,intensifier
round2_screening,L10kdt,1000,2-0.25-P,2,278.9281,135507,60,intensifier
round2_screening,L10kdt,1000,2-0.25-P,2,421.1113,135535,24,intensifier
round2_screening,L10kdt,1000,2-0.25-P,2,594.4770,135594,61,intensifier
round2_screening,L10kdt,1000,7-0.5-M,1,0.3663,41514,54,intensifier
round2_screening,L10kdt,1000,7-0.5-M,1,0.4349,42987,49,intensifier
round2_screening,L10kdt,1000,7-0.5-M,1,0.4649,44358,49,intensifier
round2_screening,L10kdt,1000,7-0.5-M,1,0.4956,44461,49,intensifier
round2_screening,L10kdt,1000,7-0.5-M,1,0.5244,45200,80,explorer
round2_screening,L10kdt,1000,7-0.5-M,1,0.5545,45493,54,intensifier
round2_screening,L10kdt,1000,7-0.5-M,1,0.5846,45776,15,intensifier
round2_screening,L10kdt,1000,7-0.5-M,1,0.6149,46309,15,intensifier
round2_screening,L10kdt,1000,7-0.5-M,1,0.6450,46480,15,intensifier
round2_screening,L10kdt,1000,7-0.5-M,1,0.7056,46514,80,explorer
round2_screening,L10kdt,1000,7-0.5-M,1,0.7346,46901,80,explorer
round2_screening,L10kdt,1000,7-0.5-M,1,0.9677,46987,12,intensifier
round2_screening,L10kdt,1000,7-0.5-M,1,0.9973,47087,12,intensifier
round2_screening,L10kdt,1000,7-0.5-M,1,1.1139,47131,56,intensifier
round2_screening,L10kdt,1000,7-0.5-M,1,1.1430,47199,56,intensifier
round2_screening,L10kdt,1000,7-0.5-M,1,1.2012,47413,56,intensifier
round2_screening,L10kdt,1000,7-0.5-M,1,1.2302,47631,75,explorer
round2_screening,L10kdt,1000,7-0.5-M,1,2.1130,47650,21,intensifier
round2_screening,L10kdt,1000,7-0.5-M,1,2.1430,48145,21,intensifier
round2_screening,L10kdt,1000,7-0.5-M,1,2.8196,48159,21,intensifier
round2_screening,L10kdt,1000,7-0.5-M,1,4.2223,48402,21,intensifier
round2_screening,L10kdt,1000,7-0.5-M,1,6.9560,48481,21,intensifier
round2_screening,L10kdt,1000,7-0.5-M,1,15.3908,48501,21,intensifier
round2_screening,L10kdt,1000,7-0.5-M,1,19.4955,48549,21,intensifier
round2_screening,L10kdt,1000,7-0.5-M,1,20.5303,48693,21,intensifier
round2_screening,L10kdt,1000,7-0.5-M,1,20.7663,48906,21,intensifier
round2_screening,L10kdt,1000,7-0.5-M,1,20.8260,48954,21,intensifier
round2_screening,L10kdt,1000,7-0.5-M,1,24.9184,49055,21,intensifier
round2_screening,L10kdt,1000,7-0.5-M,1,25.5357,49113,21,intensifier
round2_screening,L10kdt,1000,7-0.5-M,1,32.4433,49160,21,intensifier
round2_screening,L10kdt,1000,7-0.5-M,1,32.5872,49183,61,intensifier
round2_screening,L10kdt,1000,7-0.5-M,1,166.1461,49236,52,intensifier
round2_screening,L10kdt,1000,7-0.5-M,1,217.5392,49352,56,intensifier
round2_screening,L10kdt,1000,7-0.5-M,1,247.7921,49381,26,intensifier
round2_screening,L10kdt,1000,7-0.5-M,1,280.7294,49408,52,intensifier
round2_screening,L10kdt,1000,7-0.5-M,1,387.9065,49415,9,intensifier
round2_screening,L10kdt,1000,7-0.5-M,1,388.9659,49448,9,intensifier
round2_screening,L10kdt,1000,7-0.5-M,1,491.4522,49546,56,intensifier
round2_screening,L10kdt,1000,7-0.5-M,1,500.9533,49556,16,intensifier
round2_screening,L10kdt,1000,7-0.5-M,2,0.4577,44542,71,explorer
round2_screening,L10kdt,1000,7-0.5-M,2,0.5165,45260,68,explorer
round2_screening,L10kdt,1000,7-0.5-M,2,0.5466,45663,68,explorer
round2_screening,L10kdt,1000,7-0.5-M,2,0.5762,45713,68,explorer
round2_screening,L10kdt,1000,7-0.5-M,2,0.6354,45824,34,intensifier
round2_screening,L10kdt,1000,7-0.5-M,2,0.6641,46320,71,explorer
round2_screening,L10kdt,1000,7-0.5-M,2,0.6942,46451,9,intensifier
round2_screening,L10kdt,1000,7-0.5-M,2,0.7244,46610,68,explorer
round2_screening,L10kdt,1000,7-0.5-M,2,0.7544,46790,9,intensifier
round2_screening,L10kdt,1000,7-0.5-M,2,0.8142,46888,9,intensifier
round2_screening,L10kdt,1000,7-0.5-M,2,0.8453,47134,9,intensifier
round2_screening,L10kdt,1000,7-0.5-M,2,0.9342,47395,9,intensifier
round2_screening,L10kdt,1000,7-0.5-M,2,1.1981,47464,9,intensifier
round2_screening,L10kdt,1000,7-0.5-M,2,1.2282,47508,9,intensifier
round2_screening,L10kdt,1000,7-0.5-M,2,1.3774,47521,9,intensifier
round2_screening,L10kdt,1000,7-0.5-M,2,1.6731,47663,82,explorer
round2_screening,L10kdt,1000,7-0.5-M,2,2.3450,47933,27,intensifier
round2_screening,L10kdt,1000,7-0.5-M,2,2.3746,48010,27,intensifier
round2_screening,L10kdt,1000,7-0.5-M,2,2.9647,48099,27,intensifier
round2_screening,L10kdt,1000,7-0.5-M,2,3.1720,48188,27,intensifier
round2_screening,L10kdt,1000,7-0.5-M,2,3.7006,48240,27,intensifier
round2_screening,L10kdt,1000,7-0.5-M,2,3.9383,48318,27,intensifier
round2_screening,L10kdt,1000,7-0.5-M,2,4.5281,48512,27,intensifier
round2_screening,L10kdt,1000,7-0.5-M,2,4.9094,48573,27,intensifier
round2_screening,L10kdt,1000,7-0.5-M,2,7.6146,48812,27,intensifier
round2_screening,L10kdt,1000,7-0.5-M,2,12.4003,48940,27,intensifier
round2_screening,L10kdt,1000,7-0.5-M,2,17.9845,49230,5,intensifier
round2_screening,L10kdt,1000,7-0.5-M,2,26.7445,49278,5,intensifier
round2_screening,L10kdt,1000,7-0.5-M,2,126.4935,49370,9,intensifier
round2_screening,L10kdt,1000,7-0.5-M,2,130.2024,49407,9,intensifier
round2_screening,L10kdt,1000,7-0.5-M,2,141.7391,49477,0,intensifier
round2_screening,L10kdt,1000,7-0.5-M,2,230.3858,49595,1,intensifier
round2_screening,L10kdt,1000,7-0.5-M,2,443.5909,49614,22,intensifier
round2_screening,L10kdt,1000,9-0.75-M,1,0.6484,29874,69,explorer
round2_screening,L10kdt,1000,9-0.75-M,1,0.7077,29984,17,intensifier
round2_screening,L10kdt,1000,9-0.75-M,1,0.7374,30116,17,intensifier
round2_screening,L10kdt,1000,9-0.75-M,1,0.7673,30229,17,intensifier
round2_screening,L10kdt,1000,9-0.75-M,1,0.8265,30367,17,intensifier
round2_screening,L10kdt,1000,9-0.75-M,1,1.0911,30634,17,intensifier
round2_screening,L10kdt,1000,9-0.75-M,1,1.4741,30635,17,intensifier
round2_screening,L10kdt,1000,9-0.75-M,1,1.5039,30756,17,intensifier
round2_screening,L10kdt,1000,9-0.75-M,1,2.3007,30775,17,intensifier
round2_screening,L10kdt,1000,9-0.75-M,1,2.7726,30805,17,intensifier
round2_screening,L10kdt,1000,9-0.75-M,1,2.8908,30870,17,intensifier
round2_screening,L10kdt,1000,9-0.75-M,1,2.9206,31046,17,intensifier
round2_screening,L10kdt,1000,9-0.75-M,1,3.1879,31087,17,intensifier
round2_screening,L10kdt,1000,9-0.75-M,1,3.5709,31091,17,intensifier
round2_screening,L10kdt,1000,9-0.75-M,1,3.8960,31215,17,intensifier
round2_screening,L10kdt,1000,9-0.75-M,1,4.1618,31260,17,intensifier
round2_screening,L10kdt,1000,9-0.75-M,1,34.3516,31297,12,intensifier
round2_screening,L10kdt,1000,9-0.75-M,1,35.9695,31403,12,intensifier
round2_screening,L10kdt,1000,9-0.75-M,1,37.8843,31439,12,intensifier
round2_screening,L10kdt,1000,9-0.75-M,1,39.1517,31487,12,intensifier
round2_screening,L10kdt,1000,9-0.75-M,1,42.3669,31491,12,intensifier
round2_screening,L10kdt,1000,9-0.75-M,1,42.4260,31506,12,intensifier
round2_screening,L10kdt,1000,9-0.75-M,1,46.2590,31530,51,intensifier
round2_screening,L10kdt,1000,9-0.75-M,1,48.0572,31554,12,intensifier
round2_screening,L10kdt,1000,9-0.75-M,1,50.9146,31639,39,intensifier
round2_screening,L10kdt,1000,9-0.75-M,1,113.8471,31701,44,intensifier
round2_screening,L10kdt,1000,9-0.75-M,1,116.4972,31814,44,intensifier
round2_screening,L10kdt,1000,9-0.75-M,1,126.4308,31820,44,intensifier
round2_screening,L10kdt,1000,9-0.75-M,1,141.9666,31872,53,intensifier
round2_screening,L10kdt,1000,9-0.75-M,1,292.5399,31917,6,intensifier
round2_screening,L10kdt,1000,9-0.75-M,1,337.2506,31944,2,intensifier
round2_screening,L10kdt,1000,9-0.75-M,1,362.5737,31968,51,intensifier
round2_screening,L10kdt,1000,9-0.75-M,1,466.0264,32048,39,intensifier
round2_screening,L10kdt,1000,9-0.75-M,2,0.0947,564,36,intensifier
round2_screening,L10kdt,1000,9-0.75-M,2,0.3153,27925,78,explorer
round2_screening,L10kdt,1000,9-0.75-M,2,0.3454,28219,49,intensifier
round2_screening,L10kdt,1000,9-0.75-M,2,0.3752,29093,10,intensifier
round2_screening,L10kdt,1000,9-0.75-M,2,0.4349,29161,10,intensifier
round2_screening,L10kdt,1000,9-0.75-M,2,0.4645,29230,61,intensifier
round2_screening,L10kdt,1000,9-0.75-M,2,0.4944,29494,61,intensifier
round2_screening,L10kdt,1000,9-0.75-M,2,0.5536,29544,75,explorer
round2_screening,L10kdt,1000,9-0.75-M,2,0.5834,29579,75,explorer
round2_screening,L10kdt,1000,9-0.75-M,2,0.6132,29798,75,explorer
round2_screening,L10kdt,1000,9-0.75-M,2,0.6726,29957,61,intensifier
round2_screening,L10kdt,1000,9-0.75-M,2,0.7023,30327,61,intensifier
round2_screening,L10kdt,1000,9-0.75-M,2,0.7617,30432,61,intensifier
round2_screening,L10kdt,1000,9-0.75-M,2,0.9386,30684,61,intensifier
round2_screening,L10kdt,1000,9-0.75-M,2,1.7643,30693,33,intensifier
round2_screening,L10kdt,1000,9-0.75-M,2,1.8535,30959,61,intensifier
round2_screening,L10kdt,1000,9-0.75-M,2,2.7383,31074,61,intensifier
round2_screening,L10kdt,1000,9-0.75-M,2,3.9769,31132,61,intensifier
round2_screening,L10kdt,1000,9-0.75-M,2,4.9797,31208,61,intensifier
round2_screening,L10kdt,1000,9-0.75-M,2,6.9276,31261,61,intensifier
round2_screening,L10kdt,1000,9-0.75-M,2,12.4993,31286,61,intensifier
round2_screening,L10kdt,1000,9-0.75-M,2,14.1206,31539,33,intensifier
round2_screening,L10kdt,1000,9-0.75-M,2,14.6528,31708,33,intensifier
round2_screening,L10kdt,1000,9-0.75-M,2,16.9259,31828,33,intensifier
round2_screening,L10kdt,1000,9-0.75-M,2,19.0491,31881,33,intensifier
round2_screening,L10kdt,1000,9-0.75-M,2,103.2775,31940,19,intensifier
round2_screening,L10kdt,1000,9-0.75-M,2,106.3153,31941,9,intensifier
round2_screening,L10kdt,1000,9-0.75-M,2,113.8330,31964,9,intensifier
round2_screening,L10kdt,1000,9-0.75-M,2,226.1326,32045,1,intensifier
round2_screening,L10kdt,1000,9-0.75-M,2,326.4788,32093,20,intensifier
round2_screening,L5kdt,1000,1-0.25-P,1,0.5500,159065,60,intensifier
round2_screening,L5kdt,1000,1-0.25-P,1,0.5857,159669,11,intensifier
round2_screening,L5kdt,1000,1-0.25-P,1,0.6161,159856,11,intensifier
round2_screening,L5kdt,1000,1-0.25-P,1,0.7059,159972,11,intensifier
round2_screening,L5kdt,1000,1-0.25-P,1,0.7361,160074,11,intensifier
round2_screening,L5kdt,1000,1-0.25-P,1,1.0019,160102,11,intensifier
round2_screening,L5kdt,1000,1-0.25-P,1,1.1490,160382,11,intensifier
round2_screening,L5kdt,1000,1-0.25-P,1,1.2657,160531,11,intensifier
round2_screening,L5kdt,1000,1-0.25-P,1,1.9486,160678,11,intensifier
round2_screening,L5kdt,1000,1-0.25-P,1,2.5116,160699,11,intensifier
round2_screening,L5kdt,1000,1-0.25-P,1,3.7869,160738,11,intensifier
round2_screening,L5kdt,1000,1-0.25-P,1,4.6395,160802,11,intensifier
round2_screening,L5kdt,1000,1-0.25-P,1,4.7885,160841,11,intensifier
round2_screening,L5kdt,1000,1-0.25-P,1,9.2441,160856,11,intensifier
round2_screening,L5kdt,1000,1-0.25-P,1,9.6606,160859,54,intensifier
round2_screening,L5kdt,1000,1-0.25-P,1,9.8652,160930,12,intensifier
round2_screening,L5kdt,1000,1-0.25-P,1,16.3828,160992,35,intensifier
round2_screening,L5kdt,1000,1-0.25-P,1,24.9477,161046,46,intensifier
round2_screening,L5kdt,1000,1-0.25-P,1,33.4858,161074,21,intensifier
round2_screening,L5kdt,1000,1-0.25-P,1,33.6052,161084,21,intensifier
round2_screening,L5kdt,1000,1-0.25-P,1,38.0265,161094,21,intensifier
round2_screening,L5kdt,1000,1-0.25-P,1,41.1457,161110,22,intensifier
round2_screening,L5kdt,1000,1-0.25-P,1,42.8882,161112,22,intensifier
round2_screening,L5kdt,1000,1-0.25-P,1,45.7601,161266,17,intensifier
round2_screening,L5kdt,1000,1-0.25-P,1,71.3319,161303,50,intensifier
round2_screening,L5kdt,1000,1-0.25-P,1,71.4813,161424,29,intensifier
round2_screening,L5kdt,1000,1-0.25-P,1,229.5834,161451,57,intensifier
round2_screening,L5kdt,1000,1-0.25-P,1,295.4462,161489,8,intensifier
round2_screening,L5kdt,1000,1-0.25-P,1,316.8771,161494,53,intensifier
round2_screening,L5kdt,1000,1-0.25-P,1,392.6892,161497,12,intensifier
round2_screening,L5kdt,1000,1-0.25-P,1,591.9416,161532,10,intensifier
round2_screening,L5kdt,1000,1-0.25-P,2,0.6357,159760,49,intensifier
round2_screening,L5kdt,1000,1-0.25-P,2,1.3194,159784,49,intensifier
round2_screening,L5kdt,1000,1-0.25-P,2,1.4078,160088,49,intensifier
round2_screening,L5kdt,1000,1-0.25-P,2,1.7629,160224,49,intensifier
round2_screening,L5kdt,1000,1-0.25-P,2,1.8215,160375,49,intensifier
round2_screening,L5kdt,1000,1-0.25-P,2,1.8811,160490,49,intensifier
round2_screening,L5kdt,1000,1-0.25-P,2,2.7134,160738,49,intensifier
round2_screening,L5kdt,1000,1-0.25-P,2,5.5251,160898,49,intensifier
round2_screening,L5kdt,1000,1-0.25-P,2,7.2931,160926,49,intensifier
round2_screening,L5kdt,1000,1-0.25-P,2,8.0544,161194,39,intensifier
round2_screening,L5kdt,1000,1-0.25-P,2,11.7328,161280,39,intensifier
round2_screening,L5kdt,1000,1-0.25-P,2,15.6904,161282,25,intensifier
round2_screening,L5kdt,1000,1-0.25-P,2,17.0235,161351,38,intensifier
round2_screening,L5kdt,1000,1-0.25-P,2,19.2235,161412,18,intensifier
round2_screening,L5kdt,1000,1-0.25-P,2,21.8004,161427,18,intensifier
round2_screening,L5kdt,1000,1-0.25-P,2,26.6763,161452,23,intensifier
round2_screening,L5kdt,1000,1-0.25-P,2,26.8561,161555,39,intensifier
round2_screening,L5kdt,1000,1-0.25-P,2,93.1996,161602,35,intensifier
round2_screening,L5kdt,1000,1-0.25-P,2,141.1311,161609,49,intensifier
round2_screening,L5kdt,1000,1-0.25-P,2,145.9252,161653,49,intensifier
round2_screening,L5kdt,1000,1-0.25-P,2,168.9203,161687,10,intensifier
round2_screening,L5kdt,1000,1-0.25-P,2,179.5945,161739,27,intensifier
round2_screening,L5kdt,1000,1-0.25-P,2,193.8855,161755,39,intensifier
round2_screening,L5kdt,1000,1-0.25-P,2,222.6513,161757,15,intensifier
round2_screening,L5kdt,1000,1-0.25-P,2,353.6659,161776,42,intensifier
round2_screening,L5kdt,1000,1-0.25-P,2,359.6443,161799,29,intensifier
round2_screening,L5kdt,1000,1-0.25-P,2,447.3910,161804,42,intensifier
round2_screening,L5kdt,1000,1-0.25-P,2,506.3195,161857,42,intensifier
round2_screening,L5kdt,1000,1-0.25-P,2,591.2539,161880,3,intensifier
round2_screening,L5kdt,1000,2-0.25-P,1,0.5422,131603,6,intensifier
round2_screening,L5kdt,1000,2-0.25-P,1,0.5792,131698,6,intensifier
round2_screening,L5kdt,1000,2-0.25-P,1,0.6091,131891,6,intensifier
round2_screening,L5kdt,1000,2-0.25-P,1,0.6990,131893,43,intensifier
round2_screening,L5kdt,1000,2-0.25-P,1,0.7587,132072,43,intensifier
round2_screening,L5kdt,1000,2-0.25-P,1,0.7885,132352,43,intensifier
round2_screening,L5kdt,1000,2-0.25-P,1,0.8180,132716,68,explorer
round2_screening,L5kdt,1000,2-0.25-P,1,0.8476,132787,68,explorer
round2_screening,L5kdt,1000,2-0.25-P,1,0.9944,133124,68,explorer
round2_screening,L5kdt,1000,2-0.25-P,1,1.0241,133241,68,explorer
round2_screening,L5kdt,1000,2-0.25-P,1,2.7696,133285,14,intensifier
round2_screening,L5kdt,1000,2-0.25-P,1,3.0664,133321,14,intensifier
round2_screening,L5kdt,1000,2-0.25-P,1,3.4239,133786,14,intensifier
round2_screening,L5kdt,1000,2-0.25-P,1,4.4628,133812,14,intensifier
round2_screening,L5kdt,1000,2-0.25-P,1,6.0976,133949,14,intensifier
round2_screening,L5kdt,1000,2-0.25-P,1,6.2464,133967,14,intensifier
round2_screening,L5kdt,1000,2-0.25-P,1,6.7521,133985,40,intensifier
round2_screening,L5kdt,1000,2-0.25-P,1,7.2506,134022,40,intensifier
round2_screening,L5kdt,1000,2-0.25-P,1,7.3091,134024,14,intensifier
round2_screening,L5kdt,1000,2-0.25-P,1,7.4881,134110,40,intensifier
round2_screening,L5kdt,1000,2-0.25-P,1,7.7852,134348,26,intensifier
round2_screening,L5kdt,1000,2-0.25-P,1,8.1404,134351,26,intensifier
round2_screening,L5kdt,1000,2-0.25-P,1,9.1200,134412,26,intensifier
round2_screening,L5kdt,1000,2-0.25-P,1,10.6077,134421,46,intensifier
round2_screening,L5kdt,1000,2-0.25-P,1,10.7276,134505,48,intensifier
round2_screening,L5kdt,1000,2-0.25-P,1,18.9848,134510,37,intensifier
round2_screening,L5kdt,1000,2-0.25-P,1,19.3426,134535,21,intensifier
round2_screening,L5kdt,1000,2-0.25-P,1,19.5515,134556,24,intensifier
round2_screening,L5kdt,1000,2-0.25-P,1,20.6498,134656,3,intensifier
round2_screening,L5kdt,1000,2-0.25-P,1,21.1546,134719,3,intensifier
round2_screening,L5kdt,1000,2-0.25-P,1,23.6459,134792,61,intensifier
round2_screening,L5kdt,1000,2-0.25-P,1,26.9976,134801,61,intensifier
round2_screening,L5kdt,1000,2-0.25-P,1,27.0276,134811,24,intensifier
round2_screening,L5kdt,1000,2-0.25-P,1,27.0871,134943,61,intensifier
round2_screening,L5kdt,1000,2-0.25-P,1,27.5635,134960,61,intensifier
round2_screening,L5kdt,1000,2-0.25-P,1,32.4577,134969,25,intensifier
round2_screening,L5kdt,1000,2-0.25-P,1,32.6675,135049,17,intensifier
round2_screening,L5kdt,1000,2-0.25-P,1,49.6652,135124,16,intensifier
round2_screening,L5kdt,1000,2-0.25-P,1,50.8864,135199,41,intensifier
round2_screening,L5kdt,1000,2-0.25-P,1,65.2324,135232,41,intensifier
round2_screening,L5kdt,1000,2-0.25-P,1,65.2618,135342,41,intensifier
round2_screening,L5kdt,1000,2-0.25-P,1,142.8892,135624,41,intensifier
round2_screening,L5kdt,1000,2-0.25-P,1,281.5493,135649,45,intensifier
round2_screening,L5kdt,1000,2-0.25-P,1,425.1175,135660,42,intensifier
round2_screening,L5kdt,1000,2-0.25-P,1,561.8384,135663,10,intensifier
round2_screening,L5kdt,1000,2-0.25-P,2,0.6268,132294,80,explorer
round2_screening,L5kdt,1000,2-0.25-P,2,0.6887,132602,16,intensifier
round2_screening,L5kdt,1000,2-0.25-P,2,0.7178,132728,16,intensifier
round2_screening,L5kdt,1000,2-0.25-P,2,0.7479,132810,16,intensifier
round2_screening,L5kdt,1000,2-0.25-P,2,0.9542,132972,16,intensifier
round2_screening,L5kdt,1000,2-0.25-P,2,1.1030,133006,16,intensifier
round2_screening,L5kdt,1000,2-0.25-P,2,1.1331,133138,16,intensifier
round2_screening,L5kdt,1000,2-0.25-P,2,1.2225,133141,16,intensifier
round2_screening,L5kdt,1000,2-0.25-P,2,1.7574,133186,16,intensifier
round2_screening,L5kdt,1000,2-0.25-P,2,2.1408,133219,16,intensifier
round2_screening,L5kdt,1000,2-0.25-P,2,2.1710,133296,16,intensifier
round2_screening,L5kdt,1000,2-0.25-P,2,2.2305,133304,16,intensifier
round2_screening,L5kdt,1000,2-0.25-P,2,2.8229,133395,16,intensifier
round2_screening,L5kdt,1000,2-0.25-P,2,5.4913,133508,16,intensifier
round2_screening,L5kdt,1000,2-0.25-P,2,5.6704,133708,16,intensifier
round2_screening,L5kdt,1000,2-0.25-P,2,5.7296,133730,16,intensifier
round2_screening,L5kdt,1000,2-0.25-P,2,7.4821,133756,16,intensifier
round2_screening,L5kdt,1000,2-0.25-P,2,7.8390,133831,10,intensifier
round2_screening,L5kdt,1000,2-0.25-P,2,7.9580,133893,10,intensifier
round2_screening,L5kdt,1000,2-0.25-P,2,10.4814,133978,31,intensifier
round2_screening,L5kdt,1000,2-0.25-P,2,10.5998,134011,31,intensifier
round2_screening,L5kdt,1000,2-0.25-P,2,10.6596,134102,31,intensifier
round2_screening,L5kdt,1000,2-0.25-P,2,10.7494,134247,31,intensifier
round2_screening,L5kdt,1000,2-0.25-P,2,10.9858,134410,31,intensifier
round2_screening,L5kdt,1000,2-0.25-P,2,11.8185,134429,31,intensifier
round2_screening,L5kdt,1000,2-0.25-P,2,11.8489,134449,31,intensifier
round2_screening,L5kdt,1000,2-0.25-P,2,12.5277,134589,20,intensifier
round2_screening,L5kdt,1000,2-0.25-P,2,13.6845,134619,20,intensifier
round2_screening,L5kdt,1000,2-0.25-P,2,14.5155,134823,16,intensifier
round2_screening,L5kdt,1000,2-0.25-P,2,16.6806,134856,16,intensifier
round2_screening,L5kdt,1000,2-0.25-P,2,17.2726,134857,16,intensifier
round2_screening,L5kdt,1000,2-0.25-P,2,19.7016,134870,23,intensifier
round2_screening,L5kdt,1000,2-0.25-P,2,20.6235,135027,50,intensifier
round2_screening,L5kdt,1000,2-0.25-P,2,27.2914,135109,50,intensifier
round2_screening,L5kdt,1000,2-0.25-P,2,31.5577,135215,46,intensifier
round2_screening,L5kdt,1000,2-0.25-P,2,31.9134,135263,23,intensifier
round2_screening,L5kdt,1000,2-0.25-P,2,57.8099,135355,40,intensifier
round2_screening,L5kdt,1000,2-0.25-P,2,57.9298,135381,15,intensifier
round2_screening,L5kdt,1000,2-0.25-P,2,60.8340,135396,42,intensifier
round2_screening,L5kdt,1000,2-0.25-P,2,287.4860,135491,0,intensifier
round2_screening,L5kdt,1000,2-0.25-P,2,358.3242,135500,17,intensifier
round2_screening,L5kdt,1000,2-0.25-P,2,359.4514,135557,61,intensifier
round2_screening,L5kdt,1000,7-0.5-M,1,0.3534,40189,79,explorer
round2_screening,L5kdt,1000,7-0.5-M,1,0.4236,43399,53,intensifier
round2_screening,L5kdt,1000,7-0.5-M,1,0.4537,44450,53,intensifier
round2_screening,L5kdt,1000,7-0.5-M,1,0.4834,44521,53,intensifier
round2_screening,L5kdt,1000,7-0.5-M,1,0.5132,45575,12,intensifier
round2_screening,L5kdt,1000,7-0.5-M,1,0.5431,45735,12,intensifier
round2_screening,L5kdt,1000,7-0.5-M,1,0.5730,46091,12,intensifier
round2_screening,L5kdt,1000,7-0.5-M,1,0.6621,46283,12,intensifier
round2_screening,L5kdt,1000,7-0.5-M,1,0.6921,46462,12,intensifier
round2_screening,L5kdt,1000,7-0.5-M,1,0.7224,46901,80,explorer
round2_screening,L5kdt,1000,7-0.5-M,1,0.9300,46935,14,intensifier
round2_screening,L5kdt,1000,7-0.5-M,1,0.9877,47003,14,intensifier
round2_screening,L5kdt,1000,7-0.5-M,1,1.0464,47048,14,intensifier
round2_screening,L5kdt,1000,7-0.5-M,1,1.0753,47064,14,intensifier
round2_screening,L5kdt,1000,7-0.5-M,1,1.1946,47227,75,explorer
round2_screening,L5kdt,1000,7-0.5-M,1,1.2241,47631,75,explorer
round2_screening,L5kdt,1000,7-0.5-M,1,2.7786,47762,56,intensifier
round2_screening,L5kdt,1000,7-0.5-M,1,2.8089,47920,56,intensifier
round2_screening,L5kdt,1000,7-0.5-M,1,3.1038,48015,56,intensifier
round2_screening,L5kdt,1000,7-0.5-M,1,3.3087,48016,56,intensifier
round2_screening,L5kdt,1000,7-0.5-M,1,3.7767,48020,56,intensifier
round2_screening,L5kdt,1000,7-0.5-M,1,3.8065,48094,56,intensifier
round2_screening,L5kdt,1000,7-0.5-M,1,4.5967,48097,56,intensifier
round2_screening,L5kdt,1000,7-0.5-M,1,4.6861,48230,56,intensifier
round2_screening,L5kdt,1000,7-0.5-M,1,12.1993,48231,22,intensifier
round2_screening,L5kdt,1000,7-0.5-M,1,13.2026,48425,22,intensifier
round2_screening,L5kdt,1000,7-0.5-M,1,15.5841,48482,22,intensifier
round2_screening,L5kdt,1000,7-0.5-M,1,16.0286,48491,23,intensifier
round2_screening,L5kdt,1000,7-0.5-M,1,16.3519,48528,23,intensifier
round2_screening,L5kdt,1000,7-0.5-M,1,16.3817,48591,36,intensifier
round2_screening,L5kdt,1000,7-0.5-M,1,16.7050,48605,23,intensifier
round2_screening,L5kdt,1000,7-0.5-M,1,17.4092,48772,22,intensifier
round2_screening,L5kdt,1000,7-0.5-M,1,19.6430,48787,22,intensifier
round2_screening,L5kdt,1000,7-0.5-M,1,20.2609,48797,22,intensifier
round2_screening,L5kdt,1000,7-0.5-M,1,21.7044,48905,26,intensifier
round2_screening,L5kdt,1000,7-0.5-M,1,24.4707,48989,26,intensifier
round2_screening,L5kdt,1000,7-0.5-M,1,28.4284,49009,9,intensifier
round2_screening,L5kdt,1000,7-0.5-M,1,29.9047,49154,9,intensifier
round2_screening,L5kdt,1000,7-0.5-M,1,33.8446,49230,9,intensifier
round2_screening,L5kdt,1000,7-0.5-M,1,87.7303,49355,35,intensifier
round2_screening,L5kdt,1000,7-0.5-M,1,102.5225,49372,32,intensifier
round2_screening,L5kdt,1000,7-0.5-M,1,119.3597,49374,24,intensifier
round2_screening,L5kdt,1000,7-0.5-M,1,242.5029,49523,5,intensifier
round2_screening,L5kdt,1000,7-0.5-M,1,419.8828,49549,12,intensifier
round2_screening,L5kdt,1000,7-0.5-M,2,0.4387,44408,71,explorer
round2_screening,L5kdt,1000,7-0.5-M,2,0.5001,45192,68,explorer
round2_screening,L5kdt,1000,7-0.5-M,2,0.5305,45309,68,explorer
round2_screening,L5kdt,1000,7-0.5-M,2,0.5590,45713,68,explorer
round2_screening,L5kdt,1000,7-0.5-M,2,0.6175,45824,34,intensifier
round2_screening,L5kdt,1000,7-0.5-M,2,0.6470,46320,71,explorer
round2_screening,L5kdt,1000,7-0.5-M,2,0.6757,46593,9,intensifier
round2_screening,L5kdt,1000,7-0.5-M,2,0.7057,46817,9,intensifier
round2_screening,L5kdt,1000,7-0.5-M,2,0.7657,46973,9,intensifier
round2_screening,L5kdt,1000,7-0.5-M,2,0.9437,47050,9,intensifier
round2_screening,L5kdt,1000,7-0.5-M,2,0.9749,47105,9,intensifier
round2_screening,L5kdt,1000,7-0.5-M,2,1.0640,47185,26,intensifier
round2_screening,L5kdt,1000,7-0.5-M,2,1.0938,47441,26,intensifier
round2_screening,L5kdt,1000,7-0.5-M,2,1.1238,47763,9,intensifier
round2_screening,L5kdt,1000,7-0.5-M,2,1.9189,47810,9,intensifier
round2_screening,L5kdt,1000,7-0.5-M,2,2.3866,47820,9,intensifier
round2_screening,L5kdt,1000,7-0.5-M,2,2.4165,47990,9,intensifier
round2_screening,L5kdt,1000,7-0.5-M,2,2.4466,48065,9,intensifier
round2_screening,L5kdt,1000,7-0.5-M,2,2.5650,48087,9,intensifier
round2_screening,L5kdt,1000,7-0.5-M,2,2.6243,48093,9,intensifier
round2_screening,L5kdt,1000,7-0.5-M,2,4.5390,48106,9,intensifier
round2_screening,L5kdt,1000,7-0.5-M,2,4.6564,48183,9,intensifier
round2_screening,L5kdt,1000,7-0.5-M,2,5.6577,48277,9,intensifier
round2_screening,L5kdt,1000,7-0.5-M,2,6.0648,48334,9,intensifier
round2_screening,L5kdt,1000,7-0.5-M,2,6.0951,48344,9,intensifier
round2_screening,L5kdt,1000,7-0.5-M,2,7.5621,48368,9,intensifier
round2_screening,L5kdt,1000,7-0.5-M,2,7.5920,48430,9,intensifier
round2_screening,L5kdt,1000,7-0.5-M,2,7.6824,48443,9,intensifier
round2_screening,L5kdt,1000,7-0.5-M,2,8.8567,48473,9,intensifier
round2_screening,L5kdt,1000,7-0.5-M,2,9.5919,48496,9,intensifier
round2_screening,L5kdt,1000,7-0.5-M,2,11.6234,48497,9,intensifier
round2_screening,L5kdt,1000,7-0.5-M,2,12.3593,48719,9,intensifier
round2_screening,L5kdt,1000,7-0.5-M,2,12.3892,48738,9,intensifier
round2_screening,L5kdt,1000,7-0.5-M,2,12.8579,48889,9,intensifier
round2_screening,L5kdt,1000,7-0.5-M,2,23.3084,49020,41,intensifier
round2_screening,L5kdt,1000,7-0.5-M,2,58.9278,49026,61,intensifier
round2_screening,L5kdt,1000,7-0.5-M,2,59.6035,49072,56,intensifier
round2_screening,L5kdt,1000,7-0.5-M,2,59.6910,49092,46,intensifier
round2_screening,L5kdt,1000,7-0.5-M,2,65.7746,49133,56,intensifier
round2_screening,L5kdt,1000,7-0.5-M,2,68.0455,49190,20,intensifier
round2_screening,L5kdt,1000,7-0.5-M,2,120.8415,49259,52,intensifier
round2_screening,L5kdt,1000,7-0.5-M,2,127.6659,49366,61,intensifier
round2_screening,L5kdt,1000,7-0.5-M,2,138.7306,49395,36,intensifier
round2_screening,L5kdt,1000,7-0.5-M,2,143.9056,49439,33,intensifier
round2_screening,L5kdt,1000,7-0.5-M,2,161.2982,49452,30,intensifier
round2_screening,L5kdt,1000,7-0.5-M,2,232.2188,49475,23,intensifier
round2_screening,L5kdt,1000,7-0.5-M,2,234.7416,49494,45,intensifier
round2_screening,L5kdt,1000,7-0.5-M,2,258.3789,49495,2,intensifier
round2_screening,L5kdt,1000,7-0.5-M,2,269.8617,49581,7,intensifier
round2_screening,L5kdt,1000,7-0.5-M,2,361.6182,49688,60,intensifier
round2_screening,L5kdt,1000,9-0.75-M,1,0.1055,2646,70,explorer
round2_screening,L5kdt,1000,9-0.75-M,1,0.3072,27833,20,intensifier
round2_screening,L5kdt,1000,9-0.75-M,1,0.3360,28370,20,intensifier
round2_screening,L5kdt,1000,9-0.75-M,1,0.3658,28510,20,intensifier
round2_screening,L5kdt,1000,9-0.75-M,1,0.3955,28853,27,intensifier
round2_screening,L5kdt,1000,9-0.75-M,1,0.4252,29486,27,intensifier
round2_screening,L5kdt,1000,9-0.75-M,1,0.4842,29652,6,intensifier
round2_screening,L5kdt,1000,9-0.75-M,1,0.5728,29849,6,intensifier
round2_screening,L5kdt,1000,9-0.75-M,1,0.6024,29960,6,intensifier
round2_screening,L5kdt,1000,9-0.75-M,1,0.6321,29984,6,intensifier
round2_screening,L5kdt,1000,9-0.75-M,1,0.6912,30221,41,intensifier
round2_screening,L5kdt,1000,9-0.75-M,1,0.7504,30356,41,intensifier
round2_screening,L5kdt,1000,9-0.75-M,1,0.8095,30475,41,intensifier
round2_screening,L5kdt,1000,9-0.75-M,1,0.8981,30691,41,intensifier
round2_screening,L5kdt,1000,9-0.75-M,1,0.9278,30700,41,intensifier
round2_screening,L5kdt,1000,9-0.75-M,1,0.9574,30741,41,intensifier
round2_screening,L5kdt,1000,9-0.75-M,1,1.1048,30756,41,intensifier
round2_screening,L5kdt,1000,9-0.75-M,1,1.6362,31008,41,intensifier
round2_screening,L5kdt,1000,9-0.75-M,1,2.6992,31170,41,intensifier
round2_screening,L5kdt,1000,9-0.75-M,1,2.7289,31221,41,intensifier
round2_screening,L5kdt,1000,9-0.75-M,1,4.2328,31289,41,intensifier
round2_screening,L5kdt,1000,9-0.75-M,1,13.5485,31328,46,intensifier
round2_screening,L5kdt,1000,9-0.75-M,1,16.5851,31377,54,intensifier
round2_screening,L5kdt,1000,9-0.75-M,1,17.5867,31414,38,intensifier
round2_screening,L5kdt,1000,9-0.75-M,1,18.1752,31564,38,intensifier
round2_screening,L5kdt,1000,9-0.75-M,1,18.2648,31699,38,intensifier
round2_screening,L5kdt,1000,9-0.75-M,1,27.9343,31752,49,intensifier
round2_screening,L5kdt,1000,9-0.75-M,1,28.7292,31756,49,intensifier
round2_screening,L5kdt,1000,9-0.75-M,1,30.5274,31873,25,intensifier
round2_screening,L5kdt,1000,9-0.75-M,1,32.7084,32046,26,intensifier
round2_screening,L5kdt,1000,9-0.75-M,1,169.3586,32070,37,intensifier
round2_screening,L5kdt,1000,9-0.75-M,1,355.5660,32243,19,intensifier
round2_screening,L5kdt,1000,9-0.75-M,2,0.6583,29798,75,explorer
round2_screening,L5kdt,1000,9-0.75-M,2,0.6891,29802,6,intensifier
round2_screening,L5kdt,1000,9-0.75-M,2,0.7189,30011,6,intensifier
round2_screening,L5kdt,1000,9-0.75-M,2,0.8074,30356,6,intensifier
round2_screening,L5kdt,1000,9-0.75-M,2,1.1020,30465,6,intensifier
round2_screening,L5kdt,1000,9-0.75-M,2,1.1318,30927,6,intensifier
round2_screening,L5kdt,1000,9-0.75-M,2,1.6925,30953,6,intensifier
round2_screening,L5kdt,1000,9-0.75-M,2,1.7235,31264,6,intensifier
round2_screening,L5kdt,1000,9-0.75-M,2,4.4335,31489,6,intensifier
round2_screening,L5kdt,1000,9-0.75-M,2,19.8162,31525,14,intensifier
round2_screening,L5kdt,1000,9-0.75-M,2,24.1203,31556,14,intensifier
round2_screening,L5kdt,1000,9-0.75-M,2,24.1503,31613,14,intensifier
round2_screening,L5kdt,1000,9-0.75-M,2,25.3895,31617,26,intensifier
round2_screening,L5kdt,1000,9-0.75-M,2,25.9506,31700,14,intensifier
round2_screening,L5kdt,1000,9-0.75-M,2,29.1904,31720,14,intensifier
round2_screening,L5kdt,1000,9-0.75-M,2,29.2202,31816,14,intensifier
round2_screening,L5kdt,1000,9-0.75-M,2,34.3184,31905,14,intensifier
round2_screening,L5kdt,1000,9-0.75-M,2,64.1836,31939,18,intensifier
round2_screening,L5kdt,1000,9-0.75-M,2,86.4294,31984,32,intensifier
round2_screening,L5kdt,1000,9-0.75-M,2,231.7675,32021,61,intensifier
round2_screening,L5kdt,1000,9-0.75-M,2,232.0918,32040,56,intensifier
round2_screening,L5kdt,1000,9-0.75-M,2,233.5641,32110,8,intensifier
round2_screening,L5kdt,1000,9-0.75-M,2,253.8153,32163,61,intensifier
round2_screening,L5kdt,1000,9-0.75-M,2,463.1368,32229,23,intensifier
round2_screening,B84dt,1000,1-0.25-P,1,0.5682,159168,11,intensifier
round2_screening,B84dt,1000,1-0.25-P,1,0.6042,159528,11,intensifier
round2_screening,B84dt,1000,1-0.25-P,1,0.6630,159803,25,intensifier
round2_screening,B84dt,1000,1-0.25-P,1,0.6932,159812,25,intensifier
round2_screening,B84dt,1000,1-0.25-P,1,0.7234,159900,25,intensifier
round2_screening,B84dt,1000,1-0.25-P,1,0.7831,160044,25,intensifier
round2_screening,B84dt,1000,1-0.25-P,1,0.8721,160152,25,intensifier
round2_screening,B84dt,1000,1-0.25-P,1,1.1406,160322,25,intensifier
round2_screening,B84dt,1000,1-0.25-P,1,1.3499,160550,25,intensifier
round2_screening,B84dt,1000,1-0.25-P,1,1.5592,160703,25,intensifier
round2_screening,B84dt,1000,1-0.25-P,1,2.8363,160724,25,intensifier
round2_screening,B84dt,1000,1-0.25-P,1,5.8632,160725,25,intensifier
round2_screening,B84dt,1000,1-0.25-P,1,8.0557,160816,25,intensifier
round2_screening,B84dt,1000,1-0.25-P,1,8.4123,160853,25,intensifier
round2_screening,B84dt,1000,1-0.25-P,1,9.4533,160970,25,intensifier
round2_screening,B84dt,1000,1-0.25-P,1,11.5643,160996,25,intensifier
round2_screening,B84dt,1000,1-0.25-P,1,17.2706,161024,25,intensifier
round2_screening,B84dt,1000,1-0.25-P,1,17.8962,161060,25,intensifier
round2_screening,B84dt,1000,1-0.25-P,1,24.8229,161090,25,intensifier
round2_screening,B84dt,1000,1-0.25-P,1,35.9445,161179,25,intensifier
round2_screening,B84dt,1000,1-0.25-P,1,56.2573,161252,37,intensifier
round2_screening,B84dt,1000,1-0.25-P,1,75.1769,161310,37,intensifier
round2_screening,B84dt,1000,1-0.25-P,1,123.4226,161329,38,intensifier
round2_screening,B84dt,1000,1-0.25-P,1,123.6585,161346,25,intensifier
round2_screening,B84dt,1000,1-0.25-P,1,125.5275,161358,9,intensifier
round2_screening,B84dt,1000,1-0.25-P,1,135.7790,161401,7,intensifier
round2_screening,B84dt,1000,1-0.25-P,1,184.2513,161434,40,intensifier
round2_screening,B84dt,1000,1-0.25-P,1,211.7631,161455,2,intensifier
round2_screening,B84dt,1000,1-0.25-P,1,346.7594,161472,37,intensifier
round2_screening,B84dt,1000,1-0.25-P,1,346.9070,161480,38,intensifier
round2_screening,B84dt,1000,1-0.25-P,1,353.5464,161507,28,intensifier
round2_screening,B84dt,1000,1-0.25-P,1,357.3319,161540,28,intensifier
round2_screening,B84dt,1000,1-0.25-P,1,364.8087,161604,20,intensifier
round2_screening,B84dt,1000,1-0.25-P,1,452.6900,161607,10,intensifier
round2_screening,B84dt,1000,1-0.25-P,1,455.3633,161622,54,intensifier
round2_screening,B84dt,1000,1-0.25-P,1,455.4231,161641,16,intensifier
round2_screening,B84dt,1000,1-0.25-P,1,466.6732,161656,16,intensifier
round2_screening,B84dt,1000,1-0.25-P,1,480.6266,161817,58,intensifier
round2_screening,B84dt,1000,1-0.25-P,1,562.2237,161857,26,intensifier
round2_screening,B84dt,1000,1-0.25-P,2,0.6402,159760,49,intensifier
round2_screening,B84dt,1000,1-0.25-P,2,1.3262,159784,49,intensifier
round2_screening,B84dt,1000,1-0.25-P,2,1.4135,160088,49,intensifier
round2_screening,B84dt,1000,1-0.25-P,2,1.7678,160224,49,intensifier
round2_screening,B84dt,1000,1-0.25-P,2,1.7965,160248,49,intensifier
round2_screening,B84dt,1000,1-0.25-P,2,1.8265,160375,49,intensifier
round2_screening,B84dt,1000,1-0.25-P,2,1.8865,160490,49,intensifier
round2_screening,B84dt,1000,1-0.25-P,2,2.7163,160738,49,intensifier
round2_screening,B84dt,1000,1-0.25-P,2,5.5258,160898,49,intensifier
round2_screening,B84dt,1000,1-0.25-P,2,7.2921,160926,49,intensifier
round2_screening,B84dt,1000,1-0.25-P,2,9.6268,160927,49,intensifier
round2_screening,B84dt,1000,1-0.25-P,2,10.3121,161102,49,intensifier
round2_screening,B84dt,1000,1-0.25-P,2,14.8152,161124,49,intensifier
round2_screening,B84dt,1000,1-0.25-P,2,21.9174,161287,49,intensifier
round2_screening,B84dt,1000,1-0.25-P,2,23.7264,161325,49,intensifier
round2_screening,B84dt,1000,1-0.25-P,2,23.8164,161370,49,intensifier
round2_screening,B84dt,1000,1-0.25-P,2,33.5840,161449,49,intensifier
round2_screening,B84dt,1000,1-0.25-P,2,106.6942,161524,22,intensifier
round2_screening,B84dt,1000,1-0.25-P,2,119.1029,161571,32,intensifier
round2_screening,B84dt,1000,1-0.25-P,2,134.9539,161578,48,intensifier
round2_screening,B84dt,1000,1-0.25-P,2,138.0933,161683,48,intensifier
round2_screening,B84dt,1000,1-0.25-P,2,138.1533,161723,1,intensifier
round2_screening,B84dt,1000,1-0.25-P,2,146.7004,161730,48,intensifier
round2_screening,B84dt,1000,1-0.25-P,2,174.3971,161791,34,intensifier
round2_screening,B84dt,1000,1-0.25-P,2,391.8001,161849,52,intensifier
round2_screening,B84dt,1000,2-0.25-P,1,0.6136,131669,46,intensifier
round2_screening,B84dt,1000,2-0.25-P,1,0.6758,131893,43,intensifier
round2_screening,B84dt,1000,2-0.25-P,1,0.7349,131907,43,intensifier
round2_screening,B84dt,1000,2-0.25-P,1,0.7643,132171,43,intensifier
round2_screening,B84dt,1000,2-0.25-P,1,0.7933,132527,68,explorer
round2_screening,B84dt,1000,2-0.25-P,1,0.8234,132716,68,explorer
round2_screening,B84dt,1000,2-0.25-P,1,0.8538,132787,68,explorer
round2_screening,B84dt,1000,2-0.25-P,1,1.0003,133241,68,explorer
round2_screening,B84dt,1000,2-0.25-P,1,2.7492,133285,14,intensifier
round2_screening,B84dt,1000,2-0.25-P,1,3.0454,133321,14,intensifier
round2_screening,B84dt,1000,2-0.25-P,1,3.4013,133786,14,intensifier
round2_screening,B84dt,1000,2-0.25-P,1,4.4421,133812,14,intensifier
round2_screening,B84dt,1000,2-0.25-P,1,6.0729,133949,14,intensifier
round2_screening,B84dt,1000,2-0.25-P,1,6.2212,133967,14,intensifier
round2_screening,B84dt,1000,2-0.25-P,1,6.8431,134072,14,intensifier
round2_screening,B84dt,1000,2-0.25-P,1,8.5362,134163,14,intensifier
round2_screening,B84dt,1000,2-0.25-P,1,8.5957,134165,14,intensifier
round2_screening,B84dt,1000,2-0.25-P,1,9.6600,134263,14,intensifier
round2_screening,B84dt,1000,2-0.25-P,1,10.4591,134351,14,intensifier
round2_screening,B84dt,1000,2-0.25-P,1,10.9636,134453,14,intensifier
round2_screening,B84dt,1000,2-0.25-P,1,16.6476,134484,14,intensifier
round2_screening,B84dt,1000,2-0.25-P,1,34.8036,134598,14,intensifier
round2_screening,B84dt,1000,2-0.25-P,1,37.8810,134700,14,intensifier
round2_screening,B84dt,1000,2-0.25-P,1,60.2011,134848,14,intensifier
round2_screening,B84dt,1000,2-0.25-P,1,74.6058,134900,14,intensifier
round2_screening,B84dt,1000,2-0.25-P,1,81.0594,134970,41,intensifier
round2_screening,B84dt,1000,2-0.25-P,1,85.7319,135020,28,intensifier
round2_screening,B84dt,1000,2-0.25-P,1,104.2594,135027,25,intensifier
round2_screening,B84dt,1000,2-0.25-P,1,104.9126,135063,59,intensifier
round2_screening,B84dt,1000,2-0.25-P,1,109.0852,135098,59,intensifier
round2_screening,B84dt,1000,2-0.25-P,1,111.8692,135167,59,intensifier
round2_screening,B84dt,1000,2-0.25-P,1,112.5193,135233,59,intensifier
round2_screening,B84dt,1000,2-0.25-P,1,115.8384,135247,7,intensifier
round2_screening,B84dt,1000,2-0.25-P,1,119.6316,135354,43,intensifier
round2_screening,B84dt,1000,2-0.25-P,1,187.7739,135383,37,intensifier
round2_screening,B84dt,1000,2-0.25-P,1,284.6439,135427,37,intensifier
round2_screening,B84dt,1000,2-0.25-P,1,541.2859,135470,51,intensifier
round2_screening,B84dt,1000,2-0.25-P,1,556.9477,135626,10,intensifier
round2_screening,B84dt,1000,2-0.25-P,1,599.7267,135705,34,intensifier
round2_screening,B84dt,1000,2-0.25-P,2,0.6319,132294,80,explorer
round2_screening,B84dt,1000,2-0.25-P,2,0.6645,132529,16,intensifier
round2_screening,B84dt,1000,2-0.25-P,2,0.6938,132602,16,intensifier
round2_screening,B84dt,1000,2-0.25-P,2,0.7239,132810,16,intensifier
round2_screening,B84dt,1000,2-0.25-P,2,0.9607,132972,16,intensifier
round2_screening,B84dt,1000,2-0.25-P,2,1.1096,133006,16,intensifier
round2_screening,B84dt,1000,2-0.25-P,2,1.1398,133138,16,intensifier
round2_screening,B84dt,1000,2-0.25-P,2,1.2289,133141,16,intensifier
round2_screening,B84dt,1000,2-0.25-P,2,1.7637,133186,16,intensifier
round2_screening,B84dt,1000,2-0.25-P,2,2.1502,133296,16,intensifier
round2_screening,B84dt,1000,2-0.25-P,2,2.2395,133304,16,intensifier
round2_screening,B84dt,1000,2-0.25-P,2,2.8312,133395,16,intensifier
round2_screening,B84dt,1000,2-0.25-P,2,5.4701,133508,16,intensifier
round2_screening,B84dt,1000,2-0.25-P,2,5.6498,133612,16,intensifier
round2_screening,B84dt,1000,2-0.25-P,2,5.6788,133708,16,intensifier
round2_screening,B84dt,1000,2-0.25-P,2,5.7089,133730,16,intensifier
round2_screening,B84dt,1000,2-0.25-P,2,7.4911,133756,16,intensifier
round2_screening,B84dt,1000,2-0.25-P,2,8.1719,133760,16,intensifier
round2_screening,B84dt,1000,2-0.25-P,2,9.0012,133840,16,intensifier
round2_screening,B84dt,1000,2-0.25-P,2,10.3656,133912,31,intensifier
round2_screening,B84dt,1000,2-0.25-P,2,10.3957,134079,31,intensifier
round2_screening,B84dt,1000,2-0.25-P,2,10.8994,134150,31,intensifier
round2_screening,B84dt,1000,2-0.25-P,2,12.3810,134193,31,intensifier
round2_screening,B84dt,1000,2-0.25-P,2,13.7450,134503,31,intensifier
round2_screening,B84dt,1000,2-0.25-P,2,14.1607,134524,31,intensifier
round2_screening,B84dt,1000,2-0.25-P,2,16.4398,134526,31,intensifier
round2_screening,B84dt,1000,2-0.25-P,2,18.7185,134616,31,intensifier
round2_screening,B84dt,1000,2-0.25-P,2,18.7482,134691,31,intensifier
round2_screening,B84dt,1000,2-0.25-P,2,20.1118,134718,31,intensifier
round2_screening,B84dt,1000,2-0.25-P,2,23.4907,134724,31,intensifier
round2_screening,B84dt,1000,2-0.25-P,2,23.7866,134825,31,intensifier
round2_screening,B84dt,1000,2-0.25-P,2,36.1666,135063,31,intensifier
round2_screening,B84dt,1000,2-0.25-P,2,76.4436,135114,59,intensifier
round2_screening,B84dt,1000,2-0.25-P,2,77.9540,135166,45,intensifier
round2_screening,B84dt,1000,2-0.25-P,2,87.3457,135339,12,intensifier
round2_screening,B84dt,1000,2-0.25-P,2,110.0934,135427,12,intensifier
round2_screening,B84dt,1000,2-0.25-P,2,185.5520,135458,14,intensifier
round2_screening,B84dt,1000,2-0.25-P,2,312.3628,135576,26,intensifier
round2_screening,B84dt,1000,2-0.25-P,2,440.9229,135598,20,intensifier
round2_screening,B84dt,1000,7-0.5-M,1,0.4323,43218,49,intensifier
round2_screening,B84dt,1000,7-0.5-M,1,0.4919,44616,23,intensifier
round2_screening,B84dt,1000,7-0.5-M,1,0.5219,45200,80,explorer
round2_screening,B84dt,1000,7-0.5-M,1,0.5523,45635,23,intensifier
round2_screening,B84dt,1000,7-0.5-M,1,0.5819,45806,23,intensifier
round2_screening,B84dt,1000,7-0.5-M,1,0.6118,45871,46,intensifier
round2_screening,B84dt,1000,7-0.5-M,1,0.6420,46455,46,intensifier
round2_screening,B84dt,1000,7-0.5-M,1,0.7004,46627,54,intensifier
round2_screening,B84dt,1000,7-0.5-M,1,0.7299,46901,80,explorer
round2_screening,B84dt,1000,7-0.5-M,1,0.7594,47109,36,intensifier
round2_screening,B84dt,1000,7-0.5-M,1,0.8174,47305,36,intensifier
round2_screening,B84dt,1000,7-0.5-M,1,0.8761,47319,36,intensifier
round2_screening,B84dt,1000,7-0.5-M,1,0.9056,47451,36,intensifier
round2_screening,B84dt,1000,7-0.5-M,1,1.1686,47475,36,intensifier
round2_screening,B84dt,1000,7-0.5-M,1,1.2275,47631,75,explorer
round2_screening,B84dt,1000,7-0.5-M,1,2.1102,47650,21,intensifier
round2_screening,B84dt,1000,7-0.5-M,1,2.1402,47823,21,intensifier
round2_screening,B84dt,1000,7-0.5-M,1,2.1693,48145,21,intensifier
round2_screening,B84dt,1000,7-0.5-M,1,2.8142,48159,21,intensifier
round2_screening,B84dt,1000,7-0.5-M,1,4.1929,48175,21,intensifier
round2_screening,B84dt,1000,7-0.5-M,1,4.2211,48402,21,intensifier
round2_screening,B84dt,1000,7-0.5-M,1,6.9267,48481,21,intensifier
round2_screening,B84dt,1000,7-0.5-M,1,15.3165,48501,21,intensifier
round2_screening,B84dt,1000,7-0.5-M,1,19.3150,48549,21,intensifier
round2_screening,B84dt,1000,7-0.5-M,1,20.3108,48693,21,intensifier
round2_screening,B84dt,1000,7-0.5-M,1,20.5465,48906,21,intensifier
round2_screening,B84dt,1000,7-0.5-M,1,20.5760,48954,21,intensifier
round2_screening,B84dt,1000,7-0.5-M,1,27.0158,48995,21,intensifier
round2_screening,B84dt,1000,7-0.5-M,1,27.8100,49090,21,intensifier
round2_screening,B84dt,1000,7-0.5-M,1,34.7448,49117,21,intensifier
round2_screening,B84dt,1000,7-0.5-M,1,38.9443,49309,21,intensifier
round2_screening,B84dt,1000,7-0.5-M,1,236.0218,49398,20,intensifier
round2_screening,B84dt,1000,7-0.5-M,1,424.7178,49481,36,intensifier
round2_screening,B84dt,1000,7-0.5-M,2,0.3090,37713,49,intensifier
round2_screening,B84dt,1000,7-0.5-M,2,0.3892,42323,67,explorer
round2_screening,B84dt,1000,7-0.5-M,2,0.4206,43105,67,explorer
round2_screening,B84dt,1000,7-0.5-M,2,0.4507,44542,71,explorer
round2_screening,B84dt,1000,7-0.5-M,2,0.4811,44685,71,explorer
round2_screening,B84dt,1000,7-0.5-M,2,0.5114,45192,68,explorer
round2_screening,B84dt,1000,7-0.5-M,2,0.5418,45428,68,explorer
round2_screening,B84dt,1000,7-0.5-M,2,0.5704,45713,68,explorer
round2_screening,B84dt,1000,7-0.5-M,2,0.6289,45795,71,explorer
round2_screening,B84dt,1000,7-0.5-M,2,0.6578,46320,71,explorer
round2_screening,B84dt,1000,7-0.5-M,2,0.7177,46478,68,explorer
round2_screening,B84dt,1000,7-0.5-M,2,0.7479,46610,68,explorer
round2_screening,B84dt,1000,7-0.5-M,2,0.8078,46837,37,intensifier
round2_screening,B84dt,1000,7-0.5-M,2,0.8690,46850,37,intensifier
round2_screening,B84dt,1000,7-0.5-M,2,0.8992,47027,37,intensifier
round2_screening,B84dt,1000,7-0.5-M,2,0.9584,47116,37,intensifier
round2_screening,B84dt,1000,7-0.5-M,2,0.9882,47282,37,intensifier
round2_screening,B84dt,1000,7-0.5-M,2,1.0759,47497,37,intensifier
round2_screening,B84dt,1000,7-0.5-M,2,1.1917,47628,26,intensifier
round2_screening,B84dt,1000,7-0.5-M,2,1.5115,47772,26,intensifier
round2_screening,B84dt,1000,7-0.5-M,2,2.3032,47780,26,intensifier
round2_screening,B84dt,1000,7-0.5-M,2,2.3324,47885,26,intensifier
round2_screening,B84dt,1000,7-0.5-M,2,2.6571,47911,26,intensifier
round2_screening,B84dt,1000,7-0.5-M,2,3.3653,48036,26,intensifier
round2_screening,B84dt,1000,7-0.5-M,2,3.8969,48090,26,intensifier
round2_screening,B84dt,1000,7-0.5-M,2,3.9272,48651,26,intensifier
round2_screening,B84dt,1000,7-0.5-M,2,7.2198,48714,26,intensifier
round2_screening,B84dt,1000,7-0.5-M,2,9.6810,48725,26,intensifier
round2_screening,B84dt,1000,7-0.5-M,2,11.4430,48741,26,intensifier
round2_screening,B84dt,1000,7-0.5-M,2,13.6448,48742,26,intensifier
round2_screening,B84dt,1000,7-0.5-M,2,13.7043,48778,26,intensifier
round2_screening,B84dt,1000,7-0.5-M,2,14.3824,48788,26,intensifier
round2_screening,B84dt,1000,7-0.5-M,2,14.7374,48873,26,intensifier
round2_screening,B84dt,1000,7-0.5-M,2,15.5329,48883,26,intensifier
round2_screening,B84dt,1000,7-0.5-M,2,46.3568,48964,48,intensifier
round2_screening,B84dt,1000,7-0.5-M,2,46.6809,49005,48,intensifier
round2_screening,B84dt,1000,7-0.5-M,2,49.3897,49108,48,intensifier
round2_screening,B84dt,1000,7-0.5-M,2,49.4753,49324,48,intensifier
round2_screening,B84dt,1000,7-0.5-M,2,54.9487,49508,48,intensifier
round2_screening,B84dt,1000,7-0.5-M,2,238.3343,49594,24,intensifier
round2_screening,B84dt,1000,7-0.5-M,2,262.0931,49607,61,intensifier
round2_screening,B84dt,1000,7-0.5-M,2,271.0611,49669,34,intensifier
round2_screening,B84dt,1000,7-0.5-M,2,303.6937,49795,19,intensifier
round2_screening,B84dt,1000,7-0.5-M,2,502.4483,49854,40,intensifier
round2_screening,B84dt,1000,9-0.75-M,1,0.1128,4709,20,intensifier
round2_screening,B84dt,1000,9-0.75-M,1,0.3002,26434,80,explorer
round2_screening,B84dt,1000,9-0.75-M,1,0.3291,27567,60,intensifier
round2_screening,B84dt,1000,9-0.75-M,1,0.3588,27981,28,intensifier
round2_screening,B84dt,1000,9-0.75-M,1,0.3885,28209,78,explorer
round2_screening,B84dt,1000,9-0.75-M,1,0.4181,28788,7,intensifier
round2_screening,B84dt,1000,9-0.75-M,1,0.4478,29064,7,intensifier
round2_screening,B84dt,1000,9-0.75-M,1,0.4776,29530,83,explorer
round2_screening,B84dt,1000,9-0.75-M,1,0.5074,29606,35,intensifier
round2_screening,B84dt,1000,9-0.75-M,1,0.5666,29768,35,intensifier
round2_screening,B84dt,1000,9-0.75-M,1,0.5964,29856,21,intensifier
round2_screening,B84dt,1000,9-0.75-M,1,0.6260,30011,21,intensifier
round2_screening,B84dt,1000,9-0.75-M,1,0.6559,30145,35,intensifier
round2_screening,B84dt,1000,9-0.75-M,1,0.6860,30147,35,intensifier
round2_screening,B84dt,1000,9-0.75-M,1,0.7159,30352,35,intensifier
round2_screening,B84dt,1000,9-0.75-M,1,0.9821,30384,35,intensifier
round2_screening,B84dt,1000,9-0.75-M,1,1.0118,30398,57,intensifier
round2_screening,B84dt,1000,9-0.75-M,1,1.0415,30422,57,intensifier
round2_screening,B84dt,1000,9-0.75-M,1,1.1303,30546,57,intensifier
round2_screening,B84dt,1000,9-0.75-M,1,1.1600,30571,57,intensifier
round2_screening,B84dt,1000,9-0.75-M,1,1.2782,30715,57,intensifier
round2_screening,B84dt,1000,9-0.75-M,1,1.3670,30752,57,intensifier
round2_screening,B84dt,1000,9-0.75-M,1,1.5732,30853,57,intensifier
round2_screening,B84dt,1000,9-0.75-M,1,2.5478,30927,57,intensifier
round2_screening,B84dt,1000,9-0.75-M,1,3.0786,30936,57,intensifier
round2_screening,B84dt,1000,9-0.75-M,1,4.4373,30953,57,intensifier
round2_screening,B84dt,1000,9-0.75-M,1,4.6734,30976,57,intensifier
round2_screening,B84dt,1000,9-0.75-M,1,6.9140,30981,57,intensifier
round2_screening,B84dt,1000,9-0.75-M,1,6.9733,30984,57,intensifier
round2_screening,B84dt,1000,9-0.75-M,1,7.0325,31005,57,intensifier
round2_screening,B84dt,1000,9-0.75-M,1,7.1505,31030,57,intensifier
round2_screening,B84dt,1000,9-0.75-M,1,7.3277,31052,57,intensifier
round2_screening,B84dt,1000,9-0.75-M,1,7.3869,31376,57,intensifier
round2_screening,B84dt,1000,9-0.75-M,1,7.4754,31395,57,intensifier
round2_screening,B84dt,1000,9-0.75-M,1,45.7219,31507,59,intensifier
round2_screening,B84dt,1000,9-0.75-M,1,124.5330,31590,36,intensifier
round2_screening,B84dt,1000,9-0.75-M,1,126.9211,31830,36,intensifier
round2_screening,B84dt,1000,9-0.75-M,1,129.6621,32000,36,intensifier
round2_screening,B84dt,1000,9-0.75-M,1,182.5420,32081,61,intensifier
round2_screening,B84dt,1000,9-0.75-M,2,0.1134,6745,36,intensifier
round2_screening,B84dt,1000,9-0.75-M,2,0.2946,27101,25,intensifier
round2_screening,B84dt,1000,9-0.75-M,2,0.3247,27925,78,explorer
round2_screening,B84dt,1000,9-0.75-M,2,0.3843,28244,48,intensifier
round2_screening,B84dt,1000,9-0.75-M,2,0.4142,28953,48,intensifier
round2_screening,B84dt,1000,9-0.75-M,2,0.4439,29099,53,intensifier
round2_screening,B84dt,1000,9-0.75-M,2,0.4737,29104,53,intensifier
round2_screening,B84dt,1000,9-0.75-M,2,0.5035,29226,11,intensifier
round2_screening,B84dt,1000,9-0.75-M,2,0.5331,29368,48,intensifier
round2_screening,B84dt,1000,9-0.75-M,2,0.5628,29773,22,intensifier
round2_screening,B84dt,1000,9-0.75-M,2,0.6219,30000,11,intensifier
round2_screening,B84dt,1000,9-0.75-M,2,0.6518,30064,22,intensifier
round2_screening,B84dt,1000,9-0.75-M,2,0.6816,30186,22,intensifier
round2_screening,B84dt,1000,9-0.75-M,2,0.7410,30306,28,intensifier
round2_screening,B84dt,1000,9-0.75-M,2,0.8000,30318,28,intensifier
round2_screening,B84dt,1000,9-0.75-M,2,0.9473,30417,28,intensifier
round2_screening,B84dt,1000,9-0.75-M,2,1.1842,30541,28,intensifier
round2_screening,B84dt,1000,9-0.75-M,2,1.4198,30589,28,intensifier
round2_screening,B84dt,1000,9-0.75-M,2,1.5377,30650,28,intensifier
round2_screening,B84dt,1000,9-0.75-M,2,1.5675,30705,28,intensifier
round2_screening,B84dt,1000,9-0.75-M,2,1.7150,30717,28,intensifier
round2_screening,B84dt,1000,9-0.75-M,2,1.7448,30756,28,intensifier
round2_screening,B84dt,1000,9-0.75-M,2,1.7745,30760,28,intensifier
round2_screening,B84dt,1000,9-0.75-M,2,2.7776,31033,28,intensifier
round2_screening,B84dt,1000,9-0.75-M,2,4.6646,31128,28,intensifier
round2_screening,B84dt,1000,9-0.75-M,2,5.6384,31377,28,intensifier
round2_screening,B84dt,1000,9-0.75-M,2,5.8750,31379,28,intensifier
round2_screening,B84dt,1000,9-0.75-M,2,7.7338,31491,28,intensifier
round2_screening,B84dt,1000,9-0.75-M,2,8.2648,31607,28,intensifier
round2_screening,B84dt,1000,9-0.75-M,2,9.9163,31667,28,intensifier
round2_screening,B84dt,1000,9-0.75-M,2,35.4385,31681,25,intensifier
round2_screening,B84dt,1000,9-0.75-M,2,42.1918,31905,46,intensifier
round2_screening,B84dt,1000,9-0.75-M,2,51.2774,32019,46,intensifier
round2_screening,B84dt,1000,9-0.75-M,2,99.0133,32031,26,intensifier
round2_screening,B84dt,1000,9-0.75-M,2,128.2804,32062,26,intensifier
round2_screening,B84dt,1000,9-0.75-M,2,468.9324,32226,16,intensifier
round2_confirmation,B84ds,1000,5-0.25-M,1,0.5292,32592,2,intensifier
round2_confirmation,B84ds,1000,5-0.25-M,1,0.5654,32751,32,intensifier
round2_confirmation,B84ds,1000,5-0.25-M,1,0.5953,32792,32,intensifier
round2_confirmation,B84ds,1000,5-0.25-M,1,0.6852,32996,51,intensifier
round2_confirmation,B84ds,1000,5-0.25-M,1,0.7144,33215,43,intensifier
round2_confirmation,B84ds,1000,5-0.25-M,1,0.8928,33384,43,intensifier
round2_confirmation,B84ds,1000,5-0.25-M,1,0.9526,33438,43,intensifier
round2_confirmation,B84ds,1000,5-0.25-M,1,1.0718,33511,43,intensifier
round2_confirmation,B84ds,1000,5-0.25-M,1,1.2210,33530,43,intensifier
round2_confirmation,B84ds,1000,5-0.25-M,1,1.6084,33647,43,intensifier
round2_confirmation,B84ds,1000,5-0.25-M,1,1.9633,33710,43,intensifier
round2_confirmation,B84ds,1000,5-0.25-M,1,2.0515,33943,43,intensifier
round2_confirmation,B84ds,1000,5-0.25-M,1,2.0817,33971,43,intensifier
round2_confirmation,B84ds,1000,5-0.25-M,1,2.4975,34021,43,intensifier
round2_confirmation,B84ds,1000,5-0.25-M,1,3.7766,34284,43,intensifier
round2_confirmation,B84ds,1000,5-0.25-M,1,5.0237,34361,43,intensifier
round2_confirmation,B84ds,1000,5-0.25-M,1,14.9321,34384,43,intensifier
round2_confirmation,B84ds,1000,5-0.25-M,1,15.3193,34399,43,intensifier
round2_confirmation,B84ds,1000,5-0.25-M,1,21.3649,34415,43,intensifier
round2_confirmation,B84ds,1000,5-0.25-M,1,24.2818,34464,43,intensifier
round2_confirmation,B84ds,1000,5-0.25-M,1,30.0296,34522,43,intensifier
round2_confirmation,B84ds,1000,5-0.25-M,1,30.0607,34562,43,intensifier
round2_confirmation,B84ds,1000,5-0.25-M,1,31.9049,34666,43,intensifier
round2_confirmation,B84ds,1000,5-0.25-M,1,36.1033,34778,43,intensifier
round2_confirmation,B84ds,1000,5-0.25-M,1,46.6600,34837,16,intensifier
round2_confirmation,B84ds,1000,5-0.25-M,1,51.1492,34965,16,intensifier
round2_confirmation,B84ds,1000,5-0.25-M,1,87.2690,35017,37,intensifier
round2_confirmation,B84ds,1000,5-0.25-M,1,87.7463,35196,30,intensifier
round2_confirmation,B84ds,1000,5-0.25-M,1,110.8274,35310,30,intensifier
round2_confirmation,B84ds,1000,5-0.25-M,1,554.8321,35427,57,intensifier
round2_confirmation,B84ds,1000,5-0.25-M,2,0.6134,32929,29,intensifier
round2_confirmation,B84ds,1000,5-0.25-M,2,0.7350,33080,51,intensifier
round2_confirmation,B84ds,1000,5-0.25-M,2,0.7651,33196,5,intensifier
round2_confirmation,B84ds,1000,5-0.25-M,2,0.7952,33277,5,intensifier
round2_confirmation,B84ds,1000,5-0.25-M,2,0.8252,33417,5,intensifier
round2_confirmation,B84ds,1000,5-0.25-M,2,1.0337,33789,5,intensifier
round2_confirmation,B84ds,1000,5-0.25-M,2,1.2724,33922,5,intensifier
round2_confirmation,B84ds,1000,5-0.25-M,2,1.3026,34067,5,intensifier
round2_confirmation,B84ds,1000,5-0.25-M,2,1.8363,34305,5,intensifier
round2_confirmation,B84ds,1000,5-0.25-M,2,1.8663,34365,5,intensifier
round2_confirmation,B84ds,1000,5-0.25-M,2,4.0682,34447,5,intensifier
round2_confirmation,B84ds,1000,5-0.25-M,2,5.5225,34471,5,intensifier
round2_confirmation,B84ds,1000,5-0.25-M,2,5.6121,34489,5,intensifier
round2_confirmation,B84ds,1000,5-0.25-M,2,10.3681,34517,5,intensifier
round2_confirmation,B84ds,1000,5-0.25-M,2,16.2453,34526,5,intensifier
round2_confirmation,B84ds,1000,5-0.25-M,2,21.5382,34545,5,intensifier
round2_confirmation,B84ds,1000,5-0.25-M,2,24.7155,34660,5,intensifier
round2_confirmation,B84ds,1000,5-0.25-M,2,36.9314,34684,5,intensifier
round2_confirmation,B84ds,1000,5-0.25-M,2,37.0806,34697,5,intensifier
round2_confirmation,B84ds,1000,5-0.25-M,2,42.2550,34735,5,intensifier
round2_confirmation,B84ds,1000,5-0.25-M,2,44.7206,34761,5,intensifier
round2_confirmation,B84ds,1000,5-0.25-M,2,48.4368,34826,51,intensifier
round2_confirmation,B84ds,1000,5-0.25-M,2,54.1131,34842,51,intensifier
round2_confirmation,B84ds,1000,5-0.25-M,2,56.9973,34907,51,intensifier
round2_confirmation,B84ds,1000,5-0.25-M,2,69.2648,35060,51,intensifier
round2_confirmation,B84ds,1000,5-0.25-M,2,88.6732,35085,21,intensifier
round2_confirmation,B84ds,1000,5-0.25-M,2,102.9982,35133,21,intensifier
round2_confirmation,B84ds,1000,5-0.25-M,2,118.7375,35220,35,intensifier
round2_confirmation,B84ds,1000,5-0.25-M,2,122.6593,35235,32,intensifier
round2_confirmation,B84ds,1000,5-0.25-M,2,142.7064,35312,32,intensifier
round2_confirmation,B84ds,1000,5-0.25-M,2,209.7592,35373,4,intensifier
round2_confirmation,B84ds,1000,5-0.25-M,2,429.0212,35385,3,intensifier
round2_confirmation,B84ds,1000,5-0.25-M,3,0.6155,32874,40,intensifier
round2_confirmation,B84ds,1000,5-0.25-M,3,0.7077,32937,73,explorer
round2_confirmation,B84ds,1000,5-0.25-M,3,0.7677,33044,25,intensifier
round2_confirmation,B84ds,1000,5-0.25-M,3,0.8874,33054,25,intensifier
round2_confirmation,B84ds,1000,5-0.25-M,3,0.9176,33071,25,intensifier
round2_confirmation,B84ds,1000,5-0.25-M,3,0.9777,33362,49,intensifier
round2_confirmation,B84ds,1000,5-0.25-M,3,1.0080,33461,25,intensifier
round2_confirmation,B84ds,1000,5-0.25-M,3,1.0679,33669,25,intensifier
round2_confirmation,B84ds,1000,5-0.25-M,3,1.6325,33900,60,intensifier
round2_confirmation,B84ds,1000,5-0.25-M,3,1.7222,33925,60,intensifier
round2_confirmation,B84ds,1000,5-0.25-M,3,2.2279,33978,60,intensifier
round2_confirmation,B84ds,1000,5-0.25-M,3,2.3475,34143,60,intensifier
round2_confirmation,B84ds,1000,5-0.25-M,3,3.4192,34187,60,intensifier
round2_confirmation,B84ds,1000,5-0.25-M,3,3.4492,34232,60,intensifier
round2_confirmation,B84ds,1000,5-0.25-M,3,4.1015,34247,60,intensifier
round2_confirmation,B84ds,1000,5-0.25-M,3,4.2803,34330,60,intensifier
round2_confirmation,B84ds,1000,5-0.25-M,3,6.6008,34396,60,intensifier
round2_confirmation,B84ds,1000,5-0.25-M,3,6.6310,34492,60,intensifier
round2_confirmation,B84ds,1000,5-0.25-M,3,7.6695,34655,60,intensifier
round2_confirmation,B84ds,1000,5-0.25-M,3,11.0861,34693,60,intensifier
round2_confirmation,B84ds,1000,5-0.25-M,3,35.9665,34724,60,intensifier
round2_confirmation,B84ds,1000,5-0.25-M,3,43.0384,34776,21,intensifier
round2_confirmation,B84ds,1000,5-0.25-M,3,44.9971,34856,10,intensifier
round2_confirmation,B84ds,1000,5-0.25-M,3,95.7088,34859,2,intensifier
round2_confirmation,B84ds,1000,5-0.25-M,3,95.7987,34880,2,intensifier
round2_confirmation,B84ds,1000,5-0.25-M,3,98.3261,34904,8,intensifier
round2_confirmation,B84ds,1000,5-0.25-M,3,107.3969,34976,11,intensifier
round2_confirmation,B84ds,1000,5-0.25-M,3,126.6826,35055,11,intensifier
round2_confirmation,B84ds,1000,5-0.25-M,3,136.2181,35062,11,intensifier
round2_confirmation,B84ds,1000,5-0.25-M,3,146.2017,35080,11,intensifier
round2_confirmation,B84ds,1000,5-0.25-M,3,171.9935,35127,11,intensifier
round2_confirmation,B84ds,1000,5-0.25-M,3,207.2764,35173,54,intensifier
round2_confirmation,B84ds,1000,5-0.25-M,3,321.3322,35227,37,intensifier
round2_confirmation,B84ds,1000,4-0.5-M,1,0.4687,46887,41,intensifier
round2_confirmation,B84ds,1000,4-0.5-M,1,0.5243,47898,18,intensifier
round2_confirmation,B84ds,1000,4-0.5-M,1,0.5538,48099,18,intensifier
round2_confirmation,B84ds,1000,4-0.5-M,1,0.5833,48682,66,explorer
round2_confirmation,B84ds,1000,4-0.5-M,1,0.6132,48699,66,explorer
round2_confirmation,B84ds,1000,4-0.5-M,1,0.6427,48722,66,explorer
round2_confirmation,B84ds,1000,4-0.5-M,1,0.6722,48946,41,intensifier
round2_confirmation,B84ds,1000,4-0.5-M,1,0.7891,49052,40,intensifier
round2_confirmation,B84ds,1000,4-0.5-M,1,0.8191,49115,40,intensifier
round2_confirmation,B84ds,1000,4-0.5-M,1,0.8788,49365,41,intensifier
round2_confirmation,B84ds,1000,4-0.5-M,1,0.9094,49384,41,intensifier
round2_confirmation,B84ds,1000,4-0.5-M,1,0.9963,49491,46,intensifier
round2_confirmation,B84ds,1000,4-0.5-M,1,1.1128,49521,46,intensifier
round2_confirmation,B84ds,1000,4-0.5-M,1,1.1429,49551,46,intensifier
round2_confirmation,B84ds,1000,4-0.5-M,1,1.2327,49620,46,intensifier
round2_confirmation,B84ds,1000,4-0.5-M,1,1.2627,49778,50,intensifier
round2_confirmation,B84ds,1000,4-0.5-M,1,1.2927,49798,50,intensifier
round2_confirmation,B84ds,1000,4-0.5-M,1,1.5578,49878,30,intensifier
round2_confirmation,B84ds,1000,4-0.5-M,1,1.6459,50089,30,intensifier
round2_confirmation,B84ds,1000,4-0.5-M,1,1.7330,50236,30,intensifier
round2_confirmation,B84ds,1000,4-0.5-M,1,3.3848,50315,30,intensifier
round2_confirmation,B84ds,1000,4-0.5-M,1,3.4454,50431,30,intensifier
round2_confirmation,B84ds,1000,4-0.5-M,1,3.8503,50439,30,intensifier
round2_confirmation,B84ds,1000,4-0.5-M,1,6.0303,50445,30,intensifier
round2_confirmation,B84ds,1000,4-0.5-M,1,7.6331,50839,30,intensifier
round2_confirmation,B84ds,1000,4-0.5-M,1,7.7223,50902,30,intensifier
round2_confirmation,B84ds,1000,4-0.5-M,1,10.0187,50958,30,intensifier
round2_confirmation,B84ds,1000,4-0.5-M,1,19.5744,50987,30,intensifier
round2_confirmation,B84ds,1000,4-0.5-M,1,28.7332,51016,30,intensifier
round2_confirmation,B84ds,1000,4-0.5-M,1,31.3847,51064,30,intensifier
round2_confirmation,B84ds,1000,4-0.5-M,1,58.8357,51098,30,intensifier
round2_confirmation,B84ds,1000,4-0.5-M,1,67.3712,51161,30,intensifier
round2_confirmation,B84ds,1000,4-0.5-M,1,68.9615,51230,30,intensifier
round2_confirmation,B84ds,1000,4-0.5-M,1,78.4614,51247,30,intensifier
round2_confirmation,B84ds,1000,4-0.5-M,1,78.5502,51509,30,intensifier
round2_confirmation,B84ds,1000,4-0.5-M,1,532.8557,51550,17,intensifier
round2_confirmation,B84ds,1000,4-0.5-M,2,0.4656,46432,25,intensifier
round2_confirmation,B84ds,1000,4-0.5-M,2,0.5242,48483,69,explorer
round2_confirmation,B84ds,1000,4-0.5-M,2,0.6425,48599,45,intensifier
round2_confirmation,B84ds,1000,4-0.5-M,2,0.6716,49005,9,intensifier
round2_confirmation,B84ds,1000,4-0.5-M,2,0.7008,49057,9,intensifier
round2_confirmation,B84ds,1000,4-0.5-M,2,0.7299,49135,9,intensifier
round2_confirmation,B84ds,1000,4-0.5-M,2,0.7585,49223,9,intensifier
round2_confirmation,B84ds,1000,4-0.5-M,2,0.8777,49230,1,intensifier
round2_confirmation,B84ds,1000,4-0.5-M,2,0.9076,49621,1,intensifier
round2_confirmation,B84ds,1000,4-0.5-M,2,0.9379,49707,1,intensifier
round2_confirmation,B84ds,1000,4-0.5-M,2,0.9681,49814,1,intensifier
round2_confirmation,B84ds,1000,4-0.5-M,2,1.0578,49975,1,intensifier
round2_confirmation,B84ds,1000,4-0.5-M,2,1.0881,50016,1,intensifier
round2_confirmation,B84ds,1000,4-0.5-M,2,1.1485,50035,1,intensifier
round2_confirmation,B84ds,1000,4-0.5-M,2,1.1773,50124,1,intensifier
round2_confirmation,B84ds,1000,4-0.5-M,2,1.2672,50325,1,intensifier
round2_confirmation,B84ds,1000,4-0.5-M,2,3.5831,50343,1,intensifier
round2_confirmation,B84ds,1000,4-0.5-M,2,3.7599,50610,1,intensifier
round2_confirmation,B84ds,1000,4-0.5-M,2,3.7898,50630,1,intensifier
round2_confirmation,B84ds,1000,4-0.5-M,2,3.8200,50712,1,intensifier
round2_confirmation,B84ds,1000,4-0.5-M,2,4.2040,50801,1,intensifier
round2_confirmation,B84ds,1000,4-0.5-M,2,5.1800,50900,1,intensifier
round2_confirmation,B84ds,1000,4-0.5-M,2,5.2394,51085,1,intensifier
round2_confirmation,B84ds,1000,4-0.5-M,2,21.7006,51138,1,intensifier
round2_confirmation,B84ds,1000,4-0.5-M,2,63.2188,51234,57,intensifier
round2_confirmation,B84ds,1000,4-0.5-M,2,231.5760,51263,45,intensifier
round2_confirmation,B84ds,1000,4-0.5-M,2,249.9388,51350,53,intensifier
round2_confirmation,B84ds,1000,4-0.5-M,3,0.4600,46421,55,intensifier
round2_confirmation,B84ds,1000,4-0.5-M,3,0.5168,47199,12,intensifier
round2_confirmation,B84ds,1000,4-0.5-M,3,0.5458,47832,70,explorer
round2_confirmation,B84ds,1000,4-0.5-M,3,0.5760,48321,70,explorer
round2_confirmation,B84ds,1000,4-0.5-M,3,0.6361,48424,81,explorer
round2_confirmation,B84ds,1000,4-0.5-M,3,0.6663,48782,23,intensifier
round2_confirmation,B84ds,1000,4-0.5-M,3,0.6965,48932,20,intensifier
round2_confirmation,B84ds,1000,4-0.5-M,3,0.7268,49125,23,intensifier
round2_confirmation,B84ds,1000,4-0.5-M,3,0.7560,49514,23,intensifier
round2_confirmation,B84ds,1000,4-0.5-M,3,0.7850,49575,23,intensifier
round2_confirmation,B84ds,1000,4-0.5-M,3,0.9622,49761,23,intensifier
round2_confirmation,B84ds,1000,4-0.5-M,3,1.2264,49850,23,intensifier
round2_confirmation,B84ds,1000,4-0.5-M,3,1.2856,49896,23,intensifier
round2_confirmation,B84ds,1000,4-0.5-M,3,1.3165,50109,23,intensifier
round2_confirmation,B84ds,1000,4-0.5-M,3,1.4941,50162,23,intensifier
round2_confirmation,B84ds,1000,4-0.5-M,3,1.5229,50362,23,intensifier
round2_confirmation,B84ds,1000,4-0.5-M,3,1.6129,50417,23,intensifier
round2_confirmation,B84ds,1000,4-0.5-M,3,2.6930,50463,23,intensifier
round2_confirmation,B84ds,1000,4-0.5-M,3,3.2840,50605,23,intensifier
round2_confirmation,B84ds,1000,4-0.5-M,3,7.2033,50609,23,intensifier
round2_confirmation,B84ds,1000,4-0.5-M,3,13.8099,50643,23,intensifier
round2_confirmation,B84ds,1000,4-0.5-M,3,14.3709,50894,23,intensifier
round2_confirmation,B84ds,1000,4-0.5-M,3,15.9325,50897,23,intensifier
round2_confirmation,B84ds,1000,4-0.5-M,3,23.5866,50907,23,intensifier
round2_confirmation,B84ds,1000,4-0.5-M,3,43.1109,51012,23,intensifier
round2_confirmation,B84ds,1000,4-0.5-M,3,52.7357,51050,23,intensifier
round2_confirmation,B84ds,1000,4-0.5-M,3,52.7956,51164,23,intensifier
round2_confirmation,B84ds,1000,4-0.5-M,3,52.8553,51254,23,intensifier
round2_confirmation,B84ds,1000,4-0.5-M,3,247.5000,51269,53,intensifier
round2_confirmation,B84ds,1000,4-0.5-M,3,253.4967,51291,53,intensifier
round2_confirmation,B84ds,1000,4-0.5-M,3,272.4756,51313,53,intensifier
round2_confirmation,B84ds,1000,4-0.5-M,3,288.0803,51347,53,intensifier
round2_confirmation,B84ds,1000,3-0.75-P,1,0.1149,336936,4,intensifier
round2_confirmation,B84ds,1000,3-0.75-P,1,0.2989,359786,65,explorer
round2_confirmation,B84ds,1000,3-0.75-P,1,0.3286,360252,65,explorer
round2_confirmation,B84ds,1000,3-0.75-P,1,0.3580,360751,42,intensifier
round2_confirmation,B84ds,1000,3-0.75-P,1,0.3874,361252,42,intensifier
round2_confirmation,B84ds,1000,3-0.75-P,1,0.4168,361630,42,intensifier
round2_confirmation,B84ds,1000,3-0.75-P,1,0.4464,361748,35,intensifier
round2_confirmation,B84ds,1000,3-0.75-P,1,0.4757,361838,42,intensifier
round2_confirmation,B84ds,1000,3-0.75-P,1,0.5052,361884,42,intensifier
round2_confirmation,B84ds,1000,3-0.75-P,1,0.5346,362473,35,intensifier
round2_confirmation,B84ds,1000,3-0.75-P,1,0.6524,362562,77,explorer
round2_confirmation,B84ds,1000,3-0.75-P,1,0.6820,362573,77,explorer
round2_confirmation,B84ds,1000,3-0.75-P,1,0.7115,362627,48,intensifier
round2_confirmation,B84ds,1000,3-0.75-P,1,0.8291,362776,48,intensifier
round2_confirmation,B84ds,1000,3-0.75-P,1,0.8585,362872,48,intensifier
round2_confirmation,B84ds,1000,3-0.75-P,1,1.0628,363002,48,intensifier
round2_confirmation,B84ds,1000,3-0.75-P,1,1.0922,363118,48,intensifier
round2_confirmation,B84ds,1000,3-0.75-P,1,1.6775,363156,48,intensifier
round2_confirmation,B84ds,1000,3-0.75-P,1,2.0885,363222,48,intensifier
round2_confirmation,B84ds,1000,3-0.75-P,1,2.6173,363328,48,intensifier
round2_confirmation,B84ds,1000,3-0.75-P,1,4.2606,363344,48,intensifier
round2_confirmation,B84ds,1000,3-0.75-P,1,4.7605,363375,48,intensifier
round2_confirmation,B84ds,1000,3-0.75-P,1,6.8723,363562,42,intensifier
round2_confirmation,B84ds,1000,3-0.75-P,1,7.0777,363576,42,intensifier
round2_confirmation,B84ds,1000,3-0.75-P,1,7.4291,363615,42,intensifier
round2_confirmation,B84ds,1000,3-0.75-P,1,7.4587,363795,42,intensifier
round2_confirmation,B84ds,1000,3-0.75-P,1,9.2432,363850,42,intensifier
round2_confirmation,B84ds,1000,3-0.75-P,1,9.6234,363930,42,intensifier
round2_confirmation,B84ds,1000,3-0.75-P,1,13.6957,363936,42,intensifier
round2_confirmation,B84ds,1000,3-0.75-P,1,14.8964,364092,42,intensifier
round2_confirmation,B84ds,1000,3-0.75-P,1,15.1026,364127,42,intensifier
round2_confirmation,B84ds,1000,3-0.75-P,1,17.6770,364251,42,intensifier
round2_confirmation,B84ds,1000,3-0.75-P,1,19.1481,364304,42,intensifier
round2_confirmation,B84ds,1000,3-0.75-P,1,28.0825,364321,42,intensifier
round2_confirmation,B84ds,1000,3-0.75-P,1,33.4176,364327,42,intensifier
round2_confirmation,B84ds,1000,3-0.75-P,1,44.0365,364332,42,intensifier
round2_confirmation,B84ds,1000,3-0.75-P,1,46.4088,364407,42,intensifier
round2_confirmation,B84ds,1000,3-0.75-P,1,52.5558,364710,42,intensifier
round2_confirmation,B84ds,1000,3-0.75-P,2,0.4069,361194,76,explorer
round2_confirmation,B84ds,1000,3-0.75-P,2,0.4364,361680,76,explorer
round2_confirmation,B84ds,1000,3-0.75-P,2,0.5535,362035,21,intensifier
round2_confirmation,B84ds,1000,3-0.75-P,2,0.5829,362307,21,intensifier
round2_confirmation,B84ds,1000,3-0.75-P,2,0.6122,362361,21,intensifier
round2_confirmation,B84ds,1000,3-0.75-P,2,0.6706,362444,21,intensifier
round2_confirmation,B84ds,1000,3-0.75-P,2,0.7290,362531,7,intensifier
round2_confirmation,B84ds,1000,3-0.75-P,2,0.7585,362710,7,intensifier
round2_confirmation,B84ds,1000,3-0.75-P,2,0.7881,362715,48,intensifier
round2_confirmation,B84ds,1000,3-0.75-P,2,0.8177,362743,48,intensifier
round2_confirmation,B84ds,1000,3-0.75-P,2,0.8471,362849,48,intensifier
round2_confirmation,B84ds,1000,3-0.75-P,2,0.8764,363281,48,intensifier
round2_confirmation,B84ds,1000,3-0.75-P,2,1.1402,363487,48,intensifier
round2_confirmation,B84ds,1000,3-0.75-P,2,1.6375,363622,48,intensifier
round2_confirmation,B84ds,1000,3-0.75-P,2,2.2812,363681,48,intensifier
round2_confirmation,B84ds,1000,3-0.75-P,2,2.6051,363685,48,intensifier
round2_confirmation,B84ds,1000,3-0.75-P,2,4.4756,363748,48,intensifier
round2_confirmation,B84ds,1000,3-0.75-P,2,9.6626,363896,48,intensifier
round2_confirmation,B84ds,1000,3-0.75-P,2,10.0447,363937,48,intensifier
round2_confirmation,B84ds,1000,3-0.75-P,2,14.8138,364008,48,intensifier
round2_confirmation,B84ds,1000,3-0.75-P,2,19.5014,364137,48,intensifier
round2_confirmation,B84ds,1000,3-0.75-P,2,28.4657,364203,48,intensifier
round2_confirmation,B84ds,1000,3-0.75-P,2,52.2114,364239,48,intensifier
round2_confirmation,B84ds,1000,3-0.75-P,2,53.8318,364268,48,intensifier
round2_confirmation,B84ds,1000,3-0.75-P,2,61.2997,364345,48,intensifier
round2_confirmation,B84ds,1000,3-0.75-P,2,67.1591,364356,48,intensifier
round2_confirmation,B84ds,1000,3-0.75-P,2,80.3423,364371,48,intensifier
round2_confirmation,B84ds,1000,3-0.75-P,2,82.0091,364422,48,intensifier
round2_confirmation,B84ds,1000,3-0.75-P,3,0.0991,333641,49,intensifier
round2_confirmation,B84ds,1000,3-0.75-P,3,0.3127,360089,67,explorer
round2_confirmation,B84ds,1000,3-0.75-P,3,0.3423,360580,67,explorer
round2_confirmation,B84ds,1000,3-0.75-P,3,0.3717,361133,67,explorer
round2_confirmation,B84ds,1000,3-0.75-P,3,0.4011,361387,67,explorer
round2_confirmation,B84ds,1000,3-0.75-P,3,0.4306,361660,67,explorer
round2_confirmation,B84ds,1000,3-0.75-P,3,0.4602,361771,24,intensifier
round2_confirmation,B84ds,1000,3-0.75-P,3,0.4897,361817,37,intensifier
round2_confirmation,B84ds,1000,3-0.75-P,3,0.5192,362166,44,intensifier
round2_confirmation,B84ds,1000,3-0.75-P,3,0.5488,362290,44,intensifier
round2_confirmation,B84ds,1000,3-0.75-P,3,0.5782,362310,44,intensifier
round2_confirmation,B84ds,1000,3-0.75-P,3,0.6659,362342,29,intensifier
round2_confirmation,B84ds,1000,3-0.75-P,3,0.6952,362547,29,intensifier
round2_confirmation,B84ds,1000,3-0.75-P,3,0.8124,362684,26,intensifier
round2_confirmation,B84ds,1000,3-0.75-P,3,0.9891,362702,14,intensifier
round2_confirmation,B84ds,1000,3-0.75-P,3,1.0190,362863,14,intensifier
round2_confirmation,B84ds,1000,3-0.75-P,3,1.0493,362951,26,intensifier
round2_confirmation,B84ds,1000,3-0.75-P,3,1.0790,362997,26,intensifier
round2_confirmation,B84ds,1000,3-0.75-P,3,1.6362,363132,26,intensifier
round2_confirmation,B84ds,1000,3-0.75-P,3,2.3995,363363,6,intensifier
round2_confirmation,B84ds,1000,3-0.75-P,3,3.3939,363476,6,intensifier
round2_confirmation,B84ds,1000,3-0.75-P,3,4.1017,363504,6,intensifier
round2_confirmation,B84ds,1000,3-0.75-P,3,4.3366,363727,6,intensifier
round2_confirmation,B84ds,1000,3-0.75-P,3,4.3955,363838,6,intensifier
round2_confirmation,B84ds,1000,3-0.75-P,3,10.7222,363846,6,intensifier
round2_confirmation,B84ds,1000,3-0.75-P,3,22.1802,363849,6,intensifier
round2_confirmation,B84ds,1000,3-0.75-P,3,22.2385,364080,6,intensifier
round2_confirmation,B84ds,1000,3-0.75-P,3,23.1498,364115,6,intensifier
round2_confirmation,B84ds,1000,3-0.75-P,3,23.2091,364406,6,intensifier
round2_confirmation,L5kdt,1000,5-0.25-M,1,0.6091,32849,32,intensifier
round2_confirmation,L5kdt,1000,5-0.25-M,1,0.6716,32893,58,intensifier
round2_confirmation,L5kdt,1000,5-0.25-M,1,0.7007,33009,2,intensifier
round2_confirmation,L5kdt,1000,5-0.25-M,1,0.7309,33215,43,intensifier
round2_confirmation,L5kdt,1000,5-0.25-M,1,0.7904,33518,2,intensifier
round2_confirmation,L5kdt,1000,5-0.25-M,1,0.8504,33589,2,intensifier
round2_confirmation,L5kdt,1000,5-0.25-M,1,0.8804,33606,2,intensifier
round2_confirmation,L5kdt,1000,5-0.25-M,1,0.9105,33735,2,intensifier
round2_confirmation,L5kdt,1000,5-0.25-M,1,0.9702,33973,2,intensifier
round2_confirmation,L5kdt,1000,5-0.25-M,1,2.3074,34145,2,intensifier
round2_confirmation,L5kdt,1000,5-0.25-M,1,2.9923,34152,2,intensifier
round2_confirmation,L5kdt,1000,5-0.25-M,1,3.0815,34294,2,intensifier
round2_confirmation,L5kdt,1000,5-0.25-M,1,3.1120,34312,2,intensifier
round2_confirmation,L5kdt,1000,5-0.25-M,1,4.1822,34378,2,intensifier
round2_confirmation,L5kdt,1000,5-0.25-M,1,13.2800,34384,15,intensifier
round2_confirmation,L5kdt,1000,5-0.25-M,1,13.3695,34469,10,intensifier
round2_confirmation,L5kdt,1000,5-0.25-M,1,13.8744,34553,22,intensifier
round2_confirmation,L5kdt,1000,5-0.25-M,1,14.4696,34556,2,intensifier
round2_confirmation,L5kdt,1000,5-0.25-M,1,16.2831,34602,22,intensifier
round2_confirmation,L5kdt,1000,5-0.25-M,1,24.8699,34614,22,intensifier
round2_confirmation,L5kdt,1000,5-0.25-M,1,25.3469,34676,10,intensifier
round2_confirmation,L5kdt,1000,5-0.25-M,1,26.1214,34690,9,intensifier
round2_confirmation,L5kdt,1000,5-0.25-M,1,27.8180,34717,41,intensifier
round2_confirmation,L5kdt,1000,5-0.25-M,1,28.0254,34724,14,intensifier
round2_confirmation,L5kdt,1000,5-0.25-M,1,29.0043,34769,10,intensifier
round2_confirmation,L5kdt,1000,5-0.25-M,1,30.9993,34836,50,intensifier
round2_confirmation,L5kdt,1000,5-0.25-M,1,31.8290,34883,54,intensifier
round2_confirmation,L5kdt,1000,5-0.25-M,1,31.9179,34929,54,intensifier
round2_confirmation,L5kdt,1000,5-0.25-M,1,75.9000,34982,26,intensifier
round2_confirmation,L5kdt,1000,5-0.25-M,1,86.1738,35006,26,intensifier
round2_confirmation,L5kdt,1000,5-0.25-M,1,86.4414,35035,62,intensifier
round2_confirmation,L5kdt,1000,5-0.25-M,1,131.6383,35055,4,intensifier
round2_confirmation,L5kdt,1000,5-0.25-M,1,131.6684,35108,4,intensifier
round2_confirmation,L5kdt,1000,5-0.25-M,1,135.6503,35190,16,intensifier
round2_confirmation,L5kdt,1000,5-0.25-M,1,152.5269,35201,8,intensifier
round2_confirmation,L5kdt,1000,5-0.25-M,1,153.8337,35252,10,intensifier
round2_confirmation,L5kdt,1000,5-0.25-M,1,181.1296,35297,14,intensifier
round2_confirmation,L5kdt,1000,5-0.25-M,1,352.9917,35375,5,intensifier
round2_confirmation,L5kdt,1000,5-0.25-M,1,357.1860,35436,5,intensifier
round2_confirmation,L5kdt,1000,5-0.25-M,1,501.5504,35516,28,intensifier
round2_confirmation,L5kdt,1000,5-0.25-M,1,530.9141,35583,56,intensifier
round2_confirmation,L5kdt,1000,5-0.25-M,2,0.6067,32929,29,intensifier
round2_confirmation,L5kdt,1000,5-0.25-M,2,0.7281,33080,51,intensifier
round2_confirmation,L5kdt,1000,5-0.25-M,2,0.7582,33121,5,intensifier
round2_confirmation,L5kdt,1000,5-0.25-M,2,0.8180,33454,51,intensifier
round2_confirmation,L5kdt,1000,5-0.25-M,2,0.8480,33623,51,intensifier
round2_confirmation,L5kdt,1000,5-0.25-M,2,1.2951,33694,51,intensifier
round2_confirmation,L5kdt,1000,5-0.25-M,2,1.4428,33724,51,intensifier
round2_confirmation,L5kdt,1000,5-0.25-M,2,2.1578,33852,51,intensifier
round2_confirmation,L5kdt,1000,5-0.25-M,2,2.3962,34098,51,intensifier
round2_confirmation,L5kdt,1000,5-0.25-M,2,2.4264,34120,51,intensifier
round2_confirmation,L5kdt,1000,5-0.25-M,2,2.5749,34150,51,intensifier
round2_confirmation,L5kdt,1000,5-0.25-M,2,2.6040,34191,51,intensifier
round2_confirmation,L5kdt,1000,5-0.25-M,2,2.7832,34316,51,intensifier
round2_confirmation,L5kdt,1000,5-0.25-M,2,3.6459,34397,51,intensifier
round2_confirmation,L5kdt,1000,5-0.25-M,2,3.6761,34422,51,intensifier
round2_confirmation,L5kdt,1000,5-0.25-M,2,4.8030,34446,51,intensifier
round2_confirmation,L5kdt,1000,5-0.25-M,2,5.5751,34577,51,intensifier
round2_confirmation,L5kdt,1000,5-0.25-M,2,10.0625,34692,51,intensifier
round2_confirmation,L5kdt,1000,5-0.25-M,2,22.3565,34706,37,intensifier
round2_confirmation,L5kdt,1000,5-0.25-M,2,22.3865,34709,37,intensifier
round2_confirmation,L5kdt,1000,5-0.25-M,2,22.4463,34729,20,intensifier
round2_confirmation,L5kdt,1000,5-0.25-M,2,22.8334,35075,38,intensifier
round2_confirmation,L5kdt,1000,5-0.25-M,2,35.0152,35102,0,intensifier
round2_confirmation,L5kdt,1000,5-0.25-M,2,35.1049,35158,13,intensifier
round2_confirmation,L5kdt,1000,5-0.25-M,2,212.8710,35162,5,intensifier
round2_confirmation,L5kdt,1000,5-0.25-M,2,215.0124,35251,19,intensifier
round2_confirmation,L5kdt,1000,5-0.25-M,2,260.6385,35298,26,intensifier
round2_confirmation,L5kdt,1000,5-0.25-M,2,305.2245,35378,2,intensifier
round2_confirmation,L5kdt,1000,5-0.25-M,2,307.3329,35392,37,intensifier
round2_confirmation,L5kdt,1000,5-0.25-M,2,491.1453,35439,49,intensifier
round2_confirmation,L5kdt,1000,5-0.25-M,3,0.6102,32874,40,intensifier
round2_confirmation,L5kdt,1000,5-0.25-M,3,0.7021,32937,73,explorer
round2_confirmation,L5kdt,1000,5-0.25-M,3,0.7620,33044,25,intensifier
round2_confirmation,L5kdt,1000,5-0.25-M,3,0.8816,33054,25,intensifier
round2_confirmation,L5kdt,1000,5-0.25-M,3,0.9117,33071,25,intensifier
round2_confirmation,L5kdt,1000,5-0.25-M,3,0.9709,33362,49,intensifier
round2_confirmation,L5kdt,1000,5-0.25-M,3,1.1794,33399,49,intensifier
round2_confirmation,L5kdt,1000,5-0.25-M,3,1.2391,33447,58,intensifier
round2_confirmation,L5kdt,1000,5-0.25-M,3,1.2690,33593,58,intensifier
round2_confirmation,L5kdt,1000,5-0.25-M,3,1.6846,33782,60,intensifier
round2_confirmation,L5kdt,1000,5-0.25-M,3,2.3693,34070,60,intensifier
round2_confirmation,L5kdt,1000,5-0.25-M,3,2.5491,34204,60,intensifier
round2_confirmation,L5kdt,1000,5-0.25-M,3,2.7270,34253,60,intensifier
round2_confirmation,L5kdt,1000,5-0.25-M,3,2.7572,34259,60,intensifier
round2_confirmation,L5kdt,1000,5-0.25-M,3,2.9361,34311,60,intensifier
round2_confirmation,L5kdt,1000,5-0.25-M,3,3.2937,34354,60,intensifier
round2_confirmation,L5kdt,1000,5-0.25-M,3,9.2695,34505,37,intensifier
round2_confirmation,L5kdt,1000,5-0.25-M,3,10.9952,34571,37,intensifier
round2_confirmation,L5kdt,1000,5-0.25-M,3,11.5901,34610,58,intensifier
round2_confirmation,L5kdt,1000,5-0.25-M,3,12.0664,34614,58,intensifier
round2_confirmation,L5kdt,1000,5-0.25-M,3,12.1266,34696,0,intensifier
round2_confirmation,L5kdt,1000,5-0.25-M,3,14.6255,34698,8,intensifier
round2_confirmation,L5kdt,1000,5-0.25-M,3,15.3399,34809,53,intensifier
round2_confirmation,L5kdt,1000,5-0.25-M,3,55.1445,34888,42,intensifier
round2_confirmation,L5kdt,1000,5-0.25-M,3,57.6675,34964,47,intensifier
round2_confirmation,L5kdt,1000,5-0.25-M,3,60.1324,35015,37,intensifier
round2_confirmation,L5kdt,1000,5-0.25-M,3,72.8132,35018,56,intensifier
round2_confirmation,L5kdt,1000,5-0.25-M,3,73.2909,35189,43,intensifier
round2_confirmation,L5kdt,1000,5-0.25-M,3,197.3983,35345,28,intensifier
round2_confirmation,L5kdt,1000,5-0.25-M,3,333.8952,35376,59,intensifier
round2_confirmation,L5kdt,1000,4-0.5-M,1,0.4667,46887,41,intensifier
round2_confirmation,L5kdt,1000,4-0.5-M,1,0.5221,47898,18,intensifier
round2_confirmation,L5kdt,1000,4-0.5-M,1,0.5517,48099,18,intensifier
round2_confirmation,L5kdt,1000,4-0.5-M,1,0.5816,48682,66,explorer
round2_confirmation,L5kdt,1000,4-0.5-M,1,0.6111,48699,66,explorer
round2_confirmation,L5kdt,1000,4-0.5-M,1,0.6403,48722,66,explorer
round2_confirmation,L5kdt,1000,4-0.5-M,1,0.6989,49080,40,intensifier
round2_confirmation,L5kdt,1000,4-0.5-M,1,0.7282,49232,40,intensifier
round2_confirmation,L5kdt,1000,4-0.5-M,1,0.7571,49361,40,intensifier
round2_confirmation,L5kdt,1000,4-0.5-M,1,0.8170,49405,37,intensifier
round2_confirmation,L5kdt,1000,4-0.5-M,1,0.8470,49425,40,intensifier
round2_confirmation,L5kdt,1000,4-0.5-M,1,0.9072,49429,37,intensifier
round2_confirmation,L5kdt,1000,4-0.5-M,1,1.0247,49491,46,intensifier
round2_confirmation,L5kdt,1000,4-0.5-M,1,1.0538,49573,40,intensifier
round2_confirmation,L5kdt,1000,4-0.5-M,1,1.0827,49722,40,intensifier
round2_confirmation,L5kdt,1000,4-0.5-M,1,1.1127,49922,40,intensifier
round2_confirmation,L5kdt,1000,4-0.5-M,1,1.7027,50013,40,intensifier
round2_confirmation,L5kdt,1000,4-0.5-M,1,1.7319,50049,40,intensifier
round2_confirmation,L5kdt,1000,4-0.5-M,1,1.8762,50078,50,intensifier
round2_confirmation,L5kdt,1000,4-0.5-M,1,1.9051,50400,50,intensifier
round2_confirmation,L5kdt,1000,4-0.5-M,1,2.8532,50481,50,intensifier
round2_confirmation,L5kdt,1000,4-0.5-M,1,2.9710,50505,50,intensifier
round2_confirmation,L5kdt,1000,4-0.5-M,1,3.1188,50563,50,intensifier
round2_confirmation,L5kdt,1000,4-0.5-M,1,3.1783,50570,50,intensifier
round2_confirmation,L5kdt,1000,4-0.5-M,1,4.1692,50719,50,intensifier
round2_confirmation,L5kdt,1000,4-0.5-M,1,4.2886,50799,50,intensifier
round2_confirmation,L5kdt,1000,4-0.5-M,1,4.4383,50864,50,intensifier
round2_confirmation,L5kdt,1000,4-0.5-M,1,7.2132,51036,50,intensifier
round2_confirmation,L5kdt,1000,4-0.5-M,1,37.8700,51041,50,intensifier
round2_confirmation,L5kdt,1000,4-0.5-M,1,44.8157,51073,36,intensifier
round2_confirmation,L5kdt,1000,4-0.5-M,1,45.5821,51123,8,intensifier
round2_confirmation,L5kdt,1000,4-0.5-M,1,46.0855,51177,14,intensifier
round2_confirmation,L5kdt,1000,4-0.5-M,1,58.3282,51232,21,intensifier
round2_confirmation,L5kdt,1000,4-0.5-M,1,70.2902,51238,51,intensifier
round2_confirmation,L5kdt,1000,4-0.5-M,1,119.3697,51274,6,intensifier
round2_confirmation,L5kdt,1000,4-0.5-M,1,144.2575,51307,8,intensifier
round2_confirmation,L5kdt,1000,4-0.5-M,1,148.7599,51323,8,intensifier
round2_confirmation,L5kdt,1000,4-0.5-M,1,152.9100,51369,11,intensifier
round2_confirmation,L5kdt,1000,4-0.5-M,1,152.9399,51381,11,intensifier
round2_confirmation,L5kdt,1000,4-0.5-M,1,505.3914,51382,37,intensifier
round2_confirmation,L5kdt,1000,4-0.5-M,1,540.0823,51434,32,intensifier
round2_confirmation,L5kdt,1000,4-0.5-M,1,557.4249,51469,32,intensifier
round2_confirmation,L5kdt,1000,4-0.5-M,2,0.4475,46214,68,explorer
round2_confirmation,L5kdt,1000,4-0.5-M,2,0.5076,48185,69,explorer
round2_confirmation,L5kdt,1000,4-0.5-M,2,0.5378,48483,69,explorer
round2_confirmation,L5kdt,1000,4-0.5-M,2,0.6558,48631,45,intensifier
round2_confirmation,L5kdt,1000,4-0.5-M,2,0.6850,48922,45,intensifier
round2_confirmation,L5kdt,1000,4-0.5-M,2,0.7142,49134,45,intensifier
round2_confirmation,L5kdt,1000,4-0.5-M,2,0.7432,49147,45,intensifier
round2_confirmation,L5kdt,1000,4-0.5-M,2,0.7719,49284,45,intensifier
round2_confirmation,L5kdt,1000,4-0.5-M,2,0.8018,49542,45,intensifier
round2_confirmation,L5kdt,1000,4-0.5-M,2,1.2170,49704,45,intensifier
round2_confirmation,L5kdt,1000,4-0.5-M,2,1.2472,49817,45,intensifier
round2_confirmation,L5kdt,1000,4-0.5-M,2,1.5430,49890,45,intensifier
round2_confirmation,L5kdt,1000,4-0.5-M,2,1.5729,49980,45,intensifier
round2_confirmation,L5kdt,1000,4-0.5-M,2,1.6027,49997,45,intensifier
round2_confirmation,L5kdt,1000,4-0.5-M,2,2.0693,50079,45,intensifier
round2_confirmation,L5kdt,1000,4-0.5-M,2,2.4196,50189,45,intensifier
round2_confirmation,L5kdt,1000,4-0.5-M,2,2.5379,50383,45,intensifier
round2_confirmation,L5kdt,1000,4-0.5-M,2,2.5677,50473,45,intensifier
round2_confirmation,L5kdt,1000,4-0.5-M,2,3.1243,50488,45,intensifier
round2_confirmation,L5kdt,1000,4-0.5-M,2,5.5192,50559,45,intensifier
round2_confirmation,L5kdt,1000,4-0.5-M,2,14.6959,50577,43,intensifier
round2_confirmation,L5kdt,1000,4-0.5-M,2,14.9296,50613,43,intensifier
round2_confirmation,L5kdt,1000,4-0.5-M,2,15.0468,50720,43,intensifier
round2_confirmation,L5kdt,1000,4-0.5-M,2,17.7767,50807,19,intensifier
round2_confirmation,L5kdt,1000,4-0.5-M,2,18.1578,50860,19,intensifier
round2_confirmation,L5kdt,1000,4-0.5-M,2,19.2226,50869,19,intensifier
round2_confirmation,L5kdt,1000,4-0.5-M,2,20.2309,50920,7,intensifier
round2_confirmation,L5kdt,1000,4-0.5-M,2,21.5619,50942,19,intensifier
round2_confirmation,L5kdt,1000,4-0.5-M,2,21.6793,50972,54,intensifier
round2_confirmation,L5kdt,1000,4-0.5-M,2,23.1845,51217,54,intensifier
round2_confirmation,L5kdt,1000,4-0.5-M,2,25.3069,51219,40,intensifier
round2_confirmation,L5kdt,1000,4-0.5-M,2,28.4540,51272,40,intensifier
round2_confirmation,L5kdt,1000,4-0.5-M,2,234.9281,51275,15,intensifier
round2_confirmation,L5kdt,1000,4-0.5-M,2,410.2935,51348,6,intensifier
round2_confirmation,L5kdt,1000,4-0.5-M,2,556.3950,51368,18,intensifier
round2_confirmation,L5kdt,1000,4-0.5-M,3,0.4479,46041,55,intensifier
round2_confirmation,L5kdt,1000,4-0.5-M,3,0.5061,47168,55,intensifier
round2_confirmation,L5kdt,1000,4-0.5-M,3,0.5353,47294,70,explorer
round2_confirmation,L5kdt,1000,4-0.5-M,3,0.5642,48321,70,explorer
round2_confirmation,L5kdt,1000,4-0.5-M,3,0.5946,48441,23,intensifier
round2_confirmation,L5kdt,1000,4-0.5-M,3,0.6819,48646,23,intensifier
round2_confirmation,L5kdt,1000,4-0.5-M,3,0.7122,48856,23,intensifier
round2_confirmation,L5kdt,1000,4-0.5-M,3,0.7426,49022,23,intensifier
round2_confirmation,L5kdt,1000,4-0.5-M,3,0.7715,49262,23,intensifier
round2_confirmation,L5kdt,1000,4-0.5-M,3,0.8005,49425,23,intensifier
round2_confirmation,L5kdt,1000,4-0.5-M,3,0.8581,49486,23,intensifier
round2_confirmation,L5kdt,1000,4-0.5-M,3,1.0626,49594,7,intensifier
round2_confirmation,L5kdt,1000,4-0.5-M,3,1.0924,49700,23,intensifier
round2_confirmation,L5kdt,1000,4-0.5-M,3,1.1227,49730,23,intensifier
round2_confirmation,L5kdt,1000,4-0.5-M,3,1.1528,49888,23,intensifier
round2_confirmation,L5kdt,1000,4-0.5-M,3,1.5931,49935,23,intensifier
round2_confirmation,L5kdt,1000,4-0.5-M,3,1.7100,50205,23,intensifier
round2_confirmation,L5kdt,1000,4-0.5-M,3,3.9708,50526,23,intensifier
round2_confirmation,L5kdt,1000,4-0.5-M,3,4.0010,50556,23,intensifier
round2_confirmation,L5kdt,1000,4-0.5-M,3,4.3851,50697,23,intensifier
round2_confirmation,L5kdt,1000,4-0.5-M,3,8.4827,50784,23,intensifier
round2_confirmation,L5kdt,1000,4-0.5-M,3,10.7515,50890,23,intensifier
round2_confirmation,L5kdt,1000,4-0.5-M,3,11.7548,50966,23,intensifier
round2_confirmation,L5kdt,1000,4-0.5-M,3,13.0519,50987,23,intensifier
round2_confirmation,L5kdt,1000,4-0.5-M,3,13.5260,51101,13,intensifier
round2_confirmation,L5kdt,1000,4-0.5-M,3,13.5838,51148,13,intensifier
round2_confirmation,L5kdt,1000,4-0.5-M,3,18.4929,51175,13,intensifier
round2_confirmation,L5kdt,1000,4-0.5-M,3,20.0800,51275,13,intensifier
round2_confirmation,L5kdt,1000,4-0.5-M,3,75.9295,51359,9,intensifier
round2_confirmation,L5kdt,1000,4-0.5-M,3,89.7810,51370,7,intensifier
round2_confirmation,L5kdt,1000,4-0.5-M,3,205.1172,51405,22,intensifier
round2_confirmation,L5kdt,1000,4-0.5-M,3,358.0330,51457,19,intensifier
round2_confirmation,L5kdt,1000,4-0.5-M,3,390.5522,51507,19,intensifier
round2_confirmation,L5kdt,1000,4-0.5-M,3,598.5482,51527,52,intensifier
round2_confirmation,L5kdt,1000,4-0.5-M,3,599.4907,51581,52,intensifier
round2_confirmation,L5kdt,1000,3-0.75-P,1,0.1120,335972,31,intensifier
round2_confirmation,L5kdt,1000,3-0.75-P,1,0.3004,359786,65,explorer
round2_confirmation,L5kdt,1000,3-0.75-P,1,0.3299,360252,65,explorer
round2_confirmation,L5kdt,1000,3-0.75-P,1,0.3593,360571,78,explorer
round2_confirmation,L5kdt,1000,3-0.75-P,1,0.3887,361199,78,explorer
round2_confirmation,L5kdt,1000,3-0.75-P,1,0.4181,361457,78,explorer
round2_confirmation,L5kdt,1000,3-0.75-P,1,0.4473,361600,36,intensifier
round2_confirmation,L5kdt,1000,3-0.75-P,1,0.4767,361783,36,intensifier
round2_confirmation,L5kdt,1000,3-0.75-P,1,0.5060,361938,13,intensifier
round2_confirmation,L5kdt,1000,3-0.75-P,1,0.5354,362088,13,intensifier
round2_confirmation,L5kdt,1000,3-0.75-P,1,0.5654,362556,13,intensifier
round2_confirmation,L5kdt,1000,3-0.75-P,1,0.5949,362579,13,intensifier
round2_confirmation,L5kdt,1000,3-0.75-P,1,0.7414,362672,13,intensifier
round2_confirmation,L5kdt,1000,3-0.75-P,1,0.8881,362704,47,intensifier
round2_confirmation,L5kdt,1000,3-0.75-P,1,0.9477,362809,13,intensifier
round2_confirmation,L5kdt,1000,3-0.75-P,1,1.0943,362910,13,intensifier
round2_confirmation,L5kdt,1000,3-0.75-P,1,1.1532,362982,13,intensifier
round2_confirmation,L5kdt,1000,3-0.75-P,1,1.2122,363113,13,intensifier
round2_confirmation,L5kdt,1000,3-0.75-P,1,1.6807,363148,59,intensifier
round2_confirmation,L5kdt,1000,3-0.75-P,1,1.7695,363174,13,intensifier
round2_confirmation,L5kdt,1000,3-0.75-P,1,2.6178,363382,7,intensifier
round2_confirmation,L5kdt,1000,3-0.75-P,1,2.9443,363510,7,intensifier
round2_confirmation,L5kdt,1000,3-0.75-P,1,3.9695,363518,7,intensifier
round2_confirmation,L5kdt,1000,3-0.75-P,1,4.5548,363542,7,intensifier
round2_confirmation,L5kdt,1000,3-0.75-P,1,4.5844,363713,7,intensifier
round2_confirmation,L5kdt,1000,3-0.75-P,1,4.6140,363885,7,intensifier
round2_confirmation,L5kdt,1000,3-0.75-P,1,4.8194,363961,7,intensifier
round2_confirmation,L5kdt,1000,3-0.75-P,1,4.8490,364000,7,intensifier
round2_confirmation,L5kdt,1000,3-0.75-P,1,7.1629,364012,7,intensifier
round2_confirmation,L5kdt,1000,3-0.75-P,1,7.2512,364042,7,intensifier
round2_confirmation,L5kdt,1000,3-0.75-P,1,17.3605,364061,57,intensifier
round2_confirmation,L5kdt,1000,3-0.75-P,1,19.9386,364151,57,intensifier
round2_confirmation,L5kdt,1000,3-0.75-P,1,21.1103,364176,51,intensifier
round2_confirmation,L5kdt,1000,3-0.75-P,1,24.2100,364289,15,intensifier
round2_confirmation,L5kdt,1000,3-0.75-P,1,120.0769,364344,11,intensifier
round2_confirmation,L5kdt,1000,3-0.75-P,1,124.2650,364368,11,intensifier
round2_confirmation,L5kdt,1000,3-0.75-P,1,126.0477,364392,45,intensifier
round2_confirmation,L5kdt,1000,3-0.75-P,1,130.4146,364452,23,intensifier
round2_confirmation,L5kdt,1000,3-0.75-P,1,130.7660,364532,45,intensifier
round2_confirmation,L5kdt,1000,3-0.75-P,1,151.1024,364644,31,intensifier
round2_confirmation,L5kdt,1000,3-0.75-P,1,174.7358,364731,44,intensifier
round2_confirmation,L5kdt,1000,3-0.75-P,1,380.3353,364757,17,intensifier
round2_confirmation,L5kdt,1000,3-0.75-P,1,386.5157,364761,52,intensifier
round2_confirmation,L5kdt,1000,3-0.75-P,1,484.0372,364788,37,intensifier
round2_confirmation,L5kdt,1000,3-0.75-P,2,0.1109,335335,58,intensifier
round2_confirmation,L5kdt,1000,3-0.75-P,2,0.3026,359445,25,intensifier
round2_confirmation,L5kdt,1000,3-0.75-P,2,0.3328,360064,25,intensifier
round2_confirmation,L5kdt,1000,3-0.75-P,2,0.3624,360753,25,intensifier
round2_confirmation,L5kdt,1000,3-0.75-P,2,0.3920,361327,25,intensifier
round2_confirmation,L5kdt,1000,3-0.75-P,2,0.4216,361680,76,explorer
round2_confirmation,L5kdt,1000,3-0.75-P,2,0.4511,362173,25,intensifier
round2_confirmation,L5kdt,1000,3-0.75-P,2,0.4806,362430,25,intensifier
round2_confirmation,L5kdt,1000,3-0.75-P,2,0.5687,362477,25,intensifier
round2_confirmation,L5kdt,1000,3-0.75-P,2,0.6272,362559,25,intensifier
round2_confirmation,L5kdt,1000,3-0.75-P,2,0.7163,362736,34,intensifier
round2_confirmation,L5kdt,1000,3-0.75-P,2,0.7458,362956,34,intensifier
round2_confirmation,L5kdt,1000,3-0.75-P,2,0.8046,363225,34,intensifier
round2_confirmation,L5kdt,1000,3-0.75-P,2,0.8632,363272,34,intensifier
round2_confirmation,L5kdt,1000,3-0.75-P,2,1.5360,363282,34,intensifier
round2_confirmation,L5kdt,1000,3-0.75-P,2,3.0006,363360,34,intensifier
round2_confirmation,L5kdt,1000,3-0.75-P,2,5.5690,363368,34,intensifier
round2_confirmation,L5kdt,1000,3-0.75-P,2,6.6532,363415,34,intensifier
round2_confirmation,L5kdt,1000,3-0.75-P,2,6.7122,363432,34,intensifier
round2_confirmation,L5kdt,1000,3-0.75-P,2,7.0632,363506,34,intensifier
round2_confirmation,L5kdt,1000,3-0.75-P,2,8.1802,363555,34,intensifier
round2_confirmation,L5kdt,1000,3-0.75-P,2,8.2097,363565,34,intensifier
round2_confirmation,L5kdt,1000,3-0.75-P,2,9.1732,363633,34,intensifier
round2_confirmation,L5kdt,1000,3-0.75-P,2,11.3128,363652,34,intensifier
round2_confirmation,L5kdt,1000,3-0.75-P,2,11.4005,363665,23,intensifier
round2_confirmation,L5kdt,1000,3-0.75-P,2,11.8679,363774,34,intensifier
round2_confirmation,L5kdt,1000,3-0.75-P,2,11.9853,363788,34,intensifier
round2_confirmation,L5kdt,1000,3-0.75-P,2,12.0147,363840,34,intensifier
round2_confirmation,L5kdt,1000,3-0.75-P,2,12.1617,364014,34,intensifier
round2_confirmation,L5kdt,1000,3-0.75-P,2,15.7641,364026,47,intensifier
round2_confirmation,L5kdt,1000,3-0.75-P,2,16.1148,364031,34,intensifier
round2_confirmation,L5kdt,1000,3-0.75-P,2,16.3484,364190,34,intensifier
round2_confirmation,L5kdt,1000,3-0.75-P,2,18.9587,364260,34,intensifier
round2_confirmation,L5kdt,1000,3-0.75-P,2,23.8514,364313,34,intensifier
round2_confirmation,L5kdt,1000,3-0.75-P,2,44.5300,364335,57,intensifier
round2_confirmation,L5kdt,1000,3-0.75-P,2,46.2021,364497,57,intensifier
round2_confirmation,L5kdt,1000,3-0.75-P,2,132.7376,364505,42,intensifier
round2_confirmation,L5kdt,1000,3-0.75-P,2,223.8793,364568,57,intensifier
round2_confirmation,L5kdt,1000,3-0.75-P,2,333.0348,364613,46,intensifier
round2_confirmation,L5kdt,1000,3-0.75-P,2,333.0642,364674,46,intensifier
round2_confirmation,L5kdt,1000,3-0.75-P,2,437.6779,364680,12,intensifier
round2_confirmation,L5kdt,1000,3-0.75-P,2,523.9105,364707,36,intensifier
round2_confirmation,L5kdt,1000,3-0.75-P,3,0.1013,334737,49,intensifier
round2_confirmation,L5kdt,1000,3-0.75-P,3,0.3086,359764,67,explorer
round2_confirmation,L5kdt,1000,3-0.75-P,3,0.3384,360420,67,explorer
round2_confirmation,L5kdt,1000,3-0.75-P,3,0.3681,360856,67,explorer
round2_confirmation,L5kdt,1000,3-0.75-P,3,0.3978,361415,6,intensifier
round2_confirmation,L5kdt,1000,3-0.75-P,3,0.4275,361660,67,explorer
round2_confirmation,L5kdt,1000,3-0.75-P,3,0.4571,362064,48,intensifier
round2_confirmation,L5kdt,1000,3-0.75-P,3,0.4866,362085,48,intensifier
round2_confirmation,L5kdt,1000,3-0.75-P,3,0.5454,362258,48,intensifier
round2_confirmation,L5kdt,1000,3-0.75-P,3,0.5749,362426,6,intensifier
round2_confirmation,L5kdt,1000,3-0.75-P,3,0.7207,362469,48,intensifier
round2_confirmation,L5kdt,1000,3-0.75-P,3,0.7794,362527,6,intensifier
round2_confirmation,L5kdt,1000,3-0.75-P,3,0.8672,362710,44,intensifier
round2_confirmation,L5kdt,1000,3-0.75-P,3,0.8966,363100,44,intensifier
round2_confirmation,L5kdt,1000,3-0.75-P,3,1.3375,363227,44,intensifier
round2_confirmation,L5kdt,1000,3-0.75-P,3,1.5427,363313,44,intensifier
round2_confirmation,L5kdt,1000,3-0.75-P,3,1.5724,363350,44,intensifier
round2_confirmation,L5kdt,1000,3-0.75-P,3,2.3954,363371,44,intensifier
round2_confirmation,L5kdt,1000,3-0.75-P,3,3.1857,363468,15,intensifier
round2_confirmation,L5kdt,1000,3-0.75-P,3,3.2443,363533,15,intensifier
round2_confirmation,L5kdt,1000,3-0.75-P,3,3.5388,363557,15,intensifier
round2_confirmation,L5kdt,1000,3-0.75-P,3,5.0039,363694,15,intensifier
round2_confirmation,L5kdt,1000,3-0.75-P,3,5.0333,363785,15,intensifier
round2_confirmation,L5kdt,1000,3-0.75-P,3,6.1187,363917,15,intensifier
round2_confirmation,L5kdt,1000,3-0.75-P,3,7.0244,363978,15,intensifier
round2_confirmation,L5kdt,1000,3-0.75-P,3,19.8178,364051,56,intensifier
round2_confirmation,L5kdt,1000,3-0.75-P,3,23.7130,364089,56,intensifier
round2_confirmation,L5kdt,1000,3-0.75-P,3,73.9082,364135,7,intensifier
round2_confirmation,L5kdt,1000,3-0.75-P,3,75.5800,364336,30,intensifier
round2_confirmation,L5kdt,1000,3-0.75-P,3,121.7754,364348,39,intensifier
round2_confirmation,L5kdt,1000,3-0.75-P,3,205.7957,364491,34,intensifier
round2_confirmation,L5kdt,1000,3-0.75-P,3,257.7378,364510,6,intensifier
round2_confirmation,L5kdt,1000,3-0.75-P,3,377.7830,364572,50,intensifier
round2_confirmation,L5kdt,1000,3-0.75-P,3,488.2880,364644,60,intensifier
