experiment,variant,group,instance,seed,time_s,profit,trajectory,role
ablation,noInt,1000,4-0.25-P,1,0.5390,133695,8,explorer
ablation,noInt,1000,4-0.25-P,1,0.5750,134024,6,explorer
ablation,noInt,1000,4-0.25-P,1,0.6043,134086,36,explorer
ablation,noInt,1000,4-0.25-P,1,0.6923,134262,64,explorer
ablation,noInt,1000,4-0.25-P,1,0.8683,134457,69,explorer
ablation,noInt,1000,4-0.25-P,1,1.0457,134993,36,explorer
ablation,noInt,1000,4-0.25-P,1,1.0762,135020,36,explorer
ablation,noInt,1000,4-0.25-P,1,1.4602,135268,5,explorer
ablation,noInt,1000,4-0.25-P,1,2.8172,135291,24,explorer
ablation,noInt,1000,4-0.25-P,1,7.4445,135317,2,explorer
ablation,noInt,1000,4-0.25-P,1,10.8924,135369,57,explorer
ablation,noInt,1000,4-0.25-P,1,12.0446,135391,52,explorer
ablation,noInt,1000,4-0.25-P,1,12.1918,135392,52,explorer
ablation,noInt,1000,4-0.25-P,1,15.8116,135498,25,explorer
ablation,noInt,1000,4-0.25-P,1,19.7674,135559,9,explorer
ablation,noInt,1000,4-0.25-P,1,32.9752,135594,31,explorer
ablation,noInt,1000,4-0.25-P,1,33.0050,135599,31,explorer
ablation,noInt,1000,4-0.25-P,1,33.0351,135872,31,explorer
ablation,noInt,1000,4-0.25-P,1,223.9646,135948,33,explorer
ablation,noInt,1000,4-0.25-P,1,223.9947,135996,33,explorer
ablation,noInt,1000,4-0.25-P,1,512.5735,136132,38,explorer
ablation,noInt,1000,4-0.25-P,2,0.6050,134353,64,explorer
ablation,noInt,1000,4-0.25-P,2,0.7266,134382,64,explorer
ablation,noInt,1000,4-0.25-P,2,0.8157,134447,59,explorer
ablation,noInt,1000,4-0.25-P,2,0.9649,134452,59,explorer
ablation,noInt,1000,4-0.25-P,2,0.9947,134552,59,explorer
ablation,noInt,1000,4-0.25-P,2,1.1129,134592,9,explorer
ablation,noInt,1000,4-0.25-P,2,1.2298,134621,32,explorer
ablation,noInt,1000,4-0.25-P,2,1.3785,134979,57,explorer
ablation,noInt,1000,4-0.25-P,2,1.7926,135036,31,explorer
ablation,noInt,1000,4-0.25-P,2,2.1500,135042,10,explorer
ablation,noInt,1000,4-0.25-P,2,2.2678,135348,59,explorer
ablation,noInt,1000,4-0.25-P,2,3.1612,135511,24,explorer
ablation,noInt,1000,4-0.25-P,2,4.4051,135753,59,explorer
ablation,noInt,1000,4-0.25-P,2,48.6487,135929,48,explorer
ablation,noInt,1000,4-0.25-P,2,593.1959,135975,57,explorer
ablation,noInt,1000,4-0.25-P,3,0.5628,133734,8,explorer
ablation,noInt,1000,4-0.25-P,3,0.5967,134415,75,explorer
ablation,noInt,1000,4-0.25-P,3,0.6266,134593,77,explorer
ablation,noInt,1000,4-0.25-P,3,0.9537,134873,57,explorer
ablation,noInt,1000,4-0.25-P,3,1.7824,134894,42,explorer
ablation,noInt,1000,4-0.25-P,3,2.4316,135065,12,explorer
ablation,noInt,1000,4-0.25-P,3,2.8176,135093,59,explorer
ablation,noInt,1000,4-0.25-P,3,2.9667,135186,40,explorer
ablation,noInt,1000,4-0.25-P,3,3.2332,135268,42,explorer
ablation,noInt,1000,4-0.25-P,3,4.1513,135346,8,explorer
ablation,noInt,1000,4-0.25-P,3,4.2408,135408,66,explorer
ablation,noInt,1000,4-0.25-P,3,10.1342,135476,59,explorer
ablation,noInt,1000,4-0.25-P,3,11.9698,135507,32,explorer
ablation,noInt,1000,4-0.25-P,3,12.2081,135958,35,explorer
ablation,noInt,1000,4-0.25-P,3,167.8008,136030,5,explorer
ablation,noInt,1000,6-0.25-M,1,0.4321,36959,7,explorer
ablation,noInt,1000,6-0.25-M,1,0.4705,37028,38,explorer
ablation,noInt,1000,6-0.25-M,1,0.5014,37342,41,explorer
ablation,noInt,1000,6-0.25-M,1,0.5341,37430,35,explorer
ablation,noInt,1000,6-0.25-M,1,0.5912,37525,29,explorer
ablation,noInt,1000,6-0.25-M,1,0.6225,37554,17,explorer
ablation,noInt,1000,6-0.25-M,1,0.6541,37656,43,explorer
ablation,noInt,1000,6-0.25-M,1,0.7097,38028,29,explorer
ablation,noInt,1000,6-0.25-M,1,0.7712,38291,73,explorer
ablation,noInt,1000,6-0.25-M,1,2.1009,38638,60,explorer
ablation,noInt,1000,6-0.25-M,1,10.7324,38704,80,explorer
ablation,noInt,1000,6-0.25-M,1,23.0309,38734,71,explorer
ablation,noInt,1000,6-0.25-M,1,23.6648,38882,72,explorer
ablation,noInt,1000,6-0.25-M,1,75.3402,38935,61,explorer
ablation,noInt,1000,6-0.25-M,1,75.5174,38986,11,explorer
ablation,noInt,1000,6-0.25-M,1,297.6621,39019,32,explorer
ablation,noInt,1000,6-0.25-M,2,0.6072,37413,83,explorer
ablation,noInt,1000,6-0.25-M,2,0.6697,37498,61,explorer
ablation,noInt,1000,6-0.25-M,2,0.6995,38200,30,explorer
ablation,noInt,1000,6-0.25-M,2,0.7295,38234,30,explorer
ablation,noInt,1000,6-0.25-M,2,1.3483,38488,4,explorer
ablation,noInt,1000,6-0.25-M,2,2.9427,38562,50,explorer
ablation,noInt,1000,6-0.25-M,2,8.3834,38632,56,explorer
ablation,noInt,1000,6-0.25-M,2,8.4130,38705,56,explorer
ablation,noInt,1000,6-0.25-M,2,18.6109,38715,37,explorer
ablation,noInt,1000,6-0.25-M,2,24.9856,38855,32,explorer
ablation,noInt,1000,6-0.25-M,2,47.4999,38932,73,explorer
ablation,noInt,1000,6-0.25-M,2,82.8505,38978,56,explorer
ablation,noInt,1000,6-0.25-M,2,211.7697,39072,59,explorer
ablation,noInt,1000,6-0.25-M,2,371.8290,39278,27,explorer
ablation,noInt,1000,6-0.25-M,2,421.8067,39353,43,explorer
ablation,noInt,1000,6-0.25-M,3,0.5674,37654,68,explorer
ablation,noInt,1000,6-0.25-M,3,0.7505,37916,66,explorer
ablation,noInt,1000,6-0.25-M,3,0.7802,37991,31,explorer
ablation,noInt,1000,6-0.25-M,3,1.0145,38131,38,explorer
ablation,noInt,1000,6-0.25-M,3,1.0443,38288,38,explorer
ablation,noInt,1000,6-0.25-M,3,1.5766,38317,21,explorer
ablation,noInt,1000,6-0.25-M,3,2.5233,38488,27,explorer
ablation,noInt,1000,6-0.25-M,3,3.0281,38506,22,explorer
ablation,noInt,1000,6-0.25-M,3,4.4182,38515,31,explorer
ablation,noInt,1000,6-0.25-M,3,4.6549,38540,21,explorer
ablation,noInt,1000,6-0.25-M,3,4.8905,38703,52,explorer
ablation,noInt,1000,6-0.25-M,3,6.9882,38795,49,explorer
ablation,noInt,1000,6-0.25-M,3,58.5312,38896,37,explorer
ablation,noInt,1000,6-0.25-M,3,118.6179,38917,75,explorer
ablation,noInt,1000,6-0.25-M,3,123.0223,39219,37,explorer
ablation,noInt,1000,5-0.5-P,1,0.2723,254960,49,explorer
ablation,noInt,1000,5-0.5-P,1,0.3630,263557,14,explorer
ablation,noInt,1000,5-0.5-P,1,0.3926,265210,14,explorer
ablation,noInt,1000,5-0.5-P,1,0.4222,265916,49,explorer
ablation,noInt,1000,5-0.5-P,1,0.4516,266778,49,explorer
ablation,noInt,1000,5-0.5-P,1,0.4809,267914,49,explorer
ablation,noInt,1000,5-0.5-P,1,0.5404,267997,3,explorer
ablation,noInt,1000,5-0.5-P,1,0.5730,268314,3,explorer
ablation,noInt,1000,5-0.5-P,1,0.6012,268773,22,explorer
ablation,noInt,1000,5-0.5-P,1,0.6311,268902,49,explorer
ablation,noInt,1000,5-0.5-P,1,0.6594,269079,8,explorer
ablation,noInt,1000,5-0.5-P,1,0.6892,269199,8,explorer
ablation,noInt,1000,5-0.5-P,1,0.7192,269545,77,explorer
ablation,noInt,1000,5-0.5-P,1,0.7487,269851,55,explorer
ablation,noInt,1000,5-0.5-P,1,0.8073,269891,52,explorer
ablation,noInt,1000,5-0.5-P,1,0.8363,270044,69,explorer
ablation,noInt,1000,5-0.5-P,1,0.8652,270233,52,explorer
ablation,noInt,1000,5-0.5-P,1,0.8953,270436,49,explorer
ablation,noInt,1000,5-0.5-P,1,0.9255,270543,49,explorer
ablation,noInt,1000,5-0.5-P,1,0.9560,270660,49,explorer
ablation,noInt,1000,5-0.5-P,1,1.0450,270912,52,explorer
ablation,noInt,1000,5-0.5-P,1,1.1357,271205,65,explorer
ablation,noInt,1000,5-0.5-P,1,1.1646,271337,65,explorer
ablation,noInt,1000,5-0.5-P,1,2.0148,271496,50,explorer
ablation,noInt,1000,5-0.5-P,1,2.1594,271508,26,explorer
ablation,noInt,1000,5-0.5-P,1,3.0441,271564,81,explorer
ablation,noInt,1000,5-0.5-P,1,3.7531,271873,54,explorer
ablation,noInt,1000,5-0.5-P,1,4.7786,272079,72,explorer
ablation,noInt,1000,5-0.5-P,1,4.8944,272139,53,explorer
ablation,noInt,1000,5-0.5-P,1,6.5666,272224,33,explorer
ablation,noInt,1000,5-0.5-P,1,7.0104,272655,12,explorer
ablation,noInt,1000,5-0.5-P,1,123.4183,272748,76,explorer
ablation,noInt,1000,5-0.5-P,2,0.4406,267473,35,explorer
ablation,noInt,1000,5-0.5-P,2,0.5019,268534,35,explorer
ablation,noInt,1000,5-0.5-P,2,0.5324,268612,35,explorer
ablation,noInt,1000,5-0.5-P,2,0.5614,269062,15,explorer
ablation,noInt,1000,5-0.5-P,2,0.5901,269082,61,explorer
ablation,noInt,1000,5-0.5-P,2,0.6200,269230,67,explorer
ablation,noInt,1000,5-0.5-P,2,0.6499,269687,23,explorer
ablation,noInt,1000,5-0.5-P,2,0.6799,270235,42,explorer
ablation,noInt,1000,5-0.5-P,2,0.7102,270437,30,explorer
ablation,noInt,1000,5-0.5-P,2,0.7687,270888,30,explorer
ablation,noInt,1000,5-0.5-P,2,0.7991,271093,30,explorer
ablation,noInt,1000,5-0.5-P,2,0.9753,271140,30,explorer
ablation,noInt,1000,5-0.5-P,2,1.0353,271179,8,explorer
ablation,noInt,1000,5-0.5-P,2,1.0654,271260,8,explorer
ablation,noInt,1000,5-0.5-P,2,1.2131,271365,62,explorer
ablation,noInt,1000,5-0.5-P,2,1.5367,271596,5,explorer
ablation,noInt,1000,5-0.5-P,2,1.5668,271706,5,explorer
ablation,noInt,1000,5-0.5-P,2,1.9770,271925,29,explorer
ablation,noInt,1000,5-0.5-P,2,2.0353,271926,29,explorer
ablation,noInt,1000,5-0.5-P,2,2.3576,271952,36,explorer
ablation,noInt,1000,5-0.5-P,2,4.1145,272001,40,explorer
ablation,noInt,1000,5-0.5-P,2,5.2920,272111,45,explorer
ablation,noInt,1000,5-0.5-P,2,8.8649,272256,44,explorer
ablation,noInt,1000,5-0.5-P,2,10.2470,272284,25,explorer
ablation,noInt,1000,5-0.5-P,2,18.5371,272323,79,explorer
ablation,noInt,1000,5-0.5-P,2,19.5558,272483,70,explorer
ablation,noInt,1000,5-0.5-P,2,29.2892,272891,25,explorer
ablation,noInt,1000,5-0.5-P,3,0.4402,265935,39,explorer
ablation,noInt,1000,5-0.5-P,3,0.5016,267654,3,explorer
ablation,noInt,1000,5-0.5-P,3,0.5321,268615,47,explorer
ablation,noInt,1000,5-0.5-P,3,0.5612,268877,6,explorer
ablation,noInt,1000,5-0.5-P,3,0.6195,269048,47,explorer
ablation,noInt,1000,5-0.5-P,3,0.6486,269507,78,explorer
ablation,noInt,1000,5-0.5-P,3,0.6774,269687,32,explorer
ablation,noInt,1000,5-0.5-P,3,0.7074,269962,32,explorer
ablation,noInt,1000,5-0.5-P,3,0.7668,270022,32,explorer
ablation,noInt,1000,5-0.5-P,3,0.7966,270213,32,explorer
ablation,noInt,1000,5-0.5-P,3,0.8266,270257,3,explorer
ablation,noInt,1000,5-0.5-P,3,0.8568,270487,32,explorer
ablation,noInt,1000,5-0.5-P,3,0.8858,270533,18,explorer
ablation,noInt,1000,5-0.5-P,3,0.9740,270541,8,explorer
ablation,noInt,1000,5-0.5-P,3,1.0323,270743,46,explorer
ablation,noInt,1000,5-0.5-P,3,1.0894,270910,65,explorer
ablation,noInt,1000,5-0.5-P,3,1.2658,271204,67,explorer
ablation,noInt,1000,5-0.5-P,3,1.3257,271499,47,explorer
ablation,noInt,1000,5-0.5-P,3,1.3557,271710,47,explorer
ablation,noInt,1000,5-0.5-P,3,2.1702,271744,78,explorer
ablation,noInt,1000,5-0.5-P,3,2.7833,271840,36,explorer
ablation,noInt,1000,5-0.5-P,3,5.6003,271972,39,explorer
ablation,noInt,1000,5-0.5-P,3,6.3386,272001,82,explorer
ablation,noInt,1000,5-0.5-P,3,6.3672,272029,11,explorer
ablation,noInt,1000,5-0.5-P,3,6.4559,272097,35,explorer
ablation,noInt,1000,5-0.5-P,3,7.5510,272194,48,explorer
ablation,noInt,1000,5-0.5-P,3,7.7582,272276,52,explorer
ablation,noInt,1000,5-0.5-P,3,7.8182,272499,52,explorer
ablation,noInt,1000,5-0.5-P,3,130.6143,272504,78,explorer
ablation,noInt,1000,5-0.5-P,3,141.6361,272535,9,explorer
ablation,noInt,1000,5-0.5-P,3,171.3532,272602,54,explorer
ablation,noInt,1000,5-0.5-P,3,281.6068,272836,82,explorer
ablation,noInt,1000,2-0.5-M,1,0.4290,51161,77,explorer
ablation,noInt,1000,2-0.5-M,1,0.4902,52543,58,explorer
ablation,noInt,1000,2-0.5-M,1,0.5198,52694,58,explorer
ablation,noInt,1000,2-0.5-M,1,0.5493,52979,47,explorer
ablation,noInt,1000,2-0.5-M,1,0.5788,54344,23,explorer
ablation,noInt,1000,2-0.5-M,1,0.6086,54447,23,explorer
ablation,noInt,1000,2-0.5-M,1,0.6971,54837,25,explorer
ablation,noInt,1000,2-0.5-M,1,0.7570,55147,52,explorer
ablation,noInt,1000,2-0.5-M,1,1.0544,55308,67,explorer
ablation,noInt,1000,2-0.5-M,1,1.1738,55587,67,explorer
ablation,noInt,1000,2-0.5-M,1,1.2040,55968,67,explorer
ablation,noInt,1000,2-0.5-M,1,5.3018,56001,79,explorer
ablation,noInt,1000,2-0.5-M,1,5.8915,56261,43,explorer
ablation,noInt,1000,2-0.5-M,1,9.7934,56510,78,explorer
ablation,noInt,1000,2-0.5-M,1,110.0208,56563,43,explorer
ablation,noInt,1000,2-0.5-M,1,110.0516,56591,43,explorer
ablation,noInt,1000,2-0.5-M,1,225.1509,56684,47,explorer
ablation,noInt,1000,2-0.5-M,1,225.1809,56697,47,explorer
ablation,noInt,1000,2-0.5-M,1,225.2107,56855,47,explorer
ablation,noInt,1000,2-0.5-M,2,0.4125,50970,59,explorer
ablation,noInt,1000,2-0.5-M,2,0.4781,52400,59,explorer
ablation,noInt,1000,2-0.5-M,2,0.5082,52822,46,explorer
ablation,noInt,1000,2-0.5-M,2,0.5383,52936,24,explorer
ablation,noInt,1000,2-0.5-M,2,0.5685,53457,22,explorer
ablation,noInt,1000,2-0.5-M,2,0.5988,53748,42,explorer
ablation,noInt,1000,2-0.5-M,2,0.6276,54475,22,explorer
ablation,noInt,1000,2-0.5-M,2,0.6579,54733,22,explorer
ablation,noInt,1000,2-0.5-M,2,0.9208,54831,19,explorer
ablation,noInt,1000,2-0.5-M,2,0.9504,55108,19,explorer
ablation,noInt,1000,2-0.5-M,2,1.1563,55305,67,explorer
ablation,noInt,1000,2-0.5-M,2,1.6616,55332,40,explorer
ablation,noInt,1000,2-0.5-M,2,1.7208,55333,75,explorer
ablation,noInt,1000,2-0.5-M,2,1.7506,55386,53,explorer
ablation,noInt,1000,2-0.5-M,2,2.0175,55434,75,explorer
ablation,noInt,1000,2-0.5-M,2,2.3146,55454,13,explorer
ablation,noInt,1000,2-0.5-M,2,2.5521,55693,56,explorer
ablation,noInt,1000,2-0.5-M,2,2.5819,55886,56,explorer
ablation,noInt,1000,2-0.5-M,2,5.2642,55917,78,explorer
ablation,noInt,1000,2-0.5-M,2,5.2935,56007,78,explorer
ablation,noInt,1000,2-0.5-M,2,5.8194,56107,37,explorer
ablation,noInt,1000,2-0.5-M,2,5.8490,56128,37,explorer
ablation,noInt,1000,2-0.5-M,2,6.2909,56156,53,explorer
ablation,noInt,1000,2-0.5-M,2,10.3018,56249,38,explorer
ablation,noInt,1000,2-0.5-M,2,18.4569,56534,34,explorer
ablation,noInt,1000,2-0.5-M,2,70.7872,56540,0,explorer
ablation,noInt,1000,2-0.5-M,2,204.1593,56556,55,explorer
ablation,noInt,1000,2-0.5-M,2,232.5467,56776,17,explorer
ablation,noInt,1000,2-0.5-M,3,0.4175,51760,44,explorer
ablation,noInt,1000,2-0.5-M,3,0.4805,52853,8,explorer
ablation,noInt,1000,2-0.5-M,3,0.5103,53195,8,explorer
ablation,noInt,1000,2-0.5-M,3,0.5399,53364,2,explorer
ablation,noInt,1000,2-0.5-M,3,0.5696,53960,2,explorer
ablation,noInt,1000,2-0.5-M,3,0.6280,54671,46,explorer
ablation,noInt,1000,2-0.5-M,3,0.6867,55043,8,explorer
ablation,noInt,1000,2-0.5-M,3,1.0398,55189,66,explorer
ablation,noInt,1000,2-0.5-M,3,1.4525,55213,8,explorer
ablation,noInt,1000,2-0.5-M,3,1.5118,55356,5,explorer
ablation,noInt,1000,2-0.5-M,3,1.5715,55376,45,explorer
ablation,noInt,1000,2-0.5-M,3,1.6595,55429,13,explorer
ablation,noInt,1000,2-0.5-M,3,1.8945,55778,66,explorer
ablation,noInt,1000,2-0.5-M,3,1.9237,55888,66,explorer
ablation,noInt,1000,2-0.5-M,3,5.2901,55939,21,explorer
ablation,noInt,1000,2-0.5-M,3,5.9078,56182,3,explorer
ablation,noInt,1000,2-0.5-M,3,8.1085,56586,56,explorer
ablation,noInt,1000,2-0.5-M,3,197.3491,56763,35,explorer
ablation,noInt,1000,6-0.75-P,1,0.1134,322537,20,explorer
ablation,noInt,1000,6-0.75-P,1,0.3023,346813,20,explorer
ablation,noInt,1000,6-0.75-P,1,0.3317,347146,20,explorer
ablation,noInt,1000,6-0.75-P,1,0.3606,347329,20,explorer
ablation,noInt,1000,6-0.75-P,1,0.3906,348207,20,explorer
ablation,noInt,1000,6-0.75-P,1,0.6271,348316,27,explorer
ablation,noInt,1000,6-0.75-P,1,0.7758,348317,76,explorer
ablation,noInt,1000,6-0.75-P,1,0.8343,348397,52,explorer
ablation,noInt,1000,6-0.75-P,1,0.8934,348443,0,explorer
ablation,noInt,1000,6-0.75-P,1,1.1610,348521,80,explorer
ablation,noInt,1000,6-0.75-P,1,1.6634,348560,64,explorer
ablation,noInt,1000,6-0.75-P,1,2.0168,348569,78,explorer
ablation,noInt,1000,6-0.75-P,1,2.0768,348726,47,explorer
ablation,noInt,1000,6-0.75-P,1,2.1067,348751,47,explorer
ablation,noInt,1000,6-0.75-P,1,2.1369,348896,47,explorer
ablation,noInt,1000,6-0.75-P,1,3.4170,349133,21,explorer
ablation,noInt,1000,6-0.75-P,1,3.4763,349468,21,explorer
ablation,noInt,1000,6-0.75-P,1,99.6146,349574,32,explorer
ablation,noInt,1000,6-0.75-P,1,102.6269,349586,64,explorer
ablation,noInt,1000,6-0.75-P,1,117.1619,349613,56,explorer
ablation,noInt,1000,6-0.75-P,1,182.3881,349679,28,explorer
ablation,noInt,1000,6-0.75-P,1,329.2661,349701,3,explorer
ablation,noInt,1000,6-0.75-P,1,379.5437,349742,29,explorer
ablation,noInt,1000,6-0.75-P,2,0.0726,308942,25,explorer
ablation,noInt,1000,6-0.75-P,2,0.3835,346327,62,explorer
ablation,noInt,1000,6-0.75-P,2,0.4130,346712,8,explorer
ablation,noInt,1000,6-0.75-P,2,0.4426,347051,72,explorer
ablation,noInt,1000,6-0.75-P,2,0.4705,347453,72,explorer
ablation,noInt,1000,6-0.75-P,2,0.5005,347476,72,explorer
ablation,noInt,1000,6-0.75-P,2,0.5306,347610,37,explorer
ablation,noInt,1000,6-0.75-P,2,0.5608,347862,7,explorer
ablation,noInt,1000,6-0.75-P,2,0.5917,347890,7,explorer
ablation,noInt,1000,6-0.75-P,2,0.6215,348354,30,explorer
ablation,noInt,1000,6-0.75-P,2,0.6511,348807,30,explorer
ablation,noInt,1000,6-0.75-P,2,0.6802,348952,30,explorer
ablation,noInt,1000,6-0.75-P,2,0.7998,349017,55,explorer
ablation,noInt,1000,6-0.75-P,2,0.8297,349143,55,explorer
ablation,noInt,1000,6-0.75-P,2,7.6402,349174,3,explorer
ablation,noInt,1000,6-0.75-P,2,7.6702,349334,3,explorer
ablation,noInt,1000,6-0.75-P,2,11.3601,349554,36,explorer
ablation,noInt,1000,6-0.75-P,2,11.3894,349644,36,explorer
ablation,noInt,1000,6-0.75-P,2,560.1672,349746,34,explorer
ablation,noInt,1000,6-0.75-P,3,0.0752,309274,22,explorer
ablation,noInt,1000,6-0.75-P,3,0.3616,346278,50,explorer
ablation,noInt,1000,6-0.75-P,3,0.3910,347289,50,explorer
ablation,noInt,1000,6-0.75-P,3,0.4205,347349,50,explorer
ablation,noInt,1000,6-0.75-P,3,0.5091,347483,81,explorer
ablation,noInt,1000,6-0.75-P,3,0.5392,347522,24,explorer
ablation,noInt,1000,6-0.75-P,3,0.5695,347997,24,explorer
ablation,noInt,1000,6-0.75-P,3,0.6288,348146,11,explorer
ablation,noInt,1000,6-0.75-P,3,0.6585,348163,24,explorer
ablation,noInt,1000,6-0.75-P,3,0.6888,348304,24,explorer
ablation,noInt,1000,6-0.75-P,3,0.9526,348331,61,explorer
ablation,noInt,1000,6-0.75-P,3,1.1282,348548,31,explorer
ablation,noInt,1000,6-0.75-P,3,1.1575,348689,31,explorer
ablation,noInt,1000,6-0.75-P,3,2.3712,348770,64,explorer
ablation,noInt,1000,6-0.75-P,3,2.4012,348819,42,explorer
ablation,noInt,1000,6-0.75-P,3,2.5484,349006,40,explorer
ablation,noInt,1000,6-0.75-P,3,3.1707,349049,65,explorer
ablation,noInt,1000,6-0.75-P,3,3.2309,349258,65,explorer
ablation,noInt,1000,6-0.75-P,3,3.3789,349272,56,explorer
ablation,noInt,1000,6-0.75-P,3,3.9108,349328,73,explorer
ablation,noInt,1000,6-0.75-P,3,10.8170,349413,66,explorer
ablation,noInt,1000,6-0.75-P,3,24.4330,349448,63,explorer
ablation,noInt,1000,6-0.75-P,3,27.6929,349571,63,explorer
ablation,noInt,1000,6-0.75-P,3,60.6389,349634,51,explorer
ablation,noInt,1000,6-0.75-P,3,252.9663,349885,53,explorer
ablation,noInt,1000,3-0.75-M,1,0.1139,12753,40,explorer
ablation,noInt,1000,3-0.75-M,1,0.3004,32592,45,explorer
ablation,noInt,1000,3-0.75-M,1,0.3304,33804,65,explorer
ablation,noInt,1000,3-0.75-M,1,0.3598,34328,65,explorer
ablation,noInt,1000,3-0.75-M,1,0.3893,35137,44,explorer
ablation,noInt,1000,3-0.75-M,1,0.4186,35495,44,explorer
ablation,noInt,1000,3-0.75-M,1,0.4770,35726,44,explorer
ablation,noInt,1000,3-0.75-M,1,0.5063,35916,60,explorer
ablation,noInt,1000,3-0.75-M,1,0.5363,36306,60,explorer
ablation,noInt,1000,3-0.75-M,1,1.1292,36376,77,explorer
ablation,noInt,1000,3-0.75-M,1,1.1597,36636,77,explorer
ablation,noInt,1000,3-0.75-M,1,5.8878,36820,68,explorer
ablation,noInt,1000,3-0.75-M,1,12.8615,36950,20,explorer
ablation,noInt,1000,3-0.75-M,1,81.7873,37031,39,explorer
ablation,noInt,1000,3-0.75-M,1,210.6133,37051,70,explorer
ablation,noInt,1000,3-0.75-M,1,324.0999,37066,18,explorer
ablation,noInt,1000,3-0.75-M,2,0.4104,34803,81,explorer
ablation,noInt,1000,3-0.75-M,2,0.4397,34976,6,explorer
ablation,noInt,1000,3-0.75-M,2,0.4695,35250,45,explorer
ablation,noInt,1000,3-0.75-M,2,0.4995,35675,45,explorer
ablation,noInt,1000,3-0.75-M,2,0.5296,35915,12,explorer
ablation,noInt,1000,3-0.75-M,2,0.7670,36386,32,explorer
ablation,noInt,1000,3-0.75-M,2,1.7092,36514,67,explorer
ablation,noInt,1000,3-0.75-M,2,2.6168,36532,54,explorer
ablation,noInt,1000,3-0.75-M,2,4.3020,36668,9,explorer
ablation,noInt,1000,3-0.75-M,2,6.6095,36930,62,explorer
ablation,noInt,1000,3-0.75-M,2,6.6404,36987,62,explorer
ablation,noInt,1000,3-0.75-M,2,37.9503,37030,34,explorer
ablation,noInt,1000,3-0.75-M,2,375.0316,37060,75,explorer
ablation,noInt,1000,3-0.75-M,3,0.0741,-1073,72,explorer
ablation,noInt,1000,3-0.75-M,3,0.3615,34049,79,explorer
ablation,noInt,1000,3-0.75-M,3,0.3916,34901,79,explorer
ablation,noInt,1000,3-0.75-M,3,0.4217,34918,79,explorer
ablation,noInt,1000,3-0.75-M,3,0.4518,35146,79,explorer
ablation,noInt,1000,3-0.75-M,3,0.4816,35819,48,explorer
ablation,noInt,1000,3-0.75-M,3,0.6011,35958,48,explorer
ablation,noInt,1000,3-0.75-M,3,0.6312,36151,48,explorer
ablation,noInt,1000,3-0.75-M,3,0.7490,36164,79,explorer
ablation,noInt,1000,3-0.75-M,3,0.8684,36387,79,explorer
ablation,noInt,1000,3-0.75-M,3,1.5471,36573,55,explorer
ablation,noInt,1000,3-0.75-M,3,1.5767,36646,55,explorer
ablation,noInt,1000,3-0.75-M,3,21.7721,36671,4,explorer
ablation,noInt,1000,3-0.75-M,3,25.5206,36728,55,explorer
ablation,noInt,1000,3-0.75-M,3,27.3234,36962,33,explorer
ablation,noInt,1000,3-0.75-M,3,72.5595,36974,40,explorer
ablation,noInt,1000,3-0.75-M,3,183.7358,36981,44,explorer
ablation,noInt,1000,3-0.75-M,3,359.2704,37046,31,explorer
ablation,noInt,1000,3-0.75-M,3,540.0581,37052,73,explorer
ablation,redNb,1000,4-0.25-P,1,0.0535,132889,46,intensifier
ablation,redNb,1000,4-0.25-P,1,0.0855,134116,40,intensifier
ablation,redNb,1000,4-0.25-P,1,0.1154,134684,40,intensifier
ablation,redNb,1000,4-0.25-P,1,0.2059,134862,40,intensifier
ablation,redNb,1000,4-0.25-P,1,0.2659,135005,40,intensifier
ablation,redNb,1000,4-0.25-P,1,0.2961,135134,40,intensifier
ablation,redNb,1000,4-0.25-P,1,0.5662,135213,40,intensifier
ablation,redNb,1000,4-0.25-P,1,0.6563,135217,16,intensifier
ablation,redNb,1000,4-0.25-P,1,0.6866,135228,61,intensifier
ablation,redNb,1000,4-0.25-P,1,0.7468,135246,40,intensifier
ablation,redNb,1000,4-0.25-P,1,0.7770,135296,61,intensifier
ablation,redNb,1000,4-0.25-P,1,0.8072,135301,25,intensifier
ablation,redNb,1000,4-0.25-P,1,0.8375,135397,61,intensifier
ablation,redNb,1000,4-0.25-P,1,0.8978,135825,61,intensifier
ablation,redNb,1000,4-0.25-P,1,0.9280,135969,61,intensifier
ablation,redNb,1000,4-0.25-P,1,1.6177,135992,40,intensifier
ablation,redNb,1000,4-0.25-P,1,2.3974,136050,56,intensifier
ablation,redNb,1000,4-0.25-P,1,2.4577,136064,2,intensifier
ablation,redNb,1000,4-0.25-P,1,2.9977,136082,48,intensifier
ablation,redNb,1000,4-0.25-P,1,3.0280,136171,37,intensifier
ablation,redNb,1000,4-0.25-P,1,3.3580,136196,37,intensifier
ablation,redNb,1000,4-0.25-P,1,3.4483,136208,4,intensifier
ablation,redNb,1000,4-0.25-P,1,3.4786,136317,35,intensifier
ablation,redNb,1000,4-0.25-P,1,5.6068,136352,25,intensifier
ablation,redNb,1000,4-0.25-P,1,5.6372,136435,25,intensifier
ablation,redNb,1000,4-0.25-P,1,10.4345,136468,22,intensifier
ablation,redNb,1000,4-0.25-P,1,22.6360,136480,37,intensifier
ablation,redNb,1000,4-0.25-P,1,22.7563,136543,56,intensifier
ablation,redNb,1000,4-0.25-P,1,23.5061,136552,61,intensifier
ablation,redNb,1000,4-0.25-P,1,30.5218,136575,40,intensifier
ablation,redNb,1000,4-0.25-P,1,32.8004,136592,33,intensifier
ablation,redNb,1000,4-0.25-P,1,33.7898,136600,5,intensifier
ablation,redNb,1000,4-0.25-P,1,33.8502,136629,53,intensifier
ablation,redNb,1000,4-0.25-P,1,34.5398,136681,17,intensifier
ablation,redNb,1000,4-0.25-P,1,41.3765,136694,33,intensifier
ablation,redNb,1000,4-0.25-P,1,41.4669,136718,54,intensifier
ablation,redNb,1000,4-0.25-P,1,44.7943,136723,16,intensifier
ablation,redNb,1000,4-0.25-P,1,46.0835,136763,60,intensifier
ablation,redNb,1000,4-0.25-P,1,52.6796,136787,37,intensifier
ablation,redNb,1000,4-0.25-P,1,61.5836,136805,13,intensifier
ablation,redNb,1000,4-0.25-P,1,77.6211,136819,32,intensifier
ablation,redNb,1000,4-0.25-P,1,98.6665,136844,5,intensifier
ablation,redNb,1000,4-0.25-P,1,122.8604,136852,40,intensifier
ablation,redNb,1000,4-0.25-P,1,146.3330,136868,41,intensifier
ablation,redNb,1000,4-0.25-P,1,183.2060,136919,53,intensifier
ablation,redNb,1000,4-0.25-P,1,186.0841,136933,13,intensifier
ablation,redNb,1000,4-0.25-P,1,234.5905,136937,21,intensifier
ablation,redNb,1000,4-0.25-P,1,235.1307,136998,43,intensifier
ablation,redNb,1000,4-0.25-P,1,243.8843,137065,38,intensifier
ablation,redNb,1000,4-0.25-P,2,0.0537,132556,56,intensifier
ablation,redNb,1000,4-0.25-P,2,0.0851,134177,35,intensifier
ablation,redNb,1000,4-0.25-P,2,0.1154,134639,21,intensifier
ablation,redNb,1000,4-0.25-P,2,0.1456,134841,44,intensifier
ablation,redNb,1000,4-0.25-P,2,0.1758,134922,44,intensifier
ablation,redNb,1000,4-0.25-P,2,0.2060,134965,44,intensifier
ablation,redNb,1000,4-0.25-P,2,0.2362,135155,44,intensifier
ablation,redNb,1000,4-0.25-P,2,0.2964,135182,44,intensifier
ablation,redNb,1000,4-0.25-P,2,0.3268,135226,44,intensifier
ablation,redNb,1000,4-0.25-P,2,0.4772,135540,21,intensifier
ablation,redNb,1000,4-0.25-P,2,0.5975,135633,21,intensifier
ablation,redNb,1000,4-0.25-P,2,0.6578,135917,21,intensifier
ablation,redNb,1000,4-0.25-P,2,0.6881,136034,21,intensifier
ablation,redNb,1000,4-0.25-P,2,0.7484,136144,21,intensifier
ablation,redNb,1000,4-0.25-P,2,0.7786,136347,21,intensifier
ablation,redNb,1000,4-0.25-P,2,3.5971,136362,29,intensifier
ablation,redNb,1000,4-0.25-P,2,4.7361,136575,57,intensifier
ablation,redNb,1000,4-0.25-P,2,5.1560,136611,53,intensifier
ablation,redNb,1000,4-0.25-P,2,9.5626,136621,57,intensifier
ablation,redNb,1000,4-0.25-P,2,10.1033,136765,32,intensifier
ablation,redNb,1000,4-0.25-P,2,12.1120,136794,9,intensifier
ablation,redNb,1000,4-0.25-P,2,12.2022,136856,9,intensifier
ablation,redNb,1000,4-0.25-P,2,20.0868,136889,35,intensifier
ablation,redNb,1000,4-0.25-P,2,29.2598,137042,19,intensifier
ablation,redNb,1000,4-0.25-P,2,59.5979,137192,55,intensifier
ablation,redNb,1000,4-0.25-P,2,79.7140,137251,60,intensifier
ablation,redNb,1000,4-0.25-P,2,212.9658,137299,33,intensifier
ablation,redNb,1000,4-0.25-P,2,245.1020,137321,44,intensifier
ablation,redNb,1000,4-0.25-P,2,273.9719,137357,17,intensifier
ablation,redNb,1000,4-0.25-P,3,0.0537,133017,44,intensifier
ablation,redNb,1000,4-0.25-P,3,0.0852,134476,28,intensifier
ablation,redNb,1000,4-0.25-P,3,0.1154,134536,28,intensifier
ablation,redNb,1000,4-0.25-P,3,0.1457,134752,28,intensifier
ablation,redNb,1000,4-0.25-P,3,0.1760,134940,28,intensifier
ablation,redNb,1000,4-0.25-P,3,0.2061,135719,28,intensifier
ablation,redNb,1000,4-0.25-P,3,0.2663,135972,28,intensifier
ablation,redNb,1000,4-0.25-P,3,0.4166,136014,28,intensifier
ablation,redNb,1000,4-0.25-P,3,0.9571,136026,27,intensifier
ablation,redNb,1000,4-0.25-P,3,0.9870,136077,21,intensifier
ablation,redNb,1000,4-0.25-P,3,1.0172,136142,20,intensifier
ablation,redNb,1000,4-0.25-P,3,1.8570,136158,19,intensifier
ablation,redNb,1000,4-0.25-P,3,2.0671,136221,56,intensifier
ablation,redNb,1000,4-0.25-P,3,2.3373,136269,24,intensifier
ablation,redNb,1000,4-0.25-P,3,2.5174,136340,10,intensifier
ablation,redNb,1000,4-0.25-P,3,2.7874,136428,44,intensifier
ablation,redNb,1000,4-0.25-P,3,3.2073,136463,4,intensifier
ablation,redNb,1000,4-0.25-P,3,5.9954,136625,42,intensifier
ablation,redNb,1000,4-0.25-P,3,6.1156,136627,53,intensifier
ablation,redNb,1000,4-0.25-P,3,6.5653,136775,33,intensifier
ablation,redNb,1000,4-0.25-P,3,7.4350,136783,19,intensifier
ablation,redNb,1000,4-0.25-P,3,11.6932,136796,53,intensifier
ablation,redNb,1000,4-0.25-P,3,11.7831,136868,38,intensifier
ablation,redNb,1000,4-0.25-P,3,12.0532,136921,39,intensifier
ablation,redNb,1000,4-0.25-P,3,19.5767,136942,2,intensifier
ablation,redNb,1000,4-0.25-P,3,26.6832,136976,48,intensifier
ablation,redNb,1000,4-0.25-P,3,45.7211,137103,48,intensifier
ablation,redNb,1000,4-0.25-P,3,50.4285,137138,1,intensifier
ablation,redNb,1000,4-0.25-P,3,203.2900,137187,38,intensifier
ablation,redNb,1000,4-0.25-P,3,296.1031,137233,25,intensifier
ablation,redNb,1000,4-0.25-P,3,365.2338,137235,44,intensifier
ablation,redNb,1000,4-0.25-P,3,391.4635,137351,12,intensifier
ablation,redNb,1000,4-0.25-P,3,418.1756,137442,42,intensifier
ablation,redNb,1000,6-0.25-M,1,0.0536,34884,26,intensifier
ablation,redNb,1000,6-0.25-M,1,0.0850,37315,26,intensifier
ablation,redNb,1000,6-0.25-M,1,0.1152,38314,26,intensifier
ablation,redNb,1000,6-0.25-M,1,0.1756,38478,26,intensifier
ablation,redNb,1000,6-0.25-M,1,0.2058,38686,26,intensifier
ablation,redNb,1000,6-0.25-M,1,0.2362,38831,26,intensifier
ablation,redNb,1000,6-0.25-M,1,0.3862,38949,26,intensifier
ablation,redNb,1000,6-0.25-M,1,0.8663,39016,7,intensifier
ablation,redNb,1000,6-0.25-M,1,1.7959,39029,58,intensifier
ablation,redNb,1000,6-0.25-M,1,1.8561,39030,54,intensifier
ablation,redNb,1000,6-0.25-M,1,1.8865,39079,44,intensifier
ablation,redNb,1000,6-0.25-M,1,2.8161,39086,0,intensifier
ablation,redNb,1000,6-0.25-M,1,2.9064,39177,0,intensifier
ablation,redNb,1000,6-0.25-M,1,2.9368,39286,0,intensifier
ablation,redNb,1000,6-0.25-M,1,3.8063,39312,4,intensifier
ablation,redNb,1000,6-0.25-M,1,3.8666,39336,51,intensifier
ablation,redNb,1000,6-0.25-M,1,3.9868,39362,61,intensifier
ablation,redNb,1000,6-0.25-M,1,5.9360,39448,36,intensifier
ablation,redNb,1000,6-0.25-M,1,9.4434,39614,14,intensifier
ablation,redNb,1000,6-0.25-M,1,9.6536,39628,14,intensifier
ablation,redNb,1000,6-0.25-M,1,9.7439,39706,25,intensifier
ablation,redNb,1000,6-0.25-M,1,11.0940,39737,58,intensifier
ablation,redNb,1000,6-0.25-M,1,11.9938,39829,40,intensifier
ablation,redNb,1000,6-0.25-M,1,14.0922,39846,5,intensifier
ablation,redNb,1000,6-0.25-M,1,16.8206,39851,40,intensifier
ablation,redNb,1000,6-0.25-M,1,22.3969,39929,18,intensifier
ablation,redNb,1000,6-0.25-M,1,27.7635,39953,8,intensifier
ablation,redNb,1000,6-0.25-M,1,47.5793,39956,23,intensifier
ablation,redNb,1000,6-0.25-M,1,51.8364,40105,57,intensifier
ablation,redNb,1000,6-0.25-M,1,81.7240,40120,40,intensifier
ablation,redNb,1000,6-0.25-M,1,105.3165,40155,10,intensifier
ablation,redNb,1000,6-0.25-M,1,121.8954,40246,41,intensifier
ablation,redNb,1000,6-0.25-M,1,141.8308,40277,29,intensifier
ablation,redNb,1000,6-0.25-M,1,144.4088,40455,4,intensifier
ablation,redNb,1000,6-0.25-M,1,420.9011,40481,53,intensifier
ablation,redNb,1000,6-0.25-M,2,0.0531,34348,40,intensifier
ablation,redNb,1000,6-0.25-M,2,0.0845,36909,31,intensifier
ablation,redNb,1000,6-0.25-M,2,0.1149,37914,31,intensifier
ablation,redNb,1000,6-0.25-M,2,0.2059,37939,31,intensifier
ablation,redNb,1000,6-0.25-M,2,0.5951,38199,31,intensifier
ablation,redNb,1000,6-0.25-M,2,0.6554,38228,31,intensifier
ablation,redNb,1000,6-0.25-M,2,0.8355,38339,54,intensifier
ablation,redNb,1000,6-0.25-M,2,0.9857,38508,18,intensifier
ablation,redNb,1000,6-0.25-M,2,1.0461,38743,54,intensifier
ablation,redNb,1000,6-0.25-M,2,1.1067,38845,54,intensifier
ablation,redNb,1000,6-0.25-M,2,1.6165,39022,55,intensifier
ablation,redNb,1000,6-0.25-M,2,1.7669,39040,17,intensifier
ablation,redNb,1000,6-0.25-M,2,1.7971,39107,22,intensifier
ablation,redNb,1000,6-0.25-M,2,1.8873,39112,8,intensifier
ablation,redNb,1000,6-0.25-M,2,2.0075,39202,60,intensifier
ablation,redNb,1000,6-0.25-M,2,2.6673,39304,20,intensifier
ablation,redNb,1000,6-0.25-M,2,4.0467,39377,57,intensifier
ablation,redNb,1000,6-0.25-M,2,4.3768,39383,17,intensifier
ablation,redNb,1000,6-0.25-M,2,4.4374,39596,25,intensifier
ablation,redNb,1000,6-0.25-M,2,5.0069,39625,24,intensifier
ablation,redNb,1000,6-0.25-M,2,9.0843,39653,42,intensifier
ablation,redNb,1000,6-0.25-M,2,12.6825,39692,29,intensifier
ablation,redNb,1000,6-0.25-M,2,15.1706,39744,52,intensifier
ablation,redNb,1000,6-0.25-M,2,16.4900,39853,9,intensifier
ablation,redNb,1000,6-0.25-M,2,90.3261,39870,13,intensifier
ablation,redNb,1000,6-0.25-M,2,105.1962,39872,43,intensifier
ablation,redNb,1000,6-0.25-M,2,119.1076,39892,50,intensifier
ablation,redNb,1000,6-0.25-M,2,151.9955,39931,12,intensifier
ablation,redNb,1000,6-0.25-M,2,168.2746,39996,49,intensifier
ablation,redNb,1000,6-0.25-M,2,171.9028,40042,58,intensifier
ablation,redNb,1000,6-0.25-M,2,180.9869,40191,62,intensifier
ablation,redNb,1000,6-0.25-M,2,221.8178,40229,48,intensifier
ablation,redNb,1000,6-0.25-M,2,254.5862,40287,24,intensifier
ablation,redNb,1000,6-0.25-M,2,313.2814,40288,35,intensifier
ablation,redNb,1000,6-0.25-M,2,337.2349,40321,15,intensifier
ablation,redNb,1000,6-0.25-M,2,588.2688,40322,3,intensifier
ablation,redNb,1000,6-0.25-M,3,0.0535,34788,68,explorer
ablation,redNb,1000,6-0.25-M,3,0.0849,36820,62,intensifier
ablation,redNb,1000,6-0.25-M,3,0.1151,37755,62,intensifier
ablation,redNb,1000,6-0.25-M,3,0.1454,37928,62,intensifier
ablation,redNb,1000,6-0.25-M,3,0.1757,38025,62,intensifier
ablation,redNb,1000,6-0.25-M,3,0.2061,38077,62,intensifier
ablation,redNb,1000,6-0.25-M,3,0.3263,38123,62,intensifier
ablation,redNb,1000,6-0.25-M,3,0.3566,38162,62,intensifier
ablation,redNb,1000,6-0.25-M,3,0.4470,38223,62,intensifier
ablation,redNb,1000,6-0.25-M,3,0.5375,38345,62,intensifier
ablation,redNb,1000,6-0.25-M,3,0.7772,38505,62,intensifier
ablation,redNb,1000,6-0.25-M,3,0.8074,38512,62,intensifier
ablation,redNb,1000,6-0.25-M,3,0.8977,38647,62,intensifier
ablation,redNb,1000,6-0.25-M,3,1.0178,38730,62,intensifier
ablation,redNb,1000,6-0.25-M,3,1.1978,38753,38,intensifier
ablation,redNb,1000,6-0.25-M,3,1.2580,38760,38,intensifier
ablation,redNb,1000,6-0.25-M,3,1.2883,38879,35,intensifier
ablation,redNb,1000,6-0.25-M,3,1.3186,39067,38,intensifier
ablation,redNb,1000,6-0.25-M,3,2.6979,39223,34,intensifier
ablation,redNb,1000,6-0.25-M,3,3.2377,39225,50,intensifier
ablation,redNb,1000,6-0.25-M,3,5.8159,39302,60,intensifier
ablation,redNb,1000,6-0.25-M,3,8.1243,39396,39,intensifier
ablation,redNb,1000,6-0.25-M,3,9.0238,39415,3,intensifier
ablation,redNb,1000,6-0.25-M,3,9.0840,39464,40,intensifier
ablation,redNb,1000,6-0.25-M,3,9.5639,39542,62,intensifier
ablation,redNb,1000,6-0.25-M,3,10.1346,39567,37,intensifier
ablation,redNb,1000,6-0.25-M,3,13.6419,39591,61,intensifier
ablation,redNb,1000,6-0.25-M,3,13.7325,39700,19,intensifier
ablation,redNb,1000,6-0.25-M,3,15.1715,39820,14,intensifier
ablation,redNb,1000,6-0.25-M,3,15.2917,39860,23,intensifier
ablation,redNb,1000,6-0.25-M,3,20.4186,39911,7,intensifier
ablation,redNb,1000,6-0.25-M,3,32.8899,39920,36,intensifier
ablation,redNb,1000,6-0.25-M,3,34.2387,39962,27,intensifier
ablation,redNb,1000,6-0.25-M,3,34.3590,40013,38,intensifier
ablation,redNb,1000,6-0.25-M,3,35.5280,40056,10,intensifier
ablation,redNb,1000,6-0.25-M,3,40.6250,40230,0,intensifier
ablation,redNb,1000,6-0.25-M,3,64.1886,40250,13,intensifier
ablation,redNb,1000,6-0.25-M,3,71.0236,40324,12,intensifier
ablation,redNb,1000,6-0.25-M,3,225.5585,40325,32,intensifier
ablation,redNb,1000,6-0.25-M,3,225.6486,40403,39,intensifier
ablation,redNb,1000,6-0.25-M,3,376.9154,40520,0,intensifier
ablation,redNb,1000,5-0.5-P,1,0.0471,264839,53,intensifier
ablation,redNb,1000,5-0.5-P,1,0.0833,269945,36,intensifier
ablation,redNb,1000,5-0.5-P,1,0.1136,270134,4,intensifier
ablation,redNb,1000,5-0.5-P,1,0.1443,270323,4,intensifier
ablation,redNb,1000,5-0.5-P,1,0.1742,270707,4,intensifier
ablation,redNb,1000,5-0.5-P,1,0.2045,270882,4,intensifier
ablation,redNb,1000,5-0.5-P,1,0.2347,271212,4,intensifier
ablation,redNb,1000,5-0.5-P,1,0.2650,271234,4,intensifier
ablation,redNb,1000,5-0.5-P,1,0.4451,271605,4,intensifier
ablation,redNb,1000,5-0.5-P,1,0.4755,272133,4,intensifier
ablation,redNb,1000,5-0.5-P,1,0.5357,272216,4,intensifier
ablation,redNb,1000,5-0.5-P,1,1.4053,272429,45,intensifier
ablation,redNb,1000,5-0.5-P,1,4.2234,272642,55,intensifier
ablation,redNb,1000,5-0.5-P,1,4.7033,272749,60,intensifier
ablation,redNb,1000,5-0.5-P,1,4.9439,272870,34,intensifier
ablation,redNb,1000,5-0.5-P,1,9.1106,273076,48,intensifier
ablation,redNb,1000,5-0.5-P,1,15.1674,273135,9,intensifier
ablation,redNb,1000,5-0.5-P,1,19.5147,273245,37,intensifier
ablation,redNb,1000,5-0.5-P,1,23.1732,273298,50,intensifier
ablation,redNb,1000,5-0.5-P,1,45.5694,273346,50,intensifier
ablation,redNb,1000,5-0.5-P,1,70.0634,273525,22,intensifier
ablation,redNb,1000,5-0.5-P,2,0.0470,264169,10,intensifier
ablation,redNb,1000,5-0.5-P,2,0.0836,269558,62,intensifier
ablation,redNb,1000,5-0.5-P,2,0.1139,270580,62,intensifier
ablation,redNb,1000,5-0.5-P,2,0.1442,270911,10,intensifier
ablation,redNb,1000,5-0.5-P,2,0.1744,271269,10,intensifier
ablation,redNb,1000,5-0.5-P,2,0.2347,271368,10,intensifier
ablation,redNb,1000,5-0.5-P,2,0.3249,271415,10,intensifier
ablation,redNb,1000,5-0.5-P,2,0.3852,271427,10,intensifier
ablation,redNb,1000,5-0.5-P,2,0.4156,271776,10,intensifier
ablation,redNb,1000,5-0.5-P,2,0.6856,271810,10,intensifier
ablation,redNb,1000,5-0.5-P,2,0.7159,271827,16,intensifier
ablation,redNb,1000,5-0.5-P,2,0.8062,271902,41,intensifier
ablation,redNb,1000,5-0.5-P,2,0.8665,272055,12,intensifier
ablation,redNb,1000,5-0.5-P,2,0.9268,272333,41,intensifier
ablation,redNb,1000,5-0.5-P,2,2.9053,272336,1,intensifier
ablation,redNb,1000,5-0.5-P,2,2.9655,272427,6,intensifier
ablation,redNb,1000,5-0.5-P,2,3.0857,272464,47,intensifier
ablation,redNb,1000,5-0.5-P,2,3.7755,272505,2,intensifier
ablation,redNb,1000,5-0.5-P,2,5.8140,272620,46,intensifier
ablation,redNb,1000,5-0.5-P,2,8.1518,272689,23,intensifier
ablation,redNb,1000,5-0.5-P,2,10.2211,272961,32,intensifier
ablation,redNb,1000,5-0.5-P,2,17.2955,273021,4,intensifier
ablation,redNb,1000,5-0.5-P,2,30.5459,273073,46,intensifier
ablation,redNb,1000,5-0.5-P,2,51.8297,273194,25,intensifier
ablation,redNb,1000,5-0.5-P,2,69.0963,273282,32,intensifier
ablation,redNb,1000,5-0.5-P,2,75.3315,273316,12,intensifier
ablation,redNb,1000,5-0.5-P,2,102.6414,273455,5,intensifier
ablation,redNb,1000,5-0.5-P,2,354.4837,273478,11,intensifier
ablation,redNb,1000,5-0.5-P,2,388.5679,273514,54,intensifier
ablation,redNb,1000,5-0.5-P,2,408.3220,273575,48,intensifier
ablation,redNb,1000,5-0.5-P,2,409.4316,273588,48,intensifier
ablation,redNb,1000,5-0.5-P,2,465.6703,273590,19,intensifier
ablation,redNb,1000,5-0.5-P,3,0.0444,262631,76,explorer
ablation,redNb,1000,5-0.5-P,3,0.0818,270237,16,intensifier
ablation,redNb,1000,5-0.5-P,3,0.1120,270750,16,intensifier
ablation,redNb,1000,5-0.5-P,3,0.1422,270774,16,intensifier
ablation,redNb,1000,5-0.5-P,3,0.2324,270804,16,intensifier
ablation,redNb,1000,5-0.5-P,3,0.2628,270840,16,intensifier
ablation,redNb,1000,5-0.5-P,3,0.2929,271118,16,intensifier
ablation,redNb,1000,5-0.5-P,3,0.3830,271129,16,intensifier
ablation,redNb,1000,5-0.5-P,3,0.4733,271168,16,intensifier
ablation,redNb,1000,5-0.5-P,3,0.5040,271650,4,intensifier
ablation,redNb,1000,5-0.5-P,3,0.6237,271792,4,intensifier
ablation,redNb,1000,5-0.5-P,3,0.6540,271989,4,intensifier
ablation,redNb,1000,5-0.5-P,3,0.8042,272114,4,intensifier
ablation,redNb,1000,5-0.5-P,3,0.8645,272163,4,intensifier
ablation,redNb,1000,5-0.5-P,3,0.9247,272223,4,intensifier
ablation,redNb,1000,5-0.5-P,3,2.3039,272283,20,intensifier
ablation,redNb,1000,5-0.5-P,3,2.5440,272433,20,intensifier
ablation,redNb,1000,5-0.5-P,3,3.1139,272434,31,intensifier
ablation,redNb,1000,5-0.5-P,3,3.2641,272465,1,intensifier
ablation,redNb,1000,5-0.5-P,3,3.3543,272579,31,intensifier
ablation,redNb,1000,5-0.5-P,3,5.0031,272631,31,intensifier
ablation,redNb,1000,5-0.5-P,3,5.0334,272716,31,intensifier
ablation,redNb,1000,5-0.5-P,3,10.5500,272730,39,intensifier
ablation,redNb,1000,5-0.5-P,3,10.9101,272866,8,intensifier
ablation,redNb,1000,5-0.5-P,3,12.4998,272878,46,intensifier
ablation,redNb,1000,5-0.5-P,3,13.2791,272893,19,intensifier
ablation,redNb,1000,5-0.5-P,3,13.4592,272913,19,intensifier
ablation,redNb,1000,5-0.5-P,3,39.8990,272948,22,intensifier
ablation,redNb,1000,5-0.5-P,3,46.4637,273012,28,intensifier
ablation,redNb,1000,5-0.5-P,3,52.6394,273046,28,intensifier
ablation,redNb,1000,5-0.5-P,3,56.0280,273077,40,intensifier
ablation,redNb,1000,5-0.5-P,3,57.7670,273086,36,intensifier
ablation,redNb,1000,5-0.5-P,3,62.4746,273109,42,intensifier
ablation,redNb,1000,5-0.5-P,3,69.1907,273169,61,intensifier
ablation,redNb,1000,5-0.5-P,3,82.5320,273216,62,intensifier
ablation,redNb,1000,5-0.5-P,3,96.5598,273367,39,intensifier
ablation,redNb,1000,5-0.5-P,3,214.6483,273429,0,intensifier
ablation,redNb,1000,5-0.5-P,3,251.0116,273510,13,intensifier
ablation,redNb,1000,5-0.5-P,3,334.7086,273512,0,intensifier
ablation,redNb,1000,5-0.5-P,3,512.3420,273534,3,intensifier
ablation,redNb,1000,5-0.5-P,3,522.1771,273552,47,intensifier
ablation,redNb,1000,2-0.5-M,1,0.0470,40480,53,intensifier
ablation,redNb,1000,2-0.5-M,1,0.0836,52232,53,intensifier
ablation,redNb,1000,2-0.5-M,1,0.1139,52918,53,intensifier
ablation,redNb,1000,2-0.5-M,1,0.1441,53560,53,intensifier
ablation,redNb,1000,2-0.5-M,1,0.1744,53601,53,intensifier
ablation,redNb,1000,2-0.5-M,1,0.2045,54041,53,intensifier
ablation,redNb,1000,2-0.5-M,1,0.2349,54167,53,intensifier
ablation,redNb,1000,2-0.5-M,1,0.2651,54298,53,intensifier
ablation,redNb,1000,2-0.5-M,1,0.2954,54390,53,intensifier
ablation,redNb,1000,2-0.5-M,1,0.3256,54406,53,intensifier
ablation,redNb,1000,2-0.5-M,1,0.4458,54624,53,intensifier
ablation,redNb,1000,2-0.5-M,1,0.4760,54625,53,intensifier
ablation,redNb,1000,2-0.5-M,1,0.5363,54702,45,intensifier
ablation,redNb,1000,2-0.5-M,1,0.6266,54722,53,intensifier
ablation,redNb,1000,2-0.5-M,1,0.6869,55034,45,intensifier
ablation,redNb,1000,2-0.5-M,1,0.9870,55054,45,intensifier
ablation,redNb,1000,2-0.5-M,1,1.0773,55082,45,intensifier
ablation,redNb,1000,2-0.5-M,1,1.1675,55271,45,intensifier
ablation,redNb,1000,2-0.5-M,1,1.1979,55321,45,intensifier
ablation,redNb,1000,2-0.5-M,1,1.4680,55390,45,intensifier
ablation,redNb,1000,2-0.5-M,1,1.5583,55706,58,intensifier
ablation,redNb,1000,2-0.5-M,1,1.8883,55804,58,intensifier
ablation,redNb,1000,2-0.5-M,1,1.9486,55940,50,intensifier
ablation,redNb,1000,2-0.5-M,1,2.2786,55948,50,intensifier
ablation,redNb,1000,2-0.5-M,1,2.3390,55967,50,intensifier
ablation,redNb,1000,2-0.5-M,1,5.0372,56000,48,intensifier
ablation,redNb,1000,2-0.5-M,1,5.0975,56132,0,intensifier
ablation,redNb,1000,2-0.5-M,1,5.2475,56269,0,intensifier
ablation,redNb,1000,2-0.5-M,1,6.1770,56434,61,intensifier
ablation,redNb,1000,2-0.5-M,1,27.4615,56477,40,intensifier
ablation,redNb,1000,2-0.5-M,1,38.2846,56485,60,intensifier
ablation,redNb,1000,2-0.5-M,1,41.6132,56630,48,intensifier
ablation,redNb,1000,2-0.5-M,1,42.3630,56668,48,intensifier
ablation,redNb,1000,2-0.5-M,1,71.1432,56670,36,intensifier
ablation,redNb,1000,2-0.5-M,1,71.4138,56689,36,intensifier
ablation,redNb,1000,2-0.5-M,1,72.3428,56726,58,intensifier
ablation,redNb,1000,2-0.5-M,1,73.1225,56760,49,intensifier
ablation,redNb,1000,2-0.5-M,1,74.4120,56808,1,intensifier
ablation,redNb,1000,2-0.5-M,1,74.9218,56830,51,intensifier
ablation,redNb,1000,2-0.5-M,1,75.1319,56948,51,intensifier
ablation,redNb,1000,2-0.5-M,1,75.5818,57088,24,intensifier
ablation,redNb,1000,2-0.5-M,1,87.6040,57152,39,intensifier
ablation,redNb,1000,2-0.5-M,1,94.3795,57205,56,intensifier
ablation,redNb,1000,2-0.5-M,1,116.9834,57218,8,intensifier
ablation,redNb,1000,2-0.5-M,1,126.5763,57231,26,intensifier
ablation,redNb,1000,2-0.5-M,1,142.0758,57253,26,intensifier
ablation,redNb,1000,2-0.5-M,1,177.7783,57406,34,intensifier
ablation,redNb,1000,2-0.5-M,1,198.1624,57431,41,intensifier
ablation,redNb,1000,2-0.5-M,1,213.0631,57509,24,intensifier
ablation,redNb,1000,2-0.5-M,1,240.4329,57548,34,intensifier
ablation,redNb,1000,2-0.5-M,1,298.6795,57683,0,intensifier
ablation,redNb,1000,2-0.5-M,1,411.3238,57694,3,intensifier
ablation,redNb,1000,2-0.5-M,1,559.1710,57715,1,intensifier
ablation,redNb,1000,2-0.5-M,2,0.0468,41360,59,intensifier
ablation,redNb,1000,2-0.5-M,2,0.0836,52211,26,intensifier
ablation,redNb,1000,2-0.5-M,2,0.1139,53145,26,intensifier
ablation,redNb,1000,2-0.5-M,2,0.1441,54093,26,intensifier
ablation,redNb,1000,2-0.5-M,2,0.2044,54322,26,intensifier
ablation,redNb,1000,2-0.5-M,2,0.2646,54590,26,intensifier
ablation,redNb,1000,2-0.5-M,2,0.2949,54685,26,intensifier
ablation,redNb,1000,2-0.5-M,2,0.4450,55008,26,intensifier
ablation,redNb,1000,2-0.5-M,2,0.4754,55085,61,intensifier
ablation,redNb,1000,2-0.5-M,2,0.5056,55149,61,intensifier
ablation,redNb,1000,2-0.5-M,2,0.5358,55163,26,intensifier
ablation,redNb,1000,2-0.5-M,2,0.5960,55308,26,intensifier
ablation,redNb,1000,2-0.5-M,2,0.6862,55362,26,intensifier
ablation,redNb,1000,2-0.5-M,2,0.8963,55395,26,intensifier
ablation,redNb,1000,2-0.5-M,2,0.9266,55427,26,intensifier
ablation,redNb,1000,2-0.5-M,2,0.9568,55511,26,intensifier
ablation,redNb,1000,2-0.5-M,2,1.1968,55564,26,intensifier
ablation,redNb,1000,2-0.5-M,2,2.5759,55670,57,intensifier
ablation,redNb,1000,2-0.5-M,2,2.6063,55677,57,intensifier
ablation,redNb,1000,2-0.5-M,2,2.6965,55919,57,intensifier
ablation,redNb,1000,2-0.5-M,2,2.9965,56015,57,intensifier
ablation,redNb,1000,2-0.5-M,2,4.7052,56018,10,intensifier
ablation,redNb,1000,2-0.5-M,2,4.7355,56028,6,intensifier
ablation,redNb,1000,2-0.5-M,2,5.0055,56050,6,intensifier
ablation,redNb,1000,2-0.5-M,2,5.7850,56121,7,intensifier
ablation,redNb,1000,2-0.5-M,2,7.3141,56198,19,intensifier
ablation,redNb,1000,2-0.5-M,2,7.9442,56270,9,intensifier
ablation,redNb,1000,2-0.5-M,2,9.0239,56503,29,intensifier
ablation,redNb,1000,2-0.5-M,2,11.3331,56695,28,intensifier
ablation,redNb,1000,2-0.5-M,2,21.7670,56708,2,intensifier
ablation,redNb,1000,2-0.5-M,2,26.2936,56786,21,intensifier
ablation,redNb,1000,2-0.5-M,2,29.0817,56874,58,intensifier
ablation,redNb,1000,2-0.5-M,2,31.9309,56973,59,intensifier
ablation,redNb,1000,2-0.5-M,2,44.9724,57084,48,intensifier
ablation,redNb,1000,2-0.5-M,2,50.3396,57363,35,intensifier
ablation,redNb,1000,2-0.5-M,2,91.6198,57379,4,intensifier
ablation,redNb,1000,2-0.5-M,2,104.9303,57383,33,intensifier
ablation,redNb,1000,2-0.5-M,2,238.3310,57420,42,intensifier
ablation,redNb,1000,2-0.5-M,2,269.3290,57576,18,intensifier
ablation,redNb,1000,2-0.5-M,3,0.0470,40831,55,intensifier
ablation,redNb,1000,2-0.5-M,3,0.0841,52069,36,intensifier
ablation,redNb,1000,2-0.5-M,3,0.1152,53861,57,intensifier
ablation,redNb,1000,2-0.5-M,3,0.1456,53918,57,intensifier
ablation,redNb,1000,2-0.5-M,3,0.1758,54126,57,intensifier
ablation,redNb,1000,2-0.5-M,3,0.2073,54306,57,intensifier
ablation,redNb,1000,2-0.5-M,3,0.2374,54455,57,intensifier
ablation,redNb,1000,2-0.5-M,3,0.2671,54650,57,intensifier
ablation,redNb,1000,2-0.5-M,3,0.2970,54663,57,intensifier
ablation,redNb,1000,2-0.5-M,3,0.3265,54839,57,intensifier
ablation,redNb,1000,2-0.5-M,3,0.3568,55557,57,intensifier
ablation,redNb,1000,2-0.5-M,3,0.4470,55650,57,intensifier
ablation,redNb,1000,2-0.5-M,3,0.4773,55911,3,intensifier
ablation,redNb,1000,2-0.5-M,3,0.5077,55934,57,intensifier
ablation,redNb,1000,2-0.5-M,3,0.5678,55977,57,intensifier
ablation,redNb,1000,2-0.5-M,3,0.5980,56076,57,intensifier
ablation,redNb,1000,2-0.5-M,3,2.4874,56100,17,intensifier
ablation,redNb,1000,2-0.5-M,3,2.6072,56281,17,intensifier
ablation,redNb,1000,2-0.5-M,3,10.3738,56460,61,intensifier
ablation,redNb,1000,2-0.5-M,3,25.4861,56472,28,intensifier
ablation,redNb,1000,2-0.5-M,3,31.6935,56562,35,intensifier
ablation,redNb,1000,2-0.5-M,3,35.6527,56717,26,intensifier
ablation,redNb,1000,2-0.5-M,3,86.3279,56752,60,intensifier
ablation,redNb,1000,2-0.5-M,3,99.5553,56799,15,intensifier
ablation,redNb,1000,2-0.5-M,3,140.7264,56902,55,intensifier
ablation,redNb,1000,2-0.5-M,3,152.9674,56910,39,intensifier
ablation,redNb,1000,2-0.5-M,3,193.4579,57137,26,intensifier
ablation,redNb,1000,2-0.5-M,3,225.0022,57270,3,intensifier
ablation,redNb,1000,2-0.5-M,3,269.4307,57283,2,intensifier
ablation,redNb,1000,2-0.5-M,3,583.7145,57342,59,intensifier
ablation,redNb,1000,2-0.5-M,3,584.1041,57378,1,intensifier
ablation,redNb,1000,6-0.75-P,1,0.0400,316075,57,intensifier
ablation,redNb,1000,6-0.75-P,1,0.0833,344212,34,intensifier
ablation,redNb,1000,6-0.75-P,1,0.1136,346312,23,intensifier
ablation,redNb,1000,6-0.75-P,1,0.1439,346518,23,intensifier
ablation,redNb,1000,6-0.75-P,1,0.1742,347089,23,intensifier
ablation,redNb,1000,6-0.75-P,1,0.2044,347701,23,intensifier
ablation,redNb,1000,6-0.75-P,1,0.2948,347788,23,intensifier
ablation,redNb,1000,6-0.75-P,1,0.4150,347947,23,intensifier
ablation,redNb,1000,6-0.75-P,1,0.4453,348127,23,intensifier
ablation,redNb,1000,6-0.75-P,1,0.5665,348166,23,intensifier
ablation,redNb,1000,6-0.75-P,1,0.5961,348233,0,intensifier
ablation,redNb,1000,6-0.75-P,1,0.6267,348378,0,intensifier
ablation,redNb,1000,6-0.75-P,1,0.7165,348839,0,intensifier
ablation,redNb,1000,6-0.75-P,1,0.9569,348864,0,intensifier
ablation,redNb,1000,6-0.75-P,1,0.9873,348915,28,intensifier
ablation,redNb,1000,6-0.75-P,1,1.1375,349028,0,intensifier
ablation,redNb,1000,6-0.75-P,1,4.1059,349267,2,intensifier
ablation,redNb,1000,6-0.75-P,1,7.5550,349417,49,intensifier
ablation,redNb,1000,6-0.75-P,1,10.0749,349496,12,intensifier
ablation,redNb,1000,6-0.75-P,1,18.2000,349599,50,intensifier
ablation,redNb,1000,6-0.75-P,1,29.3840,349666,23,intensifier
ablation,redNb,1000,6-0.75-P,1,29.5938,349720,23,intensifier
ablation,redNb,1000,6-0.75-P,1,30.5545,349763,62,intensifier
ablation,redNb,1000,6-0.75-P,1,30.5844,349793,62,intensifier
ablation,redNb,1000,6-0.75-P,1,34.0627,349796,14,intensifier
ablation,redNb,1000,6-0.75-P,1,43.0578,349811,41,intensifier
ablation,redNb,1000,6-0.75-P,1,43.2682,349940,41,intensifier
ablation,redNb,1000,6-0.75-P,1,57.2402,349945,22,intensifier
ablation,redNb,1000,6-0.75-P,1,70.6428,349975,9,intensifier
ablation,redNb,1000,6-0.75-P,1,82.2156,349996,58,intensifier
ablation,redNb,1000,6-0.75-P,1,116.0366,350077,16,intensifier
ablation,redNb,1000,6-0.75-P,1,308.6535,350195,9,intensifier
ablation,redNb,1000,6-0.75-P,1,425.0941,350200,51,intensifier
ablation,redNb,1000,6-0.75-P,1,503.8506,350263,0,intensifier
ablation,redNb,1000,6-0.75-P,2,0.0402,318025,25,intensifier
ablation,redNb,1000,6-0.75-P,2,0.0841,344339,1,intensifier
ablation,redNb,1000,6-0.75-P,2,0.1145,346300,4,intensifier
ablation,redNb,1000,6-0.75-P,2,0.1447,346683,4,intensifier
ablation,redNb,1000,6-0.75-P,2,0.1750,347412,3,intensifier
ablation,redNb,1000,6-0.75-P,2,0.2652,347736,3,intensifier
ablation,redNb,1000,6-0.75-P,2,3.9223,347749,55,intensifier
ablation,redNb,1000,6-0.75-P,2,3.9527,347927,55,intensifier
ablation,redNb,1000,6-0.75-P,2,4.1930,347929,55,intensifier
ablation,redNb,1000,6-0.75-P,2,4.3136,348398,55,intensifier
ablation,redNb,1000,6-0.75-P,2,4.3738,348439,55,intensifier
ablation,redNb,1000,6-0.75-P,2,5.2430,348447,8,intensifier
ablation,redNb,1000,6-0.75-P,2,5.2733,348492,9,intensifier
ablation,redNb,1000,6-0.75-P,2,5.5134,348588,9,intensifier
ablation,redNb,1000,6-0.75-P,2,6.7129,348633,10,intensifier
ablation,redNb,1000,6-0.75-P,2,6.7433,348862,10,intensifier
ablation,redNb,1000,6-0.75-P,2,6.8337,348982,10,intensifier
ablation,redNb,1000,6-0.75-P,2,6.9538,349162,10,intensifier
ablation,redNb,1000,6-0.75-P,2,7.7934,349166,0,intensifier
ablation,redNb,1000,6-0.75-P,2,7.9437,349235,0,intensifier
ablation,redNb,1000,6-0.75-P,2,8.2437,349262,0,intensifier
ablation,redNb,1000,6-0.75-P,2,14.3014,349451,44,intensifier
ablation,redNb,1000,6-0.75-P,2,15.5008,349468,4,intensifier
ablation,redNb,1000,6-0.75-P,2,20.9881,349511,41,intensifier
ablation,redNb,1000,6-0.75-P,2,22.0977,349547,0,intensifier
ablation,redNb,1000,6-0.75-P,2,22.3382,349651,16,intensifier
ablation,redNb,1000,6-0.75-P,2,25.2157,349816,9,intensifier
ablation,redNb,1000,6-0.75-P,2,46.7100,349833,26,intensifier
ablation,redNb,1000,6-0.75-P,2,68.5654,349852,36,intensifier
ablation,redNb,1000,6-0.75-P,2,76.1207,349856,44,intensifier
ablation,redNb,1000,6-0.75-P,2,76.8104,349879,15,intensifier
ablation,redNb,1000,6-0.75-P,2,91.4403,350179,56,intensifier
ablation,redNb,1000,6-0.75-P,2,275.9604,350248,46,intensifier
ablation,redNb,1000,6-0.75-P,2,295.2957,350314,1,intensifier
ablation,redNb,1000,6-0.75-P,2,515.3361,350316,43,intensifier
ablation,redNb,1000,6-0.75-P,3,0.0810,341966,1,intensifier
ablation,redNb,1000,6-0.75-P,3,0.1114,344982,29,intensifier
ablation,redNb,1000,6-0.75-P,3,0.1417,345744,29,intensifier
ablation,redNb,1000,6-0.75-P,3,0.1721,346003,29,intensifier
ablation,redNb,1000,6-0.75-P,3,0.2025,346741,29,intensifier
ablation,redNb,1000,6-0.75-P,3,0.2329,347232,29,intensifier
ablation,redNb,1000,6-0.75-P,3,0.3233,347294,29,intensifier
ablation,redNb,1000,6-0.75-P,3,0.4141,347698,29,intensifier
ablation,redNb,1000,6-0.75-P,3,0.5345,347886,29,intensifier
ablation,redNb,1000,6-0.75-P,3,0.5649,348133,29,intensifier
ablation,redNb,1000,6-0.75-P,3,0.5953,348175,29,intensifier
ablation,redNb,1000,6-0.75-P,3,0.6560,348235,29,intensifier
ablation,redNb,1000,6-0.75-P,3,0.7160,348319,29,intensifier
ablation,redNb,1000,6-0.75-P,3,0.8363,348424,29,intensifier
ablation,redNb,1000,6-0.75-P,3,0.8667,348554,29,intensifier
ablation,redNb,1000,6-0.75-P,3,0.9271,348559,29,intensifier
ablation,redNb,1000,6-0.75-P,3,0.9574,348692,29,intensifier
ablation,redNb,1000,6-0.75-P,3,1.1975,348742,11,intensifier
ablation,redNb,1000,6-0.75-P,3,1.2580,348814,11,intensifier
ablation,redNb,1000,6-0.75-P,3,1.3783,348848,11,intensifier
ablation,redNb,1000,6-0.75-P,3,2.1584,349011,59,intensifier
ablation,redNb,1000,6-0.75-P,3,2.1888,349082,59,intensifier
ablation,redNb,1000,6-0.75-P,3,2.2489,349116,59,intensifier
ablation,redNb,1000,6-0.75-P,3,2.2793,349395,59,intensifier
ablation,redNb,1000,6-0.75-P,3,8.6680,349407,59,intensifier
ablation,redNb,1000,6-0.75-P,3,10.3506,349536,55,intensifier
ablation,redNb,1000,6-0.75-P,3,16.3194,349608,29,intensifier
ablation,redNb,1000,6-0.75-P,3,20.8784,349624,38,intensifier
ablation,redNb,1000,6-0.75-P,3,21.1188,349671,38,intensifier
ablation,redNb,1000,6-0.75-P,3,21.2389,349696,38,intensifier
ablation,redNb,1000,6-0.75-P,3,29.3342,349703,28,intensifier
ablation,redNb,1000,6-0.75-P,3,53.5003,349795,50,intensifier
ablation,redNb,1000,6-0.75-P,3,79.5871,349814,27,intensifier
ablation,redNb,1000,6-0.75-P,3,101.5972,349905,23,intensifier
ablation,redNb,1000,6-0.75-P,3,113.0510,349980,41,intensifier
ablation,redNb,1000,6-0.75-P,3,122.7374,350149,42,intensifier
ablation,redNb,1000,6-0.75-P,3,156.1716,350161,50,intensifier
ablation,redNb,1000,6-0.75-P,3,235.1091,350183,46,intensifier
ablation,redNb,1000,6-0.75-P,3,264.1094,350187,59,intensifier
ablation,redNb,1000,6-0.75-P,3,306.9074,350190,52,intensifier
ablation,redNb,1000,6-0.75-P,3,311.3760,350347,2,intensifier
ablation,redNb,1000,6-0.75-P,3,465.6207,350360,48,intensifier
ablation,redNb,1000,6-0.75-P,3,585.7515,350399,10,intensifier
ablation,redNb,1000,3-0.75-M,1,0.0409,6055,38,intensifier
ablation,redNb,1000,3-0.75-M,1,0.0840,30413,53,intensifier
ablation,redNb,1000,3-0.75-M,1,0.1142,31255,53,intensifier
ablation,redNb,1000,3-0.75-M,1,0.1446,32232,53,intensifier
ablation,redNb,1000,3-0.75-M,1,0.1749,32812,53,intensifier
ablation,redNb,1000,3-0.75-M,1,0.2051,32894,53,intensifier
ablation,redNb,1000,3-0.75-M,1,0.2354,33378,53,intensifier
ablation,redNb,1000,3-0.75-M,1,0.2657,33886,53,intensifier
ablation,redNb,1000,3-0.75-M,1,0.2959,33912,53,intensifier
ablation,redNb,1000,3-0.75-M,1,0.3262,34191,53,intensifier
ablation,redNb,1000,3-0.75-M,1,0.4164,34381,53,intensifier
ablation,redNb,1000,3-0.75-M,1,0.4466,34403,53,intensifier
ablation,redNb,1000,3-0.75-M,1,0.4770,34511,53,intensifier
ablation,redNb,1000,3-0.75-M,1,0.5073,34690,32,intensifier
ablation,redNb,1000,3-0.75-M,1,0.5976,34741,53,intensifier
ablation,redNb,1000,3-0.75-M,1,0.8078,34797,6,intensifier
ablation,redNb,1000,3-0.75-M,1,0.9280,34855,53,intensifier
ablation,redNb,1000,3-0.75-M,1,1.2579,35377,53,intensifier
ablation,redNb,1000,3-0.75-M,1,2.3075,35421,62,intensifier
ablation,redNb,1000,3-0.75-M,1,2.7276,35501,30,intensifier
ablation,redNb,1000,3-0.75-M,1,2.8179,35538,13,intensifier
ablation,redNb,1000,3-0.75-M,1,2.8782,35601,13,intensifier
ablation,redNb,1000,3-0.75-M,1,3.6580,35661,55,intensifier
ablation,redNb,1000,3-0.75-M,1,3.8682,35670,55,intensifier
ablation,redNb,1000,3-0.75-M,1,3.9283,35725,44,intensifier
ablation,redNb,1000,3-0.75-M,1,4.1686,35771,55,intensifier
ablation,redNb,1000,3-0.75-M,1,4.5583,35824,34,intensifier
ablation,redNb,1000,3-0.75-M,1,5.2781,35856,53,intensifier
ablation,redNb,1000,3-0.75-M,1,6.3874,35904,42,intensifier
ablation,redNb,1000,3-0.75-M,1,8.2762,35944,59,intensifier
ablation,redNb,1000,3-0.75-M,1,8.3366,35955,45,intensifier
ablation,redNb,1000,3-0.75-M,1,9.3861,36042,25,intensifier
ablation,redNb,1000,3-0.75-M,1,9.8958,36066,46,intensifier
ablation,redNb,1000,3-0.75-M,1,11.1559,36108,58,intensifier
ablation,redNb,1000,3-0.75-M,1,12.7451,36272,28,intensifier
ablation,redNb,1000,3-0.75-M,1,14.5138,36329,35,intensifier
ablation,redNb,1000,3-0.75-M,1,14.7540,36389,35,intensifier
ablation,redNb,1000,3-0.75-M,1,15.9533,36445,59,intensifier
ablation,redNb,1000,3-0.75-M,1,21.8598,36585,42,intensifier
ablation,redNb,1000,3-0.75-M,1,22.2196,36706,28,intensifier
ablation,redNb,1000,3-0.75-M,1,31.3030,36865,38,intensifier
ablation,redNb,1000,3-0.75-M,1,38.6771,36902,5,intensifier
ablation,redNb,1000,3-0.75-M,1,39.7563,36918,37,intensifier
ablation,redNb,1000,3-0.75-M,1,45.5717,36935,54,intensifier
ablation,redNb,1000,3-0.75-M,1,45.7217,37152,8,intensifier
ablation,redNb,1000,3-0.75-M,1,46.4715,37153,8,intensifier
ablation,redNb,1000,3-0.75-M,1,60.6810,37175,45,intensifier
ablation,redNb,1000,3-0.75-M,1,67.5459,37200,56,intensifier
ablation,redNb,1000,3-0.75-M,1,215.8839,37206,43,intensifier
ablation,redNb,1000,3-0.75-M,1,372.9444,37247,53,intensifier
ablation,redNb,1000,3-0.75-M,1,384.7861,37295,42,intensifier
ablation,redNb,1000,3-0.75-M,1,387.0945,37314,12,intensifier
ablation,redNb,1000,3-0.75-M,1,509.3798,37325,36,intensifier
ablation,redNb,1000,3-0.75-M,1,539.7796,37401,46,intensifier
ablation,redNb,1000,3-0.75-M,1,554.0502,37460,59,intensifier
ablation,redNb,1000,3-0.75-M,1,579.7722,37468,52,intensifier
ablation,redNb,1000,3-0.75-M,2,0.0402,5539,71,explorer
ablation,redNb,1000,3-0.75-M,2,0.0841,29508,19,intensifier
ablation,redNb,1000,3-0.75-M,2,0.1142,31751,19,intensifier
ablation,redNb,1000,3-0.75-M,2,0.1445,32156,19,intensifier
ablation,redNb,1000,3-0.75-M,2,0.1747,32263,19,intensifier
ablation,redNb,1000,3-0.75-M,2,0.2051,32600,19,intensifier
ablation,redNb,1000,3-0.75-M,2,0.2353,32681,19,intensifier
ablation,redNb,1000,3-0.75-M,2,0.2658,33042,19,intensifier
ablation,redNb,1000,3-0.75-M,2,0.2960,33270,19,intensifier
ablation,redNb,1000,3-0.75-M,2,1.1958,33530,42,intensifier
ablation,redNb,1000,3-0.75-M,2,1.2261,33901,42,intensifier
ablation,redNb,1000,3-0.75-M,2,1.4663,33915,42,intensifier
ablation,redNb,1000,3-0.75-M,2,1.4966,33935,42,intensifier
ablation,redNb,1000,3-0.75-M,2,1.5268,34213,42,intensifier
ablation,redNb,1000,3-0.75-M,2,1.5570,34457,42,intensifier
ablation,redNb,1000,3-0.75-M,2,1.6473,34530,42,intensifier
ablation,redNb,1000,3-0.75-M,2,1.6776,34793,42,intensifier
ablation,redNb,1000,3-0.75-M,2,1.7079,34797,42,intensifier
ablation,redNb,1000,3-0.75-M,2,1.7381,35025,42,intensifier
ablation,redNb,1000,3-0.75-M,2,1.7684,35259,42,intensifier
ablation,redNb,1000,3-0.75-M,2,1.7987,35275,42,intensifier
ablation,redNb,1000,3-0.75-M,2,1.8289,35374,42,intensifier
ablation,redNb,1000,3-0.75-M,2,1.8592,35403,42,intensifier
ablation,redNb,1000,3-0.75-M,2,1.8896,35457,42,intensifier
ablation,redNb,1000,3-0.75-M,2,1.9198,35564,42,intensifier
ablation,redNb,1000,3-0.75-M,2,1.9500,35594,42,intensifier
ablation,redNb,1000,3-0.75-M,2,2.1603,35722,42,intensifier
ablation,redNb,1000,3-0.75-M,2,2.5202,35744,33,intensifier
ablation,redNb,1000,3-0.75-M,2,2.8203,35809,33,intensifier
ablation,redNb,1000,3-0.75-M,2,2.9703,35835,33,intensifier
ablation,redNb,1000,3-0.75-M,2,3.1804,35922,33,intensifier
ablation,redNb,1000,3-0.75-M,2,6.1484,35945,8,intensifier
ablation,redNb,1000,3-0.75-M,2,6.2686,35975,31,intensifier
ablation,redNb,1000,3-0.75-M,2,7.5283,36018,62,intensifier
ablation,redNb,1000,3-0.75-M,2,9.2076,36233,9,intensifier
ablation,redNb,1000,3-0.75-M,2,18.7110,36244,14,intensifier
ablation,redNb,1000,3-0.75-M,2,24.5878,36313,4,intensifier
ablation,redNb,1000,3-0.75-M,2,24.7980,36392,4,intensifier
ablation,redNb,1000,3-0.75-M,2,25.3977,36480,30,intensifier
ablation,redNb,1000,3-0.75-M,2,29.8946,36534,5,intensifier
ablation,redNb,1000,3-0.75-M,2,41.5264,36535,14,intensifier
ablation,redNb,1000,3-0.75-M,2,42.8757,36550,52,intensifier
ablation,redNb,1000,3-0.75-M,2,44.4945,36634,61,intensifier
ablation,redNb,1000,3-0.75-M,2,45.3342,36769,45,intensifier
ablation,redNb,1000,3-0.75-M,2,52.8891,36871,41,intensifier
ablation,redNb,1000,3-0.75-M,2,64.3411,36882,49,intensifier
ablation,redNb,1000,3-0.75-M,2,66.3499,36890,28,intensifier
ablation,redNb,1000,3-0.75-M,2,70.2176,36921,55,intensifier
ablation,redNb,1000,3-0.75-M,2,70.6675,36928,53,intensifier
ablation,redNb,1000,3-0.75-M,2,106.6709,36942,18,intensifier
ablation,redNb,1000,3-0.75-M,2,109.6988,36997,45,intensifier
ablation,redNb,1000,3-0.75-M,2,117.2543,37051,46,intensifier
ablation,redNb,1000,3-0.75-M,2,122.3808,37082,57,intensifier
ablation,redNb,1000,3-0.75-M,2,124.4196,37141,4,intensifier
ablation,redNb,1000,3-0.75-M,2,137.9401,37167,11,intensifier
ablation,redNb,1000,3-0.75-M,2,141.4480,37198,6,intensifier
ablation,redNb,1000,3-0.75-M,2,172.9266,37247,23,intensifier
ablation,redNb,1000,3-0.75-M,2,182.8205,37323,17,intensifier
ablation,redNb,1000,3-0.75-M,2,206.4725,37348,43,intensifier
ablation,redNb,1000,3-0.75-M,2,539.9276,37360,48,intensifier
ablation,redNb,1000,3-0.75-M,2,592.9032,37386,28,intensifier
ablation,redNb,1000,3-0.75-M,3,0.0403,5803,72,explorer
ablation,redNb,1000,3-0.75-M,3,0.0843,29788,21,intensifier
ablation,redNb,1000,3-0.75-M,3,0.1145,31769,6,intensifier
ablation,redNb,1000,3-0.75-M,3,0.1449,32083,6,intensifier
ablation,redNb,1000,3-0.75-M,3,0.1751,32807,6,intensifier
ablation,redNb,1000,3-0.75-M,3,0.2054,33038,6,intensifier
ablation,redNb,1000,3-0.75-M,3,0.2360,33227,6,intensifier
ablation,redNb,1000,3-0.75-M,3,0.2660,33237,6,intensifier
ablation,redNb,1000,3-0.75-M,3,0.2968,33488,6,intensifier
ablation,redNb,1000,3-0.75-M,3,0.3267,33537,6,intensifier
ablation,redNb,1000,3-0.75-M,3,0.4169,34044,6,intensifier
ablation,redNb,1000,3-0.75-M,3,0.5072,34252,6,intensifier
ablation,redNb,1000,3-0.75-M,3,0.5374,34578,6,intensifier
ablation,redNb,1000,3-0.75-M,3,0.8075,34590,6,intensifier
ablation,redNb,1000,3-0.75-M,3,0.8377,34745,6,intensifier
ablation,redNb,1000,3-0.75-M,3,0.8680,34748,6,intensifier
ablation,redNb,1000,3-0.75-M,3,1.0182,34866,6,intensifier
ablation,redNb,1000,3-0.75-M,3,1.1084,34876,6,intensifier
ablation,redNb,1000,3-0.75-M,3,1.3186,34964,6,intensifier
ablation,redNb,1000,3-0.75-M,3,1.4089,34981,6,intensifier
ablation,redNb,1000,3-0.75-M,3,1.4694,35026,52,intensifier
ablation,redNb,1000,3-0.75-M,3,1.9491,35154,11,intensifier
ablation,redNb,1000,3-0.75-M,3,2.0393,35265,11,intensifier
ablation,redNb,1000,3-0.75-M,3,2.8190,35330,48,intensifier
ablation,redNb,1000,3-0.75-M,3,2.8496,35360,48,intensifier
ablation,redNb,1000,3-0.75-M,3,4.2290,35425,46,intensifier
ablation,redNb,1000,3-0.75-M,3,4.4393,35514,46,intensifier
ablation,redNb,1000,3-0.75-M,3,5.4289,35597,27,intensifier
ablation,redNb,1000,3-0.75-M,3,5.4591,35767,27,intensifier
ablation,redNb,1000,3-0.75-M,3,5.5193,35808,27,intensifier
ablation,redNb,1000,3-0.75-M,3,5.8793,35877,51,intensifier
ablation,redNb,1000,3-0.75-M,3,7.3788,35906,25,intensifier
ablation,redNb,1000,3-0.75-M,3,7.8288,35918,45,intensifier
ablation,redNb,1000,3-0.75-M,3,7.9792,35983,45,intensifier
ablation,redNb,1000,3-0.75-M,3,12.3571,36005,17,intensifier
ablation,redNb,1000,3-0.75-M,3,12.5671,36076,38,intensifier
ablation,redNb,1000,3-0.75-M,3,12.7472,36095,38,intensifier
ablation,redNb,1000,3-0.75-M,3,13.4370,36108,6,intensifier
ablation,redNb,1000,3-0.75-M,3,14.7563,36119,20,intensifier
ablation,redNb,1000,3-0.75-M,3,16.0458,36298,34,intensifier
ablation,redNb,1000,3-0.75-M,3,16.1660,36304,27,intensifier
ablation,redNb,1000,3-0.75-M,3,17.3955,36399,4,intensifier
ablation,redNb,1000,3-0.75-M,3,22.8227,36433,10,intensifier
ablation,redNb,1000,3-0.75-M,3,28.0091,36447,47,intensifier
ablation,redNb,1000,3-0.75-M,3,28.3393,36478,43,intensifier
ablation,redNb,1000,3-0.75-M,3,30.5289,36486,7,intensifier
ablation,redNb,1000,3-0.75-M,3,30.7691,36511,49,intensifier
ablation,redNb,1000,3-0.75-M,3,31.6987,36614,38,intensifier
ablation,redNb,1000,3-0.75-M,3,45.4301,36644,33,intensifier
ablation,redNb,1000,3-0.75-M,3,96.2484,36669,35,intensifier
ablation,redNb,1000,3-0.75-M,3,97.2978,36700,42,intensifier
ablation,redNb,1000,3-0.75-M,3,99.8760,36742,13,intensifier
ablation,redNb,1000,3-0.75-M,3,131.3567,36781,40,intensifier
ablation,redNb,1000,3-0.75-M,3,170.0260,36782,9,intensifier
ablation,redNb,1000,3-0.75-M,3,223.7782,36784,39,intensifier
ablation,redNb,1000,3-0.75-M,3,228.6354,36789,41,intensifier
ablation,redNb,1000,3-0.75-M,3,269.8558,36813,51,intensifier
ablation,redNb,1000,3-0.75-M,3,340.1589,36859,58,intensifier
ablation,redNb,1000,3-0.75-M,3,366.0007,36873,56,intensifier
ablation,redNb,1000,3-0.75-M,3,369.5678,36929,57,intensifier
ablation,redNb,1000,3-0.75-M,3,371.4273,36964,43,intensifier
ablation,redNb,1000,3-0.75-M,3,410.2499,37193,37,intensifier
ablation,redNb,1000,3-0.75-M,3,509.5077,37324,59,intensifier
ablation,B21,1000,4-0.25-P,1,0.4275,133260,8,intensifier
ablation,B21,1000,4-0.25-P,1,0.4687,133724,8,intensifier
ablation,B21,1000,4-0.25-P,1,0.4981,133944,8,intensifier
ablation,B21,1000,4-0.25-P,1,0.5278,134133,8,intensifier
ablation,B21,1000,4-0.25-P,1,0.5864,134302,8,intensifier
ablation,B21,1000,4-0.25-P,1,0.6165,134452,8,intensifier
ablation,B21,1000,4-0.25-P,1,0.6767,134493,8,intensifier
ablation,B21,1000,4-0.25-P,1,0.7066,134824,8,intensifier
ablation,B21,1000,4-0.25-P,1,1.2092,135047,8,intensifier
ablation,B21,1000,4-0.25-P,1,1.4180,135106,5,intensifier
ablation,B21,1000,4-0.25-P,1,1.4484,135158,5,intensifier
ablation,B21,1000,4-0.25-P,1,1.4786,135449,5,intensifier
ablation,B21,1000,4-0.25-P,1,1.5086,135736,5,intensifier
ablation,B21,1000,4-0.25-P,1,2.4838,136075,5,intensifier
ablation,B21,1000,4-0.25-P,1,2.5131,136097,5,intensifier
ablation,B21,1000,4-0.25-P,1,2.5434,136288,5,intensifier
ablation,B21,1000,4-0.25-P,1,5.2399,136442,5,intensifier
ablation,B21,1000,4-0.25-P,1,5.8628,136502,5,intensifier
ablation,B21,1000,4-0.25-P,1,6.5185,136549,5,intensifier
ablation,B21,1000,4-0.25-P,1,8.1786,136578,8,intensifier
ablation,B21,1000,4-0.25-P,1,15.5053,136665,14,intensifier
ablation,B21,1000,4-0.25-P,1,16.3958,136782,14,intensifier
ablation,B21,1000,4-0.25-P,1,69.0464,136788,8,intensifier
ablation,B21,1000,4-0.25-P,1,72.0627,136840,8,intensifier
ablation,B21,1000,4-0.25-P,1,73.4858,136888,8,intensifier
ablation,B21,1000,4-0.25-P,1,123.8558,136910,15,intensifier
ablation,B21,1000,4-0.25-P,1,193.5721,136941,1,intensifier
ablation,B21,1000,4-0.25-P,1,222.7659,137000,9,intensifier
ablation,B21,1000,4-0.25-P,1,247.0098,137002,4,intensifier
ablation,B21,1000,4-0.25-P,1,248.3737,137056,4,intensifier
ablation,B21,1000,4-0.25-P,1,274.8777,137105,7,intensifier
ablation,B21,1000,4-0.25-P,1,323.5029,137122,2,intensifier
ablation,B21,1000,4-0.25-P,1,562.9182,137323,12,intensifier
ablation,B21,1000,4-0.25-P,2,0.5954,133974,19,explorer
ablation,B21,1000,4-0.25-P,2,0.9231,134189,18,explorer
ablation,B21,1000,4-0.25-P,2,1.0708,134479,9,intensifier
ablation,B21,1000,4-0.25-P,2,1.1005,134753,9,intensifier
ablation,B21,1000,4-0.25-P,2,1.4246,135062,10,intensifier
ablation,B21,1000,4-0.25-P,2,1.4843,135131,10,intensifier
ablation,B21,1000,4-0.25-P,2,1.5145,135281,10,intensifier
ablation,B21,1000,4-0.25-P,2,1.5736,135306,10,intensifier
ablation,B21,1000,4-0.25-P,2,1.9570,135413,10,intensifier
ablation,B21,1000,4-0.25-P,2,2.0160,135578,10,intensifier
ablation,B21,1000,4-0.25-P,2,2.1921,135605,10,intensifier
ablation,B21,1000,4-0.25-P,2,2.2217,135691,10,intensifier
ablation,B21,1000,4-0.25-P,2,2.2514,135887,10,intensifier
ablation,B21,1000,4-0.25-P,2,4.0176,135955,10,intensifier
ablation,B21,1000,4-0.25-P,2,4.2231,135966,10,intensifier
ablation,B21,1000,4-0.25-P,2,5.6070,136249,10,intensifier
ablation,B21,1000,4-0.25-P,2,5.7244,136335,10,intensifier
ablation,B21,1000,4-0.25-P,2,8.9017,136465,5,intensifier
ablation,B21,1000,4-0.25-P,2,12.0778,136472,2,intensifier
ablation,B21,1000,4-0.25-P,2,12.6081,136515,2,intensifier
ablation,B21,1000,4-0.25-P,2,13.4304,136610,8,intensifier
ablation,B21,1000,4-0.25-P,2,29.2997,136622,3,intensifier
ablation,B21,1000,4-0.25-P,2,29.8870,136689,15,intensifier
ablation,B21,1000,4-0.25-P,2,43.7553,136741,6,intensifier
ablation,B21,1000,4-0.25-P,2,45.3745,136796,6,intensifier
ablation,B21,1000,4-0.25-P,2,48.4016,136889,15,intensifier
ablation,B21,1000,4-0.25-P,2,84.2558,136939,15,intensifier
ablation,B21,1000,4-0.25-P,2,88.3413,136974,15,intensifier
ablation,B21,1000,4-0.25-P,2,155.5474,137033,4,intensifier
ablation,B21,1000,4-0.25-P,2,320.5737,137051,12,intensifier
ablation,B21,1000,4-0.25-P,2,361.5750,137072,0,intensifier
ablation,B21,1000,4-0.25-P,2,393.7765,137197,4,intensifier
ablation,B21,1000,4-0.25-P,2,542.9942,137219,13,intensifier
ablation,B21,1000,4-0.25-P,3,0.5576,133734,8,intensifier
ablation,B21,1000,4-0.25-P,3,0.5922,133742,4,intensifier
ablation,B21,1000,4-0.25-P,3,0.6221,133940,4,intensifier
ablation,B21,1000,4-0.25-P,3,0.6520,133973,20,explorer
ablation,B21,1000,4-0.25-P,3,0.6821,134301,20,explorer
ablation,B21,1000,4-0.25-P,3,0.9184,134494,8,intensifier
ablation,B21,1000,4-0.25-P,3,1.0067,134500,8,intensifier
ablation,B21,1000,4-0.25-P,3,1.0366,134563,18,explorer
ablation,B21,1000,4-0.25-P,3,1.3034,134698,18,explorer
ablation,B21,1000,4-0.25-P,3,1.6873,134703,18,explorer
ablation,B21,1000,4-0.25-P,3,1.8644,134984,14,intensifier
ablation,B21,1000,4-0.25-P,3,1.8941,135152,14,intensifier
ablation,B21,1000,4-0.25-P,3,1.9241,135215,14,intensifier
ablation,B21,1000,4-0.25-P,3,2.0714,135277,14,intensifier
ablation,B21,1000,4-0.25-P,3,2.1013,135422,14,intensifier
ablation,B21,1000,4-0.25-P,3,2.5133,135640,14,intensifier
ablation,B21,1000,4-0.25-P,3,2.5429,135742,14,intensifier
ablation,B21,1000,4-0.25-P,3,2.8371,135745,14,intensifier
ablation,B21,1000,4-0.25-P,3,2.8668,135965,14,intensifier
ablation,B21,1000,4-0.25-P,3,3.4852,136020,14,intensifier
ablation,B21,1000,4-0.25-P,3,6.5714,136026,14,intensifier
ablation,B21,1000,4-0.25-P,3,8.4817,136117,14,intensifier
ablation,B21,1000,4-0.25-P,3,9.0100,136224,14,intensifier
ablation,B21,1000,4-0.25-P,3,9.3915,136270,14,intensifier
ablation,B21,1000,4-0.25-P,3,10.3310,136291,14,intensifier
ablation,B21,1000,4-0.25-P,3,10.3609,136445,14,intensifier
ablation,B21,1000,4-0.25-P,3,11.3298,136559,5,intensifier
ablation,B21,1000,4-0.25-P,3,12.1817,136609,5,intensifier
ablation,B21,1000,4-0.25-P,3,13.9766,136743,5,intensifier
ablation,B21,1000,4-0.25-P,3,28.4937,136775,5,intensifier
ablation,B21,1000,4-0.25-P,3,33.2255,136802,5,intensifier
ablation,B21,1000,4-0.25-P,3,46.3880,136857,5,intensifier
ablation,B21,1000,4-0.25-P,3,47.1225,136926,15,intensifier
ablation,B21,1000,4-0.25-P,3,49.1502,137009,6,intensifier
ablation,B21,1000,4-0.25-P,3,57.0097,137025,13,intensifier
ablation,B21,1000,4-0.25-P,3,94.8474,137105,10,intensifier
ablation,B21,1000,4-0.25-P,3,110.4183,137141,9,intensifier
ablation,B21,1000,4-0.25-P,3,112.4804,137163,9,intensifier
ablation,B21,1000,4-0.25-P,3,226.8654,137237,9,intensifier
ablation,B21,1000,4-0.25-P,3,321.8679,137328,3,intensifier
ablation,B21,1000,4-0.25-P,3,414.3252,137503,9,intensifier
ablation,B21,1000,6-0.25-M,1,0.2240,31503,3,intensifier
ablation,B21,1000,6-0.25-M,1,0.2744,34341,3,intensifier
ablation,B21,1000,6-0.25-M,1,0.3032,35558,13,intensifier
ablation,B21,1000,6-0.25-M,1,0.3342,36118,13,intensifier
ablation,B21,1000,6-0.25-M,1,0.3642,36479,13,intensifier
ablation,B21,1000,6-0.25-M,1,0.3934,36800,3,intensifier
ablation,B21,1000,6-0.25-M,1,0.4867,37191,3,intensifier
ablation,B21,1000,6-0.25-M,1,0.5207,37233,3,intensifier
ablation,B21,1000,6-0.25-M,1,0.5448,37307,3,intensifier
ablation,B21,1000,6-0.25-M,1,0.6037,37607,3,intensifier
ablation,B21,1000,6-0.25-M,1,0.6337,37652,3,intensifier
ablation,B21,1000,6-0.25-M,1,0.6635,37993,3,intensifier
ablation,B21,1000,6-0.25-M,1,0.6933,38082,3,intensifier
ablation,B21,1000,6-0.25-M,1,0.7835,38262,3,intensifier
ablation,B21,1000,6-0.25-M,1,0.8782,38417,7,intensifier
ablation,B21,1000,6-0.25-M,1,0.9026,38431,7,intensifier
ablation,B21,1000,6-0.25-M,1,0.9327,38555,7,intensifier
ablation,B21,1000,6-0.25-M,1,1.4090,38594,7,intensifier
ablation,B21,1000,6-0.25-M,1,1.7316,38641,7,intensifier
ablation,B21,1000,6-0.25-M,1,2.1451,38729,7,intensifier
ablation,B21,1000,6-0.25-M,1,2.2674,38924,7,intensifier
ablation,B21,1000,6-0.25-M,1,3.4805,38929,7,intensifier
ablation,B21,1000,6-0.25-M,1,3.5106,38954,7,intensifier
ablation,B21,1000,6-0.25-M,1,4.9345,38966,2,intensifier
ablation,B21,1000,6-0.25-M,1,4.9624,39168,2,intensifier
ablation,B21,1000,6-0.25-M,1,6.3554,39214,2,intensifier
ablation,B21,1000,6-0.25-M,1,6.3865,39308,2,intensifier
ablation,B21,1000,6-0.25-M,1,6.4427,39368,2,intensifier
ablation,B21,1000,6-0.25-M,1,7.2688,39431,6,intensifier
ablation,B21,1000,6-0.25-M,1,7.2997,39535,6,intensifier
ablation,B21,1000,6-0.25-M,1,7.8017,39615,6,intensifier
ablation,B21,1000,6-0.25-M,1,8.3044,39636,6,intensifier
ablation,B21,1000,6-0.25-M,1,13.2435,39739,6,intensifier
ablation,B21,1000,6-0.25-M,1,17.6485,39758,13,intensifier
ablation,B21,1000,6-0.25-M,1,17.6773,39806,13,intensifier
ablation,B21,1000,6-0.25-M,1,20.1957,39970,13,intensifier
ablation,B21,1000,6-0.25-M,1,62.8694,40003,10,intensifier
ablation,B21,1000,6-0.25-M,1,84.9550,40007,10,intensifier
ablation,B21,1000,6-0.25-M,1,88.0609,40141,10,intensifier
ablation,B21,1000,6-0.25-M,1,88.6817,40206,3,intensifier
ablation,B21,1000,6-0.25-M,1,234.0873,40216,11,intensifier
ablation,B21,1000,6-0.25-M,1,255.0771,40248,11,intensifier
ablation,B21,1000,6-0.25-M,1,269.6442,40331,8,intensifier
ablation,B21,1000,6-0.25-M,1,515.5019,40417,10,intensifier
ablation,B21,1000,6-0.25-M,2,0.5725,37154,16,explorer
ablation,B21,1000,6-0.25-M,2,0.7245,37581,4,intensifier
ablation,B21,1000,6-0.25-M,2,0.7844,37637,4,intensifier
ablation,B21,1000,6-0.25-M,2,0.8148,38147,4,intensifier
ablation,B21,1000,6-0.25-M,2,1.1406,38151,4,intensifier
ablation,B21,1000,6-0.25-M,2,1.3190,38229,4,intensifier
ablation,B21,1000,6-0.25-M,2,1.3491,38248,1,intensifier
ablation,B21,1000,6-0.25-M,2,1.4384,38428,4,intensifier
ablation,B21,1000,6-0.25-M,2,1.6161,39178,1,intensifier
ablation,B21,1000,6-0.25-M,2,2.0901,39303,1,intensifier
ablation,B21,1000,6-0.25-M,2,2.1497,39311,1,intensifier
ablation,B21,1000,6-0.25-M,2,3.2387,39351,1,intensifier
ablation,B21,1000,6-0.25-M,2,4.7715,39366,1,intensifier
ablation,B21,1000,6-0.25-M,2,6.1537,39389,1,intensifier
ablation,B21,1000,6-0.25-M,2,7.3304,39440,1,intensifier
ablation,B21,1000,6-0.25-M,2,7.8011,39686,1,intensifier
ablation,B21,1000,6-0.25-M,2,17.9046,39697,4,intensifier
ablation,B21,1000,6-0.25-M,2,19.6748,39729,10,intensifier
ablation,B21,1000,6-0.25-M,2,21.9665,39770,13,intensifier
ablation,B21,1000,6-0.25-M,2,34.0074,39838,13,intensifier
ablation,B21,1000,6-0.25-M,2,46.5814,39873,15,intensifier
ablation,B21,1000,6-0.25-M,2,47.4669,39915,4,intensifier
ablation,B21,1000,6-0.25-M,2,48.5038,40025,5,intensifier
ablation,B21,1000,6-0.25-M,2,68.6090,40039,6,intensifier
ablation,B21,1000,6-0.25-M,2,71.0531,40061,15,intensifier
ablation,B21,1000,6-0.25-M,2,71.4345,40182,12,intensifier
ablation,B21,1000,6-0.25-M,2,146.0497,40260,12,intensifier
ablation,B21,1000,6-0.25-M,2,157.7709,40344,12,intensifier
ablation,B21,1000,6-0.25-M,2,290.8339,40415,11,intensifier
ablation,B21,1000,6-0.25-M,2,370.0365,40480,6,intensifier
ablation,B21,1000,6-0.25-M,3,0.5670,37638,12,intensifier
ablation,B21,1000,6-0.25-M,3,0.6903,37950,12,intensifier
ablation,B21,1000,6-0.25-M,3,0.7194,38221,12,intensifier
ablation,B21,1000,6-0.25-M,3,0.8090,38354,12,intensifier
ablation,B21,1000,6-0.25-M,3,0.8397,38442,12,intensifier
ablation,B21,1000,6-0.25-M,3,0.8689,38477,12,intensifier
ablation,B21,1000,6-0.25-M,3,0.8991,38540,12,intensifier
ablation,B21,1000,6-0.25-M,3,0.9585,38579,12,intensifier
ablation,B21,1000,6-0.25-M,3,1.0768,38695,12,intensifier
ablation,B21,1000,6-0.25-M,3,1.3692,38729,12,intensifier
ablation,B21,1000,6-0.25-M,3,2.1329,38810,12,intensifier
ablation,B21,1000,6-0.25-M,3,2.1634,39024,12,intensifier
ablation,B21,1000,6-0.25-M,3,2.6043,39025,12,intensifier
ablation,B21,1000,6-0.25-M,3,2.7525,39152,12,intensifier
ablation,B21,1000,6-0.25-M,3,2.8423,39289,12,intensifier
ablation,B21,1000,6-0.25-M,3,3.4029,39306,12,intensifier
ablation,B21,1000,6-0.25-M,3,7.5319,39461,12,intensifier
ablation,B21,1000,6-0.25-M,3,9.0896,39515,12,intensifier
ablation,B21,1000,6-0.25-M,3,10.9785,39519,12,intensifier
ablation,B21,1000,6-0.25-M,3,12.6600,39562,12,intensifier
ablation,B21,1000,6-0.25-M,3,13.8698,39569,4,intensifier
ablation,B21,1000,6-0.25-M,3,14.5130,39776,12,intensifier
ablation,B21,1000,6-0.25-M,3,14.9870,39814,12,intensifier
ablation,B21,1000,6-0.25-M,3,18.2286,39847,12,intensifier
ablation,B21,1000,6-0.25-M,3,21.6826,39901,12,intensifier
ablation,B21,1000,6-0.25-M,3,25.4555,40011,7,intensifier
ablation,B21,1000,6-0.25-M,3,27.1940,40021,7,intensifier
ablation,B21,1000,6-0.25-M,3,70.8797,40151,14,intensifier
ablation,B21,1000,6-0.25-M,3,74.5910,40166,14,intensifier
ablation,B21,1000,6-0.25-M,3,160.5624,40269,13,intensifier
ablation,B21,1000,6-0.25-M,3,217.9986,40375,13,intensifier
ablation,B21,1000,6-0.25-M,3,221.6830,40427,5,intensifier
ablation,B21,1000,6-0.25-M,3,399.0861,40533,9,intensifier
ablation,B21,1000,6-0.25-M,3,407.0341,40585,10,intensifier
ablation,B21,1000,6-0.25-M,3,513.2303,40654,9,intensifier
ablation,B21,1000,5-0.5-P,1,0.3970,265342,14,intensifier
ablation,B21,1000,5-0.5-P,1,0.4620,267300,14,intensifier
ablation,B21,1000,5-0.5-P,1,0.4908,268131,14,intensifier
ablation,B21,1000,5-0.5-P,1,0.5218,268680,14,intensifier
ablation,B21,1000,5-0.5-P,1,0.5505,269093,14,intensifier
ablation,B21,1000,5-0.5-P,1,0.5805,269500,14,intensifier
ablation,B21,1000,5-0.5-P,1,0.6112,270359,14,intensifier
ablation,B21,1000,5-0.5-P,1,0.6412,270595,14,intensifier
ablation,B21,1000,5-0.5-P,1,0.6704,270615,14,intensifier
ablation,B21,1000,5-0.5-P,1,0.8472,270632,14,intensifier
ablation,B21,1000,5-0.5-P,1,0.9061,270700,14,intensifier
ablation,B21,1000,5-0.5-P,1,0.9650,270764,14,intensifier
ablation,B21,1000,5-0.5-P,1,1.1714,270948,14,intensifier
ablation,B21,1000,5-0.5-P,1,1.2888,270978,14,intensifier
ablation,B21,1000,5-0.5-P,1,1.3181,271551,14,intensifier
ablation,B21,1000,5-0.5-P,1,1.3469,271924,14,intensifier
ablation,B21,1000,5-0.5-P,1,2.2030,271942,14,intensifier
ablation,B21,1000,5-0.5-P,1,2.9405,272068,14,intensifier
ablation,B21,1000,5-0.5-P,1,3.0889,272158,14,intensifier
ablation,B21,1000,5-0.5-P,1,3.1184,272178,14,intensifier
ablation,B21,1000,5-0.5-P,1,3.9111,272243,14,intensifier
ablation,B21,1000,5-0.5-P,1,4.0011,272246,14,intensifier
ablation,B21,1000,5-0.5-P,1,4.1753,272280,14,intensifier
ablation,B21,1000,5-0.5-P,1,6.3500,272627,12,intensifier
ablation,B21,1000,5-0.5-P,1,6.4085,272734,12,intensifier
ablation,B21,1000,5-0.5-P,1,6.4383,272859,12,intensifier
ablation,B21,1000,5-0.5-P,1,7.3529,272999,12,intensifier
ablation,B21,1000,5-0.5-P,1,9.9435,273041,12,intensifier
ablation,B21,1000,5-0.5-P,1,9.9751,273271,12,intensifier
ablation,B21,1000,5-0.5-P,1,15.6112,273275,12,intensifier
ablation,B21,1000,5-0.5-P,1,20.1542,273310,14,intensifier
ablation,B21,1000,5-0.5-P,1,23.6800,273313,14,intensifier
ablation,B21,1000,5-0.5-P,1,26.0868,273322,7,intensifier
ablation,B21,1000,5-0.5-P,1,27.4407,273373,14,intensifier
ablation,B21,1000,5-0.5-P,1,48.8587,273477,6,intensifier
ablation,B21,1000,5-0.5-P,1,113.4123,273529,15,intensifier
ablation,B21,1000,5-0.5-P,1,178.5251,273600,7,intensifier
ablation,B21,1000,5-0.5-P,1,426.9623,273604,9,intensifier
ablation,B21,1000,5-0.5-P,1,446.3686,273605,5,intensifier
ablation,B21,1000,5-0.5-P,1,446.3980,273674,6,intensifier
ablation,B21,1000,5-0.5-P,2,0.3801,264209,8,intensifier
ablation,B21,1000,5-0.5-P,2,0.4481,266886,16,explorer
ablation,B21,1000,5-0.5-P,2,0.4781,267610,9,intensifier
ablation,B21,1000,5-0.5-P,2,0.5082,267764,15,intensifier
ablation,B21,1000,5-0.5-P,2,0.5384,268509,9,intensifier
ablation,B21,1000,5-0.5-P,2,0.5689,268781,9,intensifier
ablation,B21,1000,5-0.5-P,2,0.5980,269142,9,intensifier
ablation,B21,1000,5-0.5-P,2,0.6563,269703,16,explorer
ablation,B21,1000,5-0.5-P,2,0.6859,270099,16,explorer
ablation,B21,1000,5-0.5-P,2,0.8903,270227,12,intensifier
ablation,B21,1000,5-0.5-P,2,0.9197,270720,12,intensifier
ablation,B21,1000,5-0.5-P,2,1.1259,270810,6,intensifier
ablation,B21,1000,5-0.5-P,2,1.1550,270959,6,intensifier
ablation,B21,1000,5-0.5-P,2,1.1845,271478,6,intensifier
ablation,B21,1000,5-0.5-P,2,1.2427,271676,6,intensifier
ablation,B21,1000,5-0.5-P,2,2.0942,271745,6,intensifier
ablation,B21,1000,5-0.5-P,2,2.2131,271763,6,intensifier
ablation,B21,1000,5-0.5-P,2,2.8281,271933,6,intensifier
ablation,B21,1000,5-0.5-P,2,3.9677,271953,6,intensifier
ablation,B21,1000,5-0.5-P,2,4.2624,271998,7,intensifier
ablation,B21,1000,5-0.5-P,2,4.6127,272140,7,intensifier
ablation,B21,1000,5-0.5-P,2,4.6427,272235,7,intensifier
ablation,B21,1000,5-0.5-P,2,5.4312,272282,7,intensifier
ablation,B21,1000,5-0.5-P,2,6.6666,272302,7,intensifier
ablation,B21,1000,5-0.5-P,2,6.9297,272409,7,intensifier
ablation,B21,1000,5-0.5-P,2,7.9563,272414,7,intensifier
ablation,B21,1000,5-0.5-P,2,8.0463,272455,7,intensifier
ablation,B21,1000,5-0.5-P,2,8.1067,272595,7,intensifier
ablation,B21,1000,5-0.5-P,2,8.3153,272639,7,intensifier
ablation,B21,1000,5-0.5-P,2,8.4043,272978,7,intensifier
ablation,B21,1000,5-0.5-P,2,10.3269,272993,7,intensifier
ablation,B21,1000,5-0.5-P,2,10.4152,273155,7,intensifier
ablation,B21,1000,5-0.5-P,2,13.3216,273297,7,intensifier
ablation,B21,1000,5-0.5-P,2,36.6755,273356,4,intensifier
ablation,B21,1000,5-0.5-P,2,37.0625,273365,4,intensifier
ablation,B21,1000,5-0.5-P,2,58.3439,273404,12,intensifier
ablation,B21,1000,5-0.5-P,2,59.7613,273469,12,intensifier
ablation,B21,1000,5-0.5-P,2,76.8614,273492,13,intensifier
ablation,B21,1000,5-0.5-P,2,161.8325,273511,13,intensifier
ablation,B21,1000,5-0.5-P,2,164.4289,273564,13,intensifier
ablation,B21,1000,5-0.5-P,2,166.6858,273594,13,intensifier
ablation,B21,1000,5-0.5-P,2,168.8062,273627,13,intensifier
ablation,B21,1000,5-0.5-P,2,198.1443,273911,13,intensifier
ablation,B21,1000,5-0.5-P,2,452.5352,273936,10,intensifier
ablation,B21,1000,5-0.5-P,2,511.4552,273965,5,intensifier
ablation,B21,1000,5-0.5-P,2,545.3477,273983,3,intensifier
ablation,B21,1000,5-0.5-P,3,0.4292,265405,15,intensifier
ablation,B21,1000,5-0.5-P,3,0.4906,267120,3,intensifier
ablation,B21,1000,5-0.5-P,3,0.5201,268013,12,intensifier
ablation,B21,1000,5-0.5-P,3,0.5500,268369,12,intensifier
ablation,B21,1000,5-0.5-P,3,0.5803,268380,12,intensifier
ablation,B21,1000,5-0.5-P,3,0.6104,268830,18,explorer
ablation,B21,1000,5-0.5-P,3,0.6399,269121,10,intensifier
ablation,B21,1000,5-0.5-P,3,0.6691,269359,19,explorer
ablation,B21,1000,5-0.5-P,3,0.6993,269679,19,explorer
ablation,B21,1000,5-0.5-P,3,0.7285,270032,3,intensifier
ablation,B21,1000,5-0.5-P,3,0.7580,270350,3,intensifier
ablation,B21,1000,5-0.5-P,3,0.8762,270533,18,explorer
ablation,B21,1000,5-0.5-P,3,0.9662,270623,8,intensifier
ablation,B21,1000,5-0.5-P,3,0.9951,270906,8,intensifier
ablation,B21,1000,5-0.5-P,3,1.1979,271198,10,intensifier
ablation,B21,1000,5-0.5-P,3,1.3460,271307,10,intensifier
ablation,B21,1000,5-0.5-P,3,1.3763,271326,10,intensifier
ablation,B21,1000,5-0.5-P,3,1.4365,271446,10,intensifier
ablation,B21,1000,5-0.5-P,3,1.5828,271577,10,intensifier
ablation,B21,1000,5-0.5-P,3,1.9669,271680,10,intensifier
ablation,B21,1000,5-0.5-P,3,2.2594,271689,10,intensifier
ablation,B21,1000,5-0.5-P,3,2.5267,271705,16,explorer
ablation,B21,1000,5-0.5-P,3,2.5567,271709,16,explorer
ablation,B21,1000,5-0.5-P,3,3.3241,271752,7,intensifier
ablation,B21,1000,5-0.5-P,3,3.4721,271793,7,intensifier
ablation,B21,1000,5-0.5-P,3,3.7388,272028,7,intensifier
ablation,B21,1000,5-0.5-P,3,3.8561,272104,7,intensifier
ablation,B21,1000,5-0.5-P,3,3.8852,272128,7,intensifier
ablation,B21,1000,5-0.5-P,3,4.2681,272198,7,intensifier
ablation,B21,1000,5-0.5-P,3,5.0323,272219,7,intensifier
ablation,B21,1000,5-0.5-P,3,6.3799,272312,7,intensifier
ablation,B21,1000,5-0.5-P,3,6.7929,272368,7,intensifier
ablation,B21,1000,5-0.5-P,3,8.5290,272388,7,intensifier
ablation,B21,1000,5-0.5-P,3,8.9424,272461,7,intensifier
ablation,B21,1000,5-0.5-P,3,9.2711,272500,7,intensifier
ablation,B21,1000,5-0.5-P,3,9.5646,272537,7,intensifier
ablation,B21,1000,5-0.5-P,3,11.8157,272553,7,intensifier
ablation,B21,1000,5-0.5-P,3,15.4925,272783,7,intensifier
ablation,B21,1000,5-0.5-P,3,15.8474,272838,7,intensifier
ablation,B21,1000,5-0.5-P,3,16.7905,272898,7,intensifier
ablation,B21,1000,5-0.5-P,3,21.5103,272923,7,intensifier
ablation,B21,1000,5-0.5-P,3,22.6780,272979,11,intensifier
ablation,B21,1000,5-0.5-P,3,26.1093,272994,11,intensifier
ablation,B21,1000,5-0.5-P,3,28.2984,273045,11,intensifier
ablation,B21,1000,5-0.5-P,3,29.8375,273188,11,intensifier
ablation,B21,1000,5-0.5-P,3,30.1047,273213,11,intensifier
ablation,B21,1000,5-0.5-P,3,47.2027,273264,12,intensifier
ablation,B21,1000,5-0.5-P,3,82.5085,273337,8,intensifier
ablation,B21,1000,5-0.5-P,3,201.9510,273348,13,intensifier
ablation,B21,1000,5-0.5-P,3,204.5118,273353,13,intensifier
ablation,B21,1000,5-0.5-P,3,255.7463,273366,11,intensifier
ablation,B21,1000,5-0.5-P,3,259.4278,273393,10,intensifier
ablation,B21,1000,5-0.5-P,3,261.1281,273423,5,intensifier
ablation,B21,1000,5-0.5-P,3,261.1584,273436,5,intensifier
ablation,B21,1000,5-0.5-P,3,285.6346,273552,10,intensifier
ablation,B21,1000,5-0.5-P,3,338.9804,273555,3,intensifier
ablation,B21,1000,5-0.5-P,3,393.7016,273603,13,intensifier
ablation,B21,1000,5-0.5-P,3,410.9283,273750,9,intensifier
ablation,B21,1000,2-0.5-M,1,0.3041,46825,1,intensifier
ablation,B21,1000,2-0.5-M,1,0.3821,49472,1,intensifier
ablation,B21,1000,2-0.5-M,1,0.4122,49934,1,intensifier
ablation,B21,1000,2-0.5-M,1,0.4422,51032,1,intensifier
ablation,B21,1000,2-0.5-M,1,0.4722,51974,1,intensifier
ablation,B21,1000,2-0.5-M,1,0.5021,52562,7,intensifier
ablation,B21,1000,2-0.5-M,1,0.5325,52821,19,explorer
ablation,B21,1000,2-0.5-M,1,0.5617,52963,19,explorer
ablation,B21,1000,2-0.5-M,1,0.5909,53283,19,explorer
ablation,B21,1000,2-0.5-M,1,0.6194,53487,19,explorer
ablation,B21,1000,2-0.5-M,1,0.6492,53543,19,explorer
ablation,B21,1000,2-0.5-M,1,0.6790,53828,0,intensifier
ablation,B21,1000,2-0.5-M,1,0.7087,54302,14,intensifier
ablation,B21,1000,2-0.5-M,1,0.7386,54465,12,intensifier
ablation,B21,1000,2-0.5-M,1,0.7683,54916,12,intensifier
ablation,B21,1000,2-0.5-M,1,0.7982,55109,19,explorer
ablation,B21,1000,2-0.5-M,1,1.1247,55235,8,intensifier
ablation,B21,1000,2-0.5-M,1,1.1543,55249,8,intensifier
ablation,B21,1000,2-0.5-M,1,1.3295,55407,14,intensifier
ablation,B21,1000,2-0.5-M,1,1.4191,55665,7,intensifier
ablation,B21,1000,2-0.5-M,1,1.4497,55698,7,intensifier
ablation,B21,1000,2-0.5-M,1,1.4794,55761,7,intensifier
ablation,B21,1000,2-0.5-M,1,1.5077,55877,7,intensifier
ablation,B21,1000,2-0.5-M,1,1.5373,55968,7,intensifier
ablation,B21,1000,2-0.5-M,1,1.5670,56017,7,intensifier
ablation,B21,1000,2-0.5-M,1,1.7730,56030,7,intensifier
ablation,B21,1000,2-0.5-M,1,1.9212,56033,7,intensifier
ablation,B21,1000,2-0.5-M,1,2.0384,56201,7,intensifier
ablation,B21,1000,2-0.5-M,1,2.2746,56232,7,intensifier
ablation,B21,1000,2-0.5-M,1,2.3043,56409,7,intensifier
ablation,B21,1000,2-0.5-M,1,2.3333,56605,7,intensifier
ablation,B21,1000,2-0.5-M,1,2.8057,56667,7,intensifier
ablation,B21,1000,2-0.5-M,1,2.8644,56692,7,intensifier
ablation,B21,1000,2-0.5-M,1,2.8939,56752,7,intensifier
ablation,B21,1000,2-0.5-M,1,2.9232,56756,7,intensifier
ablation,B21,1000,2-0.5-M,1,3.8066,57022,7,intensifier
ablation,B21,1000,2-0.5-M,1,6.4304,57035,7,intensifier
ablation,B21,1000,2-0.5-M,1,9.5506,57079,7,intensifier
ablation,B21,1000,2-0.5-M,1,10.3484,57243,7,intensifier
ablation,B21,1000,2-0.5-M,1,11.2032,57311,7,intensifier
ablation,B21,1000,2-0.5-M,1,17.7043,57404,7,intensifier
ablation,B21,1000,2-0.5-M,1,17.9716,57447,7,intensifier
ablation,B21,1000,2-0.5-M,1,25.2664,57461,9,intensifier
ablation,B21,1000,2-0.5-M,1,26.1783,57548,9,intensifier
ablation,B21,1000,2-0.5-M,1,27.0905,57553,9,intensifier
ablation,B21,1000,2-0.5-M,1,61.0636,57568,0,intensifier
ablation,B21,1000,2-0.5-M,1,61.2716,57588,0,intensifier
ablation,B21,1000,2-0.5-M,1,64.3948,57757,5,intensifier
ablation,B21,1000,2-0.5-M,1,64.4243,57827,5,intensifier
ablation,B21,1000,2-0.5-M,1,97.1411,57930,5,intensifier
ablation,B21,1000,2-0.5-M,1,105.6812,57984,14,intensifier
ablation,B21,1000,2-0.5-M,1,107.0950,58072,0,intensifier
ablation,B21,1000,2-0.5-M,1,131.5398,58160,2,intensifier
ablation,B21,1000,2-0.5-M,2,0.4066,50443,19,explorer
ablation,B21,1000,2-0.5-M,2,0.4687,52082,19,explorer
ablation,B21,1000,2-0.5-M,2,0.4973,52414,12,intensifier
ablation,B21,1000,2-0.5-M,2,0.5279,52974,6,intensifier
ablation,B21,1000,2-0.5-M,2,0.5577,53380,3,intensifier
ablation,B21,1000,2-0.5-M,2,0.5874,53535,3,intensifier
ablation,B21,1000,2-0.5-M,2,0.6162,54431,3,intensifier
ablation,B21,1000,2-0.5-M,2,0.6464,54953,3,intensifier
ablation,B21,1000,2-0.5-M,2,0.6766,55376,3,intensifier
ablation,B21,1000,2-0.5-M,2,0.8810,55393,3,intensifier
ablation,B21,1000,2-0.5-M,2,0.9407,55455,3,intensifier
ablation,B21,1000,2-0.5-M,2,1.0601,55757,3,intensifier
ablation,B21,1000,2-0.5-M,2,1.1492,55915,3,intensifier
ablation,B21,1000,2-0.5-M,2,1.3249,56107,3,intensifier
ablation,B21,1000,2-0.5-M,2,1.3546,56181,3,intensifier
ablation,B21,1000,2-0.5-M,2,1.3832,56376,3,intensifier
ablation,B21,1000,2-0.5-M,2,1.4134,56497,3,intensifier
ablation,B21,1000,2-0.5-M,2,1.6211,56523,3,intensifier
ablation,B21,1000,2-0.5-M,2,1.7680,56710,3,intensifier
ablation,B21,1000,2-0.5-M,2,1.8271,56758,3,intensifier
ablation,B21,1000,2-0.5-M,2,2.0599,56804,3,intensifier
ablation,B21,1000,2-0.5-M,2,2.0887,56953,3,intensifier
ablation,B21,1000,2-0.5-M,2,2.7393,57001,3,intensifier
ablation,B21,1000,2-0.5-M,2,6.0285,57102,3,intensifier
ablation,B21,1000,2-0.5-M,2,6.4089,57146,3,intensifier
ablation,B21,1000,2-0.5-M,2,6.7624,57230,3,intensifier
ablation,B21,1000,2-0.5-M,2,8.0006,57238,3,intensifier
ablation,B21,1000,2-0.5-M,2,12.1462,57249,3,intensifier
ablation,B21,1000,2-0.5-M,2,78.8535,57314,14,intensifier
ablation,B21,1000,2-0.5-M,2,109.1742,57341,2,intensifier
ablation,B21,1000,2-0.5-M,2,144.3933,57394,14,intensifier
ablation,B21,1000,2-0.5-M,2,149.7171,57517,14,intensifier
ablation,B21,1000,2-0.5-M,2,150.1911,57527,14,intensifier
ablation,B21,1000,2-0.5-M,2,263.5173,57531,15,intensifier
ablation,B21,1000,2-0.5-M,2,269.9992,57551,9,intensifier
ablation,B21,1000,2-0.5-M,2,272.7570,57699,9,intensifier
ablation,B21,1000,2-0.5-M,2,308.3492,57713,0,intensifier
ablation,B21,1000,2-0.5-M,2,333.3366,57746,0,intensifier
ablation,B21,1000,2-0.5-M,2,431.6643,57785,6,intensifier
ablation,B21,1000,2-0.5-M,2,526.7779,57888,10,intensifier
ablation,B21,1000,2-0.5-M,3,0.4098,50187,8,intensifier
ablation,B21,1000,2-0.5-M,3,0.4714,52447,8,intensifier
ablation,B21,1000,2-0.5-M,3,0.5016,52876,8,intensifier
ablation,B21,1000,2-0.5-M,3,0.5314,53704,8,intensifier
ablation,B21,1000,2-0.5-M,3,0.5613,54079,8,intensifier
ablation,B21,1000,2-0.5-M,3,0.5911,54695,8,intensifier
ablation,B21,1000,2-0.5-M,3,0.6197,54783,8,intensifier
ablation,B21,1000,2-0.5-M,3,0.6494,55292,8,intensifier
ablation,B21,1000,2-0.5-M,3,0.6801,55309,8,intensifier
ablation,B21,1000,2-0.5-M,3,0.8260,55836,8,intensifier
ablation,B21,1000,2-0.5-M,3,0.8852,55840,8,intensifier
ablation,B21,1000,2-0.5-M,3,0.9159,55913,8,intensifier
ablation,B21,1000,2-0.5-M,3,1.0333,56066,8,intensifier
ablation,B21,1000,2-0.5-M,3,1.1510,56095,8,intensifier
ablation,B21,1000,2-0.5-M,3,2.1526,56190,8,intensifier
ablation,B21,1000,2-0.5-M,3,2.2132,56297,8,intensifier
ablation,B21,1000,2-0.5-M,3,2.2424,56318,8,intensifier
ablation,B21,1000,2-0.5-M,3,2.4482,56445,8,intensifier
ablation,B21,1000,2-0.5-M,3,4.6171,56488,8,intensifier
ablation,B21,1000,2-0.5-M,3,4.6476,56834,8,intensifier
ablation,B21,1000,2-0.5-M,3,4.9143,56877,8,intensifier
ablation,B21,1000,2-0.5-M,3,5.0628,56879,8,intensifier
ablation,B21,1000,2-0.5-M,3,5.0925,56902,8,intensifier
ablation,B21,1000,2-0.5-M,3,6.8242,57012,8,intensifier
ablation,B21,1000,2-0.5-M,3,6.8542,57046,8,intensifier
ablation,B21,1000,2-0.5-M,3,6.8839,57074,8,intensifier
ablation,B21,1000,2-0.5-M,3,7.8826,57099,8,intensifier
ablation,B21,1000,2-0.5-M,3,8.3524,57121,8,intensifier
ablation,B21,1000,2-0.5-M,3,9.6479,57167,8,intensifier
ablation,B21,1000,2-0.5-M,3,11.2108,57173,8,intensifier
ablation,B21,1000,2-0.5-M,3,12.7413,57203,8,intensifier
ablation,B21,1000,2-0.5-M,3,13.5060,57225,8,intensifier
ablation,B21,1000,2-0.5-M,3,13.6521,57266,1,intensifier
ablation,B21,1000,2-0.5-M,3,13.6823,57269,1,intensifier
ablation,B21,1000,2-0.5-M,3,14.9490,57280,1,intensifier
ablation,B21,1000,2-0.5-M,3,15.0379,57334,4,intensifier
ablation,B21,1000,2-0.5-M,3,19.3930,57338,4,intensifier
ablation,B21,1000,2-0.5-M,3,20.6266,57396,4,intensifier
ablation,B21,1000,2-0.5-M,3,96.9361,57595,2,intensifier
ablation,B21,1000,2-0.5-M,3,166.9274,57622,5,intensifier
ablation,B21,1000,2-0.5-M,3,167.6041,57638,5,intensifier
ablation,B21,1000,2-0.5-M,3,232.8602,57660,11,intensifier
ablation,B21,1000,2-0.5-M,3,318.2369,57728,11,intensifier
ablation,B21,1000,2-0.5-M,3,421.8676,57846,0,intensifier
ablation,B21,1000,6-0.75-P,1,0.0814,312815,20,explorer
ablation,B21,1000,6-0.75-P,1,0.3427,347146,20,explorer
ablation,B21,1000,6-0.75-P,1,0.3718,347748,20,explorer
ablation,B21,1000,6-0.75-P,1,0.4019,348207,20,explorer
ablation,B21,1000,6-0.75-P,1,0.9635,348445,14,intensifier
ablation,B21,1000,6-0.75-P,1,1.0226,348450,14,intensifier
ablation,B21,1000,6-0.75-P,1,1.3176,348596,14,intensifier
ablation,B21,1000,6-0.75-P,1,1.3476,348605,14,intensifier
ablation,B21,1000,6-0.75-P,1,1.5532,348625,14,intensifier
ablation,B21,1000,6-0.75-P,1,1.8490,348829,14,intensifier
ablation,B21,1000,6-0.75-P,1,1.8777,349069,14,intensifier
ablation,B21,1000,6-0.75-P,1,2.2599,349147,14,intensifier
ablation,B21,1000,6-0.75-P,1,2.2901,349149,14,intensifier
ablation,B21,1000,6-0.75-P,1,3.0268,349230,14,intensifier
ablation,B21,1000,6-0.75-P,1,3.0565,349283,14,intensifier
ablation,B21,1000,6-0.75-P,1,3.1454,349306,14,intensifier
ablation,B21,1000,6-0.75-P,1,3.2926,349332,14,intensifier
ablation,B21,1000,6-0.75-P,1,4.3535,349400,14,intensifier
ablation,B21,1000,6-0.75-P,1,4.4423,349548,14,intensifier
ablation,B21,1000,6-0.75-P,1,5.7054,349618,14,intensifier
ablation,B21,1000,6-0.75-P,1,7.8493,349662,14,intensifier
ablation,B21,1000,6-0.75-P,1,8.1429,349692,14,intensifier
ablation,B21,1000,6-0.75-P,1,8.7321,349806,14,intensifier
ablation,B21,1000,6-0.75-P,1,12.0083,349883,14,intensifier
ablation,B21,1000,6-0.75-P,1,16.1930,349902,14,intensifier
ablation,B21,1000,6-0.75-P,1,16.3105,349909,14,intensifier
ablation,B21,1000,6-0.75-P,1,17.3447,349995,14,intensifier
ablation,B21,1000,6-0.75-P,1,17.6990,350178,14,intensifier
ablation,B21,1000,6-0.75-P,1,17.7290,350287,14,intensifier
ablation,B21,1000,6-0.75-P,1,23.2704,350371,11,intensifier
ablation,B21,1000,6-0.75-P,1,63.1257,350415,9,intensifier
ablation,B21,1000,6-0.75-P,1,90.0241,350427,9,intensifier
ablation,B21,1000,6-0.75-P,1,101.7271,350465,4,intensifier
ablation,B21,1000,6-0.75-P,1,214.8061,350524,3,intensifier
ablation,B21,1000,6-0.75-P,1,219.3929,350637,3,intensifier
ablation,B21,1000,6-0.75-P,1,400.6545,350749,10,intensifier
ablation,B21,1000,6-0.75-P,1,582.1209,350768,10,intensifier
ablation,B21,1000,6-0.75-P,2,0.5050,347405,2,intensifier
ablation,B21,1000,6-0.75-P,2,0.5348,347508,7,intensifier
ablation,B21,1000,6-0.75-P,2,0.5651,347724,7,intensifier
ablation,B21,1000,6-0.75-P,2,0.6242,347994,7,intensifier
ablation,B21,1000,6-0.75-P,2,0.6540,348153,12,intensifier
ablation,B21,1000,6-0.75-P,2,0.7434,348241,12,intensifier
ablation,B21,1000,6-0.75-P,2,0.8314,348374,12,intensifier
ablation,B21,1000,6-0.75-P,2,0.8606,348420,12,intensifier
ablation,B21,1000,6-0.75-P,2,0.8910,348440,12,intensifier
ablation,B21,1000,6-0.75-P,2,0.9495,348519,12,intensifier
ablation,B21,1000,6-0.75-P,2,0.9792,348609,12,intensifier
ablation,B21,1000,6-0.75-P,2,1.1852,348627,12,intensifier
ablation,B21,1000,6-0.75-P,2,1.2740,348741,12,intensifier
ablation,B21,1000,6-0.75-P,2,1.3929,349004,12,intensifier
ablation,B21,1000,6-0.75-P,2,1.5408,349133,12,intensifier
ablation,B21,1000,6-0.75-P,2,2.2481,349137,12,intensifier
ablation,B21,1000,6-0.75-P,2,2.2780,349232,12,intensifier
ablation,B21,1000,6-0.75-P,2,2.9542,349318,12,intensifier
ablation,B21,1000,6-0.75-P,2,3.0428,349413,12,intensifier
ablation,B21,1000,6-0.75-P,2,3.0728,349419,12,intensifier
ablation,B21,1000,6-0.75-P,2,3.1025,349484,12,intensifier
ablation,B21,1000,6-0.75-P,2,3.5755,349663,12,intensifier
ablation,B21,1000,6-0.75-P,2,3.8116,349712,12,intensifier
ablation,B21,1000,6-0.75-P,2,4.3701,349800,12,intensifier
ablation,B21,1000,6-0.75-P,2,7.5214,349806,12,intensifier
ablation,B21,1000,6-0.75-P,2,7.5513,349838,12,intensifier
ablation,B21,1000,6-0.75-P,2,8.4403,349892,12,intensifier
ablation,B21,1000,6-0.75-P,2,36.0680,349907,13,intensifier
ablation,B21,1000,6-0.75-P,2,62.2082,350003,6,intensifier
ablation,B21,1000,6-0.75-P,2,66.7754,350009,7,intensifier
ablation,B21,1000,6-0.75-P,2,123.0067,350051,1,intensifier
ablation,B21,1000,6-0.75-P,2,123.0362,350072,1,intensifier
ablation,B21,1000,6-0.75-P,2,123.3913,350152,1,intensifier
ablation,B21,1000,6-0.75-P,2,160.2726,350199,4,intensifier
ablation,B21,1000,6-0.75-P,2,163.5393,350290,4,intensifier
ablation,B21,1000,6-0.75-P,2,167.9015,350316,4,intensifier
ablation,B21,1000,6-0.75-P,2,168.2235,350336,4,intensifier
ablation,B21,1000,6-0.75-P,2,192.1410,350350,3,intensifier
ablation,B21,1000,6-0.75-P,2,199.5758,350423,11,intensifier
ablation,B21,1000,6-0.75-P,2,214.6367,350534,12,intensifier
ablation,B21,1000,6-0.75-P,2,320.4213,350589,1,intensifier
ablation,B21,1000,6-0.75-P,2,557.3449,350695,14,intensifier
ablation,B21,1000,6-0.75-P,3,0.0807,309314,1,intensifier
ablation,B21,1000,6-0.75-P,3,0.3460,344478,1,intensifier
ablation,B21,1000,6-0.75-P,3,0.3752,345394,4,intensifier
ablation,B21,1000,6-0.75-P,3,0.4052,345848,4,intensifier
ablation,B21,1000,6-0.75-P,3,0.4346,346288,4,intensifier
ablation,B21,1000,6-0.75-P,3,0.4642,346922,11,intensifier
ablation,B21,1000,6-0.75-P,3,0.4942,347435,4,intensifier
ablation,B21,1000,6-0.75-P,3,0.5240,347705,4,intensifier
ablation,B21,1000,6-0.75-P,3,0.5536,347807,4,intensifier
ablation,B21,1000,6-0.75-P,3,0.5833,347831,4,intensifier
ablation,B21,1000,6-0.75-P,3,0.6131,348263,4,intensifier
ablation,B21,1000,6-0.75-P,3,0.8204,348275,4,intensifier
ablation,B21,1000,6-0.75-P,3,0.8503,348344,4,intensifier
ablation,B21,1000,6-0.75-P,3,0.9098,348449,4,intensifier
ablation,B21,1000,6-0.75-P,3,0.9396,348450,4,intensifier
ablation,B21,1000,6-0.75-P,3,1.0584,348595,4,intensifier
ablation,B21,1000,6-0.75-P,3,1.5328,348702,6,intensifier
ablation,B21,1000,6-0.75-P,3,2.0659,348782,6,intensifier
ablation,B21,1000,6-0.75-P,3,2.1250,348867,6,intensifier
ablation,B21,1000,6-0.75-P,3,2.4498,348950,8,intensifier
ablation,B21,1000,6-0.75-P,3,2.5093,349040,8,intensifier
ablation,B21,1000,6-0.75-P,3,2.5985,349117,8,intensifier
ablation,B21,1000,6-0.75-P,3,2.6283,349258,8,intensifier
ablation,B21,1000,6-0.75-P,3,2.6581,349261,8,intensifier
ablation,B21,1000,6-0.75-P,3,3.0409,349506,8,intensifier
ablation,B21,1000,6-0.75-P,3,3.2481,349662,8,intensifier
ablation,B21,1000,6-0.75-P,3,3.7797,349697,8,intensifier
ablation,B21,1000,6-0.75-P,3,4.8429,349717,8,intensifier
ablation,B21,1000,6-0.75-P,3,4.8728,349746,8,intensifier
ablation,B21,1000,6-0.75-P,3,7.0858,349797,8,intensifier
ablation,B21,1000,6-0.75-P,3,9.2685,349815,8,intensifier
ablation,B21,1000,6-0.75-P,3,10.4481,349926,8,intensifier
ablation,B21,1000,6-0.75-P,3,11.0658,350157,8,intensifier
ablation,B21,1000,6-0.75-P,3,101.0849,350339,10,intensifier
ablation,B21,1000,6-0.75-P,3,171.6615,350444,11,intensifier
ablation,B21,1000,6-0.75-P,3,256.6739,350475,11,intensifier
ablation,B21,1000,6-0.75-P,3,536.9716,350613,7,intensifier
ablation,B21,1000,6-0.75-P,3,566.8051,350674,1,intensifier
ablation,B21,1000,6-0.75-P,3,578.8190,350691,6,intensifier
ablation,B21,1000,3-0.75-M,1,0.0778,915,11,intensifier
ablation,B21,1000,3-0.75-M,1,0.3564,34034,17,explorer
ablation,B21,1000,3-0.75-M,1,0.3851,34477,0,intensifier
ablation,B21,1000,3-0.75-M,1,0.4147,34753,0,intensifier
ablation,B21,1000,3-0.75-M,1,0.4735,35292,0,intensifier
ablation,B21,1000,3-0.75-M,1,0.5031,35683,0,intensifier
ablation,B21,1000,3-0.75-M,1,0.5621,35715,10,intensifier
ablation,B21,1000,3-0.75-M,1,0.5916,35812,10,intensifier
ablation,B21,1000,3-0.75-M,1,0.6804,35883,0,intensifier
ablation,B21,1000,3-0.75-M,1,0.7112,36230,10,intensifier
ablation,B21,1000,3-0.75-M,1,0.9461,36280,10,intensifier
ablation,B21,1000,3-0.75-M,1,1.0629,36306,10,intensifier
ablation,B21,1000,3-0.75-M,1,1.0925,36427,10,intensifier
ablation,B21,1000,3-0.75-M,1,1.1510,36491,10,intensifier
ablation,B21,1000,3-0.75-M,1,1.2103,36505,1,intensifier
ablation,B21,1000,3-0.75-M,1,1.2988,36609,1,intensifier
ablation,B21,1000,3-0.75-M,1,1.6196,36661,10,intensifier
ablation,B21,1000,3-0.75-M,1,1.8870,36783,10,intensifier
ablation,B21,1000,3-0.75-M,1,1.9167,36821,10,intensifier
ablation,B21,1000,3-0.75-M,1,2.0052,36857,10,intensifier
ablation,B21,1000,3-0.75-M,1,2.5652,36906,10,intensifier
ablation,B21,1000,3-0.75-M,1,2.8003,37098,10,intensifier
ablation,B21,1000,3-0.75-M,1,2.8878,37124,10,intensifier
ablation,B21,1000,3-0.75-M,1,2.9465,37149,10,intensifier
ablation,B21,1000,3-0.75-M,1,4.1272,37203,10,intensifier
ablation,B21,1000,3-0.75-M,1,5.6218,37281,10,intensifier
ablation,B21,1000,3-0.75-M,1,8.6257,37290,10,intensifier
ablation,B21,1000,3-0.75-M,1,9.5648,37406,10,intensifier
ablation,B21,1000,3-0.75-M,1,14.0368,37458,10,intensifier
ablation,B21,1000,3-0.75-M,1,15.0065,37462,10,intensifier
ablation,B21,1000,3-0.75-M,1,15.6857,37641,10,intensifier
ablation,B21,1000,3-0.75-M,1,135.9984,37689,6,intensifier
ablation,B21,1000,3-0.75-M,1,136.0571,37730,6,intensifier
ablation,B21,1000,3-0.75-M,1,155.8978,37789,6,intensifier
ablation,B21,1000,3-0.75-M,1,184.3788,37878,12,intensifier
ablation,B21,1000,3-0.75-M,1,320.4788,37884,15,intensifier
ablation,B21,1000,3-0.75-M,1,325.5409,37924,15,intensifier
ablation,B21,1000,3-0.75-M,1,582.5469,37939,13,intensifier
ablation,B21,1000,3-0.75-M,2,0.0802,1708,8,intensifier
ablation,B21,1000,3-0.75-M,2,0.3413,34207,7,intensifier
ablation,B21,1000,3-0.75-M,2,0.3721,34530,13,intensifier
ablation,B21,1000,3-0.75-M,2,0.4015,34702,13,intensifier
ablation,B21,1000,3-0.75-M,2,0.4301,34749,9,intensifier
ablation,B21,1000,3-0.75-M,2,0.4597,35136,13,intensifier
ablation,B21,1000,3-0.75-M,2,0.4894,35139,13,intensifier
ablation,B21,1000,3-0.75-M,2,0.5190,35247,19,explorer
ablation,B21,1000,3-0.75-M,2,0.5779,35413,2,intensifier
ablation,B21,1000,3-0.75-M,2,0.6078,35449,11,intensifier
ablation,B21,1000,3-0.75-M,2,0.6375,35617,2,intensifier
ablation,B21,1000,3-0.75-M,2,0.6966,35727,2,intensifier
ablation,B21,1000,3-0.75-M,2,0.7272,35897,2,intensifier
ablation,B21,1000,3-0.75-M,2,0.8148,36140,2,intensifier
ablation,B21,1000,3-0.75-M,2,0.8443,36196,2,intensifier
ablation,B21,1000,3-0.75-M,2,0.9035,36622,2,intensifier
ablation,B21,1000,3-0.75-M,2,0.9333,36721,2,intensifier
ablation,B21,1000,3-0.75-M,2,0.9929,36861,2,intensifier
ablation,B21,1000,3-0.75-M,2,1.4916,36981,2,intensifier
ablation,B21,1000,3-0.75-M,2,1.5213,37114,2,intensifier
ablation,B21,1000,3-0.75-M,2,1.5806,37255,2,intensifier
ablation,B21,1000,3-0.75-M,2,6.9857,37301,2,intensifier
ablation,B21,1000,3-0.75-M,2,7.0738,37362,2,intensifier
ablation,B21,1000,3-0.75-M,2,10.3053,37527,2,intensifier
ablation,B21,1000,3-0.75-M,2,71.5362,37566,10,intensifier
ablation,B21,1000,3-0.75-M,2,118.8576,37617,6,intensifier
ablation,B21,1000,3-0.75-M,2,154.3857,37657,6,intensifier
ablation,B21,1000,3-0.75-M,2,219.4674,37764,9,intensifier
ablation,B21,1000,3-0.75-M,2,259.7568,37896,1,intensifier
ablation,B21,1000,3-0.75-M,2,322.3699,37928,4,intensifier
ablation,B21,1000,3-0.75-M,2,404.7745,37947,0,intensifier
ablation,B21,1000,3-0.75-M,2,547.0169,37952,0,intensifier
ablation,B21,1000,3-0.75-M,2,547.0753,38033,9,intensifier
ablation,B21,1000,3-0.75-M,3,0.4404,34070,18,explorer
ablation,B21,1000,3-0.75-M,3,0.4703,34761,3,intensifier
ablation,B21,1000,3-0.75-M,3,0.5003,35268,5,intensifier
ablation,B21,1000,3-0.75-M,3,0.5603,35464,9,intensifier
ablation,B21,1000,3-0.75-M,3,0.6194,35847,5,intensifier
ablation,B21,1000,3-0.75-M,3,0.6501,35936,5,intensifier
ablation,B21,1000,3-0.75-M,3,0.7374,35947,5,intensifier
ablation,B21,1000,3-0.75-M,3,0.8558,36110,12,intensifier
ablation,B21,1000,3-0.75-M,3,1.1507,36247,2,intensifier
ablation,B21,1000,3-0.75-M,3,1.1804,36290,2,intensifier
ablation,B21,1000,3-0.75-M,3,1.2099,36369,2,intensifier
ablation,B21,1000,3-0.75-M,3,1.4732,36466,2,intensifier
ablation,B21,1000,3-0.75-M,3,1.7100,36494,2,intensifier
ablation,B21,1000,3-0.75-M,3,1.8555,36610,2,intensifier
ablation,B21,1000,3-0.75-M,3,1.8852,36639,2,intensifier
ablation,B21,1000,3-0.75-M,3,2.2360,36799,2,intensifier
ablation,B21,1000,3-0.75-M,3,2.4400,37235,2,intensifier
ablation,B21,1000,3-0.75-M,3,2.4701,37285,2,intensifier
ablation,B21,1000,3-0.75-M,3,2.7627,37382,2,intensifier
ablation,B21,1000,3-0.75-M,3,4.9393,37410,2,intensifier
ablation,B21,1000,3-0.75-M,3,8.6942,37727,2,intensifier
ablation,B21,1000,3-0.75-M,3,178.0758,37767,7,intensifier
ablation,B21,1000,3-0.75-M,3,205.1233,37828,9,intensifier
ablation,B21,1000,3-0.75-M,3,313.7194,37833,15,intensifier
ablation,B21,1000,3-0.75-M,3,314.3959,37842,15,intensifier
ablation,B21,1000,3-0.75-M,3,407.5217,37852,9,intensifier
ablation,B21,1000,3-0.75-M,3,528.3137,37929,4,intensifier
ablation,noPen,1000,4-0.25-P,1,0.5832,133143,26,intensifier
ablation,noPen,1000,4-0.25-P,1,0.6164,133598,2,intensifier
ablation,noPen,1000,4-0.25-P,1,0.6756,133608,2,intensifier
ablation,noPen,1000,4-0.25-P,1,0.7053,133887,2,intensifier
ablation,noPen,1000,4-0.25-P,1,0.7351,134157,22,intensifier
ablation,noPen,1000,4-0.25-P,1,0.7647,134223,22,intensifier
ablation,noPen,1000,4-0.25-P,1,0.8533,134325,22,intensifier
ablation,noPen,1000,4-0.25-P,1,0.8833,134400,22,intensifier
ablation,noPen,1000,4-0.25-P,1,0.9432,134624,22,intensifier
ablation,noPen,1000,4-0.25-P,1,1.0027,134704,22,intensifier
ablation,noPen,1000,4-0.25-P,1,1.0327,134709,22,intensifier
ablation,noPen,1000,4-0.25-P,1,1.0920,134872,22,intensifier
ablation,noPen,1000,4-0.25-P,1,1.2414,135120,22,intensifier
ablation,noPen,1000,4-0.25-P,1,1.3297,135191,22,intensifier
ablation,noPen,1000,4-0.25-P,1,1.3595,135319,22,intensifier
ablation,noPen,1000,4-0.25-P,1,1.3894,135342,22,intensifier
ablation,noPen,1000,4-0.25-P,1,1.5978,135446,22,intensifier
ablation,noPen,1000,4-0.25-P,1,1.6875,135488,22,intensifier
ablation,noPen,1000,4-0.25-P,1,2.0446,135534,22,intensifier
ablation,noPen,1000,4-0.25-P,1,2.1331,135744,22,intensifier
ablation,noPen,1000,4-0.25-P,1,2.1633,135877,22,intensifier
ablation,noPen,1000,4-0.25-P,1,2.6073,135888,22,intensifier
ablation,noPen,1000,4-0.25-P,1,3.8193,135974,22,intensifier
ablation,noPen,1000,4-0.25-P,1,4.8833,136017,22,intensifier
ablation,noPen,1000,4-0.25-P,1,11.0907,136026,14,intensifier
ablation,noPen,1000,4-0.25-P,1,11.2978,136049,7,intensifier
ablation,noPen,1000,4-0.25-P,1,11.6535,136102,56,intensifier
ablation,noPen,1000,4-0.25-P,1,12.2733,136222,56,intensifier
ablation,noPen,1000,4-0.25-P,1,15.1130,136250,56,intensifier
ablation,noPen,1000,4-0.25-P,1,15.2909,136515,6,intensifier
ablation,noPen,1000,4-0.25-P,1,31.6793,136660,49,intensifier
ablation,noPen,1000,4-0.25-P,1,71.0534,136671,11,intensifier
ablation,noPen,1000,4-0.25-P,1,71.4666,136994,1,intensifier
ablation,noPen,1000,4-0.25-P,1,134.8209,137002,60,intensifier
ablation,noPen,1000,4-0.25-P,1,229.5740,137049,29,intensifier
ablation,noPen,1000,4-0.25-P,1,234.7611,137150,29,intensifier
ablation,noPen,1000,4-0.25-P,1,295.7481,137279,10,intensifier
ablation,noPen,1000,4-0.25-P,2,0.6026,133668,14,intensifier
ablation,noPen,1000,4-0.25-P,2,0.6644,133826,53,intensifier
ablation,noPen,1000,4-0.25-P,2,0.6934,134170,53,intensifier
ablation,noPen,1000,4-0.25-P,2,0.7533,134386,53,intensifier
ablation,noPen,1000,4-0.25-P,2,0.7839,134387,53,intensifier
ablation,noPen,1000,4-0.25-P,2,0.8431,134520,53,intensifier
ablation,noPen,1000,4-0.25-P,2,1.1697,134834,14,intensifier
ablation,noPen,1000,4-0.25-P,2,1.2886,135100,14,intensifier
ablation,noPen,1000,4-0.25-P,2,1.4379,135104,14,intensifier
ablation,noPen,1000,4-0.25-P,2,1.4684,135168,14,intensifier
ablation,noPen,1000,4-0.25-P,2,1.6162,135456,14,intensifier
ablation,noPen,1000,4-0.25-P,2,1.7355,135559,14,intensifier
ablation,noPen,1000,4-0.25-P,2,1.7666,135869,14,intensifier
ablation,noPen,1000,4-0.25-P,2,1.8850,135925,14,intensifier
ablation,noPen,1000,4-0.25-P,2,1.9747,136046,14,intensifier
ablation,noPen,1000,4-0.25-P,2,3.7471,136078,14,intensifier
ablation,noPen,1000,4-0.25-P,2,4.3697,136094,14,intensifier
ablation,noPen,1000,4-0.25-P,2,4.6335,136201,14,intensifier
ablation,noPen,1000,4-0.25-P,2,5.1960,136284,14,intensifier
ablation,noPen,1000,4-0.25-P,2,6.0242,136329,14,intensifier
ablation,noPen,1000,4-0.25-P,2,6.5290,136366,39,intensifier
ablation,noPen,1000,4-0.25-P,2,10.1453,136423,14,intensifier
ablation,noPen,1000,4-0.25-P,2,10.1752,136513,14,intensifier
ablation,noPen,1000,4-0.25-P,2,18.9452,136576,16,intensifier
ablation,noPen,1000,4-0.25-P,2,19.8617,136578,41,intensifier
ablation,noPen,1000,4-0.25-P,2,19.8909,136835,41,intensifier
ablation,noPen,1000,4-0.25-P,2,20.4240,136906,41,intensifier
ablation,noPen,1000,4-0.25-P,2,49.4627,136923,4,intensifier
ablation,noPen,1000,4-0.25-P,2,49.5809,137031,47,intensifier
ablation,noPen,1000,4-0.25-P,2,54.0525,137049,47,intensifier
ablation,noPen,1000,4-0.25-P,2,54.1121,137061,29,intensifier
ablation,noPen,1000,4-0.25-P,2,56.4451,137082,47,intensifier
ablation,noPen,1000,4-0.25-P,2,89.0736,137092,23,intensifier
ablation,noPen,1000,4-0.25-P,2,89.5753,137100,62,intensifier
ablation,noPen,1000,4-0.25-P,2,90.7030,137233,23,intensifier
ablation,noPen,1000,4-0.25-P,2,213.6389,137236,30,intensifier
ablation,noPen,1000,4-0.25-P,2,249.6891,137362,30,intensifier
ablation,noPen,1000,4-0.25-P,2,304.7423,137447,53,intensifier
ablation,noPen,1000,4-0.25-P,2,314.2640,137485,42,intensifier
ablation,noPen,1000,4-0.25-P,2,478.6386,137522,58,intensifier
ablation,noPen,1000,4-0.25-P,2,507.1705,137528,40,intensifier
ablation,noPen,1000,4-0.25-P,3,0.6037,133465,42,intensifier
ablation,noPen,1000,4-0.25-P,3,0.6659,133857,40,intensifier
ablation,noPen,1000,4-0.25-P,3,0.6960,133864,40,intensifier
ablation,noPen,1000,4-0.25-P,3,0.7557,133900,40,intensifier
ablation,noPen,1000,4-0.25-P,3,0.9620,133911,40,intensifier
ablation,noPen,1000,4-0.25-P,3,0.9918,133970,40,intensifier
ablation,noPen,1000,4-0.25-P,3,1.0512,133992,44,intensifier
ablation,noPen,1000,4-0.25-P,3,1.0810,134245,44,intensifier
ablation,noPen,1000,4-0.25-P,3,1.3481,134424,71,explorer
ablation,noPen,1000,4-0.25-P,3,2.6831,134460,21,intensifier
ablation,noPen,1000,4-0.25-P,3,2.8016,134481,21,intensifier
ablation,noPen,1000,4-0.25-P,3,2.8611,134515,21,intensifier
ablation,noPen,1000,4-0.25-P,3,2.8910,134803,21,intensifier
ablation,noPen,1000,4-0.25-P,3,2.9506,135009,21,intensifier
ablation,noPen,1000,4-0.25-P,3,3.0401,135036,21,intensifier
ablation,noPen,1000,4-0.25-P,3,3.4835,135070,26,intensifier
ablation,noPen,1000,4-0.25-P,3,3.5135,135114,21,intensifier
ablation,noPen,1000,4-0.25-P,3,3.7805,135363,21,intensifier
ablation,noPen,1000,4-0.25-P,3,3.9289,135541,21,intensifier
ablation,noPen,1000,4-0.25-P,3,4.4946,135572,21,intensifier
ablation,noPen,1000,4-0.25-P,3,4.7010,135642,21,intensifier
ablation,noPen,1000,4-0.25-P,3,5.4404,135783,21,intensifier
ablation,noPen,1000,4-0.25-P,3,5.4706,135843,21,intensifier
ablation,noPen,1000,4-0.25-P,3,7.1401,135907,21,intensifier
ablation,noPen,1000,4-0.25-P,3,7.3187,135914,21,intensifier
ablation,noPen,1000,4-0.25-P,3,7.8198,135931,21,intensifier
ablation,noPen,1000,4-0.25-P,3,8.4121,136013,21,intensifier
ablation,noPen,1000,4-0.25-P,3,10.5735,136019,21,intensifier
ablation,noPen,1000,4-0.25-P,3,10.8107,136055,45,intensifier
ablation,noPen,1000,4-0.25-P,3,10.9001,136101,15,intensifier
ablation,noPen,1000,4-0.25-P,3,12.2292,136147,35,intensifier
ablation,noPen,1000,4-0.25-P,3,12.2591,136375,35,intensifier
ablation,noPen,1000,4-0.25-P,3,13.7096,136405,35,intensifier
ablation,noPen,1000,4-0.25-P,3,15.7478,136413,20,intensifier
ablation,noPen,1000,4-0.25-P,3,15.8069,136533,46,intensifier
ablation,noPen,1000,4-0.25-P,3,15.9547,136543,46,intensifier
ablation,noPen,1000,4-0.25-P,3,51.6104,136544,8,intensifier
ablation,noPen,1000,4-0.25-P,3,51.6402,136546,8,intensifier
ablation,noPen,1000,4-0.25-P,3,54.8644,136578,16,intensifier
ablation,noPen,1000,4-0.25-P,3,56.2237,136748,55,intensifier
ablation,noPen,1000,4-0.25-P,3,161.7894,136752,5,intensifier
ablation,noPen,1000,4-0.25-P,3,204.9644,136833,33,intensifier
ablation,noPen,1000,4-0.25-P,3,225.9180,137052,44,intensifier
ablation,noPen,1000,4-0.25-P,3,232.1322,137056,23,intensifier
ablation,noPen,1000,4-0.25-P,3,278.3538,137080,4,intensifier
ablation,noPen,1000,4-0.25-P,3,314.4727,137383,22,intensifier
ablation,noPen,1000,4-0.25-P,3,499.9228,137483,5,intensifier
ablation,noPen,1000,6-0.25-M,1,0.4690,36767,26,intensifier
ablation,noPen,1000,6-0.25-M,1,0.5388,37124,11,intensifier
ablation,noPen,1000,6-0.25-M,1,0.5980,37587,11,intensifier
ablation,noPen,1000,6-0.25-M,1,0.6278,37655,11,intensifier
ablation,noPen,1000,6-0.25-M,1,0.6577,37877,11,intensifier
ablation,noPen,1000,6-0.25-M,1,0.6876,38140,11,intensifier
ablation,noPen,1000,6-0.25-M,1,1.1589,38221,11,intensifier
ablation,noPen,1000,6-0.25-M,1,1.4246,38269,11,intensifier
ablation,noPen,1000,6-0.25-M,1,1.5133,38923,11,intensifier
ablation,noPen,1000,6-0.25-M,1,1.7495,38991,11,intensifier
ablation,noPen,1000,6-0.25-M,1,1.7789,39121,11,intensifier
ablation,noPen,1000,6-0.25-M,1,1.9552,39145,11,intensifier
ablation,noPen,1000,6-0.25-M,1,1.9849,39219,11,intensifier
ablation,noPen,1000,6-0.25-M,1,2.4848,39254,11,intensifier
ablation,noPen,1000,6-0.25-M,1,4.3709,39329,11,intensifier
ablation,noPen,1000,6-0.25-M,1,7.1350,39390,18,intensifier
ablation,noPen,1000,6-0.25-M,1,8.4576,39623,18,intensifier
ablation,noPen,1000,6-0.25-M,1,9.1072,39709,18,intensifier
ablation,noPen,1000,6-0.25-M,1,9.1371,39912,18,intensifier
ablation,noPen,1000,6-0.25-M,1,10.5489,39988,18,intensifier
ablation,noPen,1000,6-0.25-M,1,13.2877,40049,54,intensifier
ablation,noPen,1000,6-0.25-M,1,14.4074,40087,4,intensifier
ablation,noPen,1000,6-0.25-M,1,17.5549,40298,55,intensifier
ablation,noPen,1000,6-0.25-M,1,84.0853,40444,41,intensifier
ablation,noPen,1000,6-0.25-M,1,168.3701,40583,33,intensifier
ablation,noPen,1000,6-0.25-M,1,208.5844,40590,54,intensifier
ablation,noPen,1000,6-0.25-M,1,352.7396,40825,47,intensifier
ablation,noPen,1000,6-0.25-M,1,538.0901,40872,9,intensifier
ablation,noPen,1000,6-0.25-M,2,0.5712,36985,21,intensifier
ablation,noPen,1000,6-0.25-M,2,0.6057,37155,21,intensifier
ablation,noPen,1000,6-0.25-M,2,0.6358,37661,21,intensifier
ablation,noPen,1000,6-0.25-M,2,0.6657,37884,21,intensifier
ablation,noPen,1000,6-0.25-M,2,0.6955,38229,21,intensifier
ablation,noPen,1000,6-0.25-M,2,0.7254,38319,21,intensifier
ablation,noPen,1000,6-0.25-M,2,0.8440,38346,21,intensifier
ablation,noPen,1000,6-0.25-M,2,1.0798,38425,21,intensifier
ablation,noPen,1000,6-0.25-M,2,1.1389,38468,21,intensifier
ablation,noPen,1000,6-0.25-M,2,1.2280,38610,21,intensifier
ablation,noPen,1000,6-0.25-M,2,1.9057,38664,21,intensifier
ablation,noPen,1000,6-0.25-M,2,2.0232,38760,21,intensifier
ablation,noPen,1000,6-0.25-M,2,2.3475,38826,21,intensifier
ablation,noPen,1000,6-0.25-M,2,2.7291,38999,21,intensifier
ablation,noPen,1000,6-0.25-M,2,3.1103,39258,21,intensifier
ablation,noPen,1000,6-0.25-M,2,3.3457,39270,21,intensifier
ablation,noPen,1000,6-0.25-M,2,3.3759,39351,21,intensifier
ablation,noPen,1000,6-0.25-M,2,4.3772,39467,21,intensifier
ablation,noPen,1000,6-0.25-M,2,8.2910,39577,21,intensifier
ablation,noPen,1000,6-0.25-M,2,8.4671,39701,21,intensifier
ablation,noPen,1000,6-0.25-M,2,8.4966,39772,21,intensifier
ablation,noPen,1000,6-0.25-M,2,16.2658,39795,1,intensifier
ablation,noPen,1000,6-0.25-M,2,16.7372,39849,0,intensifier
ablation,noPen,1000,6-0.25-M,2,16.7667,39890,0,intensifier
ablation,noPen,1000,6-0.25-M,2,18.3876,39917,0,intensifier
ablation,noPen,1000,6-0.25-M,2,18.5341,39932,44,intensifier
ablation,noPen,1000,6-0.25-M,2,18.7112,39958,44,intensifier
ablation,noPen,1000,6-0.25-M,2,21.4771,39984,9,intensifier
ablation,noPen,1000,6-0.25-M,2,22.2421,40237,1,intensifier
ablation,noPen,1000,6-0.25-M,2,23.2427,40418,1,intensifier
ablation,noPen,1000,6-0.25-M,2,41.6087,40440,26,intensifier
ablation,noPen,1000,6-0.25-M,2,80.5004,40453,20,intensifier
ablation,noPen,1000,6-0.25-M,2,81.3265,40634,20,intensifier
ablation,noPen,1000,6-0.25-M,3,0.5974,37545,31,intensifier
ablation,noPen,1000,6-0.25-M,3,0.9238,37841,38,intensifier
ablation,noPen,1000,6-0.25-M,3,1.0721,38430,38,intensifier
ablation,noPen,1000,6-0.25-M,3,1.1020,38516,38,intensifier
ablation,noPen,1000,6-0.25-M,3,1.1318,38685,38,intensifier
ablation,noPen,1000,6-0.25-M,3,1.1614,38771,38,intensifier
ablation,noPen,1000,6-0.25-M,3,1.3693,38888,38,intensifier
ablation,noPen,1000,6-0.25-M,3,1.8990,39102,38,intensifier
ablation,noPen,1000,6-0.25-M,3,2.0762,39158,38,intensifier
ablation,noPen,1000,6-0.25-M,3,2.1350,39222,38,intensifier
ablation,noPen,1000,6-0.25-M,3,2.7266,39307,38,intensifier
ablation,noPen,1000,6-0.25-M,3,3.4343,39473,38,intensifier
ablation,noPen,1000,6-0.25-M,3,4.2304,39587,38,intensifier
ablation,noPen,1000,6-0.25-M,3,4.7610,39671,38,intensifier
ablation,noPen,1000,6-0.25-M,3,6.1721,39722,20,intensifier
ablation,noPen,1000,6-0.25-M,3,6.2317,39782,20,intensifier
ablation,noPen,1000,6-0.25-M,3,8.9409,39841,38,intensifier
ablation,noPen,1000,6-0.25-M,3,9.3803,39949,37,intensifier
ablation,noPen,1000,6-0.25-M,3,9.4098,39962,37,intensifier
ablation,noPen,1000,6-0.25-M,3,22.0922,40043,4,intensifier
ablation,noPen,1000,6-0.25-M,3,23.5063,40291,24,intensifier
ablation,noPen,1000,6-0.25-M,3,34.4205,40324,26,intensifier
ablation,noPen,1000,6-0.25-M,3,114.4524,40330,13,intensifier
ablation,noPen,1000,6-0.25-M,3,149.7125,40416,28,intensifier
ablation,noPen,1000,6-0.25-M,3,150.7124,40429,51,intensifier
ablation,noPen,1000,6-0.25-M,3,259.5484,40538,31,intensifier
ablation,noPen,1000,6-0.25-M,3,312.1105,40599,39,intensifier
ablation,noPen,1000,6-0.25-M,3,397.3291,40783,40,intensifier
ablation,noPen,1000,5-0.5-P,1,0.4698,267629,22,intensifier
ablation,noPen,1000,5-0.5-P,1,0.5266,268130,51,intensifier
ablation,noPen,1000,5-0.5-P,1,0.5567,268616,48,intensifier
ablation,noPen,1000,5-0.5-P,1,0.5873,268914,48,intensifier
ablation,noPen,1000,5-0.5-P,1,0.6158,269283,22,intensifier
ablation,noPen,1000,5-0.5-P,1,0.6458,269892,22,intensifier
ablation,noPen,1000,5-0.5-P,1,0.6763,269970,22,intensifier
ablation,noPen,1000,5-0.5-P,1,0.7645,270024,22,intensifier
ablation,noPen,1000,5-0.5-P,1,0.7932,270256,22,intensifier
ablation,noPen,1000,5-0.5-P,1,0.8232,270471,22,intensifier
ablation,noPen,1000,5-0.5-P,1,0.8821,270491,22,intensifier
ablation,noPen,1000,5-0.5-P,1,0.9117,270616,22,intensifier
ablation,noPen,1000,5-0.5-P,1,1.0594,270754,22,intensifier
ablation,noPen,1000,5-0.5-P,1,1.0892,270895,22,intensifier
ablation,noPen,1000,5-0.5-P,1,1.1191,271010,22,intensifier
ablation,noPen,1000,5-0.5-P,1,1.2678,271049,22,intensifier
ablation,noPen,1000,5-0.5-P,1,1.3857,271240,22,intensifier
ablation,noPen,1000,5-0.5-P,1,1.4158,271272,22,intensifier
ablation,noPen,1000,5-0.5-P,1,1.4448,271540,22,intensifier
ablation,noPen,1000,5-0.5-P,1,2.7684,271658,22,intensifier
ablation,noPen,1000,5-0.5-P,1,2.7982,271901,22,intensifier
ablation,noPen,1000,5-0.5-P,1,2.8574,271903,22,intensifier
ablation,noPen,1000,5-0.5-P,1,3.3247,271909,22,intensifier
ablation,noPen,1000,5-0.5-P,1,3.3542,271950,22,intensifier
ablation,noPen,1000,5-0.5-P,1,3.3839,271968,22,intensifier
ablation,noPen,1000,5-0.5-P,1,4.2662,272034,22,intensifier
ablation,noPen,1000,5-0.5-P,1,5.6117,272054,22,intensifier
ablation,noPen,1000,5-0.5-P,1,7.6657,272135,22,intensifier
ablation,noPen,1000,5-0.5-P,1,8.5994,272176,22,intensifier
ablation,noPen,1000,5-0.5-P,1,8.6292,272367,22,intensifier
ablation,noPen,1000,5-0.5-P,1,10.9859,272397,22,intensifier
ablation,noPen,1000,5-0.5-P,1,11.2486,272416,61,intensifier
ablation,noPen,1000,5-0.5-P,1,11.8064,272431,22,intensifier
ablation,noPen,1000,5-0.5-P,1,13.7477,272457,61,intensifier
ablation,noPen,1000,5-0.5-P,1,14.3662,272505,61,intensifier
ablation,noPen,1000,5-0.5-P,1,16.7583,272746,61,intensifier
ablation,noPen,1000,5-0.5-P,1,19.9846,272768,61,intensifier
ablation,noPen,1000,5-0.5-P,1,21.0950,272785,22,intensifier
ablation,noPen,1000,5-0.5-P,1,21.1248,272835,22,intensifier
ablation,noPen,1000,5-0.5-P,1,21.3024,272892,22,intensifier
ablation,noPen,1000,5-0.5-P,1,21.6813,273167,22,intensifier
ablation,noPen,1000,5-0.5-P,1,22.0925,273252,22,intensifier
ablation,noPen,1000,5-0.5-P,1,96.8669,273266,22,intensifier
ablation,noPen,1000,5-0.5-P,1,97.1034,273347,57,intensifier
ablation,noPen,1000,5-0.5-P,1,99.3893,273382,44,intensifier
ablation,noPen,1000,5-0.5-P,1,102.2842,273439,0,intensifier
ablation,noPen,1000,5-0.5-P,1,102.3143,273505,0,intensifier
ablation,noPen,1000,5-0.5-P,1,104.0940,273640,5,intensifier
ablation,noPen,1000,5-0.5-P,1,154.3469,273648,16,intensifier
ablation,noPen,1000,5-0.5-P,1,304.5095,273670,13,intensifier
ablation,noPen,1000,5-0.5-P,1,392.2717,273847,16,intensifier
ablation,noPen,1000,5-0.5-P,2,0.4745,267166,56,intensifier
ablation,noPen,1000,5-0.5-P,2,0.5321,268395,56,intensifier
ablation,noPen,1000,5-0.5-P,2,0.5619,268901,56,intensifier
ablation,noPen,1000,5-0.5-P,2,0.5911,269708,56,intensifier
ablation,noPen,1000,5-0.5-P,2,0.6209,269857,27,intensifier
ablation,noPen,1000,5-0.5-P,2,0.6505,270097,27,intensifier
ablation,noPen,1000,5-0.5-P,2,0.6798,270184,27,intensifier
ablation,noPen,1000,5-0.5-P,2,0.7090,270677,27,intensifier
ablation,noPen,1000,5-0.5-P,2,0.7377,270843,27,intensifier
ablation,noPen,1000,5-0.5-P,2,0.7682,270927,27,intensifier
ablation,noPen,1000,5-0.5-P,2,0.8255,270947,27,intensifier
ablation,noPen,1000,5-0.5-P,2,0.8559,271059,27,intensifier
ablation,noPen,1000,5-0.5-P,2,0.8844,271329,27,intensifier
ablation,noPen,1000,5-0.5-P,2,1.0612,271345,27,intensifier
ablation,noPen,1000,5-0.5-P,2,1.1207,271392,27,intensifier
ablation,noPen,1000,5-0.5-P,2,1.1507,271414,27,intensifier
ablation,noPen,1000,5-0.5-P,2,1.1811,271602,27,intensifier
ablation,noPen,1000,5-0.5-P,2,1.3864,271771,27,intensifier
ablation,noPen,1000,5-0.5-P,2,1.8574,271800,27,intensifier
ablation,noPen,1000,5-0.5-P,2,2.3005,271822,27,intensifier
ablation,noPen,1000,5-0.5-P,2,2.3599,271905,27,intensifier
ablation,noPen,1000,5-0.5-P,2,2.5072,272330,27,intensifier
ablation,noPen,1000,5-0.5-P,2,3.2418,272417,27,intensifier
ablation,noPen,1000,5-0.5-P,2,3.6228,272528,27,intensifier
ablation,noPen,1000,5-0.5-P,2,5.0821,272543,27,intensifier
ablation,noPen,1000,5-0.5-P,2,5.3480,272562,27,intensifier
ablation,noPen,1000,5-0.5-P,2,6.7282,272565,27,intensifier
ablation,noPen,1000,5-0.5-P,2,7.9020,272654,27,intensifier
ablation,noPen,1000,5-0.5-P,2,31.5082,272726,51,intensifier
ablation,noPen,1000,5-0.5-P,2,34.9495,272828,51,intensifier
ablation,noPen,1000,5-0.5-P,2,36.5637,272889,51,intensifier
ablation,noPen,1000,5-0.5-P,2,37.2401,272969,51,intensifier
ablation,noPen,1000,5-0.5-P,2,37.3575,273003,51,intensifier
ablation,noPen,1000,5-0.5-P,2,67.2033,273142,57,intensifier
ablation,noPen,1000,5-0.5-P,2,85.1188,273146,35,intensifier
ablation,noPen,1000,5-0.5-P,2,226.3664,273169,4,intensifier
ablation,noPen,1000,5-0.5-P,2,229.9524,273187,53,intensifier
ablation,noPen,1000,5-0.5-P,2,345.7903,273289,47,intensifier
ablation,noPen,1000,5-0.5-P,2,347.1390,273351,47,intensifier
ablation,noPen,1000,5-0.5-P,2,380.9720,273383,42,intensifier
ablation,noPen,1000,5-0.5-P,2,397.2403,273408,34,intensifier
ablation,noPen,1000,5-0.5-P,2,397.9719,273481,34,intensifier
ablation,noPen,1000,5-0.5-P,2,507.3818,273555,53,intensifier
ablation,noPen,1000,5-0.5-P,2,535.9559,273601,25,intensifier
ablation,noPen,1000,5-0.5-P,2,541.2928,273688,25,intensifier
ablation,noPen,1000,5-0.5-P,2,547.6935,273705,25,intensifier
ablation,noPen,1000,5-0.5-P,3,0.4688,266215,38,intensifier
ablation,noPen,1000,5-0.5-P,3,0.5256,267820,38,intensifier
ablation,noPen,1000,5-0.5-P,3,0.5554,268037,36,intensifier
ablation,noPen,1000,5-0.5-P,3,0.5856,268386,24,intensifier
ablation,noPen,1000,5-0.5-P,3,0.6154,268797,24,intensifier
ablation,noPen,1000,5-0.5-P,3,0.6453,269058,24,intensifier
ablation,noPen,1000,5-0.5-P,3,0.6752,269306,24,intensifier
ablation,noPen,1000,5-0.5-P,3,0.7052,269344,24,intensifier
ablation,noPen,1000,5-0.5-P,3,0.7647,269698,80,explorer
ablation,noPen,1000,5-0.5-P,3,0.7949,269939,80,explorer
ablation,noPen,1000,5-0.5-P,3,0.8249,270096,80,explorer
ablation,noPen,1000,5-0.5-P,3,0.8849,270277,5,intensifier
ablation,noPen,1000,5-0.5-P,3,0.9152,270571,5,intensifier
ablation,noPen,1000,5-0.5-P,3,0.9437,270723,5,intensifier
ablation,noPen,1000,5-0.5-P,3,0.9739,270758,5,intensifier
ablation,noPen,1000,5-0.5-P,3,1.0044,271218,5,intensifier
ablation,noPen,1000,5-0.5-P,3,1.5323,271344,5,intensifier
ablation,noPen,1000,5-0.5-P,3,1.5623,271351,5,intensifier
ablation,noPen,1000,5-0.5-P,3,1.8290,271425,5,intensifier
ablation,noPen,1000,5-0.5-P,3,1.8589,271491,5,intensifier
ablation,noPen,1000,5-0.5-P,3,2.0360,271727,5,intensifier
ablation,noPen,1000,5-0.5-P,3,2.3001,271734,33,intensifier
ablation,noPen,1000,5-0.5-P,3,2.3294,271786,33,intensifier
ablation,noPen,1000,5-0.5-P,3,2.5346,271858,33,intensifier
ablation,noPen,1000,5-0.5-P,3,2.5944,271878,33,intensifier
ablation,noPen,1000,5-0.5-P,3,2.6243,271944,33,intensifier
ablation,noPen,1000,5-0.5-P,3,2.6838,272162,33,intensifier
ablation,noPen,1000,5-0.5-P,3,3.0935,272210,33,intensifier
ablation,noPen,1000,5-0.5-P,3,4.4769,272388,33,intensifier
ablation,noPen,1000,5-0.5-P,3,5.2396,272427,33,intensifier
ablation,noPen,1000,5-0.5-P,3,5.9686,272512,33,intensifier
ablation,noPen,1000,5-0.5-P,3,5.9982,272573,33,intensifier
ablation,noPen,1000,5-0.5-P,3,7.8431,272585,33,intensifier
ablation,noPen,1000,5-0.5-P,3,7.8729,272699,33,intensifier
ablation,noPen,1000,5-0.5-P,3,14.5997,272776,33,intensifier
ablation,noPen,1000,5-0.5-P,3,15.0708,272795,33,intensifier
ablation,noPen,1000,5-0.5-P,3,16.3916,272890,33,intensifier
ablation,noPen,1000,5-0.5-P,3,18.6272,272943,33,intensifier
ablation,noPen,1000,5-0.5-P,3,21.9484,273062,33,intensifier
ablation,noPen,1000,5-0.5-P,3,23.5030,273129,33,intensifier
ablation,noPen,1000,5-0.5-P,3,28.8970,273140,33,intensifier
ablation,noPen,1000,5-0.5-P,3,30.6728,273303,35,intensifier
ablation,noPen,1000,5-0.5-P,3,66.6026,273374,20,intensifier
ablation,noPen,1000,5-0.5-P,3,77.4285,273389,6,intensifier
ablation,noPen,1000,5-0.5-P,3,78.7175,273396,7,intensifier
ablation,noPen,1000,5-0.5-P,3,83.0906,273456,50,intensifier
ablation,noPen,1000,5-0.5-P,3,159.2382,273465,15,intensifier
ablation,noPen,1000,5-0.5-P,3,179.7766,273474,9,intensifier
ablation,noPen,1000,5-0.5-P,3,182.5688,273536,20,intensifier
ablation,noPen,1000,5-0.5-P,3,208.5385,273641,61,intensifier
ablation,noPen,1000,5-0.5-P,3,260.8498,273681,41,intensifier
ablation,noPen,1000,5-0.5-P,3,322.5985,273752,8,intensifier
ablation,noPen,1000,5-0.5-P,3,569.4489,273780,20,intensifier
ablation,noPen,1000,2-0.5-M,1,0.4613,51125,20,intensifier
ablation,noPen,1000,2-0.5-M,1,0.5184,52616,9,intensifier
ablation,noPen,1000,2-0.5-M,1,0.5481,52855,9,intensifier
ablation,noPen,1000,2-0.5-M,1,0.5778,53300,9,intensifier
ablation,noPen,1000,2-0.5-M,1,0.6074,53464,9,intensifier
ablation,noPen,1000,2-0.5-M,1,0.6957,53618,43,intensifier
ablation,noPen,1000,2-0.5-M,1,0.7250,53648,9,intensifier
ablation,noPen,1000,2-0.5-M,1,0.7545,54137,9,intensifier
ablation,noPen,1000,2-0.5-M,1,0.7845,54482,9,intensifier
ablation,noPen,1000,2-0.5-M,1,0.9037,54596,9,intensifier
ablation,noPen,1000,2-0.5-M,1,0.9337,54691,9,intensifier
ablation,noPen,1000,2-0.5-M,1,1.0527,54698,9,intensifier
ablation,noPen,1000,2-0.5-M,1,1.0829,54911,9,intensifier
ablation,noPen,1000,2-0.5-M,1,1.1712,55330,9,intensifier
ablation,noPen,1000,2-0.5-M,1,1.2311,55807,9,intensifier
ablation,noPen,1000,2-0.5-M,1,1.2904,56006,9,intensifier
ablation,noPen,1000,2-0.5-M,1,1.5257,56282,9,intensifier
ablation,noPen,1000,2-0.5-M,1,1.5558,56378,9,intensifier
ablation,noPen,1000,2-0.5-M,1,2.4650,56534,9,intensifier
ablation,noPen,1000,2-0.5-M,1,2.6400,56747,9,intensifier
ablation,noPen,1000,2-0.5-M,1,3.3142,56793,9,intensifier
ablation,noPen,1000,2-0.5-M,1,4.3725,56803,9,intensifier
ablation,noPen,1000,2-0.5-M,1,5.6395,56875,9,intensifier
ablation,noPen,1000,2-0.5-M,1,5.6691,56952,9,intensifier
ablation,noPen,1000,2-0.5-M,1,8.2294,56970,9,intensifier
ablation,noPen,1000,2-0.5-M,1,9.1068,56998,9,intensifier
ablation,noPen,1000,2-0.5-M,1,9.7789,57137,9,intensifier
ablation,noPen,1000,2-0.5-M,1,14.3630,57157,9,intensifier
ablation,noPen,1000,2-0.5-M,1,15.5665,57186,32,intensifier
ablation,noPen,1000,2-0.5-M,1,18.0263,57280,32,intensifier
ablation,noPen,1000,2-0.5-M,1,18.0551,57282,32,intensifier
ablation,noPen,1000,2-0.5-M,1,18.0860,57310,32,intensifier
ablation,noPen,1000,2-0.5-M,1,18.9069,57328,32,intensifier
ablation,noPen,1000,2-0.5-M,1,28.2977,57412,41,intensifier
ablation,noPen,1000,2-0.5-M,1,31.8126,57589,35,intensifier
ablation,noPen,1000,2-0.5-M,1,85.2542,57682,38,intensifier
ablation,noPen,1000,2-0.5-M,1,90.0376,57765,38,intensifier
ablation,noPen,1000,2-0.5-M,1,177.9837,57876,48,intensifier
ablation,noPen,1000,2-0.5-M,1,390.6677,57927,45,intensifier
ablation,noPen,1000,2-0.5-M,1,404.1669,57957,51,intensifier
ablation,noPen,1000,2-0.5-M,1,541.7546,57966,5,intensifier
ablation,noPen,1000,2-0.5-M,2,0.4562,51969,36,intensifier
ablation,noPen,1000,2-0.5-M,2,0.5147,52719,36,intensifier
ablation,noPen,1000,2-0.5-M,2,0.5449,52792,36,intensifier
ablation,noPen,1000,2-0.5-M,2,0.5753,52963,35,intensifier
ablation,noPen,1000,2-0.5-M,2,0.6042,53570,11,intensifier
ablation,noPen,1000,2-0.5-M,2,0.6348,54131,11,intensifier
ablation,noPen,1000,2-0.5-M,2,0.6638,54628,11,intensifier
ablation,noPen,1000,2-0.5-M,2,0.6927,54642,11,intensifier
ablation,noPen,1000,2-0.5-M,2,0.7222,54917,11,intensifier
ablation,noPen,1000,2-0.5-M,2,0.9266,55504,11,intensifier
ablation,noPen,1000,2-0.5-M,2,1.0151,55607,11,intensifier
ablation,noPen,1000,2-0.5-M,2,1.0452,55700,11,intensifier
ablation,noPen,1000,2-0.5-M,2,1.2532,55826,11,intensifier
ablation,noPen,1000,2-0.5-M,2,1.2834,55881,11,intensifier
ablation,noPen,1000,2-0.5-M,2,1.4329,55898,11,intensifier
ablation,noPen,1000,2-0.5-M,2,1.4902,55909,11,intensifier
ablation,noPen,1000,2-0.5-M,2,1.5197,55958,11,intensifier
ablation,noPen,1000,2-0.5-M,2,1.7829,55973,11,intensifier
ablation,noPen,1000,2-0.5-M,2,2.6634,56104,11,intensifier
ablation,noPen,1000,2-0.5-M,2,2.9266,56281,11,intensifier
ablation,noPen,1000,2-0.5-M,2,2.9565,56415,11,intensifier
ablation,noPen,1000,2-0.5-M,2,3.5433,56447,11,intensifier
ablation,noPen,1000,2-0.5-M,2,3.8373,56558,11,intensifier
ablation,noPen,1000,2-0.5-M,2,3.8667,56930,11,intensifier
ablation,noPen,1000,2-0.5-M,2,4.8043,57031,11,intensifier
ablation,noPen,1000,2-0.5-M,2,9.5291,57237,18,intensifier
ablation,noPen,1000,2-0.5-M,2,10.6754,57263,18,intensifier
ablation,noPen,1000,2-0.5-M,2,13.0192,57377,25,intensifier
ablation,noPen,1000,2-0.5-M,2,39.0969,57385,20,intensifier
ablation,noPen,1000,2-0.5-M,2,44.2539,57508,40,intensifier
ablation,noPen,1000,2-0.5-M,2,47.9410,57561,40,intensifier
ablation,noPen,1000,2-0.5-M,2,88.4358,57569,43,intensifier
ablation,noPen,1000,2-0.5-M,2,89.0805,57573,18,intensifier
ablation,noPen,1000,2-0.5-M,2,90.2781,57576,18,intensifier
ablation,noPen,1000,2-0.5-M,2,90.9864,57597,43,intensifier
ablation,noPen,1000,2-0.5-M,2,91.9550,57642,21,intensifier
ablation,noPen,1000,2-0.5-M,2,168.1448,57700,24,intensifier
ablation,noPen,1000,2-0.5-M,2,208.7691,57701,52,intensifier
ablation,noPen,1000,2-0.5-M,2,404.0839,57732,42,intensifier
ablation,noPen,1000,2-0.5-M,2,412.3546,57733,8,intensifier
ablation,noPen,1000,2-0.5-M,2,412.5599,57747,20,intensifier
ablation,noPen,1000,2-0.5-M,2,429.4857,57751,61,intensifier
ablation,noPen,1000,2-0.5-M,2,442.5916,57773,38,intensifier
ablation,noPen,1000,2-0.5-M,2,474.1259,57832,15,intensifier
ablation,noPen,1000,2-0.5-M,3,0.4647,50930,75,explorer
ablation,noPen,1000,2-0.5-M,3,0.5222,53085,61,intensifier
ablation,noPen,1000,2-0.5-M,3,0.5506,53615,61,intensifier
ablation,noPen,1000,2-0.5-M,3,0.5805,53785,61,intensifier
ablation,noPen,1000,2-0.5-M,3,0.6105,53796,61,intensifier
ablation,noPen,1000,2-0.5-M,3,0.6405,54401,61,intensifier
ablation,noPen,1000,2-0.5-M,3,0.7886,54490,61,intensifier
ablation,noPen,1000,2-0.5-M,3,0.8469,55014,81,explorer
ablation,noPen,1000,2-0.5-M,3,1.8762,55030,13,intensifier
ablation,noPen,1000,2-0.5-M,3,1.9356,55062,13,intensifier
ablation,noPen,1000,2-0.5-M,3,1.9942,55229,8,intensifier
ablation,noPen,1000,2-0.5-M,3,2.1407,55405,8,intensifier
ablation,noPen,1000,2-0.5-M,3,2.1697,55556,8,intensifier
ablation,noPen,1000,2-0.5-M,3,2.1991,55876,65,explorer
ablation,noPen,1000,2-0.5-M,3,2.2277,56158,65,explorer
ablation,noPen,1000,2-0.5-M,3,16.3219,56215,11,intensifier
ablation,noPen,1000,2-0.5-M,3,16.3527,56291,11,intensifier
ablation,noPen,1000,2-0.5-M,3,17.3748,56388,11,intensifier
ablation,noPen,1000,2-0.5-M,3,17.4039,56517,11,intensifier
ablation,noPen,1000,2-0.5-M,3,17.5822,56759,11,intensifier
ablation,noPen,1000,2-0.5-M,3,18.0528,56805,11,intensifier
ablation,noPen,1000,2-0.5-M,3,20.1305,56838,11,intensifier
ablation,noPen,1000,2-0.5-M,3,20.1599,56916,11,intensifier
ablation,noPen,1000,2-0.5-M,3,23.7548,57009,11,intensifier
ablation,noPen,1000,2-0.5-M,3,25.7426,57034,11,intensifier
ablation,noPen,1000,2-0.5-M,3,30.1299,57179,57,intensifier
ablation,noPen,1000,2-0.5-M,3,32.2443,57186,57,intensifier
ablation,noPen,1000,2-0.5-M,3,32.5356,57187,37,intensifier
ablation,noPen,1000,2-0.5-M,3,32.5649,57327,37,intensifier
ablation,noPen,1000,2-0.5-M,3,46.1638,57328,41,intensifier
ablation,noPen,1000,2-0.5-M,3,46.3989,57331,37,intensifier
ablation,noPen,1000,2-0.5-M,3,47.1009,57399,41,intensifier
ablation,noPen,1000,2-0.5-M,3,47.6008,57426,41,intensifier
ablation,noPen,1000,2-0.5-M,3,52.4513,57504,48,intensifier
ablation,noPen,1000,2-0.5-M,3,53.7715,57653,59,intensifier
ablation,noPen,1000,2-0.5-M,3,58.2982,57695,59,intensifier
ablation,noPen,1000,2-0.5-M,3,82.5474,57709,24,intensifier
ablation,noPen,1000,2-0.5-M,3,107.7315,57729,0,intensifier
ablation,noPen,1000,2-0.5-M,3,119.0213,57774,52,intensifier
ablation,noPen,1000,2-0.5-M,3,128.0861,57840,62,intensifier
ablation,noPen,1000,2-0.5-M,3,301.4265,57845,48,intensifier
ablation,noPen,1000,2-0.5-M,3,410.9242,57890,21,intensifier
ablation,noPen,1000,2-0.5-M,3,515.5470,58005,26,intensifier
ablation,noPen,1000,2-0.5-M,3,521.1457,58023,51,intensifier
ablation,noPen,1000,6-0.75-P,1,0.1048,318518,20,intensifier
ablation,noPen,1000,6-0.75-P,1,0.3069,344974,50,intensifier
ablation,noPen,1000,6-0.75-P,1,0.3376,345717,50,intensifier
ablation,noPen,1000,6-0.75-P,1,0.3656,346121,60,intensifier
ablation,noPen,1000,6-0.75-P,1,0.3956,346725,50,intensifier
ablation,noPen,1000,6-0.75-P,1,0.4257,347100,50,intensifier
ablation,noPen,1000,6-0.75-P,1,0.4857,347213,47,intensifier
ablation,noPen,1000,6-0.75-P,1,0.5159,347392,47,intensifier
ablation,noPen,1000,6-0.75-P,1,0.5461,347537,47,intensifier
ablation,noPen,1000,6-0.75-P,1,0.5763,347855,47,intensifier
ablation,noPen,1000,6-0.75-P,1,0.6065,347941,47,intensifier
ablation,noPen,1000,6-0.75-P,1,0.6368,348027,47,intensifier
ablation,noPen,1000,6-0.75-P,1,0.6659,348240,47,intensifier
ablation,noPen,1000,6-0.75-P,1,0.7574,348419,47,intensifier
ablation,noPen,1000,6-0.75-P,1,0.7868,348454,47,intensifier
ablation,noPen,1000,6-0.75-P,1,1.0222,348555,47,intensifier
ablation,noPen,1000,6-0.75-P,1,1.0529,348649,47,intensifier
ablation,noPen,1000,6-0.75-P,1,1.1704,348860,47,intensifier
ablation,noPen,1000,6-0.75-P,1,1.2289,349036,47,intensifier
ablation,noPen,1000,6-0.75-P,1,1.4634,349156,47,intensifier
ablation,noPen,1000,6-0.75-P,1,1.8430,349285,47,intensifier
ablation,noPen,1000,6-0.75-P,1,1.9322,349523,47,intensifier
ablation,noPen,1000,6-0.75-P,1,3.2886,349599,47,intensifier
ablation,noPen,1000,6-0.75-P,1,4.4741,349606,47,intensifier
ablation,noPen,1000,6-0.75-P,1,4.5938,349709,47,intensifier
ablation,noPen,1000,6-0.75-P,1,7.3750,349770,47,intensifier
ablation,noPen,1000,6-0.75-P,1,8.1075,349782,47,intensifier
ablation,noPen,1000,6-0.75-P,1,8.7308,349803,36,intensifier
ablation,noPen,1000,6-0.75-P,1,9.5584,349824,36,intensifier
ablation,noPen,1000,6-0.75-P,1,9.6472,350010,36,intensifier
ablation,noPen,1000,6-0.75-P,1,13.0456,350108,17,intensifier
ablation,noPen,1000,6-0.75-P,1,13.0748,350227,17,intensifier
ablation,noPen,1000,6-0.75-P,1,14.1109,350277,17,intensifier
ablation,noPen,1000,6-0.75-P,1,16.0396,350301,17,intensifier
ablation,noPen,1000,6-0.75-P,1,19.9130,350440,17,intensifier
ablation,noPen,1000,6-0.75-P,1,63.9801,350535,62,intensifier
ablation,noPen,1000,6-0.75-P,1,356.0162,350592,25,intensifier
ablation,noPen,1000,6-0.75-P,1,360.3031,350691,21,intensifier
ablation,noPen,1000,6-0.75-P,1,365.5728,350730,4,intensifier
ablation,noPen,1000,6-0.75-P,1,443.5293,350746,4,intensifier
ablation,noPen,1000,6-0.75-P,1,446.6289,350760,20,intensifier
ablation,noPen,1000,6-0.75-P,2,0.1079,320110,25,intensifier
ablation,noPen,1000,6-0.75-P,2,0.3175,344447,28,intensifier
ablation,noPen,1000,6-0.75-P,2,0.3458,344612,28,intensifier
ablation,noPen,1000,6-0.75-P,2,0.3759,345395,39,intensifier
ablation,noPen,1000,6-0.75-P,2,0.4061,346636,39,intensifier
ablation,noPen,1000,6-0.75-P,2,0.4352,346932,39,intensifier
ablation,noPen,1000,6-0.75-P,2,0.4652,346937,28,intensifier
ablation,noPen,1000,6-0.75-P,2,0.4958,347332,39,intensifier
ablation,noPen,1000,6-0.75-P,2,0.5545,347980,37,intensifier
ablation,noPen,1000,6-0.75-P,2,0.6129,348297,37,intensifier
ablation,noPen,1000,6-0.75-P,2,0.6422,348398,37,intensifier
ablation,noPen,1000,6-0.75-P,2,0.7599,348927,37,intensifier
ablation,noPen,1000,6-0.75-P,2,0.8195,349077,37,intensifier
ablation,noPen,1000,6-0.75-P,2,1.4357,349104,37,intensifier
ablation,noPen,1000,6-0.75-P,2,1.4659,349144,37,intensifier
ablation,noPen,1000,6-0.75-P,2,1.4954,349364,37,intensifier
ablation,noPen,1000,6-0.75-P,2,1.9361,349405,37,intensifier
ablation,noPen,1000,6-0.75-P,2,1.9955,349600,37,intensifier
ablation,noPen,1000,6-0.75-P,2,2.2574,349652,37,intensifier
ablation,noPen,1000,6-0.75-P,2,2.6713,349887,37,intensifier
ablation,noPen,1000,6-0.75-P,2,7.2445,349903,37,intensifier
ablation,noPen,1000,6-0.75-P,2,7.6615,349904,37,intensifier
ablation,noPen,1000,6-0.75-P,2,7.7207,349926,37,intensifier
ablation,noPen,1000,6-0.75-P,2,8.4314,350000,37,intensifier
ablation,noPen,1000,6-0.75-P,2,8.5819,350101,37,intensifier
ablation,noPen,1000,6-0.75-P,2,8.6112,350145,37,intensifier
ablation,noPen,1000,6-0.75-P,2,11.8025,350161,37,intensifier
ablation,noPen,1000,6-0.75-P,2,53.7187,350181,42,intensifier
ablation,noPen,1000,6-0.75-P,2,55.1995,350272,42,intensifier
ablation,noPen,1000,6-0.75-P,2,58.8509,350404,42,intensifier
ablation,noPen,1000,6-0.75-P,2,61.9329,350458,42,intensifier
ablation,noPen,1000,6-0.75-P,2,110.7496,350638,40,intensifier
ablation,noPen,1000,6-0.75-P,2,183.8324,350791,55,intensifier
ablation,noPen,1000,6-0.75-P,2,552.4279,350810,54,intensifier
ablation,noPen,1000,6-0.75-P,2,566.7730,350822,31,intensifier
ablation,noPen,1000,6-0.75-P,3,0.1101,320506,22,intensifier
ablation,noPen,1000,6-0.75-P,3,0.2981,345153,22,intensifier
ablation,noPen,1000,6-0.75-P,3,0.3292,345399,22,intensifier
ablation,noPen,1000,6-0.75-P,3,0.3894,345965,22,intensifier
ablation,noPen,1000,6-0.75-P,3,0.4178,346690,47,intensifier
ablation,noPen,1000,6-0.75-P,3,0.4474,347253,22,intensifier
ablation,noPen,1000,6-0.75-P,3,0.5941,347617,22,intensifier
ablation,noPen,1000,6-0.75-P,3,0.6246,347791,22,intensifier
ablation,noPen,1000,6-0.75-P,3,0.6835,348100,22,intensifier
ablation,noPen,1000,6-0.75-P,3,0.8294,348107,22,intensifier
ablation,noPen,1000,6-0.75-P,3,0.8885,348314,22,intensifier
ablation,noPen,1000,6-0.75-P,3,0.9193,348445,22,intensifier
ablation,noPen,1000,6-0.75-P,3,1.1270,348592,22,intensifier
ablation,noPen,1000,6-0.75-P,3,1.1567,349005,22,intensifier
ablation,noPen,1000,6-0.75-P,3,1.8945,349156,22,intensifier
ablation,noPen,1000,6-0.75-P,3,2.0139,349268,22,intensifier
ablation,noPen,1000,6-0.75-P,3,2.1920,349270,22,intensifier
ablation,noPen,1000,6-0.75-P,3,3.0758,349327,22,intensifier
ablation,noPen,1000,6-0.75-P,3,3.2533,349432,22,intensifier
ablation,noPen,1000,6-0.75-P,3,3.8420,349522,22,intensifier
ablation,noPen,1000,6-0.75-P,3,6.0266,349651,22,intensifier
ablation,noPen,1000,6-0.75-P,3,6.1766,349661,22,intensifier
ablation,noPen,1000,6-0.75-P,3,6.3549,349700,22,intensifier
ablation,noPen,1000,6-0.75-P,3,9.4855,349727,22,intensifier
ablation,noPen,1000,6-0.75-P,3,10.7535,349791,22,intensifier
ablation,noPen,1000,6-0.75-P,3,11.1666,349808,22,intensifier
ablation,noPen,1000,6-0.75-P,3,11.9069,349873,22,intensifier
ablation,noPen,1000,6-0.75-P,3,13.4135,349875,22,intensifier
ablation,noPen,1000,6-0.75-P,3,13.9473,349928,22,intensifier
ablation,noPen,1000,6-0.75-P,3,14.3328,349950,22,intensifier
ablation,noPen,1000,6-0.75-P,3,37.0562,349996,47,intensifier
ablation,noPen,1000,6-0.75-P,3,37.6746,350135,47,intensifier
ablation,noPen,1000,6-0.75-P,3,37.8840,350173,47,intensifier
ablation,noPen,1000,6-0.75-P,3,38.3559,350208,47,intensifier
ablation,noPen,1000,6-0.75-P,3,88.2872,350229,10,intensifier
ablation,noPen,1000,6-0.75-P,3,93.1478,350274,10,intensifier
ablation,noPen,1000,6-0.75-P,3,93.7133,350281,53,intensifier
ablation,noPen,1000,6-0.75-P,3,94.9253,350414,53,intensifier
ablation,noPen,1000,6-0.75-P,3,98.9510,350455,27,intensifier
ablation,noPen,1000,6-0.75-P,3,98.9813,350544,27,intensifier
ablation,noPen,1000,6-0.75-P,3,111.9167,350596,28,intensifier
ablation,noPen,1000,6-0.75-P,3,163.1848,350708,13,intensifier
ablation,noPen,1000,6-0.75-P,3,219.5293,350737,50,intensifier
ablation,noPen,1000,6-0.75-P,3,347.1231,350748,16,intensifier
ablation,noPen,1000,6-0.75-P,3,527.5650,350801,39,intensifier
ablation,noPen,1000,3-0.75-M,1,0.1114,11321,38,intensifier
ablation,noPen,1000,3-0.75-M,1,0.3016,32825,10,intensifier
ablation,noPen,1000,3-0.75-M,1,0.3316,34020,10,intensifier
ablation,noPen,1000,3-0.75-M,1,0.3610,34430,10,intensifier
ablation,noPen,1000,3-0.75-M,1,0.3903,34881,10,intensifier
ablation,noPen,1000,3-0.75-M,1,0.4202,35549,10,intensifier
ablation,noPen,1000,3-0.75-M,1,0.4502,35835,10,intensifier
ablation,noPen,1000,3-0.75-M,1,0.5996,36063,10,intensifier
ablation,noPen,1000,3-0.75-M,1,0.8058,36297,10,intensifier
ablation,noPen,1000,3-0.75-M,1,1.1025,36394,10,intensifier
ablation,noPen,1000,3-0.75-M,1,1.1320,36544,10,intensifier
ablation,noPen,1000,3-0.75-M,1,1.4855,36636,10,intensifier
ablation,noPen,1000,3-0.75-M,1,1.7222,36777,10,intensifier
ablation,noPen,1000,3-0.75-M,1,1.7523,36789,10,intensifier
ablation,noPen,1000,3-0.75-M,1,2.2279,36918,10,intensifier
ablation,noPen,1000,3-0.75-M,1,2.5524,36993,10,intensifier
ablation,noPen,1000,3-0.75-M,1,2.9352,37076,10,intensifier
ablation,noPen,1000,3-0.75-M,1,3.3799,37136,10,intensifier
ablation,noPen,1000,3-0.75-M,1,4.4479,37201,10,intensifier
ablation,noPen,1000,3-0.75-M,1,4.5363,37251,10,intensifier
ablation,noPen,1000,3-0.75-M,1,6.6033,37269,16,intensifier
ablation,noPen,1000,3-0.75-M,1,7.2513,37338,46,intensifier
ablation,noPen,1000,3-0.75-M,1,7.9914,37376,46,intensifier
ablation,noPen,1000,3-0.75-M,1,9.2562,37392,46,intensifier
ablation,noPen,1000,3-0.75-M,1,12.5324,37472,46,intensifier
ablation,noPen,1000,3-0.75-M,1,12.7401,37497,46,intensifier
ablation,noPen,1000,3-0.75-M,1,12.8281,37539,46,intensifier
ablation,noPen,1000,3-0.75-M,1,15.6673,37545,46,intensifier
ablation,noPen,1000,3-0.75-M,1,19.1291,37560,48,intensifier
ablation,noPen,1000,3-0.75-M,1,24.9108,37768,0,intensifier
ablation,noPen,1000,3-0.75-M,1,33.8115,37908,31,intensifier
ablation,noPen,1000,3-0.75-M,1,156.0331,37942,47,intensifier
ablation,noPen,1000,3-0.75-M,1,175.9811,37975,52,intensifier
ablation,noPen,1000,3-0.75-M,2,0.1072,10109,72,explorer
ablation,noPen,1000,3-0.75-M,2,0.3010,32838,40,intensifier
ablation,noPen,1000,3-0.75-M,2,0.3315,33636,40,intensifier
ablation,noPen,1000,3-0.75-M,2,0.3608,33902,40,intensifier
ablation,noPen,1000,3-0.75-M,2,0.3901,34645,65,explorer
ablation,noPen,1000,3-0.75-M,2,0.4192,34926,65,explorer
ablation,noPen,1000,3-0.75-M,2,0.4494,35000,38,intensifier
ablation,noPen,1000,3-0.75-M,2,0.4796,35031,38,intensifier
ablation,noPen,1000,3-0.75-M,2,0.5098,35653,38,intensifier
ablation,noPen,1000,3-0.75-M,2,0.5700,35768,38,intensifier
ablation,noPen,1000,3-0.75-M,2,0.6279,35941,38,intensifier
ablation,noPen,1000,3-0.75-M,2,0.8635,36142,38,intensifier
ablation,noPen,1000,3-0.75-M,2,0.8943,36205,38,intensifier
ablation,noPen,1000,3-0.75-M,2,0.9234,36456,38,intensifier
ablation,noPen,1000,3-0.75-M,2,1.2203,36569,38,intensifier
ablation,noPen,1000,3-0.75-M,2,1.2502,36666,38,intensifier
ablation,noPen,1000,3-0.75-M,2,1.2796,36812,38,intensifier
ablation,noPen,1000,3-0.75-M,2,1.5154,36869,38,intensifier
ablation,noPen,1000,3-0.75-M,2,2.0207,36886,38,intensifier
ablation,noPen,1000,3-0.75-M,2,2.0519,36988,38,intensifier
ablation,noPen,1000,3-0.75-M,2,2.6135,37055,38,intensifier
ablation,noPen,1000,3-0.75-M,2,2.9968,37168,38,intensifier
ablation,noPen,1000,3-0.75-M,2,5.6878,37205,38,intensifier
ablation,noPen,1000,3-0.75-M,2,5.7178,37401,38,intensifier
ablation,noPen,1000,3-0.75-M,2,8.5195,37501,38,intensifier
ablation,noPen,1000,3-0.75-M,2,12.5426,37519,18,intensifier
ablation,noPen,1000,3-0.75-M,2,14.6419,37522,18,intensifier
ablation,noPen,1000,3-0.75-M,2,24.8655,37535,16,intensifier
ablation,noPen,1000,3-0.75-M,2,48.7920,37612,50,intensifier
ablation,noPen,1000,3-0.75-M,2,55.8454,37613,58,intensifier
ablation,noPen,1000,3-0.75-M,2,55.9939,37759,1,intensifier
ablation,noPen,1000,3-0.75-M,2,195.8510,37790,47,intensifier
ablation,noPen,1000,3-0.75-M,2,274.0480,37859,1,intensifier
ablation,noPen,1000,3-0.75-M,2,307.7162,37925,62,intensifier
ablation,noPen,1000,3-0.75-M,2,514.8725,37945,60,intensifier
ablation,noPen,1000,3-0.75-M,3,0.5061,34938,0,intensifier
ablation,noPen,1000,3-0.75-M,3,0.5350,35231,26,intensifier
ablation,noPen,1000,3-0.75-M,3,0.5941,35680,26,intensifier
ablation,noPen,1000,3-0.75-M,3,0.6535,35986,26,intensifier
ablation,noPen,1000,3-0.75-M,3,0.7136,36006,26,intensifier
ablation,noPen,1000,3-0.75-M,3,0.7431,36083,26,intensifier
ablation,noPen,1000,3-0.75-M,3,0.7728,36334,26,intensifier
ablation,noPen,1000,3-0.75-M,3,0.8315,36437,26,intensifier
ablation,noPen,1000,3-0.75-M,3,0.9485,36504,26,intensifier
ablation,noPen,1000,3-0.75-M,3,0.9781,36529,26,intensifier
ablation,noPen,1000,3-0.75-M,3,1.0659,36657,26,intensifier
ablation,noPen,1000,3-0.75-M,3,1.2730,36853,26,intensifier
ablation,noPen,1000,3-0.75-M,3,1.3037,36924,26,intensifier
ablation,noPen,1000,3-0.75-M,3,1.3335,37012,26,intensifier
ablation,noPen,1000,3-0.75-M,3,1.3633,37217,26,intensifier
ablation,noPen,1000,3-0.75-M,3,2.0425,37390,26,intensifier
ablation,noPen,1000,3-0.75-M,3,22.8808,37392,26,intensifier
ablation,noPen,1000,3-0.75-M,3,24.7441,37490,26,intensifier
ablation,noPen,1000,3-0.75-M,3,27.1314,37652,20,intensifier
ablation,noPen,1000,3-0.75-M,3,53.2036,37850,15,intensifier
ablation,noPen,1000,3-0.75-M,3,87.3205,37884,48,intensifier
ablation,noPen,1000,3-0.75-M,3,208.5963,37931,28,intensifier
ablation,noPen,1000,3-0.75-M,3,243.4771,37959,0,intensifier
ablation,noPen,1000,3-0.75-M,3,418.7388,37969,37,intensifier
ablation,noPen,1000,3-0.75-M,3,498.0001,38026,18,intensifier
ablation,noExp,1000,4-0.25-P,1,0.6146,134086,36,intensifier
ablation,noExp,1000,4-0.25-P,1,0.7073,134237,64,intensifier
ablation,noExp,1000,4-0.25-P,1,0.7371,134591,64,intensifier
ablation,noExp,1000,4-0.25-P,1,0.7668,134613,64,intensifier
ablation,noExp,1000,4-0.25-P,1,1.0897,134871,36,intensifier
ablation,noExp,1000,4-0.25-P,1,1.3866,134908,36,intensifier
ablation,noExp,1000,4-0.25-P,1,1.4453,134918,36,intensifier
ablation,noExp,1000,4-0.25-P,1,1.4751,134995,5,intensifier
ablation,noExp,1000,4-0.25-P,1,1.5347,135110,5,intensifier
ablation,noExp,1000,4-0.25-P,1,1.8302,135168,5,intensifier
ablation,noExp,1000,4-0.25-P,1,2.0961,135209,5,intensifier
ablation,noExp,1000,4-0.25-P,1,2.3622,135281,5,intensifier
ablation,noExp,1000,4-0.25-P,1,2.5696,135361,5,intensifier
ablation,noExp,1000,4-0.25-P,1,2.6285,135374,5,intensifier
ablation,noExp,1000,4-0.25-P,1,3.1886,135491,5,intensifier
ablation,noExp,1000,4-0.25-P,1,3.2185,135676,5,intensifier
ablation,noExp,1000,4-0.25-P,1,3.2801,136038,5,intensifier
ablation,noExp,1000,4-0.25-P,1,3.3093,136076,5,intensifier
ablation,noExp,1000,4-0.25-P,1,3.3394,136149,5,intensifier
ablation,noExp,1000,4-0.25-P,1,3.3696,136304,5,intensifier
ablation,noExp,1000,4-0.25-P,1,5.9050,136335,5,intensifier
ablation,noExp,1000,4-0.25-P,1,6.2898,136522,5,intensifier
ablation,noExp,1000,4-0.25-P,1,8.3824,136566,5,intensifier
ablation,noExp,1000,4-0.25-P,1,10.2302,136598,5,intensifier
ablation,noExp,1000,4-0.25-P,1,10.6996,136666,41,intensifier
ablation,noExp,1000,4-0.25-P,1,19.6884,136675,0,intensifier
ablation,noExp,1000,4-0.25-P,1,19.9239,136760,61,intensifier
ablation,noExp,1000,4-0.25-P,1,21.2534,136849,24,intensifier
ablation,noExp,1000,4-0.25-P,1,26.4858,136879,26,intensifier
ablation,noExp,1000,4-0.25-P,1,27.5531,136934,29,intensifier
ablation,noExp,1000,4-0.25-P,1,28.4324,136937,55,intensifier
ablation,noExp,1000,4-0.25-P,1,31.9321,136969,48,intensifier
ablation,noExp,1000,4-0.25-P,1,37.8584,137025,10,intensifier
ablation,noExp,1000,4-0.25-P,1,42.1609,137051,6,intensifier
ablation,noExp,1000,4-0.25-P,1,56.8683,137139,37,intensifier
ablation,noExp,1000,4-0.25-P,1,161.3844,137148,3,intensifier
ablation,noExp,1000,4-0.25-P,1,176.9236,137161,3,intensifier
ablation,noExp,1000,4-0.25-P,1,178.1048,137262,71,intensifier
ablation,noExp,1000,4-0.25-P,1,356.4290,137308,44,intensifier
ablation,noExp,1000,4-0.25-P,1,484.3395,137352,24,intensifier
ablation,noExp,1000,4-0.25-P,1,524.9498,137402,26,intensifier
ablation,noExp,1000,4-0.25-P,2,0.5929,134353,64,intensifier
ablation,noExp,1000,4-0.25-P,2,0.7150,134391,64,intensifier
ablation,noExp,1000,4-0.25-P,2,0.7454,134453,64,intensifier
ablation,noExp,1000,4-0.25-P,2,0.7763,134464,64,intensifier
ablation,noExp,1000,4-0.25-P,2,0.8057,134740,64,intensifier
ablation,noExp,1000,4-0.25-P,2,0.8353,134818,64,intensifier
ablation,noExp,1000,4-0.25-P,2,0.8655,134934,64,intensifier
ablation,noExp,1000,4-0.25-P,2,0.8948,134942,64,intensifier
ablation,noExp,1000,4-0.25-P,2,0.9241,134971,64,intensifier
ablation,noExp,1000,4-0.25-P,2,0.9541,135030,64,intensifier
ablation,noExp,1000,4-0.25-P,2,1.1324,135044,64,intensifier
ablation,noExp,1000,4-0.25-P,2,1.2209,135051,64,intensifier
ablation,noExp,1000,4-0.25-P,2,1.4579,135134,57,intensifier
ablation,noExp,1000,4-0.25-P,2,1.5459,135373,57,intensifier
ablation,noExp,1000,4-0.25-P,2,2.0787,135478,57,intensifier
ablation,noExp,1000,4-0.25-P,2,2.1088,135587,57,intensifier
ablation,noExp,1000,4-0.25-P,2,2.4957,135755,57,intensifier
ablation,noExp,1000,4-0.25-P,2,4.1236,135840,57,intensifier
ablation,noExp,1000,4-0.25-P,2,4.6259,135887,57,intensifier
ablation,noExp,1000,4-0.25-P,2,4.9797,135896,57,intensifier
ablation,noExp,1000,4-0.25-P,2,5.0389,135903,57,intensifier
ablation,noExp,1000,4-0.25-P,2,5.1279,136009,57,intensifier
ablation,noExp,1000,4-0.25-P,2,6.4346,136040,57,intensifier
ablation,noExp,1000,4-0.25-P,2,7.0892,136228,57,intensifier
ablation,noExp,1000,4-0.25-P,2,8.0999,136306,57,intensifier
ablation,noExp,1000,4-0.25-P,2,8.5752,136334,30,intensifier
ablation,noExp,1000,4-0.25-P,2,8.8410,136345,24,intensifier
ablation,noExp,1000,4-0.25-P,2,9.4363,136548,57,intensifier
ablation,noExp,1000,4-0.25-P,2,12.7866,136617,35,intensifier
ablation,noExp,1000,4-0.25-P,2,13.7658,136712,42,intensifier
ablation,noExp,1000,4-0.25-P,2,16.3118,136721,42,intensifier
ablation,noExp,1000,4-0.25-P,2,18.5699,136948,22,intensifier
ablation,noExp,1000,4-0.25-P,2,28.1780,136965,22,intensifier
ablation,noExp,1000,4-0.25-P,2,53.7860,137022,49,intensifier
ablation,noExp,1000,4-0.25-P,2,55.7198,137037,81,intensifier
ablation,noExp,1000,4-0.25-P,2,57.7669,137105,25,intensifier
ablation,noExp,1000,4-0.25-P,2,72.9524,137236,74,intensifier
ablation,noExp,1000,4-0.25-P,2,81.9996,137467,40,intensifier
ablation,noExp,1000,4-0.25-P,2,225.7550,137488,30,intensifier
ablation,noExp,1000,4-0.25-P,2,243.1372,137515,52,intensifier
ablation,noExp,1000,4-0.25-P,2,331.1447,137566,61,intensifier
ablation,noExp,1000,4-0.25-P,2,495.1213,137589,18,intensifier
ablation,noExp,1000,4-0.25-P,2,590.8381,137590,17,intensifier
ablation,noExp,1000,4-0.25-P,3,0.5987,134415,75,intensifier
ablation,noExp,1000,4-0.25-P,3,0.6308,134811,77,intensifier
ablation,noExp,1000,4-0.25-P,3,0.6610,135040,77,intensifier
ablation,noExp,1000,4-0.25-P,3,0.6917,135152,77,intensifier
ablation,noExp,1000,4-0.25-P,3,0.7211,135237,77,intensifier
ablation,noExp,1000,4-0.25-P,3,0.8685,135309,77,intensifier
ablation,noExp,1000,4-0.25-P,3,1.1969,135346,77,intensifier
ablation,noExp,1000,4-0.25-P,3,1.2854,135471,77,intensifier
ablation,noExp,1000,4-0.25-P,3,1.3148,135798,77,intensifier
ablation,noExp,1000,4-0.25-P,3,2.6160,135989,77,intensifier
ablation,noExp,1000,4-0.25-P,3,2.7356,136108,77,intensifier
ablation,noExp,1000,4-0.25-P,3,3.2394,136330,77,intensifier
ablation,noExp,1000,4-0.25-P,3,4.6032,136458,77,intensifier
ablation,noExp,1000,4-0.25-P,3,5.4372,136548,77,intensifier
ablation,noExp,1000,4-0.25-P,3,5.4665,136571,77,intensifier
ablation,noExp,1000,4-0.25-P,3,14.4134,136759,73,intensifier
ablation,noExp,1000,4-0.25-P,3,23.2382,136770,46,intensifier
ablation,noExp,1000,4-0.25-P,3,23.3276,136821,60,intensifier
ablation,noExp,1000,4-0.25-P,3,28.9545,136897,82,intensifier
ablation,noExp,1000,4-0.25-P,3,30.9768,136917,12,intensifier
ablation,noExp,1000,4-0.25-P,3,33.4667,136948,27,intensifier
ablation,noExp,1000,4-0.25-P,3,37.7255,136968,27,intensifier
ablation,noExp,1000,4-0.25-P,3,38.3178,137006,36,intensifier
ablation,noExp,1000,4-0.25-P,3,38.7021,137051,83,intensifier
ablation,noExp,1000,4-0.25-P,3,40.0068,137084,83,intensifier
ablation,noExp,1000,4-0.25-P,3,96.4286,137167,80,intensifier
ablation,noExp,1000,4-0.25-P,3,285.3093,137210,7,intensifier
ablation,noExp,1000,4-0.25-P,3,375.4934,137237,10,intensifier
ablation,noExp,1000,4-0.25-P,3,435.0491,137254,20,intensifier
ablation,noExp,1000,4-0.25-P,3,450.0460,137302,32,intensifier
ablation,noExp,1000,4-0.25-P,3,535.7475,137308,64,intensifier
ablation,noExp,1000,4-0.25-P,3,538.2446,137387,4,intensifier
ablation,noExp,1000,6-0.25-M,1,0.4286,36959,7,intensifier
ablation,noExp,1000,6-0.25-M,1,0.4702,37002,38,intensifier
ablation,noExp,1000,6-0.25-M,1,0.5000,37400,41,intensifier
ablation,noExp,1000,6-0.25-M,1,0.5588,37692,35,intensifier
ablation,noExp,1000,6-0.25-M,1,0.6783,37805,35,intensifier
ablation,noExp,1000,6-0.25-M,1,0.7071,38021,29,intensifier
ablation,noExp,1000,6-0.25-M,1,0.7369,38127,29,intensifier
ablation,noExp,1000,6-0.25-M,1,0.7664,38490,73,intensifier
ablation,noExp,1000,6-0.25-M,1,0.7958,38871,73,intensifier
ablation,noExp,1000,6-0.25-M,1,1.4753,38957,73,intensifier
ablation,noExp,1000,6-0.25-M,1,2.4194,39079,73,intensifier
ablation,noExp,1000,6-0.25-M,1,2.5644,39172,73,intensifier
ablation,noExp,1000,6-0.25-M,1,3.0940,39455,73,intensifier
ablation,noExp,1000,6-0.25-M,1,4.2458,39467,73,intensifier
ablation,noExp,1000,6-0.25-M,1,6.1044,39508,73,intensifier
ablation,noExp,1000,6-0.25-M,1,7.9553,39554,73,intensifier
ablation,noExp,1000,6-0.25-M,1,8.2562,39805,8,intensifier
ablation,noExp,1000,6-0.25-M,1,12.7088,39817,8,intensifier
ablation,noExp,1000,6-0.25-M,1,15.3678,39842,81,intensifier
ablation,noExp,1000,6-0.25-M,1,18.1067,40114,26,intensifier
ablation,noExp,1000,6-0.25-M,1,42.4882,40281,58,intensifier
ablation,noExp,1000,6-0.25-M,1,140.0611,40289,47,intensifier
ablation,noExp,1000,6-0.25-M,1,141.9442,40357,43,intensifier
ablation,noExp,1000,6-0.25-M,1,430.1162,40482,24,intensifier
ablation,noExp,1000,6-0.25-M,1,456.6359,40520,52,intensifier
ablation,noExp,1000,6-0.25-M,1,477.1327,40533,73,intensifier
ablation,noExp,1000,6-0.25-M,1,521.6322,40598,15,intensifier
ablation,noExp,1000,6-0.25-M,2,0.6122,37413,83,intensifier
ablation,noExp,1000,6-0.25-M,2,0.6741,37978,21,intensifier
ablation,noExp,1000,6-0.25-M,2,0.7041,38358,30,intensifier
ablation,noExp,1000,6-0.25-M,2,0.7343,38434,30,intensifier
ablation,noExp,1000,6-0.25-M,2,0.7642,38447,30,intensifier
ablation,noExp,1000,6-0.25-M,2,1.0593,38584,30,intensifier
ablation,noExp,1000,6-0.25-M,2,1.0897,38800,30,intensifier
ablation,noExp,1000,6-0.25-M,2,1.1199,38882,30,intensifier
ablation,noExp,1000,6-0.25-M,2,1.2693,38897,30,intensifier
ablation,noExp,1000,6-0.25-M,2,1.7431,39222,30,intensifier
ablation,noExp,1000,6-0.25-M,2,1.8623,39464,30,intensifier
ablation,noExp,1000,6-0.25-M,2,10.8091,39545,45,intensifier
ablation,noExp,1000,6-0.25-M,2,14.5164,39635,76,intensifier
ablation,noExp,1000,6-0.25-M,2,17.2952,39638,38,intensifier
ablation,noExp,1000,6-0.25-M,2,17.3545,39739,66,intensifier
ablation,noExp,1000,6-0.25-M,2,18.0364,39904,66,intensifier
ablation,noExp,1000,6-0.25-M,2,50.0076,40012,62,intensifier
ablation,noExp,1000,6-0.25-M,2,52.0211,40173,13,intensifier
ablation,noExp,1000,6-0.25-M,2,65.3543,40204,71,intensifier
ablation,noExp,1000,6-0.25-M,2,124.9893,40270,41,intensifier
ablation,noExp,1000,6-0.25-M,2,173.9090,40337,43,intensifier
ablation,noExp,1000,6-0.25-M,2,183.1681,40381,52,intensifier
ablation,noExp,1000,6-0.25-M,2,284.4061,40466,76,intensifier
ablation,noExp,1000,6-0.25-M,3,0.6014,37654,68,intensifier
ablation,noExp,1000,6-0.25-M,3,0.6943,37856,12,intensifier
ablation,noExp,1000,6-0.25-M,3,0.7536,38251,21,intensifier
ablation,noExp,1000,6-0.25-M,3,0.7832,38308,21,intensifier
ablation,noExp,1000,6-0.25-M,3,0.9885,38649,21,intensifier
ablation,noExp,1000,6-0.25-M,3,1.5804,38669,21,intensifier
ablation,noExp,1000,6-0.25-M,3,1.6101,38756,21,intensifier
ablation,noExp,1000,6-0.25-M,3,1.7882,38808,21,intensifier
ablation,noExp,1000,6-0.25-M,3,1.9956,39081,21,intensifier
ablation,noExp,1000,6-0.25-M,3,2.0257,39181,21,intensifier
ablation,noExp,1000,6-0.25-M,3,2.1442,39200,21,intensifier
ablation,noExp,1000,6-0.25-M,3,2.2331,39253,21,intensifier
ablation,noExp,1000,6-0.25-M,3,2.2927,39257,21,intensifier
ablation,noExp,1000,6-0.25-M,3,3.7446,39373,21,intensifier
ablation,noExp,1000,6-0.25-M,3,5.1059,39583,21,intensifier
ablation,noExp,1000,6-0.25-M,3,10.0176,39658,60,intensifier
ablation,noExp,1000,6-0.25-M,3,10.4029,39693,4,intensifier
ablation,noExp,1000,6-0.25-M,3,10.4624,39724,21,intensifier
ablation,noExp,1000,6-0.25-M,3,10.7874,39747,4,intensifier
ablation,noExp,1000,6-0.25-M,3,11.6163,39877,79,intensifier
ablation,noExp,1000,6-0.25-M,3,18.9556,39935,52,intensifier
ablation,noExp,1000,6-0.25-M,3,19.5177,39969,33,intensifier
ablation,noExp,1000,6-0.25-M,3,47.0424,40002,54,intensifier
ablation,noExp,1000,6-0.25-M,3,49.0492,40007,71,intensifier
ablation,noExp,1000,6-0.25-M,3,49.9968,40041,55,intensifier
ablation,noExp,1000,6-0.25-M,3,51.0873,40287,55,intensifier
ablation,noExp,1000,6-0.25-M,3,112.9418,40405,73,intensifier
ablation,noExp,1000,6-0.25-M,3,152.0786,40554,44,intensifier
ablation,noExp,1000,6-0.25-M,3,324.4659,40558,58,intensifier
ablation,noExp,1000,6-0.25-M,3,356.2118,40569,58,intensifier
ablation,noExp,1000,6-0.25-M,3,589.5633,40671,68,intensifier
ablation,noExp,1000,5-0.5-P,1,0.2363,247942,23,intensifier
ablation,noExp,1000,5-0.5-P,1,0.3448,260199,25,intensifier
ablation,noExp,1000,5-0.5-P,1,0.3760,262607,49,intensifier
ablation,noExp,1000,5-0.5-P,1,0.4076,264868,49,intensifier
ablation,noExp,1000,5-0.5-P,1,0.4336,266066,49,intensifier
ablation,noExp,1000,5-0.5-P,1,0.4695,266724,49,intensifier
ablation,noExp,1000,5-0.5-P,1,0.4965,267524,49,intensifier
ablation,noExp,1000,5-0.5-P,1,0.5294,268426,49,intensifier
ablation,noExp,1000,5-0.5-P,1,0.5589,268747,49,intensifier
ablation,noExp,1000,5-0.5-P,1,0.5868,269435,49,intensifier
ablation,noExp,1000,5-0.5-P,1,0.6158,269741,49,intensifier
ablation,noExp,1000,5-0.5-P,1,0.6453,269833,49,intensifier
ablation,noExp,1000,5-0.5-P,1,0.6744,270473,49,intensifier
ablation,noExp,1000,5-0.5-P,1,0.7016,270503,49,intensifier
ablation,noExp,1000,5-0.5-P,1,0.7621,270674,36,intensifier
ablation,noExp,1000,5-0.5-P,1,0.8525,270798,36,intensifier
ablation,noExp,1000,5-0.5-P,1,0.9386,270948,36,intensifier
ablation,noExp,1000,5-0.5-P,1,0.9672,271070,36,intensifier
ablation,noExp,1000,5-0.5-P,1,0.9967,271545,36,intensifier
ablation,noExp,1000,5-0.5-P,1,1.0555,271813,36,intensifier
ablation,noExp,1000,5-0.5-P,1,1.4716,272166,36,intensifier
ablation,noExp,1000,5-0.5-P,1,2.8761,272215,36,intensifier
ablation,noExp,1000,5-0.5-P,1,2.9081,272274,36,intensifier
ablation,noExp,1000,5-0.5-P,1,6.0775,272290,36,intensifier
ablation,noExp,1000,5-0.5-P,1,6.1941,272314,36,intensifier
ablation,noExp,1000,5-0.5-P,1,7.1377,272346,36,intensifier
ablation,noExp,1000,5-0.5-P,1,7.4382,272405,36,intensifier
ablation,noExp,1000,5-0.5-P,1,7.6377,272624,36,intensifier
ablation,noExp,1000,5-0.5-P,1,7.6674,272847,36,intensifier
ablation,noExp,1000,5-0.5-P,1,14.4376,272866,16,intensifier
ablation,noExp,1000,5-0.5-P,1,14.9072,272907,36,intensifier
ablation,noExp,1000,5-0.5-P,1,18.0999,272972,16,intensifier
ablation,noExp,1000,5-0.5-P,1,18.1321,273021,16,intensifier
ablation,noExp,1000,5-0.5-P,1,71.7412,273054,79,intensifier
ablation,noExp,1000,5-0.5-P,1,73.5307,273079,48,intensifier
ablation,noExp,1000,5-0.5-P,1,75.1483,273205,12,intensifier
ablation,noExp,1000,5-0.5-P,1,87.1992,273278,7,intensifier
ablation,noExp,1000,5-0.5-P,1,93.7330,273335,7,intensifier
ablation,noExp,1000,5-0.5-P,1,97.2823,273448,60,intensifier
ablation,noExp,1000,5-0.5-P,1,139.7513,273485,30,intensifier
ablation,noExp,1000,5-0.5-P,1,139.9266,273530,24,intensifier
ablation,noExp,1000,5-0.5-P,1,173.7239,273620,14,intensifier
ablation,noExp,1000,5-0.5-P,1,201.7708,273682,26,intensifier
ablation,noExp,1000,5-0.5-P,1,228.1062,273702,73,intensifier
ablation,noExp,1000,5-0.5-P,1,228.1640,273729,73,intensifier
ablation,noExp,1000,5-0.5-P,1,291.7737,273756,25,intensifier
ablation,noExp,1000,5-0.5-P,1,292.1624,273952,37,intensifier
ablation,noExp,1000,5-0.5-P,1,368.3251,273973,44,intensifier
ablation,noExp,1000,5-0.5-P,2,0.4847,268206,22,intensifier
ablation,noExp,1000,5-0.5-P,2,0.5410,268815,35,intensifier
ablation,noExp,1000,5-0.5-P,2,0.5985,269498,61,intensifier
ablation,noExp,1000,5-0.5-P,2,0.6287,269872,61,intensifier
ablation,noExp,1000,5-0.5-P,2,0.6588,270281,15,intensifier
ablation,noExp,1000,5-0.5-P,2,0.6891,270386,15,intensifier
ablation,noExp,1000,5-0.5-P,2,0.7181,270658,30,intensifier
ablation,noExp,1000,5-0.5-P,2,0.7769,270670,30,intensifier
ablation,noExp,1000,5-0.5-P,2,0.8361,271267,42,intensifier
ablation,noExp,1000,5-0.5-P,2,0.8649,271372,42,intensifier
ablation,noExp,1000,5-0.5-P,2,0.8948,271633,42,intensifier
ablation,noExp,1000,5-0.5-P,2,0.9256,271847,42,intensifier
ablation,noExp,1000,5-0.5-P,2,1.1024,271914,42,intensifier
ablation,noExp,1000,5-0.5-P,2,1.6283,272004,42,intensifier
ablation,noExp,1000,5-0.5-P,2,2.4201,272016,42,intensifier
ablation,noExp,1000,5-0.5-P,2,2.4496,272287,42,intensifier
ablation,noExp,1000,5-0.5-P,2,2.9480,272420,42,intensifier
ablation,noExp,1000,5-0.5-P,2,4.7168,272440,42,intensifier
ablation,noExp,1000,5-0.5-P,2,5.6340,272471,42,intensifier
ablation,noExp,1000,5-0.5-P,2,5.7819,272518,42,intensifier
ablation,noExp,1000,5-0.5-P,2,5.9011,272597,42,intensifier
ablation,noExp,1000,5-0.5-P,2,5.9303,273027,42,intensifier
ablation,noExp,1000,5-0.5-P,2,22.4386,273062,6,intensifier
ablation,noExp,1000,5-0.5-P,2,45.0761,273075,12,intensifier
ablation,noExp,1000,5-0.5-P,2,45.1956,273110,12,intensifier
ablation,noExp,1000,5-0.5-P,2,45.2258,273175,12,intensifier
ablation,noExp,1000,5-0.5-P,2,50.1661,273185,61,intensifier
ablation,noExp,1000,5-0.5-P,2,51.3243,273187,47,intensifier
ablation,noExp,1000,5-0.5-P,2,51.8580,273275,78,intensifier
ablation,noExp,1000,5-0.5-P,2,58.1665,273388,78,intensifier
ablation,noExp,1000,5-0.5-P,2,61.9799,273514,78,intensifier
ablation,noExp,1000,5-0.5-P,2,99.6515,273524,79,intensifier
ablation,noExp,1000,5-0.5-P,2,101.0430,273634,12,intensifier
ablation,noExp,1000,5-0.5-P,2,160.8558,273778,12,intensifier
ablation,noExp,1000,5-0.5-P,2,430.6421,273949,3,intensifier
ablation,noExp,1000,5-0.5-P,3,0.4766,267654,3,intensifier
ablation,noExp,1000,5-0.5-P,3,0.5325,268194,47,intensifier
ablation,noExp,1000,5-0.5-P,3,0.5631,268422,47,intensifier
ablation,noExp,1000,5-0.5-P,3,0.5923,268688,32,intensifier
ablation,noExp,1000,5-0.5-P,3,0.6215,269400,32,intensifier
ablation,noExp,1000,5-0.5-P,3,0.6508,269788,32,intensifier
ablation,noExp,1000,5-0.5-P,3,0.6797,270303,32,intensifier
ablation,noExp,1000,5-0.5-P,3,0.7086,270408,32,intensifier
ablation,noExp,1000,5-0.5-P,3,0.7375,270822,32,intensifier
ablation,noExp,1000,5-0.5-P,3,0.7973,271068,32,intensifier
ablation,noExp,1000,5-0.5-P,3,0.8577,271079,32,intensifier
ablation,noExp,1000,5-0.5-P,3,0.8867,271125,32,intensifier
ablation,noExp,1000,5-0.5-P,3,1.0030,271160,32,intensifier
ablation,noExp,1000,5-0.5-P,3,1.1766,271323,32,intensifier
ablation,noExp,1000,5-0.5-P,3,1.2064,271497,32,intensifier
ablation,noExp,1000,5-0.5-P,3,1.2659,271695,32,intensifier
ablation,noExp,1000,5-0.5-P,3,1.3542,272137,32,intensifier
ablation,noExp,1000,5-0.5-P,3,1.4137,272195,32,intensifier
ablation,noExp,1000,5-0.5-P,3,1.4437,272215,32,intensifier
ablation,noExp,1000,5-0.5-P,3,2.6972,272382,32,intensifier
ablation,noExp,1000,5-0.5-P,3,2.8440,272407,32,intensifier
ablation,noExp,1000,5-0.5-P,3,3.2545,272485,32,intensifier
ablation,noExp,1000,5-0.5-P,3,3.2837,272741,32,intensifier
ablation,noExp,1000,5-0.5-P,3,3.3130,272750,32,intensifier
ablation,noExp,1000,5-0.5-P,3,3.9282,272799,32,intensifier
ablation,noExp,1000,5-0.5-P,3,3.9578,272804,32,intensifier
ablation,noExp,1000,5-0.5-P,3,3.9873,272891,32,intensifier
ablation,noExp,1000,5-0.5-P,3,4.6925,272947,32,intensifier
ablation,noExp,1000,5-0.5-P,3,9.6238,273075,32,intensifier
ablation,noExp,1000,5-0.5-P,3,11.0176,273199,32,intensifier
ablation,noExp,1000,5-0.5-P,3,16.5779,273200,32,intensifier
ablation,noExp,1000,5-0.5-P,3,18.0020,273281,77,intensifier
ablation,noExp,1000,5-0.5-P,3,22.7717,273303,59,intensifier
ablation,noExp,1000,5-0.5-P,3,23.6620,273333,59,intensifier
ablation,noExp,1000,5-0.5-P,3,23.6922,273466,59,intensifier
ablation,noExp,1000,5-0.5-P,3,54.3332,273525,74,intensifier
ablation,noExp,1000,5-0.5-P,3,75.6456,273544,5,intensifier
ablation,noExp,1000,5-0.5-P,3,78.6834,273658,15,intensifier
ablation,noExp,1000,5-0.5-P,3,78.9474,273737,15,intensifier
ablation,noExp,1000,5-0.5-P,3,174.9556,273757,62,intensifier
ablation,noExp,1000,5-0.5-P,3,179.8192,273831,71,intensifier
ablation,noExp,1000,5-0.5-P,3,185.6294,273949,46,intensifier
ablation,noExp,1000,5-0.5-P,3,186.3115,274001,46,intensifier
ablation,noExp,1000,2-0.5-M,1,0.4595,51654,77,intensifier
ablation,noExp,1000,2-0.5-M,1,0.5165,53173,38,intensifier
ablation,noExp,1000,2-0.5-M,1,0.5460,53344,9,intensifier
ablation,noExp,1000,2-0.5-M,1,0.5755,53948,9,intensifier
ablation,noExp,1000,2-0.5-M,1,0.6053,54081,9,intensifier
ablation,noExp,1000,2-0.5-M,1,0.6349,54351,9,intensifier
ablation,noExp,1000,2-0.5-M,1,0.6645,54379,9,intensifier
ablation,noExp,1000,2-0.5-M,1,0.6939,54619,9,intensifier
ablation,noExp,1000,2-0.5-M,1,0.7237,54938,9,intensifier
ablation,noExp,1000,2-0.5-M,1,0.8128,55142,9,intensifier
ablation,noExp,1000,2-0.5-M,1,0.8428,55230,9,intensifier
ablation,noExp,1000,2-0.5-M,1,0.9613,55502,9,intensifier
ablation,noExp,1000,2-0.5-M,1,0.9912,55742,9,intensifier
ablation,noExp,1000,2-0.5-M,1,1.1999,55805,67,intensifier
ablation,noExp,1000,2-0.5-M,1,1.2303,55856,67,intensifier
ablation,noExp,1000,2-0.5-M,1,1.2605,55886,67,intensifier
ablation,noExp,1000,2-0.5-M,1,1.2910,56040,67,intensifier
ablation,noExp,1000,2-0.5-M,1,1.3491,56076,67,intensifier
ablation,noExp,1000,2-0.5-M,1,2.7364,56131,67,intensifier
ablation,noExp,1000,2-0.5-M,1,2.7651,56157,67,intensifier
ablation,noExp,1000,2-0.5-M,1,2.8546,56263,67,intensifier
ablation,noExp,1000,2-0.5-M,1,3.1499,56297,67,intensifier
ablation,noExp,1000,2-0.5-M,1,4.3050,56312,67,intensifier
ablation,noExp,1000,2-0.5-M,1,4.3349,56387,67,intensifier
ablation,noExp,1000,2-0.5-M,1,5.8088,56626,38,intensifier
ablation,noExp,1000,2-0.5-M,1,6.7211,56717,38,intensifier
ablation,noExp,1000,2-0.5-M,1,7.5412,56839,38,intensifier
ablation,noExp,1000,2-0.5-M,1,7.6006,56853,38,intensifier
ablation,noExp,1000,2-0.5-M,1,7.6305,56869,38,intensifier
ablation,noExp,1000,2-0.5-M,1,8.5686,56896,38,intensifier
ablation,noExp,1000,2-0.5-M,1,9.4194,57293,38,intensifier
ablation,noExp,1000,2-0.5-M,1,12.2142,57353,38,intensifier
ablation,noExp,1000,2-0.5-M,1,14.5588,57417,38,intensifier
ablation,noExp,1000,2-0.5-M,1,40.3128,57548,39,intensifier
ablation,noExp,1000,2-0.5-M,1,43.0071,57552,39,intensifier
ablation,noExp,1000,2-0.5-M,1,47.1487,57617,39,intensifier
ablation,noExp,1000,2-0.5-M,1,50.6923,57624,39,intensifier
ablation,noExp,1000,2-0.5-M,1,100.5891,57632,2,intensifier
ablation,noExp,1000,2-0.5-M,1,103.9400,57678,24,intensifier
ablation,noExp,1000,2-0.5-M,1,117.2643,57704,79,intensifier
ablation,noExp,1000,2-0.5-M,1,119.2803,57767,64,intensifier
ablation,noExp,1000,2-0.5-M,1,207.9390,57787,45,intensifier
ablation,noExp,1000,2-0.5-M,1,210.0719,57828,5,intensifier
ablation,noExp,1000,2-0.5-M,1,210.1011,57853,5,intensifier
ablation,noExp,1000,2-0.5-M,1,214.7562,57885,6,intensifier
ablation,noExp,1000,2-0.5-M,1,217.5623,57922,37,intensifier
ablation,noExp,1000,2-0.5-M,1,230.7302,57996,24,intensifier
ablation,noExp,1000,2-0.5-M,1,445.2875,58029,21,intensifier
ablation,noExp,1000,2-0.5-M,1,514.0213,58039,41,intensifier
ablation,noExp,1000,2-0.5-M,2,0.4571,51823,6,intensifier
ablation,noExp,1000,2-0.5-M,2,0.5158,53111,51,intensifier
ablation,noExp,1000,2-0.5-M,2,0.5458,53797,51,intensifier
ablation,noExp,1000,2-0.5-M,2,0.6049,54262,19,intensifier
ablation,noExp,1000,2-0.5-M,2,0.6339,54410,22,intensifier
ablation,noExp,1000,2-0.5-M,2,0.6628,55219,22,intensifier
ablation,noExp,1000,2-0.5-M,2,0.6917,55405,22,intensifier
ablation,noExp,1000,2-0.5-M,2,0.7200,55554,22,intensifier
ablation,noExp,1000,2-0.5-M,2,0.8959,55688,67,intensifier
ablation,noExp,1000,2-0.5-M,2,1.0133,55813,12,intensifier
ablation,noExp,1000,2-0.5-M,2,1.0727,55945,67,intensifier
ablation,noExp,1000,2-0.5-M,2,2.2533,56053,67,intensifier
ablation,noExp,1000,2-0.5-M,2,2.9904,56203,67,intensifier
ablation,noExp,1000,2-0.5-M,2,3.1383,56320,67,intensifier
ablation,noExp,1000,2-0.5-M,2,3.8759,56357,67,intensifier
ablation,noExp,1000,2-0.5-M,2,3.9334,56399,67,intensifier
ablation,noExp,1000,2-0.5-M,2,4.2877,56549,67,intensifier
ablation,noExp,1000,2-0.5-M,2,5.9026,56584,67,intensifier
ablation,noExp,1000,2-0.5-M,2,6.2567,56625,67,intensifier
ablation,noExp,1000,2-0.5-M,2,7.0222,56661,67,intensifier
ablation,noExp,1000,2-0.5-M,2,7.0518,56859,67,intensifier
ablation,noExp,1000,2-0.5-M,2,7.0815,56972,67,intensifier
ablation,noExp,1000,2-0.5-M,2,7.2563,57060,67,intensifier
ablation,noExp,1000,2-0.5-M,2,10.0103,57204,67,intensifier
ablation,noExp,1000,2-0.5-M,2,14.9987,57285,67,intensifier
ablation,noExp,1000,2-0.5-M,2,15.7348,57321,67,intensifier
ablation,noExp,1000,2-0.5-M,2,15.7644,57379,67,intensifier
ablation,noExp,1000,2-0.5-M,2,21.0485,57474,67,intensifier
ablation,noExp,1000,2-0.5-M,2,21.9294,57485,0,intensifier
ablation,noExp,1000,2-0.5-M,2,22.1346,57593,9,intensifier
ablation,noExp,1000,2-0.5-M,2,22.4017,57629,9,intensifier
ablation,noExp,1000,2-0.5-M,2,25.4224,57747,9,intensifier
ablation,noExp,1000,2-0.5-M,2,185.1459,57759,10,intensifier
ablation,noExp,1000,2-0.5-M,2,190.7715,57824,39,intensifier
ablation,noExp,1000,2-0.5-M,2,215.9539,57871,12,intensifier
ablation,noExp,1000,2-0.5-M,2,219.4365,57945,65,intensifier
ablation,noExp,1000,2-0.5-M,2,335.7493,58152,58,intensifier
ablation,noExp,1000,2-0.5-M,3,0.4516,52518,8,intensifier
ablation,noExp,1000,2-0.5-M,3,0.5105,52970,72,intensifier
ablation,noExp,1000,2-0.5-M,3,0.5402,53674,57,intensifier
ablation,noExp,1000,2-0.5-M,3,0.5700,53786,7,intensifier
ablation,noExp,1000,2-0.5-M,3,0.5997,54314,46,intensifier
ablation,noExp,1000,2-0.5-M,3,0.6875,54519,57,intensifier
ablation,noExp,1000,2-0.5-M,3,0.7174,54628,28,intensifier
ablation,noExp,1000,2-0.5-M,3,0.7472,54674,28,intensifier
ablation,noExp,1000,2-0.5-M,3,0.7768,54693,28,intensifier
ablation,noExp,1000,2-0.5-M,3,0.8065,54836,28,intensifier
ablation,noExp,1000,2-0.5-M,3,0.8960,55146,24,intensifier
ablation,noExp,1000,2-0.5-M,3,0.9254,55427,24,intensifier
ablation,noExp,1000,2-0.5-M,3,0.9549,55582,24,intensifier
ablation,noExp,1000,2-0.5-M,3,1.0138,55738,46,intensifier
ablation,noExp,1000,2-0.5-M,3,1.5452,55927,46,intensifier
ablation,noExp,1000,2-0.5-M,3,1.6627,55937,46,intensifier
ablation,noExp,1000,2-0.5-M,3,1.7810,55970,46,intensifier
ablation,noExp,1000,2-0.5-M,3,1.8113,56045,46,intensifier
ablation,noExp,1000,2-0.5-M,3,2.3680,56142,46,intensifier
ablation,noExp,1000,2-0.5-M,3,2.3976,56281,46,intensifier
ablation,noExp,1000,2-0.5-M,3,2.6943,56329,46,intensifier
ablation,noExp,1000,2-0.5-M,3,3.1023,56392,46,intensifier
ablation,noExp,1000,2-0.5-M,3,3.1614,56784,46,intensifier
ablation,noExp,1000,2-0.5-M,3,3.7186,56824,46,intensifier
ablation,noExp,1000,2-0.5-M,3,6.2742,56833,46,intensifier
ablation,noExp,1000,2-0.5-M,3,6.3621,56902,46,intensifier
ablation,noExp,1000,2-0.5-M,3,10.3530,56926,77,intensifier
ablation,noExp,1000,2-0.5-M,3,10.5892,56998,77,intensifier
ablation,noExp,1000,2-0.5-M,3,13.1108,57045,3,intensifier
ablation,noExp,1000,2-0.5-M,3,13.9896,57061,76,intensifier
ablation,noExp,1000,2-0.5-M,3,15.2211,57140,77,intensifier
ablation,noExp,1000,2-0.5-M,3,17.3603,57161,67,intensifier
ablation,noExp,1000,2-0.5-M,3,17.8874,57254,67,intensifier
ablation,noExp,1000,2-0.5-M,3,19.0317,57315,67,intensifier
ablation,noExp,1000,2-0.5-M,3,22.0233,57420,67,intensifier
ablation,noExp,1000,2-0.5-M,3,25.1664,57434,67,intensifier
ablation,noExp,1000,2-0.5-M,3,27.8067,57444,67,intensifier
ablation,noExp,1000,2-0.5-M,3,31.5538,57556,67,intensifier
ablation,noExp,1000,2-0.5-M,3,36.2451,57610,67,intensifier
ablation,noExp,1000,2-0.5-M,3,37.8055,57654,42,intensifier
ablation,noExp,1000,2-0.5-M,3,43.1054,57675,51,intensifier
ablation,noExp,1000,2-0.5-M,3,81.5890,57752,19,intensifier
ablation,noExp,1000,2-0.5-M,3,123.6645,57763,2,intensifier
ablation,noExp,1000,2-0.5-M,3,221.8945,57815,36,intensifier
ablation,noExp,1000,2-0.5-M,3,229.8363,57853,2,intensifier
ablation,noExp,1000,2-0.5-M,3,287.0204,57941,16,intensifier
ablation,noExp,1000,2-0.5-M,3,293.2045,58031,16,intensifier
ablation,noExp,1000,2-0.5-M,3,402.7632,58043,81,intensifier
ablation,noExp,1000,2-0.5-M,3,540.8863,58084,46,intensifier
ablation,noExp,1000,2-0.5-M,3,592.6670,58096,9,intensifier
ablation,noExp,1000,6-0.75-P,1,0.1139,322537,20,intensifier
ablation,noExp,1000,6-0.75-P,1,0.3004,344780,65,intensifier
ablation,noExp,1000,6-0.75-P,1,0.3295,345088,65,intensifier
ablation,noExp,1000,6-0.75-P,1,0.3597,345615,60,intensifier
ablation,noExp,1000,6-0.75-P,1,0.3904,346310,5,intensifier
ablation,noExp,1000,6-0.75-P,1,0.4202,346786,5,intensifier
ablation,noExp,1000,6-0.75-P,1,0.4495,347368,77,intensifier
ablation,noExp,1000,6-0.75-P,1,0.4797,347833,20,intensifier
ablation,noExp,1000,6-0.75-P,1,0.5110,348128,77,intensifier
ablation,noExp,1000,6-0.75-P,1,0.5406,348294,77,intensifier
ablation,noExp,1000,6-0.75-P,1,0.5990,348435,77,intensifier
ablation,noExp,1000,6-0.75-P,1,0.6893,348586,26,intensifier
ablation,noExp,1000,6-0.75-P,1,0.7196,348660,77,intensifier
ablation,noExp,1000,6-0.75-P,1,0.7500,348768,77,intensifier
ablation,noExp,1000,6-0.75-P,1,0.8378,349093,77,intensifier
ablation,noExp,1000,6-0.75-P,1,0.8684,349137,77,intensifier
ablation,noExp,1000,6-0.75-P,1,1.0147,349291,77,intensifier
ablation,noExp,1000,6-0.75-P,1,2.1942,349295,77,intensifier
ablation,noExp,1000,6-0.75-P,1,2.7272,349421,77,intensifier
ablation,noExp,1000,6-0.75-P,1,3.2837,349656,77,intensifier
ablation,noExp,1000,6-0.75-P,1,4.5200,349681,77,intensifier
ablation,noExp,1000,6-0.75-P,1,4.5501,349752,77,intensifier
ablation,noExp,1000,6-0.75-P,1,7.5779,349777,77,intensifier
ablation,noExp,1000,6-0.75-P,1,8.2838,349790,74,intensifier
ablation,noExp,1000,6-0.75-P,1,9.4880,349799,77,intensifier
ablation,noExp,1000,6-0.75-P,1,12.5488,349822,7,intensifier
ablation,noExp,1000,6-0.75-P,1,12.5791,349956,7,intensifier
ablation,noExp,1000,6-0.75-P,1,13.0214,350232,7,intensifier
ablation,noExp,1000,6-0.75-P,1,57.9807,350250,52,intensifier
ablation,noExp,1000,6-0.75-P,1,58.0102,350260,52,intensifier
ablation,noExp,1000,6-0.75-P,1,58.3048,350285,52,intensifier
ablation,noExp,1000,6-0.75-P,1,59.7759,350306,52,intensifier
ablation,noExp,1000,6-0.75-P,1,64.2071,350343,52,intensifier
ablation,noExp,1000,6-0.75-P,1,64.5605,350413,52,intensifier
ablation,noExp,1000,6-0.75-P,1,74.1747,350424,4,intensifier
ablation,noExp,1000,6-0.75-P,1,78.9440,350554,4,intensifier
ablation,noExp,1000,6-0.75-P,1,96.6079,350615,19,intensifier
ablation,noExp,1000,6-0.75-P,1,170.5164,350621,81,intensifier
ablation,noExp,1000,6-0.75-P,1,172.6586,350638,69,intensifier
ablation,noExp,1000,6-0.75-P,1,225.7239,350701,14,intensifier
ablation,noExp,1000,6-0.75-P,1,310.8046,350749,32,intensifier
ablation,noExp,1000,6-0.75-P,1,321.4680,350841,79,intensifier
ablation,noExp,1000,6-0.75-P,1,588.9076,350855,31,intensifier
ablation,noExp,1000,6-0.75-P,1,591.2702,350864,32,intensifier
ablation,noExp,1000,6-0.75-P,2,0.1078,321248,25,intensifier
ablation,noExp,1000,6-0.75-P,2,0.3069,345751,69,intensifier
ablation,noExp,1000,6-0.75-P,2,0.3366,345978,33,intensifier
ablation,noExp,1000,6-0.75-P,2,0.3662,346653,33,intensifier
ablation,noExp,1000,6-0.75-P,2,0.3954,347163,55,intensifier
ablation,noExp,1000,6-0.75-P,2,0.4266,347529,55,intensifier
ablation,noExp,1000,6-0.75-P,2,0.5166,347792,33,intensifier
ablation,noExp,1000,6-0.75-P,2,0.5466,347888,33,intensifier
ablation,noExp,1000,6-0.75-P,2,0.5767,348088,33,intensifier
ablation,noExp,1000,6-0.75-P,2,0.6356,348335,33,intensifier
ablation,noExp,1000,6-0.75-P,2,0.6654,348525,54,intensifier
ablation,noExp,1000,6-0.75-P,2,0.7243,348647,54,intensifier
ablation,noExp,1000,6-0.75-P,2,0.7550,348887,54,intensifier
ablation,noExp,1000,6-0.75-P,2,0.8745,348983,54,intensifier
ablation,noExp,1000,6-0.75-P,2,0.9630,349125,54,intensifier
ablation,noExp,1000,6-0.75-P,2,1.0800,349384,54,intensifier
ablation,noExp,1000,6-0.75-P,2,1.1684,349459,54,intensifier
ablation,noExp,1000,6-0.75-P,2,1.1979,349794,54,intensifier
ablation,noExp,1000,6-0.75-P,2,1.3739,349995,54,intensifier
ablation,noExp,1000,6-0.75-P,2,3.4936,350041,54,intensifier
ablation,noExp,1000,6-0.75-P,2,3.5814,350088,54,intensifier
ablation,noExp,1000,6-0.75-P,2,4.2288,350312,54,intensifier
ablation,noExp,1000,6-0.75-P,2,17.8306,350393,38,intensifier
ablation,noExp,1000,6-0.75-P,2,55.0066,350521,77,intensifier
ablation,noExp,1000,6-0.75-P,2,73.5843,350636,77,intensifier
ablation,noExp,1000,6-0.75-P,2,271.0969,350653,52,intensifier
ablation,noExp,1000,6-0.75-P,2,360.9403,350668,28,intensifier
ablation,noExp,1000,6-0.75-P,2,484.3661,350787,14,intensifier
ablation,noExp,1000,6-0.75-P,2,536.7850,350873,43,intensifier
ablation,noExp,1000,6-0.75-P,2,576.0664,350914,83,intensifier
ablation,noExp,1000,6-0.75-P,3,0.1137,322073,22,intensifier
ablation,noExp,1000,6-0.75-P,3,0.2997,345286,28,intensifier
ablation,noExp,1000,6-0.75-P,3,0.3302,345579,28,intensifier
ablation,noExp,1000,6-0.75-P,3,0.3592,346208,28,intensifier
ablation,noExp,1000,6-0.75-P,3,0.3894,346291,63,intensifier
ablation,noExp,1000,6-0.75-P,3,0.4197,346867,63,intensifier
ablation,noExp,1000,6-0.75-P,3,0.4484,347174,63,intensifier
ablation,noExp,1000,6-0.75-P,3,0.4774,347245,63,intensifier
ablation,noExp,1000,6-0.75-P,3,0.5076,347462,28,intensifier
ablation,noExp,1000,6-0.75-P,3,0.5377,347626,15,intensifier
ablation,noExp,1000,6-0.75-P,3,0.5681,347682,15,intensifier
ablation,noExp,1000,6-0.75-P,3,0.5991,347684,15,intensifier
ablation,noExp,1000,6-0.75-P,3,0.6283,348075,6,intensifier
ablation,noExp,1000,6-0.75-P,3,0.6575,348526,26,intensifier
ablation,noExp,1000,6-0.75-P,3,0.6879,348667,26,intensifier
ablation,noExp,1000,6-0.75-P,3,0.7172,349041,26,intensifier
ablation,noExp,1000,6-0.75-P,3,0.7764,349353,26,intensifier
ablation,noExp,1000,6-0.75-P,3,0.8058,349366,26,intensifier
ablation,noExp,1000,6-0.75-P,3,1.1047,349418,26,intensifier
ablation,noExp,1000,6-0.75-P,3,1.2538,349501,26,intensifier
ablation,noExp,1000,6-0.75-P,3,1.2830,349623,26,intensifier
ablation,noExp,1000,6-0.75-P,3,1.3731,349700,26,intensifier
ablation,noExp,1000,6-0.75-P,3,1.9622,349761,26,intensifier
ablation,noExp,1000,6-0.75-P,3,4.5897,349875,26,intensifier
ablation,noExp,1000,6-0.75-P,3,4.7977,349961,26,intensifier
ablation,noExp,1000,6-0.75-P,3,4.8280,350078,26,intensifier
ablation,noExp,1000,6-0.75-P,3,22.6254,350264,55,intensifier
ablation,noExp,1000,6-0.75-P,3,51.1036,350324,55,intensifier
ablation,noExp,1000,6-0.75-P,3,53.8087,350441,55,intensifier
ablation,noExp,1000,6-0.75-P,3,57.5115,350461,61,intensifier
ablation,noExp,1000,6-0.75-P,3,57.5715,350530,61,intensifier
ablation,noExp,1000,6-0.75-P,3,178.3110,350589,24,intensifier
ablation,noExp,1000,6-0.75-P,3,302.0340,350641,67,intensifier
ablation,noExp,1000,6-0.75-P,3,347.8007,350732,41,intensifier
ablation,noExp,1000,6-0.75-P,3,432.3047,350824,28,intensifier
ablation,noExp,1000,3-0.75-M,1,0.0958,7129,40,intensifier
ablation,noExp,1000,3-0.75-M,1,0.3202,33590,45,intensifier
ablation,noExp,1000,3-0.75-M,1,0.3503,33777,11,intensifier
ablation,noExp,1000,3-0.75-M,1,0.3800,34029,48,intensifier
ablation,noExp,1000,3-0.75-M,1,0.4098,34804,48,intensifier
ablation,noExp,1000,3-0.75-M,1,0.4399,35531,13,intensifier
ablation,noExp,1000,3-0.75-M,1,0.4693,35749,13,intensifier
ablation,noExp,1000,3-0.75-M,1,0.5567,35798,13,intensifier
ablation,noExp,1000,3-0.75-M,1,0.5860,35858,13,intensifier
ablation,noExp,1000,3-0.75-M,1,0.6446,36044,42,intensifier
ablation,noExp,1000,3-0.75-M,1,0.6745,36307,13,intensifier
ablation,noExp,1000,3-0.75-M,1,0.7344,36408,13,intensifier
ablation,noExp,1000,3-0.75-M,1,0.9709,36429,13,intensifier
ablation,noExp,1000,3-0.75-M,1,1.1499,36557,13,intensifier
ablation,noExp,1000,3-0.75-M,1,1.2086,36558,13,intensifier
ablation,noExp,1000,3-0.75-M,1,1.3267,36732,13,intensifier
ablation,noExp,1000,3-0.75-M,1,2.8039,36751,13,intensifier
ablation,noExp,1000,3-0.75-M,1,2.8647,36966,13,intensifier
ablation,noExp,1000,3-0.75-M,1,3.4273,36967,13,intensifier
ablation,noExp,1000,3-0.75-M,1,3.8382,37170,13,intensifier
ablation,noExp,1000,3-0.75-M,1,9.3347,37235,83,intensifier
ablation,noExp,1000,3-0.75-M,1,10.8447,37301,83,intensifier
ablation,noExp,1000,3-0.75-M,1,10.8738,37422,83,intensifier
ablation,noExp,1000,3-0.75-M,1,10.9037,37620,83,intensifier
ablation,noExp,1000,3-0.75-M,1,11.0510,37693,83,intensifier
ablation,noExp,1000,3-0.75-M,1,18.1650,37848,0,intensifier
ablation,noExp,1000,3-0.75-M,1,69.3759,37849,2,intensifier
ablation,noExp,1000,3-0.75-M,1,91.5994,37904,31,intensifier
ablation,noExp,1000,3-0.75-M,1,191.4592,38044,69,intensifier
ablation,noExp,1000,3-0.75-M,1,192.1984,38046,19,intensifier
ablation,noExp,1000,3-0.75-M,1,477.7156,38094,50,intensifier
ablation,noExp,1000,3-0.75-M,2,0.1140,12567,60,intensifier
ablation,noExp,1000,3-0.75-M,2,0.2987,32968,41,intensifier
ablation,noExp,1000,3-0.75-M,2,0.3276,33329,60,intensifier
ablation,noExp,1000,3-0.75-M,2,0.3574,34195,60,intensifier
ablation,noExp,1000,3-0.75-M,2,0.3873,34860,37,intensifier
ablation,noExp,1000,3-0.75-M,2,0.4172,34935,41,intensifier
ablation,noExp,1000,3-0.75-M,2,0.4471,35314,39,intensifier
ablation,noExp,1000,3-0.75-M,2,0.4775,35769,54,intensifier
ablation,noExp,1000,3-0.75-M,2,0.5366,35805,54,intensifier
ablation,noExp,1000,3-0.75-M,2,0.5961,35864,54,intensifier
ablation,noExp,1000,3-0.75-M,2,0.6267,36057,54,intensifier
ablation,noExp,1000,3-0.75-M,2,0.6557,36120,54,intensifier
ablation,noExp,1000,3-0.75-M,2,0.6859,36334,54,intensifier
ablation,noExp,1000,3-0.75-M,2,0.7455,36381,54,intensifier
ablation,noExp,1000,3-0.75-M,2,0.7761,36435,54,intensifier
ablation,noExp,1000,3-0.75-M,2,0.8049,36474,54,intensifier
ablation,noExp,1000,3-0.75-M,2,0.8633,36484,54,intensifier
ablation,noExp,1000,3-0.75-M,2,0.8931,36597,54,intensifier
ablation,noExp,1000,3-0.75-M,2,0.9528,36663,54,intensifier
ablation,noExp,1000,3-0.75-M,2,0.9845,36687,54,intensifier
ablation,noExp,1000,3-0.75-M,2,1.0139,36733,54,intensifier
ablation,noExp,1000,3-0.75-M,2,1.6025,36851,54,intensifier
ablation,noExp,1000,3-0.75-M,2,1.6629,36866,54,intensifier
ablation,noExp,1000,3-0.75-M,2,2.2249,36872,54,intensifier
ablation,noExp,1000,3-0.75-M,2,2.4334,37078,54,intensifier
ablation,noExp,1000,3-0.75-M,2,2.6993,37090,54,intensifier
ablation,noExp,1000,3-0.75-M,2,3.0555,37136,54,intensifier
ablation,noExp,1000,3-0.75-M,2,4.5973,37202,54,intensifier
ablation,noExp,1000,3-0.75-M,2,4.8332,37233,54,intensifier
ablation,noExp,1000,3-0.75-M,2,5.5442,37251,54,intensifier
ablation,noExp,1000,3-0.75-M,2,7.4043,37372,26,intensifier
ablation,noExp,1000,3-0.75-M,2,8.7070,37395,26,intensifier
ablation,noExp,1000,3-0.75-M,2,9.5924,37631,26,intensifier
ablation,noExp,1000,3-0.75-M,2,21.4486,37701,13,intensifier
ablation,noExp,1000,3-0.75-M,2,23.1950,37780,42,intensifier
ablation,noExp,1000,3-0.75-M,2,25.3880,37967,42,intensifier
ablation,noExp,1000,3-0.75-M,2,79.1902,37978,18,intensifier
ablation,noExp,1000,3-0.75-M,2,97.8445,38006,23,intensifier
ablation,noExp,1000,3-0.75-M,2,240.7935,38022,59,intensifier
ablation,noExp,1000,3-0.75-M,2,320.2255,38063,60,intensifier
ablation,noExp,1000,3-0.75-M,2,344.4863,38087,10,intensifier
ablation,noExp,1000,3-0.75-M,2,491.2817,38146,63,intensifier
ablation,noExp,1000,3-0.75-M,3,0.1128,11772,72,intensifier
ablation,noExp,1000,3-0.75-M,3,0.3002,33226,55,intensifier
ablation,noExp,1000,3-0.75-M,3,0.3291,33481,3,intensifier
ablation,noExp,1000,3-0.75-M,3,0.3594,34051,3,intensifier
ablation,noExp,1000,3-0.75-M,3,0.3884,34652,48,intensifier
ablation,noExp,1000,3-0.75-M,3,0.4185,35492,31,intensifier
ablation,noExp,1000,3-0.75-M,3,0.4786,35817,31,intensifier
ablation,noExp,1000,3-0.75-M,3,0.5668,35947,31,intensifier
ablation,noExp,1000,3-0.75-M,3,0.6837,35964,51,intensifier
ablation,noExp,1000,3-0.75-M,3,0.7135,36163,31,intensifier
ablation,noExp,1000,3-0.75-M,3,0.7429,36416,51,intensifier
ablation,noExp,1000,3-0.75-M,3,0.8910,36471,51,intensifier
ablation,noExp,1000,3-0.75-M,3,1.0107,36479,51,intensifier
ablation,noExp,1000,3-0.75-M,3,1.1007,36647,41,intensifier
ablation,noExp,1000,3-0.75-M,3,1.1310,36690,41,intensifier
ablation,noExp,1000,3-0.75-M,3,1.3977,36711,41,intensifier
ablation,noExp,1000,3-0.75-M,3,1.6356,36741,41,intensifier
ablation,noExp,1000,3-0.75-M,3,1.6658,36801,41,intensifier
ablation,noExp,1000,3-0.75-M,3,2.0800,36858,41,intensifier
ablation,noExp,1000,3-0.75-M,3,2.1094,36963,41,intensifier
ablation,noExp,1000,3-0.75-M,3,2.7307,37084,46,intensifier
ablation,noExp,1000,3-0.75-M,3,4.8307,37235,46,intensifier
ablation,noExp,1000,3-0.75-M,3,4.8606,37428,46,intensifier
ablation,noExp,1000,3-0.75-M,3,11.0131,37482,51,intensifier
ablation,noExp,1000,3-0.75-M,3,12.8993,37583,47,intensifier
ablation,noExp,1000,3-0.75-M,3,15.0841,37589,47,intensifier
ablation,noExp,1000,3-0.75-M,3,17.9189,37623,54,intensifier
ablation,noExp,1000,3-0.75-M,3,19.8099,37720,38,intensifier
ablation,noExp,1000,3-0.75-M,3,32.2841,37738,24,intensifier
ablation,noExp,1000,3-0.75-M,3,34.1701,37739,51,intensifier
ablation,noExp,1000,3-0.75-M,3,35.2062,37792,62,intensifier
ablation,noExp,1000,3-0.75-M,3,69.8434,37799,16,intensifier
ablation,noExp,1000,3-0.75-M,3,74.3371,37833,16,intensifier
ablation,noExp,1000,3-0.75-M,3,108.1352,37869,63,intensifier
ablation,noExp,1000,3-0.75-M,3,108.6679,37944,47,intensifier
ablation,noExp,1000,3-0.75-M,3,217.5452,38027,82,intensifier
ablation,noExp,1000,3-0.75-M,3,293.9387,38061,67,intensifier
ablation,noExp,1000,3-0.75-M,3,373.6419,38083,13,intensifier
ablation,noExp,1000,3-0.75-M,3,496.6074,38118,51,intensifier
ablation,noExp,1000,3-0.75-M,3,556.5626,38178,61,intensifier
