experiment,variant,group,instance,seed,budget_s,trajectories,intensifiers,profit,cardinality,time_to_best_s,wall_s,iterations,kernel_sha256,host_sha256
campaign,reference,100,0-2-1,1,60,64,48,11312,25,0.0694,60.010,122252288,cc17b5385a7c74d7521db12aeea3e0f98f41a4fbfe66aab6f5f7c278ce636a56,31da62b5709734435d9983bea8572431b940c695e1752deea2fc4dada049369b
campaign,reference,100,0-2-1,2,60,64,48,11312,25,0.2786,60.012,122457728,cc17b5385a7c74d7521db12aeea3e0f98f41a4fbfe66aab6f5f7c278ce636a56,31da62b5709734435d9983bea8572431b940c695e1752deea2fc4dada049369b
campaign,reference,100,0-2-1,3,60,64,48,11312,25,0.2501,60.011,122782464,cc17b5385a7c74d7521db12aeea3e0f98f41a4fbfe66aab6f5f7c278ce636a56,31da62b5709734435d9983bea8572431b940c695e1752deea2fc4dada049369b
campaign,reference,100,0-2-1,4,60,64,48,11312,25,0.1005,60.011,122801728,cc17b5385a7c74d7521db12aeea3e0f98f41a4fbfe66aab6f5f7c278ce636a56,31da62b5709734435d9983bea8572431b940c695e1752deea2fc4dada049369b
campaign,reference,100,0-2-1,5,60,64,48,11312,25,0.0703,60.011,122976192,cc17b5385a7c74d7521db12aeea3e0f98f41a4fbfe66aab6f5f7c278ce636a56,31da62b5709734435d9983bea8572431b940c695e1752deea2fc4dada049369b
campaign,reference,100,0-2-1,6,60,64,48,11312,25,0.3985,60.008,122523712,cc17b5385a7c74d7521db12aeea3e0f98f41a4fbfe66aab6f5f7c278ce636a56,31da62b5709734435d9983bea8572431b940c695e1752deea2fc4dada049369b
campaign,reference,100,0-2-1,7,60,64,48,11312,25,0.0694,60.010,122343616,cc17b5385a7c74d7521db12aeea3e0f98f41a4fbfe66aab6f5f7c278ce636a56,31da62b5709734435d9983bea8572431b940c695e1752deea2fc4dada049369b
campaign,reference,100,0-2-1,8,60,64,48,11312,25,0.2504,60.012,122909120,cc17b5385a7c74d7521db12aeea3e0f98f41a4fbfe66aab6f5f7c278ce636a56,31da62b5709734435d9983bea8572431b940c695e1752deea2fc4dada049369b
campaign,reference,100,0-2-1,9,60,64,48,11312,25,1.1505,60.012,122632832,cc17b5385a7c74d7521db12aeea3e0f98f41a4fbfe66aab6f5f7c278ce636a56,31da62b5709734435d9983bea8572431b940c695e1752deea2fc4dada049369b
campaign,reference,100,0-2-1,10,60,64,48,11312,25,0.6684,60.007,122469504,cc17b5385a7c74d7521db12aeea3e0f98f41a4fbfe66aab6f5f7c278ce636a56,31da62b5709734435d9983bea8572431b940c695e1752deea2fc4dada049369b
campaign,reference,100,0-2-2,1,60,64,48,10316,26,1.1204,60.010,122400000,cc17b5385a7c74d7521db12aeea3e0f98f41a4fbfe66aab6f5f7c278ce636a56,31da62b5709734435d9983bea8572431b940c695e1752deea2fc4dada049369b
campaign,reference,100,0-2-2,2,60,64,48,10316,26,1.4804,60.012,122389696,cc17b5385a7c74d7521db12aeea3e0f98f41a4fbfe66aab6f5f7c278ce636a56,31da62b5709734435d9983bea8572431b940c695e1752deea2fc4dada049369b
campaign,reference,100,0-2-2,3,60,64,48,10316,26,1.2403,60.011,122703360,cc17b5385a7c74d7521db12aeea3e0f98f41a4fbfe66aab6f5f7c278ce636a56,31da62b5709734435d9983bea8572431b940c695e1752deea2fc4dada049369b
campaign,reference,100,0-2-2,4,60,64,48,10316,26,3.5189,60.012,122613056,cc17b5385a7c74d7521db12aeea3e0f98f41a4fbfe66aab6f5f7c278ce636a56,31da62b5709734435d9983bea8572431b940c695e1752deea2fc4dada049369b
campaign,reference,100,0-2-2,5,60,64,48,10316,26,4.1211,60.014,121526400,cc17b5385a7c74d7521db12aeea3e0f98f41a4fbfe66aab6f5f7c278ce636a56,31da62b5709734435d9983bea8572431b940c695e1752deea2fc4dada049369b
campaign,reference,100,0-2-2,6,60,64,48,10316,26,2.7700,60.010,122387904,cc17b5385a7c74d7521db12aeea3e0f98f41a4fbfe66aab6f5f7c278ce636a56,31da62b5709734435d9983bea8572431b940c695e1752deea2fc4dada049369b
campaign,reference,100,0-2-2,7,60,64,48,10316,26,1.2405,60.012,122189504,cc17b5385a7c74d7521db12aeea3e0f98f41a4fbfe66aab6f5f7c278ce636a56,31da62b5709734435d9983bea8572431b940c695e1752deea2fc4dada049369b
campaign,reference,100,0-2-2,8,60,64,48,10316,26,3.3684,60.011,122511296,cc17b5385a7c74d7521db12aeea3e0f98f41a4fbfe66aab6f5f7c278ce636a56,31da62b5709734435d9983bea8572431b940c695e1752deea2fc4dada049369b
campaign,reference,100,0-2-2,9,60,64,48,10316,26,0.4600,60.012,122326656,cc17b5385a7c74d7521db12aeea3e0f98f41a4fbfe66aab6f5f7c278ce636a56,31da62b5709734435d9983bea8572431b940c695e1752deea2fc4dada049369b
campaign,reference,100,0-2-2,10,60,64,48,10316,26,1.9905,60.012,122291200,cc17b5385a7c74d7521db12aeea3e0f98f41a4fbfe66aab6f5f7c278ce636a56,31da62b5709734435d9983bea8572431b940c695e1752deea2fc4dada049369b
campaign,reference,100,0-2-3,1,60,64,48,11195,25,0.1304,60.011,122291264,cc17b5385a7c74d7521db12aeea3e0f98f41a4fbfe66aab6f5f7c278ce636a56,31da62b5709734435d9983bea8572431b940c695e1752deea2fc4dada049369b
campaign,reference,100,0-2-3,2,60,64,48,11195,25,0.3404,60.011,122437504,cc17b5385a7c74d7521db12aeea3e0f98f41a4fbfe66aab6f5f7c278ce636a56,31da62b5709734435d9983bea8572431b940c695e1752deea2fc4dada049369b
campaign,reference,100,0-2-3,3,60,64,48,11195,25,0.2805,60.010,122554304,cc17b5385a7c74d7521db12aeea3e0f98f41a4fbfe66aab6f5f7c278ce636a56,31da62b5709734435d9983bea8572431b940c695e1752deea2fc4dada049369b
campaign,reference,100,0-2-3,4,60,64,48,11195,25,0.1605,60.012,122633472,cc17b5385a7c74d7521db12aeea3e0f98f41a4fbfe66aab6f5f7c278ce636a56,31da62b5709734435d9983bea8572431b940c695e1752deea2fc4dada049369b
campaign,reference,100,0-2-3,5,60,64,48,11195,25,0.0707,60.011,120918784,cc17b5385a7c74d7521db12aeea3e0f98f41a4fbfe66aab6f5f7c278ce636a56,31da62b5709734435d9983bea8572431b940c695e1752deea2fc4dada049369b
campaign,reference,100,0-2-3,6,60,64,48,11195,25,0.2506,60.013,122272768,cc17b5385a7c74d7521db12aeea3e0f98f41a4fbfe66aab6f5f7c278ce636a56,31da62b5709734435d9983bea8572431b940c695e1752deea2fc4dada049369b
campaign,reference,100,0-2-3,7,60,64,48,11195,25,1.0914,60.011,120096448,cc17b5385a7c74d7521db12aeea3e0f98f41a4fbfe66aab6f5f7c278ce636a56,31da62b5709734435d9983bea8572431b940c695e1752deea2fc4dada049369b
campaign,reference,100,0-2-3,8,60,64,48,11195,25,0.3100,60.011,122657088,cc17b5385a7c74d7521db12aeea3e0f98f41a4fbfe66aab6f5f7c278ce636a56,31da62b5709734435d9983bea8572431b940c695e1752deea2fc4dada049369b
campaign,reference,100,0-2-3,9,60,64,48,11195,25,0.1301,60.011,122273664,cc17b5385a7c74d7521db12aeea3e0f98f41a4fbfe66aab6f5f7c278ce636a56,31da62b5709734435d9983bea8572431b940c695e1752deea2fc4dada049369b
campaign,reference,100,0-2-3,10,60,64,48,11195,25,0.2205,60.012,122409472,cc17b5385a7c74d7521db12aeea3e0f98f41a4fbfe66aab6f5f7c278ce636a56,31da62b5709734435d9983bea8572431b940c695e1752deea2fc4dada049369b
campaign,reference,100,0-2-4,1,60,64,48,11324,25,1.7806,60.011,122172224,cc17b5385a7c74d7521db12aeea3e0f98f41a4fbfe66aab6f5f7c278ce636a56,31da62b5709734435d9983bea8572431b940c695e1752deea2fc4dada049369b
campaign,reference,100,0-2-4,2,60,64,48,11324,25,0.7004,60.012,122297280,cc17b5385a7c74d7521db12aeea3e0f98f41a4fbfe66aab6f5f7c278ce636a56,31da62b5709734435d9983bea8572431b940c695e1752deea2fc4dada049369b
campaign,reference,100,0-2-4,3,60,64,48,11324,25,1.2104,60.012,122177536,cc17b5385a7c74d7521db12aeea3e0f98f41a4fbfe66aab6f5f7c278ce636a56,31da62b5709734435d9983bea8572431b940c695e1752deea2fc4dada049369b
campaign,reference,100,0-2-4,4,60,64,48,11324,25,1.6300,60.012,122418624,cc17b5385a7c74d7521db12aeea3e0f98f41a4fbfe66aab6f5f7c278ce636a56,31da62b5709734435d9983bea8572431b940c695e1752deea2fc4dada049369b
campaign,reference,100,0-2-4,5,60,64,48,11324,25,15.4322,60.014,119871424,cc17b5385a7c74d7521db12aeea3e0f98f41a4fbfe66aab6f5f7c278ce636a56,31da62b5709734435d9983bea8572431b940c695e1752deea2fc4dada049369b
campaign,reference,100,0-2-4,6,60,64,48,11324,25,1.2705,60.012,122128640,cc17b5385a7c74d7521db12aeea3e0f98f41a4fbfe66aab6f5f7c278ce636a56,31da62b5709734435d9983bea8572431b940c695e1752deea2fc4dada049369b
campaign,reference,100,0-2-4,7,60,64,48,11324,25,1.2104,60.012,120472320,cc17b5385a7c74d7521db12aeea3e0f98f41a4fbfe66aab6f5f7c278ce636a56,31da62b5709734435d9983bea8572431b940c695e1752deea2fc4dada049369b
campaign,reference,100,0-2-4,8,60,64,48,11324,25,1.3305,60.011,122270848,cc17b5385a7c74d7521db12aeea3e0f98f41a4fbfe66aab6f5f7c278ce636a56,31da62b5709734435d9983bea8572431b940c695e1752deea2fc4dada049369b
campaign,reference,100,0-2-4,9,60,64,48,11324,25,0.8805,60.011,122127488,cc17b5385a7c74d7521db12aeea3e0f98f41a4fbfe66aab6f5f7c278ce636a56,31da62b5709734435d9983bea8572431b940c695e1752deea2fc4dada049369b
campaign,reference,100,0-2-4,10,60,64,48,11324,25,1.2101,60.011,121848640,cc17b5385a7c74d7521db12aeea3e0f98f41a4fbfe66aab6f5f7c278ce636a56,31da62b5709734435d9983bea8572431b940c695e1752deea2fc4dada049369b
campaign,reference,100,0-2-5,1,60,64,48,10113,25,8.3504,60.012,122193792,cc17b5385a7c74d7521db12aeea3e0f98f41a4fbfe66aab6f5f7c278ce636a56,31da62b5709734435d9983bea8572431b940c695e1752deea2fc4dada049369b
campaign,reference,100,0-2-5,2,60,64,48,10113,25,3.1905,60.012,122483328,cc17b5385a7c74d7521db12aeea3e0f98f41a4fbfe66aab6f5f7c278ce636a56,31da62b5709734435d9983bea8572431b940c695e1752deea2fc4dada049369b
campaign,reference,100,0-2-5,3,60,64,48,10113,25,4.5102,60.010,122635968,cc17b5385a7c74d7521db12aeea3e0f98f41a4fbfe66aab6f5f7c278ce636a56,31da62b5709734435d9983bea8572431b940c695e1752deea2fc4dada049369b
campaign,reference,100,0-2-5,4,60,64,48,10113,25,7.8702,60.011,122689728,cc17b5385a7c74d7521db12aeea3e0f98f41a4fbfe66aab6f5f7c278ce636a56,31da62b5709734435d9983bea8572431b940c695e1752deea2fc4dada049369b
campaign,reference,100,0-2-5,5,60,64,48,10113,25,5.8600,60.011,121832960,cc17b5385a7c74d7521db12aeea3e0f98f41a4fbfe66aab6f5f7c278ce636a56,31da62b5709734435d9983bea8572431b940c695e1752deea2fc4dada049369b
campaign,reference,100,0-2-5,6,60,64,48,10113,25,2.9789,60.009,122521344,cc17b5385a7c74d7521db12aeea3e0f98f41a4fbfe66aab6f5f7c278ce636a56,31da62b5709734435d9983bea8572431b940c695e1752deea2fc4dada049369b
campaign,reference,100,0-2-5,7,60,64,48,10113,25,7.9006,60.013,121730880,cc17b5385a7c74d7521db12aeea3e0f98f41a4fbfe66aab6f5f7c278ce636a56,31da62b5709734435d9983bea8572431b940c695e1752deea2fc4dada049369b
campaign,reference,100,0-2-5,8,60,64,48,10113,25,3.0703,60.014,121723840,cc17b5385a7c74d7521db12aeea3e0f98f41a4fbfe66aab6f5f7c278ce636a56,31da62b5709734435d9983bea8572431b940c695e1752deea2fc4dada049369b
campaign,reference,100,0-2-5,9,60,64,48,10113,25,2.6802,60.012,122399552,cc17b5385a7c74d7521db12aeea3e0f98f41a4fbfe66aab6f5f7c278ce636a56,31da62b5709734435d9983bea8572431b940c695e1752deea2fc4dada049369b
campaign,reference,100,0-2-5,10,60,64,48,10113,25,8.1091,60.010,122403712,cc17b5385a7c74d7521db12aeea3e0f98f41a4fbfe66aab6f5f7c278ce636a56,31da62b5709734435d9983bea8572431b940c695e1752deea2fc4dada049369b
campaign,reference,100,0-2-6,1,60,64,48,23296,50,0.4057,60.027,75955008,cc17b5385a7c74d7521db12aeea3e0f98f41a4fbfe66aab6f5f7c278ce636a56,31da62b5709734435d9983bea8572431b940c695e1752deea2fc4dada049369b
campaign,reference,100,0-2-6,2,60,64,48,23296,50,0.7669,60.029,76032000,cc17b5385a7c74d7521db12aeea3e0f98f41a4fbfe66aab6f5f7c278ce636a56,31da62b5709734435d9983bea8572431b940c695e1752deea2fc4dada049369b
campaign,reference,100,0-2-6,3,60,64,48,23296,50,0.3472,60.029,76093376,cc17b5385a7c74d7521db12aeea3e0f98f41a4fbfe66aab6f5f7c278ce636a56,31da62b5709734435d9983bea8572431b940c695e1752deea2fc4dada049369b
campaign,reference,100,0-2-6,4,60,64,48,23296,50,0.1678,60.000,76087488,cc17b5385a7c74d7521db12aeea3e0f98f41a4fbfe66aab6f5f7c278ce636a56,31da62b5709734435d9983bea8572431b940c695e1752deea2fc4dada049369b
campaign,reference,100,0-2-6,5,60,64,48,23296,50,0.8266,60.029,75992768,cc17b5385a7c74d7521db12aeea3e0f98f41a4fbfe66aab6f5f7c278ce636a56,31da62b5709734435d9983bea8572431b940c695e1752deea2fc4dada049369b
campaign,reference,100,0-2-6,6,60,64,48,23296,50,0.1676,60.030,76080384,cc17b5385a7c74d7521db12aeea3e0f98f41a4fbfe66aab6f5f7c278ce636a56,31da62b5709734435d9983bea8572431b940c695e1752deea2fc4dada049369b
campaign,reference,100,0-2-6,7,60,64,48,23296,50,0.6772,60.000,75208512,cc17b5385a7c74d7521db12aeea3e0f98f41a4fbfe66aab6f5f7c278ce636a56,31da62b5709734435d9983bea8572431b940c695e1752deea2fc4dada049369b
campaign,reference,100,0-2-6,8,60,64,48,23296,50,0.2874,60.029,76232768,cc17b5385a7c74d7521db12aeea3e0f98f41a4fbfe66aab6f5f7c278ce636a56,31da62b5709734435d9983bea8572431b940c695e1752deea2fc4dada049369b
campaign,reference,100,0-2-6,9,60,64,48,23296,50,0.2871,60.030,76011264,cc17b5385a7c74d7521db12aeea3e0f98f41a4fbfe66aab6f5f7c278ce636a56,31da62b5709734435d9983bea8572431b940c695e1752deea2fc4dada049369b
campaign,reference,100,0-2-6,10,60,64,48,23296,50,0.5570,60.029,76005248,cc17b5385a7c74d7521db12aeea3e0f98f41a4fbfe66aab6f5f7c278ce636a56,31da62b5709734435d9983bea8572431b940c695e1752deea2fc4dada049369b
campaign,reference,100,0-2-7,1,60,64,48,22442,51,0.5861,60.027,76290816,cc17b5385a7c74d7521db12aeea3e0f98f41a4fbfe66aab6f5f7c278ce636a56,31da62b5709734435d9983bea8572431b940c695e1752deea2fc4dada049369b
campaign,reference,100,0-2-7,2,60,64,48,22442,51,0.3777,60.001,76306880,cc17b5385a7c74d7521db12aeea3e0f98f41a4fbfe66aab6f5f7c278ce636a56,31da62b5709734435d9983bea8572431b940c695e1752deea2fc4dada049369b
campaign,reference,100,0-2-7,3,60,64,48,22442,51,0.4359,60.002,76435200,cc17b5385a7c74d7521db12aeea3e0f98f41a4fbfe66aab6f5f7c278ce636a56,31da62b5709734435d9983bea8572431b940c695e1752deea2fc4dada049369b
campaign,reference,100,0-2-7,4,60,64,48,22442,51,1.3073,60.029,76419072,cc17b5385a7c74d7521db12aeea3e0f98f41a4fbfe66aab6f5f7c278ce636a56,31da62b5709734435d9983bea8572431b940c695e1752deea2fc4dada049369b
campaign,reference,100,0-2-7,5,60,64,48,22442,51,3.3474,60.029,75497472,cc17b5385a7c74d7521db12aeea3e0f98f41a4fbfe66aab6f5f7c278ce636a56,31da62b5709734435d9983bea8572431b940c695e1752deea2fc4dada049369b
campaign,reference,100,0-2-7,6,60,64,48,22442,51,0.4978,60.002,76279488,cc17b5385a7c74d7521db12aeea3e0f98f41a4fbfe66aab6f5f7c278ce636a56,31da62b5709734435d9983bea8572431b940c695e1752deea2fc4dada049369b
campaign,reference,100,0-2-7,7,60,64,48,22442,51,0.5884,60.001,75514048,cc17b5385a7c74d7521db12aeea3e0f98f41a4fbfe66aab6f5f7c278ce636a56,31da62b5709734435d9983bea8572431b940c695e1752deea2fc4dada049369b
campaign,reference,100,0-2-7,8,60,64,48,22442,51,0.5556,60.029,76531584,cc17b5385a7c74d7521db12aeea3e0f98f41a4fbfe66aab6f5f7c278ce636a56,31da62b5709734435d9983bea8572431b940c695e1752deea2fc4dada049369b
campaign,reference,100,0-2-7,9,60,64,48,22442,51,1.0375,60.029,76374784,cc17b5385a7c74d7521db12aeea3e0f98f41a4fbfe66aab6f5f7c278ce636a56,31da62b5709734435d9983bea8572431b940c695e1752deea2fc4dada049369b
campaign,reference,100,0-2-7,10,60,64,48,22442,51,1.0080,60.030,76244992,cc17b5385a7c74d7521db12aeea3e0f98f41a4fbfe66aab6f5f7c278ce636a56,31da62b5709734435d9983bea8572431b940c695e1752deea2fc4dada049369b
campaign,reference,100,0-2-8,1,60,64,48,23452,51,3.0765,60.028,76099776,cc17b5385a7c74d7521db12aeea3e0f98f41a4fbfe66aab6f5f7c278ce636a56,31da62b5709734435d9983bea8572431b940c695e1752deea2fc4dada049369b
campaign,reference,100,0-2-8,2,60,64,48,23452,51,1.1557,60.029,76137856,cc17b5385a7c74d7521db12aeea3e0f98f41a4fbfe66aab6f5f7c278ce636a56,31da62b5709734435d9983bea8572431b940c695e1752deea2fc4dada049369b
campaign,reference,100,0-2-8,3,60,64,48,23452,51,6.6768,60.001,76055616,cc17b5385a7c74d7521db12aeea3e0f98f41a4fbfe66aab6f5f7c278ce636a56,31da62b5709734435d9983bea8572431b940c695e1752deea2fc4dada049369b
campaign,reference,100,0-2-8,4,60,64,48,23452,51,4.7565,60.002,76090688,cc17b5385a7c74d7521db12aeea3e0f98f41a4fbfe66aab6f5f7c278ce636a56,31da62b5709734435d9983bea8572431b940c695e1752deea2fc4dada049369b
campaign,reference,100,0-2-8,5,60,64,48,23452,51,58.6526,60.002,75119040,cc17b5385a7c74d7521db12aeea3e0f98f41a4fbfe66aab6f5f7c278ce636a56,31da62b5709734435d9983bea8572431b940c695e1752deea2fc4dada049369b
campaign,reference,100,0-2-8,6,60,64,48,23452,51,6.0439,60.028,76098816,cc17b5385a7c74d7521db12aeea3e0f98f41a4fbfe66aab6f5f7c278ce636a56,31da62b5709734435d9983bea8572431b940c695e1752deea2fc4dada049369b
campaign,reference,100,0-2-8,7,60,64,48,23452,51,6.7639,60.029,76044608,cc17b5385a7c74d7521db12aeea3e0f98f41a4fbfe66aab6f5f7c278ce636a56,31da62b5709734435d9983bea8572431b940c695e1752deea2fc4dada049369b
campaign,reference,100,0-2-8,8,60,64,48,23452,51,5.5362,60.004,76204608,cc17b5385a7c74d7521db12aeea3e0f98f41a4fbfe66aab6f5f7c278ce636a56,31da62b5709734435d9983bea8572431b940c695e1752deea2fc4dada049369b
campaign,reference,100,0-2-8,9,60,64,48,23452,51,2.8971,60.029,76152192,cc17b5385a7c74d7521db12aeea3e0f98f41a4fbfe66aab6f5f7c278ce636a56,31da62b5709734435d9983bea8572431b940c695e1752deea2fc4dada049369b
campaign,reference,100,0-2-8,10,60,64,48,23452,51,7.2454,60.001,76000384,cc17b5385a7c74d7521db12aeea3e0f98f41a4fbfe66aab6f5f7c278ce636a56,31da62b5709734435d9983bea8572431b940c695e1752deea2fc4dada049369b
campaign,reference,100,0-2-9,1,60,64,48,22756,50,1.0374,60.001,75645568,cc17b5385a7c74d7521db12aeea3e0f98f41a4fbfe66aab6f5f7c278ce636a56,31da62b5709734435d9983bea8572431b940c695e1752deea2fc4dada049369b
campaign,reference,100,0-2-9,2,60,64,48,22756,50,0.4366,60.030,75851008,cc17b5385a7c74d7521db12aeea3e0f98f41a4fbfe66aab6f5f7c278ce636a56,31da62b5709734435d9983bea8572431b940c695e1752deea2fc4dada049369b
campaign,reference,100,0-2-9,3,60,64,48,22756,50,0.5872,60.029,75918336,cc17b5385a7c74d7521db12aeea3e0f98f41a4fbfe66aab6f5f7c278ce636a56,31da62b5709734435d9983bea8572431b940c695e1752deea2fc4dada049369b
campaign,reference,100,0-2-9,4,60,64,48,22756,50,0.5574,60.000,75815168,cc17b5385a7c74d7521db12aeea3e0f98f41a4fbfe66aab6f5f7c278ce636a56,31da62b5709734435d9983bea8572431b940c695e1752deea2fc4dada049369b
campaign,reference,100,0-2-9,5,60,64,48,22756,50,3.2866,60.001,75238464,cc17b5385a7c74d7521db12aeea3e0f98f41a4fbfe66aab6f5f7c278ce636a56,31da62b5709734435d9983bea8572431b940c695e1752deea2fc4dada049369b
campaign,reference,100,0-2-9,6,60,64,48,22756,50,1.5761,60.030,75865216,cc17b5385a7c74d7521db12aeea3e0f98f41a4fbfe66aab6f5f7c278ce636a56,31da62b5709734435d9983bea8572431b940c695e1752deea2fc4dada049369b
campaign,reference,100,0-2-9,7,60,64,48,22756,50,0.4378,60.001,74907648,cc17b5385a7c74d7521db12aeea3e0f98f41a4fbfe66aab6f5f7c278ce636a56,31da62b5709734435d9983bea8572431b940c695e1752deea2fc4dada049369b
campaign,reference,100,0-2-9,8,60,64,48,22756,50,0.8558,60.027,75664256,cc17b5385a7c74d7521db12aeea3e0f98f41a4fbfe66aab6f5f7c278ce636a56,31da62b5709734435d9983bea8572431b940c695e1752deea2fc4dada049369b
campaign,reference,100,0-2-9,9,60,64,48,22756,50,1.6366,60.028,74835008,cc17b5385a7c74d7521db12aeea3e0f98f41a4fbfe66aab6f5f7c278ce636a56,31da62b5709734435d9983bea8572431b940c695e1752deea2fc4dada049369b
campaign,reference,100,0-2-9,10,60,64,48,22756,50,0.2275,60.030,75731712,cc17b5385a7c74d7521db12aeea3e0f98f41a4fbfe66aab6f5f7c278ce636a56,31da62b5709734435d9983bea8572431b940c695e1752deea2fc4dada049369b
campaign,reference,100,0-2-10,1,60,64,48,24498,50,2.7766,60.029,76291840,cc17b5385a7c74d7521db12aeea3e0f98f41a4fbfe66aab6f5f7c278ce636a56,31da62b5709734435d9983bea8572431b940c695e1752deea2fc4dada049369b
campaign,reference,100,0-2-10,2,60,64,48,24498,50,5.6259,60.001,76355328,cc17b5385a7c74d7521db12aeea3e0f98f41a4fbfe66aab6f5f7c278ce636a56,31da62b5709734435d9983bea8572431b940c695e1752deea2fc4dada049369b
campaign,reference,100,0-2-10,3,60,64,48,24498,50,7.8761,60.002,76218432,cc17b5385a7c74d7521db12aeea3e0f98f41a4fbfe66aab6f5f7c278ce636a56,31da62b5709734435d9983bea8572431b940c695e1752deea2fc4dada049369b
campaign,reference,100,0-2-10,4,60,64,48,24498,50,17.6823,60.030,76432384,cc17b5385a7c74d7521db12aeea3e0f98f41a4fbfe66aab6f5f7c278ce636a56,31da62b5709734435d9983bea8572431b940c695e1752deea2fc4dada049369b
campaign,reference,100,0-2-10,5,60,64,48,24498,50,2.8673,60.030,76339136,cc17b5385a7c74d7521db12aeea3e0f98f41a4fbfe66aab6f5f7c278ce636a56,31da62b5709734435d9983bea8572431b940c695e1752deea2fc4dada049369b
campaign,reference,100,0-2-10,6,60,64,48,24498,50,2.7769,60.001,76278272,cc17b5385a7c74d7521db12aeea3e0f98f41a4fbfe66aab6f5f7c278ce636a56,31da62b5709734435d9983bea8572431b940c695e1752deea2fc4dada049369b
campaign,reference,100,0-2-10,7,60,64,48,24498,50,7.0353,60.029,76397248,cc17b5385a7c74d7521db12aeea3e0f98f41a4fbfe66aab6f5f7c278ce636a56,31da62b5709734435d9983bea8572431b940c695e1752deea2fc4dada049369b
campaign,reference,100,0-2-10,8,60,64,48,24498,50,7.4556,60.030,76444544,cc17b5385a7c74d7521db12aeea3e0f98f41a4fbfe66aab6f5f7c278ce636a56,31da62b5709734435d9983bea8572431b940c695e1752deea2fc4dada049369b
campaign,reference,100,0-2-10,9,60,64,48,24498,50,6.8250,60.000,76265856,cc17b5385a7c74d7521db12aeea3e0f98f41a4fbfe66aab6f5f7c278ce636a56,31da62b5709734435d9983bea8572431b940c695e1752deea2fc4dada049369b
campaign,reference,100,0-2-10,10,60,64,48,24498,50,11.7443,60.029,76209920,cc17b5385a7c74d7521db12aeea3e0f98f41a4fbfe66aab6f5f7c278ce636a56,31da62b5709734435d9983bea8572431b940c695e1752deea2fc4dada049369b
campaign,reference,100,0-2-11,1,60,64,48,33472,75,0.1636,60.014,123771904,cc17b5385a7c74d7521db12aeea3e0f98f41a4fbfe66aab6f5f7c278ce636a56,31da62b5709734435d9983bea8572431b940c695e1752deea2fc4dada049369b
campaign,reference,100,0-2-11,2,60,64,48,33472,75,0.1644,60.016,124036736,cc17b5385a7c74d7521db12aeea3e0f98f41a4fbfe66aab6f5f7c278ce636a56,31da62b5709734435d9983bea8572431b940c695e1752deea2fc4dada049369b
campaign,reference,100,0-2-11,3,60,64,48,33472,75,0.1938,60.015,124060608,cc17b5385a7c74d7521db12aeea3e0f98f41a4fbfe66aab6f5f7c278ce636a56,31da62b5709734435d9983bea8572431b940c695e1752deea2fc4dada049369b
campaign,reference,100,0-2-11,4,60,64,48,33472,75,0.1639,60.015,123842624,cc17b5385a7c74d7521db12aeea3e0f98f41a4fbfe66aab6f5f7c278ce636a56,31da62b5709734435d9983bea8572431b940c695e1752deea2fc4dada049369b
campaign,reference,100,0-2-11,5,60,64,48,33472,75,0.0439,60.015,120124032,cc17b5385a7c74d7521db12aeea3e0f98f41a4fbfe66aab6f5f7c278ce636a56,31da62b5709734435d9983bea8572431b940c695e1752deea2fc4dada049369b
campaign,reference,100,0-2-11,6,60,64,48,33472,75,0.0073,60.014,123790848,cc17b5385a7c74d7521db12aeea3e0f98f41a4fbfe66aab6f5f7c278ce636a56,31da62b5709734435d9983bea8572431b940c695e1752deea2fc4dada049369b
campaign,reference,100,0-2-11,7,60,64,48,33472,75,0.1341,60.015,122216128,cc17b5385a7c74d7521db12aeea3e0f98f41a4fbfe66aab6f5f7c278ce636a56,31da62b5709734435d9983bea8572431b940c695e1752deea2fc4dada049369b
campaign,reference,100,0-2-11,8,60,64,48,33472,75,0.1946,60.017,124265472,cc17b5385a7c74d7521db12aeea3e0f98f41a4fbfe66aab6f5f7c278ce636a56,31da62b5709734435d9983bea8572431b940c695e1752deea2fc4dada049369b
campaign,reference,100,0-2-11,9,60,64,48,33472,75,0.1339,60.015,123800768,cc17b5385a7c74d7521db12aeea3e0f98f41a4fbfe66aab6f5f7c278ce636a56,31da62b5709734435d9983bea8572431b940c695e1752deea2fc4dada049369b
campaign,reference,100,0-2-11,10,60,64,48,33472,75,0.1646,60.015,123935808,cc17b5385a7c74d7521db12aeea3e0f98f41a4fbfe66aab6f5f7c278ce636a56,31da62b5709734435d9983bea8572431b940c695e1752deea2fc4dada049369b
campaign,reference,100,0-2-12,1,60,64,48,32670,75,0.1346,60.015,123477504,cc17b5385a7c74d7521db12aeea3e0f98f41a4fbfe66aab6f5f7c278ce636a56,31da62b5709734435d9983bea8572431b940c695e1752deea2fc4dada049369b
campaign,reference,100,0-2-12,2,60,64,48,32670,75,0.0761,60.016,123662080,cc17b5385a7c74d7521db12aeea3e0f98f41a4fbfe66aab6f5f7c278ce636a56,31da62b5709734435d9983bea8572431b940c695e1752deea2fc4dada049369b
campaign,reference,100,0-2-12,3,60,64,48,32670,75,0.1345,60.015,123803264,cc17b5385a7c74d7521db12aeea3e0f98f41a4fbfe66aab6f5f7c278ce636a56,31da62b5709734435d9983bea8572431b940c695e1752deea2fc4dada049369b
campaign,reference,100,0-2-12,4,60,64,48,32670,75,0.1344,60.017,122045952,cc17b5385a7c74d7521db12aeea3e0f98f41a4fbfe66aab6f5f7c278ce636a56,31da62b5709734435d9983bea8572431b940c695e1752deea2fc4dada049369b
campaign,reference,100,0-2-12,5,60,64,48,32670,75,1.0950,60.016,117923328,cc17b5385a7c74d7521db12aeea3e0f98f41a4fbfe66aab6f5f7c278ce636a56,31da62b5709734435d9983bea8572431b940c695e1752deea2fc4dada049369b
campaign,reference,100,0-2-12,6,60,64,48,32670,75,0.0763,60.017,120266816,cc17b5385a7c74d7521db12aeea3e0f98f41a4fbfe66aab6f5f7c278ce636a56,31da62b5709734435d9983bea8572431b940c695e1752deea2fc4dada049369b
campaign,reference,100,0-2-12,7,60,64,48,32670,75,0.1370,60.014,116247488,cc17b5385a7c74d7521db12aeea3e0f98f41a4fbfe66aab6f5f7c278ce636a56,31da62b5709734435d9983bea8572431b940c695e1752deea2fc4dada049369b
campaign,reference,100,0-2-12,8,60,64,48,32670,75,0.0763,60.004,116804160,cc17b5385a7c74d7521db12aeea3e0f98f41a4fbfe66aab6f5f7c278ce636a56,31da62b5709734435d9983bea8572431b940c695e1752deea2fc4dada049369b
campaign,reference,100,0-2-12,9,60,64,48,32670,75,0.0741,60.023,117123840,cc17b5385a7c74d7521db12aeea3e0f98f41a4fbfe66aab6f5f7c278ce636a56,31da62b5709734435d9983bea8572431b940c695e1752deea2fc4dada049369b
campaign,reference,100,0-2-12,10,60,64,48,32670,75,0.0736,60.022,117209280,cc17b5385a7c74d7521db12aeea3e0f98f41a4fbfe66aab6f5f7c278ce636a56,31da62b5709734435d9983bea8572431b940c695e1752deea2fc4dada049369b
campaign,reference,100,0-2-13,1,60,64,48,32942,75,0.0439,60.024,117179904,cc17b5385a7c74d7521db12aeea3e0f98f41a4fbfe66aab6f5f7c278ce636a56,31da62b5709734435d9983bea8572431b940c695e1752deea2fc4dada049369b
campaign,reference,100,0-2-13,2,60,64,48,32942,75,0.0428,60.023,117385856,cc17b5385a7c74d7521db12aeea3e0f98f41a4fbfe66aab6f5f7c278ce636a56,31da62b5709734435d9983bea8572431b940c695e1752deea2fc4dada049369b
campaign,reference,100,0-2-13,3,60,64,48,32942,75,0.0450,60.021,120430400,cc17b5385a7c74d7521db12aeea3e0f98f41a4fbfe66aab6f5f7c278ce636a56,31da62b5709734435d9983bea8572431b940c695e1752deea2fc4dada049369b
campaign,reference,100,0-2-13,4,60,64,48,32942,75,0.0437,60.014,123941568,cc17b5385a7c74d7521db12aeea3e0f98f41a4fbfe66aab6f5f7c278ce636a56,31da62b5709734435d9983bea8572431b940c695e1752deea2fc4dada049369b
campaign,reference,100,0-2-13,5,60,64,48,32942,75,0.0447,60.015,121938048,cc17b5385a7c74d7521db12aeea3e0f98f41a4fbfe66aab6f5f7c278ce636a56,31da62b5709734435d9983bea8572431b940c695e1752deea2fc4dada049369b
campaign,reference,100,0-2-13,6,60,64,48,32942,75,0.0448,60.016,123622656,cc17b5385a7c74d7521db12aeea3e0f98f41a4fbfe66aab6f5f7c278ce636a56,31da62b5709734435d9983bea8572431b940c695e1752deea2fc4dada049369b
campaign,reference,100,0-2-13,7,60,64,48,32942,75,0.0441,60.015,122814080,cc17b5385a7c74d7521db12aeea3e0f98f41a4fbfe66aab6f5f7c278ce636a56,31da62b5709734435d9983bea8572431b940c695e1752deea2fc4dada049369b
campaign,reference,100,0-2-13,8,60,64,48,32942,75,0.0071,60.016,123927040,cc17b5385a7c74d7521db12aeea3e0f98f41a4fbfe66aab6f5f7c278ce636a56,31da62b5709734435d9983bea8572431b940c695e1752deea2fc4dada049369b
campaign,reference,100,0-2-13,9,60,64,48,32942,75,0.0439,60.017,124000384,cc17b5385a7c74d7521db12aeea3e0f98f41a4fbfe66aab6f5f7c278ce636a56,31da62b5709734435d9983bea8572431b940c695e1752deea2fc4dada049369b
campaign,reference,100,0-2-13,10,60,64,48,32942,75,0.0439,60.015,123748672,cc17b5385a7c74d7521db12aeea3e0f98f41a4fbfe66aab6f5f7c278ce636a56,31da62b5709734435d9983bea8572431b940c695e1752deea2fc4dada049369b
campaign,reference,100,0-2-14,1,60,64,48,35106,75,0.0439,60.014,123781056,cc17b5385a7c74d7521db12aeea3e0f98f41a4fbfe66aab6f5f7c278ce636a56,31da62b5709734435d9983bea8572431b940c695e1752deea2fc4dada049369b
campaign,reference,100,0-2-14,2,60,64,48,35106,75,0.0436,60.013,124073408,cc17b5385a7c74d7521db12aeea3e0f98f41a4fbfe66aab6f5f7c278ce636a56,31da62b5709734435d9983bea8572431b940c695e1752deea2fc4dada049369b
campaign,reference,100,0-2-14,3,60,64,48,35106,75,0.0442,60.015,124105664,cc17b5385a7c74d7521db12aeea3e0f98f41a4fbfe66aab6f5f7c278ce636a56,31da62b5709734435d9983bea8572431b940c695e1752deea2fc4dada049369b
campaign,reference,100,0-2-14,4,60,64,48,35106,75,0.0440,60.015,123822784,cc17b5385a7c74d7521db12aeea3e0f98f41a4fbfe66aab6f5f7c278ce636a56,31da62b5709734435d9983bea8572431b940c695e1752deea2fc4dada049369b
campaign,reference,100,0-2-14,5,60,64,48,35106,75,0.0439,60.016,122674112,cc17b5385a7c74d7521db12aeea3e0f98f41a4fbfe66aab6f5f7c278ce636a56,31da62b5709734435d9983bea8572431b940c695e1752deea2fc4dada049369b
campaign,reference,100,0-2-14,6,60,64,48,35106,75,0.0742,60.015,123727104,cc17b5385a7c74d7521db12aeea3e0f98f41a4fbfe66aab6f5f7c278ce636a56,31da62b5709734435d9983bea8572431b940c695e1752deea2fc4dada049369b
campaign,reference,100,0-2-14,7,60,64,48,35106,75,0.0449,60.016,122068480,cc17b5385a7c74d7521db12aeea3e0f98f41a4fbfe66aab6f5f7c278ce636a56,31da62b5709734435d9983bea8572431b940c695e1752deea2fc4dada049369b
campaign,reference,100,0-2-14,8,60,64,48,35106,75,0.0438,60.018,124052096,cc17b5385a7c74d7521db12aeea3e0f98f41a4fbfe66aab6f5f7c278ce636a56,31da62b5709734435d9983bea8572431b940c695e1752deea2fc4dada049369b
campaign,reference,100,0-2-14,9,60,64,48,35106,75,0.0441,60.016,122902848,cc17b5385a7c74d7521db12aeea3e0f98f41a4fbfe66aab6f5f7c278ce636a56,31da62b5709734435d9983bea8572431b940c695e1752deea2fc4dada049369b
campaign,reference,100,0-2-14,10,60,64,48,35106,75,0.1049,60.017,123709632,cc17b5385a7c74d7521db12aeea3e0f98f41a4fbfe66aab6f5f7c278ce636a56,31da62b5709734435d9983bea8572431b940c695e1752deea2fc4dada049369b
campaign,reference,100,0-2-15,1,60,64,48,30930,75,0.8540,60.015,124120000,cc17b5385a7c74d7521db12aeea3e0f98f41a4fbfe66aab6f5f7c278ce636a56,31da62b5709734435d9983bea8572431b940c695e1752deea2fc4dada049369b
campaign,reference,100,0-2-15,2,60,64,48,30930,75,0.6141,60.016,124328896,cc17b5385a7c74d7521db12aeea3e0f98f41a4fbfe66aab6f5f7c278ce636a56,31da62b5709734435d9983bea8572431b940c695e1752deea2fc4dada049369b
campaign,reference,100,0-2-15,3,60,64,48,30930,75,0.7344,60.015,124413952,cc17b5385a7c74d7521db12aeea3e0f98f41a4fbfe66aab6f5f7c278ce636a56,31da62b5709734435d9983bea8572431b940c695e1752deea2fc4dada049369b
campaign,reference,100,0-2-15,4,60,64,48,30930,75,0.7939,60.016,124240384,cc17b5385a7c74d7521db12aeea3e0f98f41a4fbfe66aab6f5f7c278ce636a56,31da62b5709734435d9983bea8572431b940c695e1752deea2fc4dada049369b
campaign,reference,100,0-2-15,5,60,64,48,30930,75,7.6341,60.014,122051200,cc17b5385a7c74d7521db12aeea3e0f98f41a4fbfe66aab6f5f7c278ce636a56,31da62b5709734435d9983bea8572431b940c695e1752deea2fc4dada049369b
campaign,reference,100,0-2-15,6,60,64,48,30930,75,0.6439,60.015,123944896,cc17b5385a7c74d7521db12aeea3e0f98f41a4fbfe66aab6f5f7c278ce636a56,31da62b5709734435d9983bea8572431b940c695e1752deea2fc4dada049369b
campaign,reference,100,0-2-15,7,60,64,48,30930,75,0.7654,60.017,124398080,cc17b5385a7c74d7521db12aeea3e0f98f41a4fbfe66aab6f5f7c278ce636a56,31da62b5709734435d9983bea8572431b940c695e1752deea2fc4dada049369b
campaign,reference,100,0-2-15,8,60,64,48,30930,75,0.6744,60.015,124471616,cc17b5385a7c74d7521db12aeea3e0f98f41a4fbfe66aab6f5f7c278ce636a56,31da62b5709734435d9983bea8572431b940c695e1752deea2fc4dada049369b
campaign,reference,100,0-2-15,9,60,64,48,30930,75,0.7041,60.016,124331264,cc17b5385a7c74d7521db12aeea3e0f98f41a4fbfe66aab6f5f7c278ce636a56,31da62b5709734435d9983bea8572431b940c695e1752deea2fc4dada049369b
campaign,reference,100,0-2-15,10,60,64,48,30930,75,0.1942,60.016,124027136,cc17b5385a7c74d7521db12aeea3e0f98f41a4fbfe66aab6f5f7c278ce636a56,31da62b5709734435d9983bea8572431b940c695e1752deea2fc4dada049369b
campaign,reference,100,1-5-1,1,60,64,48,5378,25,12.7904,60.011,122233472,cc17b5385a7c74d7521db12aeea3e0f98f41a4fbfe66aab6f5f7c278ce636a56,31da62b5709734435d9983bea8572431b940c695e1752deea2fc4dada049369b
campaign,reference,100,1-5-1,2,60,64,48,5378,25,32.8891,60.010,122315328,cc17b5385a7c74d7521db12aeea3e0f98f41a4fbfe66aab6f5f7c278ce636a56,31da62b5709734435d9983bea8572431b940c695e1752deea2fc4dada049369b
campaign,reference,100,1-5-1,3,60,64,48,5378,25,32.9167,60.027,118890112,cc17b5385a7c74d7521db12aeea3e0f98f41a4fbfe66aab6f5f7c278ce636a56,31da62b5709734435d9983bea8572431b940c695e1752deea2fc4dada049369b
campaign,reference,100,1-5-1,4,60,64,48,5378,25,14.7181,60.028,117180416,cc17b5385a7c74d7521db12aeea3e0f98f41a4fbfe66aab6f5f7c278ce636a56,31da62b5709734435d9983bea8572431b940c695e1752deea2fc4dada049369b
campaign,reference,100,1-5-1,5,60,64,48,5378,25,3.1638,60.002,119871488,cc17b5385a7c74d7521db12aeea3e0f98f41a4fbfe66aab6f5f7c278ce636a56,31da62b5709734435d9983bea8572431b940c695e1752deea2fc4dada049369b
campaign,reference,100,1-5-1,6,60,64,48,5378,25,8.4100,60.020,120405504,cc17b5385a7c74d7521db12aeea3e0f98f41a4fbfe66aab6f5f7c278ce636a56,31da62b5709734435d9983bea8572431b940c695e1752deea2fc4dada049369b
campaign,reference,100,1-5-1,7,60,64,48,5378,25,5.2362,60.010,117217088,cc17b5385a7c74d7521db12aeea3e0f98f41a4fbfe66aab6f5f7c278ce636a56,31da62b5709734435d9983bea8572431b940c695e1752deea2fc4dada049369b
campaign,reference,100,1-5-1,8,60,64,48,5378,25,11.7997,60.025,121424448,cc17b5385a7c74d7521db12aeea3e0f98f41a4fbfe66aab6f5f7c278ce636a56,31da62b5709734435d9983bea8572431b940c695e1752deea2fc4dada049369b
campaign,reference,100,1-5-1,9,60,64,48,5378,25,21.2005,60.011,119870016,cc17b5385a7c74d7521db12aeea3e0f98f41a4fbfe66aab6f5f7c278ce636a56,31da62b5709734435d9983bea8572431b940c695e1752deea2fc4dada049369b
campaign,reference,100,1-5-1,10,60,64,48,5378,25,13.2166,60.018,118269056,cc17b5385a7c74d7521db12aeea3e0f98f41a4fbfe66aab6f5f7c278ce636a56,31da62b5709734435d9983bea8572431b940c695e1752deea2fc4dada049369b
campaign,reference,100,1-5-2,1,60,64,48,4390,25,0.0364,60.015,118412992,cc17b5385a7c74d7521db12aeea3e0f98f41a4fbfe66aab6f5f7c278ce636a56,31da62b5709734435d9983bea8572431b940c695e1752deea2fc4dada049369b
campaign,reference,100,1-5-2,2,60,64,48,4390,25,0.1383,60.007,120329600,cc17b5385a7c74d7521db12aeea3e0f98f41a4fbfe66aab6f5f7c278ce636a56,31da62b5709734435d9983bea8572431b940c695e1752deea2fc4dada049369b
campaign,reference,100,1-5-2,3,60,64,48,4390,25,0.0401,60.011,113419008,cc17b5385a7c74d7521db12aeea3e0f98f41a4fbfe66aab6f5f7c278ce636a56,31da62b5709734435d9983bea8572431b940c695e1752deea2fc4dada049369b
campaign,reference,100,1-5-2,4,60,64,48,4390,25,0.0402,60.007,114092224,cc17b5385a7c74d7521db12aeea3e0f98f41a4fbfe66aab6f5f7c278ce636a56,31da62b5709734435d9983bea8572431b940c695e1752deea2fc4dada049369b
campaign,reference,100,1-5-2,5,60,64,48,4390,25,0.0405,60.029,115819136,cc17b5385a7c74d7521db12aeea3e0f98f41a4fbfe66aab6f5f7c278ce636a56,31da62b5709734435d9983bea8572431b940c695e1752deea2fc4dada049369b
campaign,reference,100,1-5-2,6,60,64,48,4390,25,0.0399,60.024,116049472,cc17b5385a7c74d7521db12aeea3e0f98f41a4fbfe66aab6f5f7c278ce636a56,31da62b5709734435d9983bea8572431b940c695e1752deea2fc4dada049369b
campaign,reference,100,1-5-2,7,60,64,48,4390,25,0.0403,60.023,116262272,cc17b5385a7c74d7521db12aeea3e0f98f41a4fbfe66aab6f5f7c278ce636a56,31da62b5709734435d9983bea8572431b940c695e1752deea2fc4dada049369b
campaign,reference,100,1-5-2,8,60,64,48,4390,25,0.0401,60.023,116225664,cc17b5385a7c74d7521db12aeea3e0f98f41a4fbfe66aab6f5f7c278ce636a56,31da62b5709734435d9983bea8572431b940c695e1752deea2fc4dada049369b
campaign,reference,100,1-5-2,9,60,64,48,4390,25,0.0705,60.025,115782464,cc17b5385a7c74d7521db12aeea3e0f98f41a4fbfe66aab6f5f7c278ce636a56,31da62b5709734435d9983bea8572431b940c695e1752deea2fc4dada049369b
campaign,reference,100,1-5-2,10,60,64,48,4390,25,0.0405,60.020,118098432,cc17b5385a7c74d7521db12aeea3e0f98f41a4fbfe66aab6f5f7c278ce636a56,31da62b5709734435d9983bea8572431b940c695e1752deea2fc4dada049369b
campaign,reference,100,1-5-3,1,60,64,48,4227,25,0.0061,60.012,122295232,cc17b5385a7c74d7521db12aeea3e0f98f41a4fbfe66aab6f5f7c278ce636a56,31da62b5709734435d9983bea8572431b940c695e1752deea2fc4dada049369b
campaign,reference,100,1-5-3,2,60,64,48,4227,25,0.0405,60.014,122394816,cc17b5385a7c74d7521db12aeea3e0f98f41a4fbfe66aab6f5f7c278ce636a56,31da62b5709734435d9983bea8572431b940c695e1752deea2fc4dada049369b
campaign,reference,100,1-5-3,3,60,64,48,4227,25,0.0401,60.014,122583040,cc17b5385a7c74d7521db12aeea3e0f98f41a4fbfe66aab6f5f7c278ce636a56,31da62b5709734435d9983bea8572431b940c695e1752deea2fc4dada049369b
campaign,reference,100,1-5-3,4,60,64,48,4227,25,0.0403,60.015,122494592,cc17b5385a7c74d7521db12aeea3e0f98f41a4fbfe66aab6f5f7c278ce636a56,31da62b5709734435d9983bea8572431b940c695e1752deea2fc4dada049369b
campaign,reference,100,1-5-3,5,60,64,48,4227,25,0.0404,60.013,120596352,cc17b5385a7c74d7521db12aeea3e0f98f41a4fbfe66aab6f5f7c278ce636a56,31da62b5709734435d9983bea8572431b940c695e1752deea2fc4dada049369b
campaign,reference,100,1-5-3,6,60,64,48,4227,25,0.0402,60.014,122281216,cc17b5385a7c74d7521db12aeea3e0f98f41a4fbfe66aab6f5f7c278ce636a56,31da62b5709734435d9983bea8572431b940c695e1752deea2fc4dada049369b
campaign,reference,100,1-5-3,7,60,64,48,4227,25,0.0408,60.016,120129984,cc17b5385a7c74d7521db12aeea3e0f98f41a4fbfe66aab6f5f7c278ce636a56,31da62b5709734435d9983bea8572431b940c695e1752deea2fc4dada049369b
campaign,reference,100,1-5-3,8,60,64,48,4227,25,0.0399,60.001,115602048,cc17b5385a7c74d7521db12aeea3e0f98f41a4fbfe66aab6f5f7c278ce636a56,31da62b5709734435d9983bea8572431b940c695e1752deea2fc4dada049369b
campaign,reference,100,1-5-3,9,60,64,48,4227,25,0.0354,60.028,114583616,cc17b5385a7c74d7521db12aeea3e0f98f41a4fbfe66aab6f5f7c278ce636a56,31da62b5709734435d9983bea8572431b940c695e1752deea2fc4dada049369b
campaign,reference,100,1-5-3,10,60,64,48,4227,25,0.0414,60.023,116391488,cc17b5385a7c74d7521db12aeea3e0f98f41a4fbfe66aab6f5f7c278ce636a56,31da62b5709734435d9983bea8572431b940c695e1752deea2fc4dada049369b
campaign,reference,100,1-5-4,1,60,64,48,4706,25,0.1602,60.023,115886272,cc17b5385a7c74d7521db12aeea3e0f98f41a4fbfe66aab6f5f7c278ce636a56,31da62b5709734435d9983bea8572431b940c695e1752deea2fc4dada049369b
campaign,reference,100,1-5-4,2,60,64,48,4706,25,0.1000,60.022,116350208,cc17b5385a7c74d7521db12aeea3e0f98f41a4fbfe66aab6f5f7c278ce636a56,31da62b5709734435d9983bea8572431b940c695e1752deea2fc4dada049369b
campaign,reference,100,1-5-4,3,60,64,48,4706,25,0.0979,60.021,116325632,cc17b5385a7c74d7521db12aeea3e0f98f41a4fbfe66aab6f5f7c278ce636a56,31da62b5709734435d9983bea8572431b940c695e1752deea2fc4dada049369b
campaign,reference,100,1-5-4,4,60,64,48,4706,25,0.1305,60.030,117570176,cc17b5385a7c74d7521db12aeea3e0f98f41a4fbfe66aab6f5f7c278ce636a56,31da62b5709734435d9983bea8572431b940c695e1752deea2fc4dada049369b
campaign,reference,100,1-5-4,5,60,64,48,4706,25,0.2210,60.013,120037312,cc17b5385a7c74d7521db12aeea3e0f98f41a4fbfe66aab6f5f7c278ce636a56,31da62b5709734435d9983bea8572431b940c695e1752deea2fc4dada049369b
campaign,reference,100,1-5-4,6,60,64,48,4706,25,0.1607,60.013,122216768,cc17b5385a7c74d7521db12aeea3e0f98f41a4fbfe66aab6f5f7c278ce636a56,31da62b5709734435d9983bea8572431b940c695e1752deea2fc4dada049369b
campaign,reference,100,1-5-4,7,60,64,48,4706,25,0.1007,60.016,120663552,cc17b5385a7c74d7521db12aeea3e0f98f41a4fbfe66aab6f5f7c278ce636a56,31da62b5709734435d9983bea8572431b940c695e1752deea2fc4dada049369b
campaign,reference,100,1-5-4,8,60,64,48,4706,25,0.1610,60.013,122204800,cc17b5385a7c74d7521db12aeea3e0f98f41a4fbfe66aab6f5f7c278ce636a56,31da62b5709734435d9983bea8572431b940c695e1752deea2fc4dada049369b
campaign,reference,100,1-5-4,9,60,64,48,4706,25,0.2506,60.014,122151360,cc17b5385a7c74d7521db12aeea3e0f98f41a4fbfe66aab6f5f7c278ce636a56,31da62b5709734435d9983bea8572431b940c695e1752deea2fc4dada049369b
campaign,reference,100,1-5-4,10,60,64,48,4706,25,0.1303,60.014,121777728,cc17b5385a7c74d7521db12aeea3e0f98f41a4fbfe66aab6f5f7c278ce636a56,31da62b5709734435d9983bea8572431b940c695e1752deea2fc4dada049369b
campaign,reference,100,1-5-5,1,60,64,48,2597,25,0.0701,60.012,122026368,cc17b5385a7c74d7521db12aeea3e0f98f41a4fbfe66aab6f5f7c278ce636a56,31da62b5709734435d9983bea8572431b940c695e1752deea2fc4dada049369b
campaign,reference,100,1-5-5,2,60,64,48,2597,25,0.0995,60.013,122227264,cc17b5385a7c74d7521db12aeea3e0f98f41a4fbfe66aab6f5f7c278ce636a56,31da62b5709734435d9983bea8572431b940c695e1752deea2fc4dada049369b
campaign,reference,100,1-5-5,3,60,64,48,2597,25,0.1304,60.014,122386368,cc17b5385a7c74d7521db12aeea3e0f98f41a4fbfe66aab6f5f7c278ce636a56,31da62b5709734435d9983bea8572431b940c695e1752deea2fc4dada049369b
campaign,reference,100,1-5-5,4,60,64,48,2597,25,0.0703,60.013,122406656,cc17b5385a7c74d7521db12aeea3e0f98f41a4fbfe66aab6f5f7c278ce636a56,31da62b5709734435d9983bea8572431b940c695e1752deea2fc4dada049369b
campaign,reference,100,1-5-5,5,60,64,48,2597,25,0.0686,60.011,121993856,cc17b5385a7c74d7521db12aeea3e0f98f41a4fbfe66aab6f5f7c278ce636a56,31da62b5709734435d9983bea8572431b940c695e1752deea2fc4dada049369b
campaign,reference,100,1-5-5,6,60,64,48,2597,25,0.0703,60.011,122172096,cc17b5385a7c74d7521db12aeea3e0f98f41a4fbfe66aab6f5f7c278ce636a56,31da62b5709734435d9983bea8572431b940c695e1752deea2fc4dada049369b
campaign,reference,100,1-5-5,7,60,64,48,2597,25,0.0707,60.012,120520704,cc17b5385a7c74d7521db12aeea3e0f98f41a4fbfe66aab6f5f7c278ce636a56,31da62b5709734435d9983bea8572431b940c695e1752deea2fc4dada049369b
campaign,reference,100,1-5-5,8,60,64,48,2597,25,0.0702,60.011,122517120,cc17b5385a7c74d7521db12aeea3e0f98f41a4fbfe66aab6f5f7c278ce636a56,31da62b5709734435d9983bea8572431b940c695e1752deea2fc4dada049369b
campaign,reference,100,1-5-5,9,60,64,48,2597,25,0.0701,60.011,122153920,cc17b5385a7c74d7521db12aeea3e0f98f41a4fbfe66aab6f5f7c278ce636a56,31da62b5709734435d9983bea8572431b940c695e1752deea2fc4dada049369b
campaign,reference,100,1-5-5,10,60,64,48,2597,25,0.0083,60.012,122137600,cc17b5385a7c74d7521db12aeea3e0f98f41a4fbfe66aab6f5f7c278ce636a56,31da62b5709734435d9983bea8572431b940c695e1752deea2fc4dada049369b
campaign,reference,100,1-5-6,1,60,64,48,10808,50,0.6762,60.029,76391232,cc17b5385a7c74d7521db12aeea3e0f98f41a4fbfe66aab6f5f7c278ce636a56,31da62b5709734435d9983bea8572431b940c695e1752deea2fc4dada049369b
campaign,reference,100,1-5-6,2,60,64,48,10808,50,2.8068,60.000,76283712,cc17b5385a7c74d7521db12aeea3e0f98f41a4fbfe66aab6f5f7c278ce636a56,31da62b5709734435d9983bea8572431b940c695e1752deea2fc4dada049369b
campaign,reference,100,1-5-6,3,60,64,48,10808,50,0.1676,60.029,76532992,cc17b5385a7c74d7521db12aeea3e0f98f41a4fbfe66aab6f5f7c278ce636a56,31da62b5709734435d9983bea8572431b940c695e1752deea2fc4dada049369b
campaign,reference,100,1-5-6,4,60,64,48,10808,50,1.4254,60.030,76372736,cc17b5385a7c74d7521db12aeea3e0f98f41a4fbfe66aab6f5f7c278ce636a56,31da62b5709734435d9983bea8572431b940c695e1752deea2fc4dada049369b
campaign,reference,100,1-5-6,5,60,64,48,10808,50,4.0661,60.000,75866176,cc17b5385a7c74d7521db12aeea3e0f98f41a4fbfe66aab6f5f7c278ce636a56,31da62b5709734435d9983bea8572431b940c695e1752deea2fc4dada049369b
campaign,reference,100,1-5-6,6,60,64,48,10808,50,1.1577,60.030,76311296,cc17b5385a7c74d7521db12aeea3e0f98f41a4fbfe66aab6f5f7c278ce636a56,31da62b5709734435d9983bea8572431b940c695e1752deea2fc4dada049369b
campaign,reference,100,1-5-6,7,60,64,48,10808,50,4.8160,60.000,76069312,cc17b5385a7c74d7521db12aeea3e0f98f41a4fbfe66aab6f5f7c278ce636a56,31da62b5709734435d9983bea8572431b940c695e1752deea2fc4dada049369b
campaign,reference,100,1-5-6,8,60,64,48,10808,50,2.2377,60.000,76264576,cc17b5385a7c74d7521db12aeea3e0f98f41a4fbfe66aab6f5f7c278ce636a56,31da62b5709734435d9983bea8572431b940c695e1752deea2fc4dada049369b
campaign,reference,100,1-5-6,9,60,64,48,10808,50,1.7568,60.001,76345856,cc17b5385a7c74d7521db12aeea3e0f98f41a4fbfe66aab6f5f7c278ce636a56,31da62b5709734435d9983bea8572431b940c695e1752deea2fc4dada049369b
campaign,reference,100,1-5-6,10,60,64,48,10808,50,4.0666,60.001,76216896,cc17b5385a7c74d7521db12aeea3e0f98f41a4fbfe66aab6f5f7c278ce636a56,31da62b5709734435d9983bea8572431b940c695e1752deea2fc4dada049369b
campaign,reference,100,1-5-7,1,60,64,48,9931,51,8.2049,60.001,75377664,cc17b5385a7c74d7521db12aeea3e0f98f41a4fbfe66aab6f5f7c278ce636a56,31da62b5709734435d9983bea8572431b940c695e1752deea2fc4dada049369b
campaign,reference,100,1-5-7,2,60,64,48,9931,51,9.5250,60.002,75983104,cc17b5385a7c74d7521db12aeea3e0f98f41a4fbfe66aab6f5f7c278ce636a56,31da62b5709734435d9983bea8572431b940c695e1752deea2fc4dada049369b
campaign,reference,100,1-5-7,3,60,64,48,9931,51,11.1453,60.002,76150848,cc17b5385a7c74d7521db12aeea3e0f98f41a4fbfe66aab6f5f7c278ce636a56,31da62b5709734435d9983bea8572431b940c695e1752deea2fc4dada049369b
campaign,reference,100,1-5-7,4,60,64,48,9931,51,10.3629,60.001,76174528,cc17b5385a7c74d7521db12aeea3e0f98f41a4fbfe66aab6f5f7c278ce636a56,31da62b5709734435d9983bea8572431b940c695e1752deea2fc4dada049369b
campaign,reference,100,1-5-7,5,60,64,48,9931,51,8.3563,60.002,75390272,cc17b5385a7c74d7521db12aeea3e0f98f41a4fbfe66aab6f5f7c278ce636a56,31da62b5709734435d9983bea8572431b940c695e1752deea2fc4dada049369b
campaign,reference,100,1-5-7,6,60,64,48,9931,51,6.6744,60.030,76080448,cc17b5385a7c74d7521db12aeea3e0f98f41a4fbfe66aab6f5f7c278ce636a56,31da62b5709734435d9983bea8572431b940c695e1752deea2fc4dada049369b
campaign,reference,100,1-5-7,7,60,64,48,9931,51,53.7034,60.002,75385792,cc17b5385a7c74d7521db12aeea3e0f98f41a4fbfe66aab6f5f7c278ce636a56,31da62b5709734435d9983bea8572431b940c695e1752deea2fc4dada049369b
campaign,reference,100,1-5-7,8,60,64,48,9931,51,11.2641,60.001,76149888,cc17b5385a7c74d7521db12aeea3e0f98f41a4fbfe66aab6f5f7c278ce636a56,31da62b5709734435d9983bea8572431b940c695e1752deea2fc4dada049369b
campaign,reference,100,1-5-7,9,60,64,48,9931,51,12.6428,60.028,76146176,cc17b5385a7c74d7521db12aeea3e0f98f41a4fbfe66aab6f5f7c278ce636a56,31da62b5709734435d9983bea8572431b940c695e1752deea2fc4dada049369b
campaign,reference,100,1-5-7,10,60,64,48,9931,51,13.8447,60.002,76000576,cc17b5385a7c74d7521db12aeea3e0f98f41a4fbfe66aab6f5f7c278ce636a56,31da62b5709734435d9983bea8572431b940c695e1752deea2fc4dada049369b
campaign,reference,100,1-5-8,1,60,64,48,10882,50,0.7068,60.028,76141248,cc17b5385a7c74d7521db12aeea3e0f98f41a4fbfe66aab6f5f7c278ce636a56,31da62b5709734435d9983bea8572431b940c695e1752deea2fc4dada049369b
campaign,reference,100,1-5-8,2,60,64,48,10882,50,0.4964,60.030,76186816,cc17b5385a7c74d7521db12aeea3e0f98f41a4fbfe66aab6f5f7c278ce636a56,31da62b5709734435d9983bea8572431b940c695e1752deea2fc4dada049369b
campaign,reference,100,1-5-8,3,60,64,48,10882,50,0.3176,60.002,76180736,cc17b5385a7c74d7521db12aeea3e0f98f41a4fbfe66aab6f5f7c278ce636a56,31da62b5709734435d9983bea8572431b940c695e1752deea2fc4dada049369b
campaign,reference,100,1-5-8,4,60,64,48,10882,50,0.5577,60.001,76087168,cc17b5385a7c74d7521db12aeea3e0f98f41a4fbfe66aab6f5f7c278ce636a56,31da62b5709734435d9983bea8572431b940c695e1752deea2fc4dada049369b
campaign,reference,100,1-5-8,5,60,64,48,10882,50,0.3785,60.001,74907968,cc17b5385a7c74d7521db12aeea3e0f98f41a4fbfe66aab6f5f7c278ce636a56,31da62b5709734435d9983bea8572431b940c695e1752deea2fc4dada049369b
campaign,reference,100,1-5-8,6,60,64,48,10882,50,0.2873,60.028,76113856,cc17b5385a7c74d7521db12aeea3e0f98f41a4fbfe66aab6f5f7c278ce636a56,31da62b5709734435d9983bea8572431b940c695e1752deea2fc4dada049369b
campaign,reference,100,1-5-8,7,60,64,48,10882,50,0.2579,60.001,75994816,cc17b5385a7c74d7521db12aeea3e0f98f41a4fbfe66aab6f5f7c278ce636a56,31da62b5709734435d9983bea8572431b940c695e1752deea2fc4dada049369b
campaign,reference,100,1-5-8,8,60,64,48,10882,50,0.3176,60.003,76258560,cc17b5385a7c74d7521db12aeea3e0f98f41a4fbfe66aab6f5f7c278ce636a56,31da62b5709734435d9983bea8572431b940c695e1752deea2fc4dada049369b
campaign,reference,100,1-5-8,9,60,64,48,10882,50,0.5277,60.000,76127232,cc17b5385a7c74d7521db12aeea3e0f98f41a4fbfe66aab6f5f7c278ce636a56,31da62b5709734435d9983bea8572431b940c695e1752deea2fc4dada049369b
campaign,reference,100,1-5-8,10,60,64,48,10882,50,0.3161,60.027,76088768,cc17b5385a7c74d7521db12aeea3e0f98f41a4fbfe66aab6f5f7c278ce636a56,31da62b5709734435d9983bea8572431b940c695e1752deea2fc4dada049369b
campaign,reference,100,1-5-9,1,60,64,48,10595,50,1.0964,60.027,76297088,cc17b5385a7c74d7521db12aeea3e0f98f41a4fbfe66aab6f5f7c278ce636a56,31da62b5709734435d9983bea8572431b940c695e1752deea2fc4dada049369b
campaign,reference,100,1-5-9,2,60,64,48,10595,50,0.5874,60.029,76265088,cc17b5385a7c74d7521db12aeea3e0f98f41a4fbfe66aab6f5f7c278ce636a56,31da62b5709734435d9983bea8572431b940c695e1752deea2fc4dada049369b
campaign,reference,100,1-5-9,3,60,64,48,10595,50,0.7673,60.029,76477824,cc17b5385a7c74d7521db12aeea3e0f98f41a4fbfe66aab6f5f7c278ce636a56,31da62b5709734435d9983bea8572431b940c695e1752deea2fc4dada049369b
campaign,reference,100,1-5-9,4,60,64,48,10595,50,0.0455,60.028,76321856,cc17b5385a7c74d7521db12aeea3e0f98f41a4fbfe66aab6f5f7c278ce636a56,31da62b5709734435d9983bea8572431b940c695e1752deea2fc4dada049369b
campaign,reference,100,1-5-9,5,60,64,48,10595,50,0.6173,60.029,76298176,cc17b5385a7c74d7521db12aeea3e0f98f41a4fbfe66aab6f5f7c278ce636a56,31da62b5709734435d9983bea8572431b940c695e1752deea2fc4dada049369b
campaign,reference,100,1-5-9,6,60,64,48,10595,50,0.3167,60.028,76278400,cc17b5385a7c74d7521db12aeea3e0f98f41a4fbfe66aab6f5f7c278ce636a56,31da62b5709734435d9983bea8572431b940c695e1752deea2fc4dada049369b
campaign,reference,100,1-5-9,7,60,64,48,10595,50,0.3178,60.029,75839872,cc17b5385a7c74d7521db12aeea3e0f98f41a4fbfe66aab6f5f7c278ce636a56,31da62b5709734435d9983bea8572431b940c695e1752deea2fc4dada049369b
campaign,reference,100,1-5-9,8,60,64,48,10595,50,0.1668,60.029,76322688,cc17b5385a7c74d7521db12aeea3e0f98f41a4fbfe66aab6f5f7c278ce636a56,31da62b5709734435d9983bea8572431b940c695e1752deea2fc4dada049369b
campaign,reference,100,1-5-9,9,60,64,48,10595,50,1.5476,60.028,76233280,cc17b5385a7c74d7521db12aeea3e0f98f41a4fbfe66aab6f5f7c278ce636a56,31da62b5709734435d9983bea8572431b940c695e1752deea2fc4dada049369b
campaign,reference,100,1-5-9,10,60,64,48,10595,50,0.1053,60.027,76040640,cc17b5385a7c74d7521db12aeea3e0f98f41a4fbfe66aab6f5f7c278ce636a56,31da62b5709734435d9983bea8572431b940c695e1752deea2fc4dada049369b
campaign,reference,100,1-5-10,1,60,64,48,10297,50,0.3472,60.001,76585664,cc17b5385a7c74d7521db12aeea3e0f98f41a4fbfe66aab6f5f7c278ce636a56,31da62b5709734435d9983bea8572431b940c695e1752deea2fc4dada049369b
campaign,reference,100,1-5-10,2,60,64,48,10297,50,0.7080,60.001,76613504,cc17b5385a7c74d7521db12aeea3e0f98f41a4fbfe66aab6f5f7c278ce636a56,31da62b5709734435d9983bea8572431b940c695e1752deea2fc4dada049369b
campaign,reference,100,1-5-10,3,60,64,48,10297,50,0.3173,60.030,76761152,cc17b5385a7c74d7521db12aeea3e0f98f41a4fbfe66aab6f5f7c278ce636a56,31da62b5709734435d9983bea8572431b940c695e1752deea2fc4dada049369b
campaign,reference,100,1-5-10,4,60,64,48,10297,50,0.1969,60.028,76696128,cc17b5385a7c74d7521db12aeea3e0f98f41a4fbfe66aab6f5f7c278ce636a56,31da62b5709734435d9983bea8572431b940c695e1752deea2fc4dada049369b
campaign,reference,100,1-5-10,5,60,64,48,10297,50,0.2272,60.000,76303360,cc17b5385a7c74d7521db12aeea3e0f98f41a4fbfe66aab6f5f7c278ce636a56,31da62b5709734435d9983bea8572431b940c695e1752deea2fc4dada049369b
campaign,reference,100,1-5-10,6,60,64,48,10297,50,1.9675,60.001,76552640,cc17b5385a7c74d7521db12aeea3e0f98f41a4fbfe66aab6f5f7c278ce636a56,31da62b5709734435d9983bea8572431b940c695e1752deea2fc4dada049369b
campaign,reference,100,1-5-10,7,60,64,48,10297,50,1.3371,60.029,76585472,cc17b5385a7c74d7521db12aeea3e0f98f41a4fbfe66aab6f5f7c278ce636a56,31da62b5709734435d9983bea8572431b940c695e1752deea2fc4dada049369b
campaign,reference,100,1-5-10,8,60,64,48,10297,50,0.1056,60.029,76703424,cc17b5385a7c74d7521db12aeea3e0f98f41a4fbfe66aab6f5f7c278ce636a56,31da62b5709734435d9983bea8572431b940c695e1752deea2fc4dada049369b
campaign,reference,100,1-5-10,9,60,64,48,10297,50,0.2266,60.028,76667776,cc17b5385a7c74d7521db12aeea3e0f98f41a4fbfe66aab6f5f7c278ce636a56,31da62b5709734435d9983bea8572431b940c695e1752deea2fc4dada049369b
campaign,reference,100,1-5-10,10,60,64,48,10297,50,0.2854,60.026,76604928,cc17b5385a7c74d7521db12aeea3e0f98f41a4fbfe66aab6f5f7c278ce636a56,31da62b5709734435d9983bea8572431b940c695e1752deea2fc4dada049369b
campaign,reference,100,1-5-11,1,60,64,48,11029,75,0.2234,60.016,122955200,cc17b5385a7c74d7521db12aeea3e0f98f41a4fbfe66aab6f5f7c278ce636a56,31da62b5709734435d9983bea8572431b940c695e1752deea2fc4dada049369b
campaign,reference,100,1-5-11,2,60,64,48,11029,75,0.2237,60.017,123212928,cc17b5385a7c74d7521db12aeea3e0f98f41a4fbfe66aab6f5f7c278ce636a56,31da62b5709734435d9983bea8572431b940c695e1752deea2fc4dada049369b
campaign,reference,100,1-5-11,3,60,64,48,11029,75,0.0071,60.015,123227264,cc17b5385a7c74d7521db12aeea3e0f98f41a4fbfe66aab6f5f7c278ce636a56,31da62b5709734435d9983bea8572431b940c695e1752deea2fc4dada049369b
campaign,reference,100,1-5-11,4,60,64,48,11029,75,0.2539,60.016,122933120,cc17b5385a7c74d7521db12aeea3e0f98f41a4fbfe66aab6f5f7c278ce636a56,31da62b5709734435d9983bea8572431b940c695e1752deea2fc4dada049369b
campaign,reference,100,1-5-11,5,60,64,48,11029,75,0.0071,60.014,120628032,cc17b5385a7c74d7521db12aeea3e0f98f41a4fbfe66aab6f5f7c278ce636a56,31da62b5709734435d9983bea8572431b940c695e1752deea2fc4dada049369b
campaign,reference,100,1-5-11,6,60,64,48,11029,75,0.1635,60.014,122982976,cc17b5385a7c74d7521db12aeea3e0f98f41a4fbfe66aab6f5f7c278ce636a56,31da62b5709734435d9983bea8572431b940c695e1752deea2fc4dada049369b
campaign,reference,100,1-5-11,7,60,64,48,11029,75,0.0070,60.017,120617984,cc17b5385a7c74d7521db12aeea3e0f98f41a4fbfe66aab6f5f7c278ce636a56,31da62b5709734435d9983bea8572431b940c695e1752deea2fc4dada049369b
campaign,reference,100,1-5-11,8,60,64,48,11029,75,0.1635,60.016,123468800,cc17b5385a7c74d7521db12aeea3e0f98f41a4fbfe66aab6f5f7c278ce636a56,31da62b5709734435d9983bea8572431b940c695e1752deea2fc4dada049369b
campaign,reference,100,1-5-11,9,60,64,48,11029,75,0.0072,60.016,123054272,cc17b5385a7c74d7521db12aeea3e0f98f41a4fbfe66aab6f5f7c278ce636a56,31da62b5709734435d9983bea8572431b940c695e1752deea2fc4dada049369b
campaign,reference,100,1-5-11,10,60,64,48,11029,75,0.2243,60.015,123055360,cc17b5385a7c74d7521db12aeea3e0f98f41a4fbfe66aab6f5f7c278ce636a56,31da62b5709734435d9983bea8572431b940c695e1752deea2fc4dada049369b
campaign,reference,100,1-5-12,1,60,64,48,11884,75,1.6348,60.015,122836864,cc17b5385a7c74d7521db12aeea3e0f98f41a4fbfe66aab6f5f7c278ce636a56,31da62b5709734435d9983bea8572431b940c695e1752deea2fc4dada049369b
campaign,reference,100,1-5-12,2,60,64,48,11884,75,1.8746,60.015,123072576,cc17b5385a7c74d7521db12aeea3e0f98f41a4fbfe66aab6f5f7c278ce636a56,31da62b5709734435d9983bea8572431b940c695e1752deea2fc4dada049369b
campaign,reference,100,1-5-12,3,60,64,48,11884,75,1.6343,60.015,123119744,cc17b5385a7c74d7521db12aeea3e0f98f41a4fbfe66aab6f5f7c278ce636a56,31da62b5709734435d9983bea8572431b940c695e1752deea2fc4dada049369b
campaign,reference,100,1-5-12,4,60,64,48,11884,75,1.9658,60.016,123062144,cc17b5385a7c74d7521db12aeea3e0f98f41a4fbfe66aab6f5f7c278ce636a56,31da62b5709734435d9983bea8572431b940c695e1752deea2fc4dada049369b
campaign,reference,100,1-5-12,5,60,64,48,11884,75,4.4849,60.016,120832512,cc17b5385a7c74d7521db12aeea3e0f98f41a4fbfe66aab6f5f7c278ce636a56,31da62b5709734435d9983bea8572431b940c695e1752deea2fc4dada049369b
campaign,reference,100,1-5-12,6,60,64,48,11884,75,1.4871,60.020,122708992,cc17b5385a7c74d7521db12aeea3e0f98f41a4fbfe66aab6f5f7c278ce636a56,31da62b5709734435d9983bea8572431b940c695e1752deea2fc4dada049369b
campaign,reference,100,1-5-12,7,60,64,48,11884,75,23.8358,60.016,121321344,cc17b5385a7c74d7521db12aeea3e0f98f41a4fbfe66aab6f5f7c278ce636a56,31da62b5709734435d9983bea8572431b940c695e1752deea2fc4dada049369b
campaign,reference,100,1-5-12,8,60,64,48,11884,75,1.6952,60.016,123339968,cc17b5385a7c74d7521db12aeea3e0f98f41a4fbfe66aab6f5f7c278ce636a56,31da62b5709734435d9983bea8572431b940c695e1752deea2fc4dada049369b
campaign,reference,100,1-5-12,9,60,64,48,11884,75,2.2050,60.015,123102848,cc17b5385a7c74d7521db12aeea3e0f98f41a4fbfe66aab6f5f7c278ce636a56,31da62b5709734435d9983bea8572431b940c695e1752deea2fc4dada049369b
campaign,reference,100,1-5-12,10,60,64,48,11884,75,2.9249,60.016,122769536,cc17b5385a7c74d7521db12aeea3e0f98f41a4fbfe66aab6f5f7c278ce636a56,31da62b5709734435d9983bea8572431b940c695e1752deea2fc4dada049369b
campaign,reference,100,1-5-13,1,60,64,48,10751,75,0.0440,60.016,122973184,cc17b5385a7c74d7521db12aeea3e0f98f41a4fbfe66aab6f5f7c278ce636a56,31da62b5709734435d9983bea8572431b940c695e1752deea2fc4dada049369b
campaign,reference,100,1-5-13,2,60,64,48,10751,75,0.0461,60.017,123303744,cc17b5385a7c74d7521db12aeea3e0f98f41a4fbfe66aab6f5f7c278ce636a56,31da62b5709734435d9983bea8572431b940c695e1752deea2fc4dada049369b
campaign,reference,100,1-5-13,3,60,64,48,10751,75,0.0446,60.018,123156800,cc17b5385a7c74d7521db12aeea3e0f98f41a4fbfe66aab6f5f7c278ce636a56,31da62b5709734435d9983bea8572431b940c695e1752deea2fc4dada049369b
campaign,reference,100,1-5-13,4,60,64,48,10751,75,0.0439,60.015,123205760,cc17b5385a7c74d7521db12aeea3e0f98f41a4fbfe66aab6f5f7c278ce636a56,31da62b5709734435d9983bea8572431b940c695e1752deea2fc4dada049369b
campaign,reference,100,1-5-13,5,60,64,48,10751,75,0.0444,60.015,121192512,cc17b5385a7c74d7521db12aeea3e0f98f41a4fbfe66aab6f5f7c278ce636a56,31da62b5709734435d9983bea8572431b940c695e1752deea2fc4dada049369b
campaign,reference,100,1-5-13,6,60,64,48,10751,75,0.0441,60.015,123005376,cc17b5385a7c74d7521db12aeea3e0f98f41a4fbfe66aab6f5f7c278ce636a56,31da62b5709734435d9983bea8572431b940c695e1752deea2fc4dada049369b
campaign,reference,100,1-5-13,7,60,64,48,10751,75,0.0440,60.017,120334656,cc17b5385a7c74d7521db12aeea3e0f98f41a4fbfe66aab6f5f7c278ce636a56,31da62b5709734435d9983bea8572431b940c695e1752deea2fc4dada049369b
campaign,reference,100,1-5-13,8,60,64,48,10751,75,0.0443,60.018,123424320,cc17b5385a7c74d7521db12aeea3e0f98f41a4fbfe66aab6f5f7c278ce636a56,31da62b5709734435d9983bea8572431b940c695e1752deea2fc4dada049369b
campaign,reference,100,1-5-13,9,60,64,48,10751,75,0.0741,60.020,123186688,cc17b5385a7c74d7521db12aeea3e0f98f41a4fbfe66aab6f5f7c278ce636a56,31da62b5709734435d9983bea8572431b940c695e1752deea2fc4dada049369b
campaign,reference,100,1-5-13,10,60,64,48,10751,75,0.0440,60.016,123009216,cc17b5385a7c74d7521db12aeea3e0f98f41a4fbfe66aab6f5f7c278ce636a56,31da62b5709734435d9983bea8572431b940c695e1752deea2fc4dada049369b
campaign,reference,100,1-5-14,1,60,64,48,11567,75,0.1033,60.014,123277568,cc17b5385a7c74d7521db12aeea3e0f98f41a4fbfe66aab6f5f7c278ce636a56,31da62b5709734435d9983bea8572431b940c695e1752deea2fc4dada049369b
campaign,reference,100,1-5-14,2,60,64,48,11567,75,0.0741,60.017,123586112,cc17b5385a7c74d7521db12aeea3e0f98f41a4fbfe66aab6f5f7c278ce636a56,31da62b5709734435d9983bea8572431b940c695e1752deea2fc4dada049369b
campaign,reference,100,1-5-14,3,60,64,48,11567,75,0.1335,60.015,123382720,cc17b5385a7c74d7521db12aeea3e0f98f41a4fbfe66aab6f5f7c278ce636a56,31da62b5709734435d9983bea8572431b940c695e1752deea2fc4dada049369b
campaign,reference,100,1-5-14,4,60,64,48,11567,75,0.0448,60.016,123478080,cc17b5385a7c74d7521db12aeea3e0f98f41a4fbfe66aab6f5f7c278ce636a56,31da62b5709734435d9983bea8572431b940c695e1752deea2fc4dada049369b
campaign,reference,100,1-5-14,5,60,64,48,11567,75,0.0741,60.018,121388352,cc17b5385a7c74d7521db12aeea3e0f98f41a4fbfe66aab6f5f7c278ce636a56,31da62b5709734435d9983bea8572431b940c695e1752deea2fc4dada049369b
campaign,reference,100,1-5-14,6,60,64,48,11567,75,0.1045,60.015,123314752,cc17b5385a7c74d7521db12aeea3e0f98f41a4fbfe66aab6f5f7c278ce636a56,31da62b5709734435d9983bea8572431b940c695e1752deea2fc4dada049369b
campaign,reference,100,1-5-14,7,60,64,48,11567,75,0.0745,60.018,121864000,cc17b5385a7c74d7521db12aeea3e0f98f41a4fbfe66aab6f5f7c278ce636a56,31da62b5709734435d9983bea8572431b940c695e1752deea2fc4dada049369b
campaign,reference,100,1-5-14,8,60,64,48,11567,75,0.1044,60.016,123792768,cc17b5385a7c74d7521db12aeea3e0f98f41a4fbfe66aab6f5f7c278ce636a56,31da62b5709734435d9983bea8572431b940c695e1752deea2fc4dada049369b
campaign,reference,100,1-5-14,9,60,64,48,11567,75,0.1038,60.017,122689408,cc17b5385a7c74d7521db12aeea3e0f98f41a4fbfe66aab6f5f7c278ce636a56,31da62b5709734435d9983bea8572431b940c695e1752deea2fc4dada049369b
campaign,reference,100,1-5-14,10,60,64,48,11567,75,0.0744,60.022,119571712,cc17b5385a7c74d7521db12aeea3e0f98f41a4fbfe66aab6f5f7c278ce636a56,31da62b5709734435d9983bea8572431b940c695e1752deea2fc4dada049369b
campaign,reference,100,1-5-15,1,60,64,48,10671,75,1.4543,60.029,119664960,cc17b5385a7c74d7521db12aeea3e0f98f41a4fbfe66aab6f5f7c278ce636a56,31da62b5709734435d9983bea8572431b940c695e1752deea2fc4dada049369b
campaign,reference,100,1-5-15,2,60,64,48,10671,75,1.6925,60.028,120222912,cc17b5385a7c74d7521db12aeea3e0f98f41a4fbfe66aab6f5f7c278ce636a56,31da62b5709734435d9983bea8572431b940c695e1752deea2fc4dada049369b
campaign,reference,100,1-5-15,3,60,64,48,10671,75,1.6378,60.022,120523648,cc17b5385a7c74d7521db12aeea3e0f98f41a4fbfe66aab6f5f7c278ce636a56,31da62b5709734435d9983bea8572431b940c695e1752deea2fc4dada049369b
campaign,reference,100,1-5-15,4,60,64,48,10671,75,0.7930,60.001,117551680,cc17b5385a7c74d7521db12aeea3e0f98f41a4fbfe66aab6f5f7c278ce636a56,31da62b5709734435d9983bea8572431b940c695e1752deea2fc4dada049369b
campaign,reference,100,1-5-15,5,60,64,48,10671,75,8.3385,60.002,118428800,cc17b5385a7c74d7521db12aeea3e0f98f41a4fbfe66aab6f5f7c278ce636a56,31da62b5709734435d9983bea8572431b940c695e1752deea2fc4dada049369b
campaign,reference,100,1-5-15,6,60,64,48,10671,75,0.9717,60.000,115818624,cc17b5385a7c74d7521db12aeea3e0f98f41a4fbfe66aab6f5f7c278ce636a56,31da62b5709734435d9983bea8572431b940c695e1752deea2fc4dada049369b
campaign,reference,100,1-5-15,7,60,64,48,10671,75,1.7616,60.015,114297536,cc17b5385a7c74d7521db12aeea3e0f98f41a4fbfe66aab6f5f7c278ce636a56,31da62b5709734435d9983bea8572431b940c695e1752deea2fc4dada049369b
campaign,reference,100,1-5-15,8,60,64,48,10671,75,0.8314,60.017,115611648,cc17b5385a7c74d7521db12aeea3e0f98f41a4fbfe66aab6f5f7c278ce636a56,31da62b5709734435d9983bea8572431b940c695e1752deea2fc4dada049369b
campaign,reference,100,1-5-15,9,60,64,48,10671,75,1.7878,60.007,116940160,cc17b5385a7c74d7521db12aeea3e0f98f41a4fbfe66aab6f5f7c278ce636a56,31da62b5709734435d9983bea8572431b940c695e1752deea2fc4dada049369b
campaign,reference,100,1-5-15,10,60,64,48,10671,75,2.0311,60.006,115294208,cc17b5385a7c74d7521db12aeea3e0f98f41a4fbfe66aab6f5f7c278ce636a56,31da62b5709734435d9983bea8572431b940c695e1752deea2fc4dada049369b
campaign,reference,500,1-0.25-P,1,600,64,48,85459,129,386.9824,600.021,209372800,cc17b5385a7c74d7521db12aeea3e0f98f41a4fbfe66aab6f5f7c278ce636a56,31da62b5709734435d9983bea8572431b940c695e1752deea2fc4dada049369b
campaign,reference,500,1-0.25-P,2,600,64,48,85561,128,594.1457,600.015,219860672,cc17b5385a7c74d7521db12aeea3e0f98f41a4fbfe66aab6f5f7c278ce636a56,31da62b5709734435d9983bea8572431b940c695e1752deea2fc4dada049369b
campaign,reference,500,1-0.25-P,3,600,64,48,85474,128,289.5672,600.006,220996992,cc17b5385a7c74d7521db12aeea3e0f98f41a4fbfe66aab6f5f7c278ce636a56,31da62b5709734435d9983bea8572431b940c695e1752deea2fc4dada049369b
campaign,reference,500,1-0.25-P,4,600,64,48,85359,128,563.8552,600.019,213979328,cc17b5385a7c74d7521db12aeea3e0f98f41a4fbfe66aab6f5f7c278ce636a56,31da62b5709734435d9983bea8572431b940c695e1752deea2fc4dada049369b
campaign,reference,500,1-0.25-P,5,600,64,48,85516,129,344.9565,600.014,208028992,cc17b5385a7c74d7521db12aeea3e0f98f41a4fbfe66aab6f5f7c278ce636a56,31da62b5709734435d9983bea8572431b940c695e1752deea2fc4dada049369b
campaign,reference,500,1-0.25-P,6,600,64,48,85510,129,517.2244,600.018,219428160,cc17b5385a7c74d7521db12aeea3e0f98f41a4fbfe66aab6f5f7c278ce636a56,31da62b5709734435d9983bea8572431b940c695e1752deea2fc4dada049369b
campaign,reference,500,1-0.25-P,7,600,64,48,85347,128,146.3252,600.005,221740672,cc17b5385a7c74d7521db12aeea3e0f98f41a4fbfe66aab6f5f7c278ce636a56,31da62b5709734435d9983bea8572431b940c695e1752deea2fc4dada049369b
campaign,reference,500,1-0.25-P,8,600,64,48,85588,128,473.4428,600.018,221810176,cc17b5385a7c74d7521db12aeea3e0f98f41a4fbfe66aab6f5f7c278ce636a56,31da62b5709734435d9983bea8572431b940c695e1752deea2fc4dada049369b
campaign,reference,500,1-0.25-P,9,600,64,48,85356,128,521.8250,600.011,221743040,cc17b5385a7c74d7521db12aeea3e0f98f41a4fbfe66aab6f5f7c278ce636a56,31da62b5709734435d9983bea8572431b940c695e1752deea2fc4dada049369b
campaign,reference,500,1-0.25-P,10,600,64,48,85493,129,234.3272,600.009,221101888,cc17b5385a7c74d7521db12aeea3e0f98f41a4fbfe66aab6f5f7c278ce636a56,31da62b5709734435d9983bea8572431b940c695e1752deea2fc4dada049369b
campaign,reference,500,2-0.25-P,1,600,64,48,82529,129,130.0718,600.006,222211648,cc17b5385a7c74d7521db12aeea3e0f98f41a4fbfe66aab6f5f7c278ce636a56,31da62b5709734435d9983bea8572431b940c695e1752deea2fc4dada049369b
campaign,reference,500,2-0.25-P,2,600,64,48,82503,130,524.0349,600.005,222121088,cc17b5385a7c74d7521db12aeea3e0f98f41a4fbfe66aab6f5f7c278ce636a56,31da62b5709734435d9983bea8572431b940c695e1752deea2fc4dada049369b
campaign,reference,500,2-0.25-P,3,600,64,48,82372,129,276.6333,600.010,222155072,cc17b5385a7c74d7521db12aeea3e0f98f41a4fbfe66aab6f5f7c278ce636a56,31da62b5709734435d9983bea8572431b940c695e1752deea2fc4dada049369b
campaign,reference,500,2-0.25-P,4,600,64,48,82431,129,510.9162,600.014,221580736,cc17b5385a7c74d7521db12aeea3e0f98f41a4fbfe66aab6f5f7c278ce636a56,31da62b5709734435d9983bea8572431b940c695e1752deea2fc4dada049369b
campaign,reference,500,2-0.25-P,5,600,64,48,82467,129,407.0526,600.006,204736128,cc17b5385a7c74d7521db12aeea3e0f98f41a4fbfe66aab6f5f7c278ce636a56,31da62b5709734435d9983bea8572431b940c695e1752deea2fc4dada049369b
campaign,reference,500,2-0.25-P,6,600,64,48,82337,129,522.2629,600.028,210647808,cc17b5385a7c74d7521db12aeea3e0f98f41a4fbfe66aab6f5f7c278ce636a56,31da62b5709734435d9983bea8572431b940c695e1752deea2fc4dada049369b
campaign,reference,500,2-0.25-P,7,600,64,48,82394,129,231.0495,600.026,200162176,cc17b5385a7c74d7521db12aeea3e0f98f41a4fbfe66aab6f5f7c278ce636a56,31da62b5709734435d9983bea8572431b940c695e1752deea2fc4dada049369b
campaign,reference,500,2-0.25-P,8,600,64,48,82328,129,568.6848,600.012,208012992,cc17b5385a7c74d7521db12aeea3e0f98f41a4fbfe66aab6f5f7c278ce636a56,31da62b5709734435d9983bea8572431b940c695e1752deea2fc4dada049369b
campaign,reference,500,2-0.25-P,9,600,64,48,82425,129,290.2415,600.012,214875136,cc17b5385a7c74d7521db12aeea3e0f98f41a4fbfe66aab6f5f7c278ce636a56,31da62b5709734435d9983bea8572431b940c695e1752deea2fc4dada049369b
campaign,reference,500,2-0.25-P,10,600,64,48,82538,130,82.0683,600.011,211344512,cc17b5385a7c74d7521db12aeea3e0f98f41a4fbfe66aab6f5f7c278ce636a56,31da62b5709734435d9983bea8572431b940c695e1752deea2fc4dada049369b
campaign,reference,500,3-0.25-P,1,600,64,48,77482,128,393.5264,600.022,195208320,cc17b5385a7c74d7521db12aeea3e0f98f41a4fbfe66aab6f5f7c278ce636a56,31da62b5709734435d9983bea8572431b940c695e1752deea2fc4dada049369b
campaign,reference,500,3-0.25-P,2,600,64,48,77505,128,369.4806,600.010,203958912,cc17b5385a7c74d7521db12aeea3e0f98f41a4fbfe66aab6f5f7c278ce636a56,31da62b5709734435d9983bea8572431b940c695e1752deea2fc4dada049369b
campaign,reference,500,3-0.25-P,3,600,64,48,77572,128,225.9906,600.017,205915328,cc17b5385a7c74d7521db12aeea3e0f98f41a4fbfe66aab6f5f7c278ce636a56,31da62b5709734435d9983bea8572431b940c695e1752deea2fc4dada049369b
campaign,reference,500,3-0.25-P,4,600,64,48,77544,129,463.3479,600.027,209277888,cc17b5385a7c74d7521db12aeea3e0f98f41a4fbfe66aab6f5f7c278ce636a56,31da62b5709734435d9983bea8572431b940c695e1752deea2fc4dada049369b
campaign,reference,500,3-0.25-P,5,600,64,48,77521,128,441.8608,600.006,213000256,cc17b5385a7c74d7521db12aeea3e0f98f41a4fbfe66aab6f5f7c278ce636a56,31da62b5709734435d9983bea8572431b940c695e1752deea2fc4dada049369b
campaign,reference,500,3-0.25-P,6,600,64,48,77476,129,578.4628,600.029,210151488,cc17b5385a7c74d7521db12aeea3e0f98f41a4fbfe66aab6f5f7c278ce636a56,31da62b5709734435d9983bea8572431b940c695e1752deea2fc4dada049369b
campaign,reference,500,3-0.25-P,7,600,64,48,77466,128,341.9248,600.006,210837440,cc17b5385a7c74d7521db12aeea3e0f98f41a4fbfe66aab6f5f7c278ce636a56,31da62b5709734435d9983bea8572431b940c695e1752deea2fc4dada049369b
campaign,reference,500,3-0.25-P,8,600,64,48,77480,128,559.5145,600.014,211076480,cc17b5385a7c74d7521db12aeea3e0f98f41a4fbfe66aab6f5f7c278ce636a56,31da62b5709734435d9983bea8572431b940c695e1752deea2fc4dada049369b
campaign,reference,500,3-0.25-P,9,600,64,48,77498,128,364.1011,600.025,221578880,cc17b5385a7c74d7521db12aeea3e0f98f41a4fbfe66aab6f5f7c278ce636a56,31da62b5709734435d9983bea8572431b940c695e1752deea2fc4dada049369b
campaign,reference,500,3-0.25-P,10,600,64,48,77578,128,194.0638,600.004,221940032,cc17b5385a7c74d7521db12aeea3e0f98f41a4fbfe66aab6f5f7c278ce636a56,31da62b5709734435d9983bea8572431b940c695e1752deea2fc4dada049369b
campaign,reference,500,4-0.25-P,1,600,64,48,82595,129,563.2423,600.007,217070528,cc17b5385a7c74d7521db12aeea3e0f98f41a4fbfe66aab6f5f7c278ce636a56,31da62b5709734435d9983bea8572431b940c695e1752deea2fc4dada049369b
campaign,reference,500,4-0.25-P,2,600,64,48,82530,128,458.9384,600.003,214549440,cc17b5385a7c74d7521db12aeea3e0f98f41a4fbfe66aab6f5f7c278ce636a56,31da62b5709734435d9983bea8572431b940c695e1752deea2fc4dada049369b
campaign,reference,500,4-0.25-P,3,600,64,48,82536,128,128.3680,600.013,212044096,cc17b5385a7c74d7521db12aeea3e0f98f41a4fbfe66aab6f5f7c278ce636a56,31da62b5709734435d9983bea8572431b940c695e1752deea2fc4dada049369b
campaign,reference,500,4-0.25-P,4,600,64,48,82651,128,402.6244,600.019,222201408,cc17b5385a7c74d7521db12aeea3e0f98f41a4fbfe66aab6f5f7c278ce636a56,31da62b5709734435d9983bea8572431b940c695e1752deea2fc4dada049369b
campaign,reference,500,4-0.25-P,5,600,64,48,82519,128,252.5664,600.006,224158016,cc17b5385a7c74d7521db12aeea3e0f98f41a4fbfe66aab6f5f7c278ce636a56,31da62b5709734435d9983bea8572431b940c695e1752deea2fc4dada049369b
campaign,reference,500,4-0.25-P,6,600,64,48,82591,128,157.0140,600.005,223583872,cc17b5385a7c74d7521db12aeea3e0f98f41a4fbfe66aab6f5f7c278ce636a56,31da62b5709734435d9983bea8572431b940c695e1752deea2fc4dada049369b
campaign,reference,500,4-0.25-P,7,600,64,48,82548,128,197.7089,600.016,222182912,cc17b5385a7c74d7521db12aeea3e0f98f41a4fbfe66aab6f5f7c278ce636a56,31da62b5709734435d9983bea8572431b940c695e1752deea2fc4dada049369b
campaign,reference,500,4-0.25-P,8,600,64,48,82604,128,458.1170,600.022,212136512,cc17b5385a7c74d7521db12aeea3e0f98f41a4fbfe66aab6f5f7c278ce636a56,31da62b5709734435d9983bea8572431b940c695e1752deea2fc4dada049369b
campaign,reference,500,4-0.25-P,9,600,64,48,82597,128,380.2663,600.019,220212864,cc17b5385a7c74d7521db12aeea3e0f98f41a4fbfe66aab6f5f7c278ce636a56,31da62b5709734435d9983bea8572431b940c695e1752deea2fc4dada049369b
campaign,reference,500,4-0.25-P,10,600,64,48,82506,128,338.0047,600.004,223494464,cc17b5385a7c74d7521db12aeea3e0f98f41a4fbfe66aab6f5f7c278ce636a56,31da62b5709734435d9983bea8572431b940c695e1752deea2fc4dada049369b
campaign,reference,500,5-0.25-P,1,600,64,48,83786,129,380.6120,600.024,218863616,cc17b5385a7c74d7521db12aeea3e0f98f41a4fbfe66aab6f5f7c278ce636a56,31da62b5709734435d9983bea8572431b940c695e1752deea2fc4dada049369b
campaign,reference,500,5-0.25-P,2,600,64,48,83848,129,553.9399,600.027,216116992,cc17b5385a7c74d7521db12aeea3e0f98f41a4fbfe66aab6f5f7c278ce636a56,31da62b5709734435d9983bea8572431b940c695e1752deea2fc4dada049369b
campaign,reference,500,5-0.25-P,3,600,64,48,83815,129,381.2156,600.003,218869440,cc17b5385a7c74d7521db12aeea3e0f98f41a4fbfe66aab6f5f7c278ce636a56,31da62b5709734435d9983bea8572431b940c695e1752deea2fc4dada049369b
campaign,reference,500,5-0.25-P,4,600,64,48,83728,128,161.2888,600.009,219668864,cc17b5385a7c74d7521db12aeea3e0f98f41a4fbfe66aab6f5f7c278ce636a56,31da62b5709734435d9983bea8572431b940c695e1752deea2fc4dada049369b
campaign,reference,500,5-0.25-P,5,600,64,48,83656,128,44.4302,600.015,220104064,cc17b5385a7c74d7521db12aeea3e0f98f41a4fbfe66aab6f5f7c278ce636a56,31da62b5709734435d9983bea8572431b940c695e1752deea2fc4dada049369b
campaign,reference,500,5-0.25-P,6,600,64,48,83587,128,167.0381,600.002,220075072,cc17b5385a7c74d7521db12aeea3e0f98f41a4fbfe66aab6f5f7c278ce636a56,31da62b5709734435d9983bea8572431b940c695e1752deea2fc4dada049369b
campaign,reference,500,5-0.25-P,7,600,64,48,83939,129,518.1937,600.003,219506304,cc17b5385a7c74d7521db12aeea3e0f98f41a4fbfe66aab6f5f7c278ce636a56,31da62b5709734435d9983bea8572431b940c695e1752deea2fc4dada049369b
campaign,reference,500,5-0.25-P,8,600,64,48,83857,129,557.1187,600.022,219609152,cc17b5385a7c74d7521db12aeea3e0f98f41a4fbfe66aab6f5f7c278ce636a56,31da62b5709734435d9983bea8572431b940c695e1752deea2fc4dada049369b
campaign,reference,500,5-0.25-P,9,600,64,48,83790,129,470.5256,600.005,220735936,cc17b5385a7c74d7521db12aeea3e0f98f41a4fbfe66aab6f5f7c278ce636a56,31da62b5709734435d9983bea8572431b940c695e1752deea2fc4dada049369b
campaign,reference,500,5-0.25-P,10,600,64,48,83754,129,435.6843,600.028,220671360,cc17b5385a7c74d7521db12aeea3e0f98f41a4fbfe66aab6f5f7c278ce636a56,31da62b5709734435d9983bea8572431b940c695e1752deea2fc4dada049369b
campaign,reference,500,6-0.5-P,1,600,64,48,145961,253,499.6777,600.021,158990144,cc17b5385a7c74d7521db12aeea3e0f98f41a4fbfe66aab6f5f7c278ce636a56,31da62b5709734435d9983bea8572431b940c695e1752deea2fc4dada049369b
campaign,reference,500,6-0.5-P,2,600,64,48,145809,252,173.6257,600.017,157657792,cc17b5385a7c74d7521db12aeea3e0f98f41a4fbfe66aab6f5f7c278ce636a56,31da62b5709734435d9983bea8572431b940c695e1752deea2fc4dada049369b
campaign,reference,500,6-0.5-P,3,600,64,48,146011,253,471.2347,600.030,155297408,cc17b5385a7c74d7521db12aeea3e0f98f41a4fbfe66aab6f5f7c278ce636a56,31da62b5709734435d9983bea8572431b940c695e1752deea2fc4dada049369b
campaign,reference,500,6-0.5-P,4,600,64,48,145922,253,339.8547,600.012,158272320,cc17b5385a7c74d7521db12aeea3e0f98f41a4fbfe66aab6f5f7c278ce636a56,31da62b5709734435d9983bea8572431b940c695e1752deea2fc4dada049369b
campaign,reference,500,6-0.5-P,5,600,64,48,145941,253,170.8721,600.009,158395648,cc17b5385a7c74d7521db12aeea3e0f98f41a4fbfe66aab6f5f7c278ce636a56,31da62b5709734435d9983bea8572431b940c695e1752deea2fc4dada049369b
campaign,reference,500,6-0.5-P,6,600,64,48,145918,253,583.4557,600.021,158181376,cc17b5385a7c74d7521db12aeea3e0f98f41a4fbfe66aab6f5f7c278ce636a56,31da62b5709734435d9983bea8572431b940c695e1752deea2fc4dada049369b
campaign,reference,500,6-0.5-P,7,600,64,48,145930,253,489.9795,600.024,158566784,cc17b5385a7c74d7521db12aeea3e0f98f41a4fbfe66aab6f5f7c278ce636a56,31da62b5709734435d9983bea8572431b940c695e1752deea2fc4dada049369b
campaign,reference,500,6-0.5-P,8,600,64,48,145993,252,448.1935,600.001,158790336,cc17b5385a7c74d7521db12aeea3e0f98f41a4fbfe66aab6f5f7c278ce636a56,31da62b5709734435d9983bea8572431b940c695e1752deea2fc4dada049369b
campaign,reference,500,6-0.5-P,9,600,64,48,145866,253,430.9609,600.028,158810304,cc17b5385a7c74d7521db12aeea3e0f98f41a4fbfe66aab6f5f7c278ce636a56,31da62b5709734435d9983bea8572431b940c695e1752deea2fc4dada049369b
campaign,reference,500,6-0.5-P,10,600,64,48,145866,252,215.1017,600.003,155526080,cc17b5385a7c74d7521db12aeea3e0f98f41a4fbfe66aab6f5f7c278ce636a56,31da62b5709734435d9983bea8572431b940c695e1752deea2fc4dada049369b
campaign,reference,500,7-0.5-P,1,600,64,48,152234,253,371.1443,600.000,156918144,cc17b5385a7c74d7521db12aeea3e0f98f41a4fbfe66aab6f5f7c278ce636a56,31da62b5709734435d9983bea8572431b940c695e1752deea2fc4dada049369b
campaign,reference,500,7-0.5-P,2,600,64,48,152302,253,468.0433,600.012,159576768,cc17b5385a7c74d7521db12aeea3e0f98f41a4fbfe66aab6f5f7c278ce636a56,31da62b5709734435d9983bea8572431b940c695e1752deea2fc4dada049369b
campaign,reference,500,7-0.5-P,3,600,64,48,152261,253,492.9696,600.027,159600704,cc17b5385a7c74d7521db12aeea3e0f98f41a4fbfe66aab6f5f7c278ce636a56,31da62b5709734435d9983bea8572431b940c695e1752deea2fc4dada049369b
campaign,reference,500,7-0.5-P,4,600,64,48,152290,254,595.4596,600.005,159605568,cc17b5385a7c74d7521db12aeea3e0f98f41a4fbfe66aab6f5f7c278ce636a56,31da62b5709734435d9983bea8572431b940c695e1752deea2fc4dada049369b
campaign,reference,500,7-0.5-P,5,600,64,48,152308,253,172.9161,600.029,159560256,cc17b5385a7c74d7521db12aeea3e0f98f41a4fbfe66aab6f5f7c278ce636a56,31da62b5709734435d9983bea8572431b940c695e1752deea2fc4dada049369b
campaign,reference,500,7-0.5-P,6,600,64,48,152424,253,265.7457,600.016,159601024,cc17b5385a7c74d7521db12aeea3e0f98f41a4fbfe66aab6f5f7c278ce636a56,31da62b5709734435d9983bea8572431b940c695e1752deea2fc4dada049369b
campaign,reference,500,7-0.5-P,7,600,64,48,152318,253,228.8025,600.000,159568832,cc17b5385a7c74d7521db12aeea3e0f98f41a4fbfe66aab6f5f7c278ce636a56,31da62b5709734435d9983bea8572431b940c695e1752deea2fc4dada049369b
campaign,reference,500,7-0.5-P,8,600,64,48,152324,253,258.5956,600.010,159607360,cc17b5385a7c74d7521db12aeea3e0f98f41a4fbfe66aab6f5f7c278ce636a56,31da62b5709734435d9983bea8572431b940c695e1752deea2fc4dada049369b
campaign,reference,500,7-0.5-P,9,600,64,48,152264,253,490.7985,600.009,159549760,cc17b5385a7c74d7521db12aeea3e0f98f41a4fbfe66aab6f5f7c278ce636a56,31da62b5709734435d9983bea8572431b940c695e1752deea2fc4dada049369b
campaign,reference,500,7-0.5-P,10,600,64,48,152237,253,356.9621,600.016,159269568,cc17b5385a7c74d7521db12aeea3e0f98f41a4fbfe66aab6f5f7c278ce636a56,31da62b5709734435d9983bea8572431b940c695e1752deea2fc4dada049369b
campaign,reference,500,8-0.5-P,1,600,64,48,157807,254,278.9592,600.020,159353088,cc17b5385a7c74d7521db12aeea3e0f98f41a4fbfe66aab6f5f7c278ce636a56,31da62b5709734435d9983bea8572431b940c695e1752deea2fc4dada049369b
campaign,reference,500,8-0.5-P,2,600,64,48,157803,253,530.3583,600.016,159691712,cc17b5385a7c74d7521db12aeea3e0f98f41a4fbfe66aab6f5f7c278ce636a56,31da62b5709734435d9983bea8572431b940c695e1752deea2fc4dada049369b
campaign,reference,500,8-0.5-P,3,600,64,48,157745,254,321.0010,600.024,159672128,cc17b5385a7c74d7521db12aeea3e0f98f41a4fbfe66aab6f5f7c278ce636a56,31da62b5709734435d9983bea8572431b940c695e1752deea2fc4dada049369b
campaign,reference,500,8-0.5-P,4,600,64,48,157827,254,311.4749,600.017,159695488,cc17b5385a7c74d7521db12aeea3e0f98f41a4fbfe66aab6f5f7c278ce636a56,31da62b5709734435d9983bea8572431b940c695e1752deea2fc4dada049369b
campaign,reference,500,8-0.5-P,5,600,64,48,157640,253,330.0645,600.027,159702080,cc17b5385a7c74d7521db12aeea3e0f98f41a4fbfe66aab6f5f7c278ce636a56,31da62b5709734435d9983bea8572431b940c695e1752deea2fc4dada049369b
campaign,reference,500,8-0.5-P,6,600,64,48,157792,254,285.9609,600.025,159661248,cc17b5385a7c74d7521db12aeea3e0f98f41a4fbfe66aab6f5f7c278ce636a56,31da62b5709734435d9983bea8572431b940c695e1752deea2fc4dada049369b
campaign,reference,500,8-0.5-P,7,600,64,48,157785,253,106.6152,600.002,159596928,cc17b5385a7c74d7521db12aeea3e0f98f41a4fbfe66aab6f5f7c278ce636a56,31da62b5709734435d9983bea8572431b940c695e1752deea2fc4dada049369b
campaign,reference,500,8-0.5-P,8,600,64,48,157869,254,525.4370,600.025,159690560,cc17b5385a7c74d7521db12aeea3e0f98f41a4fbfe66aab6f5f7c278ce636a56,31da62b5709734435d9983bea8572431b940c695e1752deea2fc4dada049369b
campaign,reference,500,8-0.5-P,9,600,64,48,157841,253,39.0822,600.015,159699840,cc17b5385a7c74d7521db12aeea3e0f98f41a4fbfe66aab6f5f7c278ce636a56,31da62b5709734435d9983bea8572431b940c695e1752deea2fc4dada049369b
campaign,reference,500,8-0.5-P,10,600,64,48,157651,254,434.3453,600.002,159333504,cc17b5385a7c74d7521db12aeea3e0f98f41a4fbfe66aab6f5f7c278ce636a56,31da62b5709734435d9983bea8572431b940c695e1752deea2fc4dada049369b
campaign,reference,500,9-0.5-P,1,600,64,48,154091,253,221.1825,600.010,159170240,cc17b5385a7c74d7521db12aeea3e0f98f41a4fbfe66aab6f5f7c278ce636a56,31da62b5709734435d9983bea8572431b940c695e1752deea2fc4dada049369b
campaign,reference,500,9-0.5-P,2,600,64,48,154071,253,277.0184,600.004,158587392,cc17b5385a7c74d7521db12aeea3e0f98f41a4fbfe66aab6f5f7c278ce636a56,31da62b5709734435d9983bea8572431b940c695e1752deea2fc4dada049369b
campaign,reference,500,9-0.5-P,3,600,64,48,153916,253,559.4754,600.006,159191680,cc17b5385a7c74d7521db12aeea3e0f98f41a4fbfe66aab6f5f7c278ce636a56,31da62b5709734435d9983bea8572431b940c695e1752deea2fc4dada049369b
campaign,reference,500,9-0.5-P,4,600,64,48,153916,252,295.4462,600.012,159211584,cc17b5385a7c74d7521db12aeea3e0f98f41a4fbfe66aab6f5f7c278ce636a56,31da62b5709734435d9983bea8572431b940c695e1752deea2fc4dada049369b
campaign,reference,500,9-0.5-P,5,600,64,48,153939,253,228.4802,600.019,158839616,cc17b5385a7c74d7521db12aeea3e0f98f41a4fbfe66aab6f5f7c278ce636a56,31da62b5709734435d9983bea8572431b940c695e1752deea2fc4dada049369b
campaign,reference,500,9-0.5-P,6,600,64,48,153963,252,356.6153,600.019,159212224,cc17b5385a7c74d7521db12aeea3e0f98f41a4fbfe66aab6f5f7c278ce636a56,31da62b5709734435d9983bea8572431b940c695e1752deea2fc4dada049369b
campaign,reference,500,9-0.5-P,7,600,64,48,154027,253,484.8005,600.002,159238144,cc17b5385a7c74d7521db12aeea3e0f98f41a4fbfe66aab6f5f7c278ce636a56,31da62b5709734435d9983bea8572431b940c695e1752deea2fc4dada049369b
campaign,reference,500,9-0.5-P,8,600,64,48,154034,253,527.5575,600.009,159219200,cc17b5385a7c74d7521db12aeea3e0f98f41a4fbfe66aab6f5f7c278ce636a56,31da62b5709734435d9983bea8572431b940c695e1752deea2fc4dada049369b
campaign,reference,500,9-0.5-P,9,600,64,48,154026,253,478.0793,600.013,159221632,cc17b5385a7c74d7521db12aeea3e0f98f41a4fbfe66aab6f5f7c278ce636a56,31da62b5709734435d9983bea8572431b940c695e1752deea2fc4dada049369b
campaign,reference,500,9-0.5-P,10,600,64,48,153878,253,300.8680,600.029,159169536,cc17b5385a7c74d7521db12aeea3e0f98f41a4fbfe66aab6f5f7c278ce636a56,31da62b5709734435d9983bea8572431b940c695e1752deea2fc4dada049369b
campaign,reference,500,10-0.5-P,1,600,64,48,142223,254,499.8800,600.010,159779328,cc17b5385a7c74d7521db12aeea3e0f98f41a4fbfe66aab6f5f7c278ce636a56,31da62b5709734435d9983bea8572431b940c695e1752deea2fc4dada049369b
campaign,reference,500,10-0.5-P,2,600,64,48,142383,253,497.7085,600.004,160072448,cc17b5385a7c74d7521db12aeea3e0f98f41a4fbfe66aab6f5f7c278ce636a56,31da62b5709734435d9983bea8572431b940c695e1752deea2fc4dada049369b
campaign,reference,500,10-0.5-P,3,600,64,48,142252,253,327.8998,600.001,160098944,cc17b5385a7c74d7521db12aeea3e0f98f41a4fbfe66aab6f5f7c278ce636a56,31da62b5709734435d9983bea8572431b940c695e1752deea2fc4dada049369b
campaign,reference,500,10-0.5-P,4,600,64,48,142351,253,276.5469,600.021,160103296,cc17b5385a7c74d7521db12aeea3e0f98f41a4fbfe66aab6f5f7c278ce636a56,31da62b5709734435d9983bea8572431b940c695e1752deea2fc4dada049369b
campaign,reference,500,10-0.5-P,5,600,64,48,142192,253,589.8826,600.016,159888896,cc17b5385a7c74d7521db12aeea3e0f98f41a4fbfe66aab6f5f7c278ce636a56,31da62b5709734435d9983bea8572431b940c695e1752deea2fc4dada049369b
campaign,reference,500,10-0.5-P,6,600,64,48,142452,253,573.1080,600.012,160043904,cc17b5385a7c74d7521db12aeea3e0f98f41a4fbfe66aab6f5f7c278ce636a56,31da62b5709734435d9983bea8572431b940c695e1752deea2fc4dada049369b
campaign,reference,500,10-0.5-P,7,600,64,48,142332,253,241.5136,600.018,160112896,cc17b5385a7c74d7521db12aeea3e0f98f41a4fbfe66aab6f5f7c278ce636a56,31da62b5709734435d9983bea8572431b940c695e1752deea2fc4dada049369b
campaign,reference,500,10-0.5-P,8,600,64,48,142254,254,479.2393,600.012,160086272,cc17b5385a7c74d7521db12aeea3e0f98f41a4fbfe66aab6f5f7c278ce636a56,31da62b5709734435d9983bea8572431b940c695e1752deea2fc4dada049369b
campaign,reference,500,10-0.5-P,9,600,64,48,142468,253,512.8592,600.027,160147456,cc17b5385a7c74d7521db12aeea3e0f98f41a4fbfe66aab6f5f7c278ce636a56,31da62b5709734435d9983bea8572431b940c695e1752deea2fc4dada049369b
campaign,reference,500,10-0.5-P,10,600,64,48,142057,253,444.5306,600.001,159723392,cc17b5385a7c74d7521db12aeea3e0f98f41a4fbfe66aab6f5f7c278ce636a56,31da62b5709734435d9983bea8572431b940c695e1752deea2fc4dada049369b
campaign,reference,500,11-0.75-P,1,600,64,48,185168,376,527.7219,600.022,244441216,cc17b5385a7c74d7521db12aeea3e0f98f41a4fbfe66aab6f5f7c278ce636a56,31da62b5709734435d9983bea8572431b940c695e1752deea2fc4dada049369b
campaign,reference,500,11-0.75-P,2,600,64,48,185283,377,431.9294,600.007,244044160,cc17b5385a7c74d7521db12aeea3e0f98f41a4fbfe66aab6f5f7c278ce636a56,31da62b5709734435d9983bea8572431b940c695e1752deea2fc4dada049369b
campaign,reference,500,11-0.75-P,3,600,64,48,185210,377,385.4925,600.029,244359552,cc17b5385a7c74d7521db12aeea3e0f98f41a4fbfe66aab6f5f7c278ce636a56,31da62b5709734435d9983bea8572431b940c695e1752deea2fc4dada049369b
campaign,reference,500,11-0.75-P,4,600,64,48,185101,376,573.9195,600.028,244494208,cc17b5385a7c74d7521db12aeea3e0f98f41a4fbfe66aab6f5f7c278ce636a56,31da62b5709734435d9983bea8572431b940c695e1752deea2fc4dada049369b
campaign,reference,500,11-0.75-P,5,600,64,48,185187,377,114.0980,600.012,244490048,cc17b5385a7c74d7521db12aeea3e0f98f41a4fbfe66aab6f5f7c278ce636a56,31da62b5709734435d9983bea8572431b940c695e1752deea2fc4dada049369b
campaign,reference,500,11-0.75-P,6,600,64,48,185137,376,431.2896,600.020,244473856,cc17b5385a7c74d7521db12aeea3e0f98f41a4fbfe66aab6f5f7c278ce636a56,31da62b5709734435d9983bea8572431b940c695e1752deea2fc4dada049369b
campaign,reference,500,11-0.75-P,7,600,64,48,185333,377,191.4395,600.000,244329280,cc17b5385a7c74d7521db12aeea3e0f98f41a4fbfe66aab6f5f7c278ce636a56,31da62b5709734435d9983bea8572431b940c695e1752deea2fc4dada049369b
campaign,reference,500,11-0.75-P,8,600,64,48,185200,377,376.0976,600.028,244525952,cc17b5385a7c74d7521db12aeea3e0f98f41a4fbfe66aab6f5f7c278ce636a56,31da62b5709734435d9983bea8572431b940c695e1752deea2fc4dada049369b
campaign,reference,500,11-0.75-P,9,600,64,48,185175,377,476.0249,600.022,244511232,cc17b5385a7c74d7521db12aeea3e0f98f41a4fbfe66aab6f5f7c278ce636a56,31da62b5709734435d9983bea8572431b940c695e1752deea2fc4dada049369b
campaign,reference,500,11-0.75-P,10,600,64,48,185118,377,233.3025,600.014,243670336,cc17b5385a7c74d7521db12aeea3e0f98f41a4fbfe66aab6f5f7c278ce636a56,31da62b5709734435d9983bea8572431b940c695e1752deea2fc4dada049369b
campaign,reference,500,12-0.75-P,1,600,64,48,194638,377,409.4445,600.004,243280896,cc17b5385a7c74d7521db12aeea3e0f98f41a4fbfe66aab6f5f7c278ce636a56,31da62b5709734435d9983bea8572431b940c695e1752deea2fc4dada049369b
campaign,reference,500,12-0.75-P,2,600,64,48,194693,377,513.4677,600.023,243378624,cc17b5385a7c74d7521db12aeea3e0f98f41a4fbfe66aab6f5f7c278ce636a56,31da62b5709734435d9983bea8572431b940c695e1752deea2fc4dada049369b
campaign,reference,500,12-0.75-P,3,600,64,48,194613,377,481.2755,600.015,240021568,cc17b5385a7c74d7521db12aeea3e0f98f41a4fbfe66aab6f5f7c278ce636a56,31da62b5709734435d9983bea8572431b940c695e1752deea2fc4dada049369b
campaign,reference,500,12-0.75-P,4,600,64,48,194618,377,360.4475,600.027,241356736,cc17b5385a7c74d7521db12aeea3e0f98f41a4fbfe66aab6f5f7c278ce636a56,31da62b5709734435d9983bea8572431b940c695e1752deea2fc4dada049369b
campaign,reference,500,12-0.75-P,5,600,64,48,194584,377,359.0858,600.002,240978624,cc17b5385a7c74d7521db12aeea3e0f98f41a4fbfe66aab6f5f7c278ce636a56,31da62b5709734435d9983bea8572431b940c695e1752deea2fc4dada049369b
campaign,reference,500,12-0.75-P,6,600,64,48,194616,377,135.3864,600.000,242344768,cc17b5385a7c74d7521db12aeea3e0f98f41a4fbfe66aab6f5f7c278ce636a56,31da62b5709734435d9983bea8572431b940c695e1752deea2fc4dada049369b
campaign,reference,500,12-0.75-P,7,600,64,48,194616,377,516.3745,600.004,243116352,cc17b5385a7c74d7521db12aeea3e0f98f41a4fbfe66aab6f5f7c278ce636a56,31da62b5709734435d9983bea8572431b940c695e1752deea2fc4dada049369b
campaign,reference,500,12-0.75-P,8,600,64,48,194626,377,401.8583,600.015,236374976,cc17b5385a7c74d7521db12aeea3e0f98f41a4fbfe66aab6f5f7c278ce636a56,31da62b5709734435d9983bea8572431b940c695e1752deea2fc4dada049369b
campaign,reference,500,12-0.75-P,9,600,64,48,194643,377,318.9916,600.027,236736064,cc17b5385a7c74d7521db12aeea3e0f98f41a4fbfe66aab6f5f7c278ce636a56,31da62b5709734435d9983bea8572431b940c695e1752deea2fc4dada049369b
campaign,reference,500,12-0.75-P,10,600,64,48,194539,377,387.3625,600.030,237189056,cc17b5385a7c74d7521db12aeea3e0f98f41a4fbfe66aab6f5f7c278ce636a56,31da62b5709734435d9983bea8572431b940c695e1752deea2fc4dada049369b
campaign,reference,500,13-0.75-P,1,600,64,48,208219,377,316.0335,600.026,241966336,cc17b5385a7c74d7521db12aeea3e0f98f41a4fbfe66aab6f5f7c278ce636a56,31da62b5709734435d9983bea8572431b940c695e1752deea2fc4dada049369b
campaign,reference,500,13-0.75-P,2,600,64,48,208272,377,110.9063,600.028,242410240,cc17b5385a7c74d7521db12aeea3e0f98f41a4fbfe66aab6f5f7c278ce636a56,31da62b5709734435d9983bea8572431b940c695e1752deea2fc4dada049369b
campaign,reference,500,13-0.75-P,3,600,64,48,208325,377,234.0588,600.016,240777216,cc17b5385a7c74d7521db12aeea3e0f98f41a4fbfe66aab6f5f7c278ce636a56,31da62b5709734435d9983bea8572431b940c695e1752deea2fc4dada049369b
campaign,reference,500,13-0.75-P,4,600,64,48,208326,378,490.8299,600.018,242085824,cc17b5385a7c74d7521db12aeea3e0f98f41a4fbfe66aab6f5f7c278ce636a56,31da62b5709734435d9983bea8572431b940c695e1752deea2fc4dada049369b
campaign,reference,500,13-0.75-P,5,600,64,48,208290,377,484.8745,600.010,242187136,cc17b5385a7c74d7521db12aeea3e0f98f41a4fbfe66aab6f5f7c278ce636a56,31da62b5709734435d9983bea8572431b940c695e1752deea2fc4dada049369b
campaign,reference,500,13-0.75-P,6,600,64,48,208312,377,40.1118,600.000,242365824,cc17b5385a7c74d7521db12aeea3e0f98f41a4fbfe66aab6f5f7c278ce636a56,31da62b5709734435d9983bea8572431b940c695e1752deea2fc4dada049369b
campaign,reference,500,13-0.75-P,7,600,64,48,208360,377,581.1985,600.001,242352064,cc17b5385a7c74d7521db12aeea3e0f98f41a4fbfe66aab6f5f7c278ce636a56,31da62b5709734435d9983bea8572431b940c695e1752deea2fc4dada049369b
campaign,reference,500,13-0.75-P,8,600,64,48,208372,377,425.0416,600.010,242168640,cc17b5385a7c74d7521db12aeea3e0f98f41a4fbfe66aab6f5f7c278ce636a56,31da62b5709734435d9983bea8572431b940c695e1752deea2fc4dada049369b
campaign,reference,500,13-0.75-P,9,600,64,48,208275,377,585.6084,600.014,242174848,cc17b5385a7c74d7521db12aeea3e0f98f41a4fbfe66aab6f5f7c278ce636a56,31da62b5709734435d9983bea8572431b940c695e1752deea2fc4dada049369b
campaign,reference,500,13-0.75-P,10,600,64,48,208345,378,115.1259,600.012,241650432,cc17b5385a7c74d7521db12aeea3e0f98f41a4fbfe66aab6f5f7c278ce636a56,31da62b5709734435d9983bea8572431b940c695e1752deea2fc4dada049369b
campaign,reference,500,14-0.75-P,1,600,64,48,215892,378,376.6128,600.019,235913280,cc17b5385a7c74d7521db12aeea3e0f98f41a4fbfe66aab6f5f7c278ce636a56,31da62b5709734435d9983bea8572431b940c695e1752deea2fc4dada049369b
campaign,reference,500,14-0.75-P,2,600,64,48,215903,378,577.6302,600.007,232576192,cc17b5385a7c74d7521db12aeea3e0f98f41a4fbfe66aab6f5f7c278ce636a56,31da62b5709734435d9983bea8572431b940c695e1752deea2fc4dada049369b
campaign,reference,500,14-0.75-P,3,600,64,48,215819,378,328.1172,600.020,234696704,cc17b5385a7c74d7521db12aeea3e0f98f41a4fbfe66aab6f5f7c278ce636a56,31da62b5709734435d9983bea8572431b940c695e1752deea2fc4dada049369b
campaign,reference,500,14-0.75-P,4,600,64,48,215914,378,158.1224,600.017,221887616,cc17b5385a7c74d7521db12aeea3e0f98f41a4fbfe66aab6f5f7c278ce636a56,31da62b5709734435d9983bea8572431b940c695e1752deea2fc4dada049369b
campaign,reference,500,14-0.75-P,5,600,64,48,215826,378,492.8159,600.001,228948992,cc17b5385a7c74d7521db12aeea3e0f98f41a4fbfe66aab6f5f7c278ce636a56,31da62b5709734435d9983bea8572431b940c695e1752deea2fc4dada049369b
campaign,reference,500,14-0.75-P,6,600,64,48,215915,378,303.4550,600.019,237323648,cc17b5385a7c74d7521db12aeea3e0f98f41a4fbfe66aab6f5f7c278ce636a56,31da62b5709734435d9983bea8572431b940c695e1752deea2fc4dada049369b
campaign,reference,500,14-0.75-P,7,600,64,48,215879,378,391.1128,600.022,237281984,cc17b5385a7c74d7521db12aeea3e0f98f41a4fbfe66aab6f5f7c278ce636a56,31da62b5709734435d9983bea8572431b940c695e1752deea2fc4dada049369b
campaign,reference,500,14-0.75-P,8,600,64,48,215827,378,457.5550,600.001,237499712,cc17b5385a7c74d7521db12aeea3e0f98f41a4fbfe66aab6f5f7c278ce636a56,31da62b5709734435d9983bea8572431b940c695e1752deea2fc4dada049369b
campaign,reference,500,14-0.75-P,9,600,64,48,215858,378,277.2931,600.018,237488832,cc17b5385a7c74d7521db12aeea3e0f98f41a4fbfe66aab6f5f7c278ce636a56,31da62b5709734435d9983bea8572431b940c695e1752deea2fc4dada049369b
campaign,reference,500,14-0.75-P,10,600,64,48,215821,378,472.3430,600.018,236598592,cc17b5385a7c74d7521db12aeea3e0f98f41a4fbfe66aab6f5f7c278ce636a56,31da62b5709734435d9983bea8572431b940c695e1752deea2fc4dada049369b
campaign,reference,500,15-0.75-P,1,600,64,48,194291,377,328.4663,600.003,227951744,cc17b5385a7c74d7521db12aeea3e0f98f41a4fbfe66aab6f5f7c278ce636a56,31da62b5709734435d9983bea8572431b940c695e1752deea2fc4dada049369b
campaign,reference,500,15-0.75-P,2,600,64,48,194255,376,513.7081,600.014,240327296,cc17b5385a7c74d7521db12aeea3e0f98f41a4fbfe66aab6f5f7c278ce636a56,31da62b5709734435d9983bea8572431b940c695e1752deea2fc4dada049369b
campaign,reference,500,15-0.75-P,3,600,64,48,194320,377,463.1693,600.008,235444736,cc17b5385a7c74d7521db12aeea3e0f98f41a4fbfe66aab6f5f7c278ce636a56,31da62b5709734435d9983bea8572431b940c695e1752deea2fc4dada049369b
campaign,reference,500,15-0.75-P,4,600,64,48,194313,376,185.2314,600.029,241623424,cc17b5385a7c74d7521db12aeea3e0f98f41a4fbfe66aab6f5f7c278ce636a56,31da62b5709734435d9983bea8572431b940c695e1752deea2fc4dada049369b
campaign,reference,500,15-0.75-P,5,600,64,48,194361,377,495.1015,600.014,242430784,cc17b5385a7c74d7521db12aeea3e0f98f41a4fbfe66aab6f5f7c278ce636a56,31da62b5709734435d9983bea8572431b940c695e1752deea2fc4dada049369b
campaign,reference,500,15-0.75-P,6,600,64,48,194202,377,541.5909,600.027,234715520,cc17b5385a7c74d7521db12aeea3e0f98f41a4fbfe66aab6f5f7c278ce636a56,31da62b5709734435d9983bea8572431b940c695e1752deea2fc4dada049369b
campaign,reference,500,15-0.75-P,7,600,64,48,194328,376,349.3339,600.027,234489280,cc17b5385a7c74d7521db12aeea3e0f98f41a4fbfe66aab6f5f7c278ce636a56,31da62b5709734435d9983bea8572431b940c695e1752deea2fc4dada049369b
campaign,reference,500,15-0.75-P,8,600,64,48,194216,376,102.2628,600.005,236320640,cc17b5385a7c74d7521db12aeea3e0f98f41a4fbfe66aab6f5f7c278ce636a56,31da62b5709734435d9983bea8572431b940c695e1752deea2fc4dada049369b
campaign,reference,500,15-0.75-P,9,600,64,48,194311,377,397.3913,600.004,229523200,cc17b5385a7c74d7521db12aeea3e0f98f41a4fbfe66aab6f5f7c278ce636a56,31da62b5709734435d9983bea8572431b940c695e1752deea2fc4dada049369b
campaign,reference,500,15-0.75-P,10,600,64,48,194294,376,348.9052,600.010,233239680,cc17b5385a7c74d7521db12aeea3e0f98f41a4fbfe66aab6f5f7c278ce636a56,31da62b5709734435d9983bea8572431b940c695e1752deea2fc4dada049369b
campaign,reference,500,1-0.25-M,1,600,64,48,51860,127,422.3895,600.009,241114688,cc17b5385a7c74d7521db12aeea3e0f98f41a4fbfe66aab6f5f7c278ce636a56,31da62b5709734435d9983bea8572431b940c695e1752deea2fc4dada049369b
campaign,reference,500,1-0.25-M,2,600,64,48,51876,126,203.1118,600.025,236379200,cc17b5385a7c74d7521db12aeea3e0f98f41a4fbfe66aab6f5f7c278ce636a56,31da62b5709734435d9983bea8572431b940c695e1752deea2fc4dada049369b
campaign,reference,500,1-0.25-M,3,600,64,48,51781,126,126.5827,600.024,231224000,cc17b5385a7c74d7521db12aeea3e0f98f41a4fbfe66aab6f5f7c278ce636a56,31da62b5709734435d9983bea8572431b940c695e1752deea2fc4dada049369b
campaign,reference,500,1-0.25-M,4,600,64,48,51860,127,109.3787,600.019,233659968,cc17b5385a7c74d7521db12aeea3e0f98f41a4fbfe66aab6f5f7c278ce636a56,31da62b5709734435d9983bea8572431b940c695e1752deea2fc4dada049369b
campaign,reference,500,1-0.25-M,5,600,64,48,51924,127,412.7120,600.002,223706432,cc17b5385a7c74d7521db12aeea3e0f98f41a4fbfe66aab6f5f7c278ce636a56,31da62b5709734435d9983bea8572431b940c695e1752deea2fc4dada049369b
campaign,reference,500,1-0.25-M,6,600,64,48,51896,127,379.2514,600.016,224871808,cc17b5385a7c74d7521db12aeea3e0f98f41a4fbfe66aab6f5f7c278ce636a56,31da62b5709734435d9983bea8572431b940c695e1752deea2fc4dada049369b
campaign,reference,500,1-0.25-M,7,600,64,48,51825,127,123.6442,600.029,226977280,cc17b5385a7c74d7521db12aeea3e0f98f41a4fbfe66aab6f5f7c278ce636a56,31da62b5709734435d9983bea8572431b940c695e1752deea2fc4dada049369b
campaign,reference,500,1-0.25-M,8,600,64,48,51870,126,81.1867,600.026,227555904,cc17b5385a7c74d7521db12aeea3e0f98f41a4fbfe66aab6f5f7c278ce636a56,31da62b5709734435d9983bea8572431b940c695e1752deea2fc4dada049369b
campaign,reference,500,1-0.25-M,9,600,64,48,51801,127,162.6685,600.004,225018688,cc17b5385a7c74d7521db12aeea3e0f98f41a4fbfe66aab6f5f7c278ce636a56,31da62b5709734435d9983bea8572431b940c695e1752deea2fc4dada049369b
campaign,reference,500,1-0.25-M,10,600,64,48,51845,126,445.8289,600.016,229236096,cc17b5385a7c74d7521db12aeea3e0f98f41a4fbfe66aab6f5f7c278ce636a56,31da62b5709734435d9983bea8572431b940c695e1752deea2fc4dada049369b
campaign,reference,500,2-0.25-M,1,600,64,48,50334,126,552.2926,600.014,232535936,cc17b5385a7c74d7521db12aeea3e0f98f41a4fbfe66aab6f5f7c278ce636a56,31da62b5709734435d9983bea8572431b940c695e1752deea2fc4dada049369b
campaign,reference,500,2-0.25-M,2,600,64,48,50341,126,564.2017,600.006,232107456,cc17b5385a7c74d7521db12aeea3e0f98f41a4fbfe66aab6f5f7c278ce636a56,31da62b5709734435d9983bea8572431b940c695e1752deea2fc4dada049369b
campaign,reference,500,2-0.25-M,3,600,64,48,50304,126,354.9972,600.024,230740160,cc17b5385a7c74d7521db12aeea3e0f98f41a4fbfe66aab6f5f7c278ce636a56,31da62b5709734435d9983bea8572431b940c695e1752deea2fc4dada049369b
campaign,reference,500,2-0.25-M,4,600,64,48,50337,126,112.9038,600.021,229990528,cc17b5385a7c74d7521db12aeea3e0f98f41a4fbfe66aab6f5f7c278ce636a56,31da62b5709734435d9983bea8572431b940c695e1752deea2fc4dada049369b
campaign,reference,500,2-0.25-M,5,600,64,48,50356,126,533.7258,600.021,228222400,cc17b5385a7c74d7521db12aeea3e0f98f41a4fbfe66aab6f5f7c278ce636a56,31da62b5709734435d9983bea8572431b940c695e1752deea2fc4dada049369b
campaign,reference,500,2-0.25-M,6,600,64,48,50309,126,182.4878,600.020,237957632,cc17b5385a7c74d7521db12aeea3e0f98f41a4fbfe66aab6f5f7c278ce636a56,31da62b5709734435d9983bea8572431b940c695e1752deea2fc4dada049369b
campaign,reference,500,2-0.25-M,7,600,64,48,50375,126,280.0721,600.014,242959424,cc17b5385a7c74d7521db12aeea3e0f98f41a4fbfe66aab6f5f7c278ce636a56,31da62b5709734435d9983bea8572431b940c695e1752deea2fc4dada049369b
campaign,reference,500,2-0.25-M,8,600,64,48,50258,126,530.5675,600.024,243682432,cc17b5385a7c74d7521db12aeea3e0f98f41a4fbfe66aab6f5f7c278ce636a56,31da62b5709734435d9983bea8572431b940c695e1752deea2fc4dada049369b
campaign,reference,500,2-0.25-M,9,600,64,48,50478,126,390.0590,600.006,243606912,cc17b5385a7c74d7521db12aeea3e0f98f41a4fbfe66aab6f5f7c278ce636a56,31da62b5709734435d9983bea8572431b940c695e1752deea2fc4dada049369b
campaign,reference,500,2-0.25-M,10,600,64,48,50251,125,572.9274,600.008,233767936,cc17b5385a7c74d7521db12aeea3e0f98f41a4fbfe66aab6f5f7c278ce636a56,31da62b5709734435d9983bea8572431b940c695e1752deea2fc4dada049369b
campaign,reference,500,3-0.25-M,1,600,64,48,51258,126,394.1436,600.020,240028672,cc17b5385a7c74d7521db12aeea3e0f98f41a4fbfe66aab6f5f7c278ce636a56,31da62b5709734435d9983bea8572431b940c695e1752deea2fc4dada049369b
campaign,reference,500,3-0.25-M,2,600,64,48,51306,126,316.4473,600.030,242149248,cc17b5385a7c74d7521db12aeea3e0f98f41a4fbfe66aab6f5f7c278ce636a56,31da62b5709734435d9983bea8572431b940c695e1752deea2fc4dada049369b
campaign,reference,500,3-0.25-M,3,600,64,48,51361,126,576.1358,600.004,242203392,cc17b5385a7c74d7521db12aeea3e0f98f41a4fbfe66aab6f5f7c278ce636a56,31da62b5709734435d9983bea8572431b940c695e1752deea2fc4dada049369b
campaign,reference,500,3-0.25-M,4,600,64,48,51320,126,230.7039,600.019,242229952,cc17b5385a7c74d7521db12aeea3e0f98f41a4fbfe66aab6f5f7c278ce636a56,31da62b5709734435d9983bea8572431b940c695e1752deea2fc4dada049369b
campaign,reference,500,3-0.25-M,5,600,64,48,51331,126,271.4190,600.029,242221312,cc17b5385a7c74d7521db12aeea3e0f98f41a4fbfe66aab6f5f7c278ce636a56,31da62b5709734435d9983bea8572431b940c695e1752deea2fc4dada049369b
campaign,reference,500,3-0.25-M,6,600,64,48,51329,126,256.1980,600.028,242318208,cc17b5385a7c74d7521db12aeea3e0f98f41a4fbfe66aab6f5f7c278ce636a56,31da62b5709734435d9983bea8572431b940c695e1752deea2fc4dada049369b
campaign,reference,500,3-0.25-M,7,600,64,48,51350,126,345.3289,600.022,242054400,cc17b5385a7c74d7521db12aeea3e0f98f41a4fbfe66aab6f5f7c278ce636a56,31da62b5709734435d9983bea8572431b940c695e1752deea2fc4dada049369b
campaign,reference,500,3-0.25-M,8,600,64,48,51389,126,179.9025,600.020,242288064,cc17b5385a7c74d7521db12aeea3e0f98f41a4fbfe66aab6f5f7c278ce636a56,31da62b5709734435d9983bea8572431b940c695e1752deea2fc4dada049369b
campaign,reference,500,3-0.25-M,9,600,64,48,51297,126,90.7784,600.017,242264256,cc17b5385a7c74d7521db12aeea3e0f98f41a4fbfe66aab6f5f7c278ce636a56,31da62b5709734435d9983bea8572431b940c695e1752deea2fc4dada049369b
campaign,reference,500,3-0.25-M,10,600,64,48,51168,126,594.1647,600.003,241409216,cc17b5385a7c74d7521db12aeea3e0f98f41a4fbfe66aab6f5f7c278ce636a56,31da62b5709734435d9983bea8572431b940c695e1752deea2fc4dada049369b
campaign,reference,500,4-0.25-M,1,600,64,48,51572,127,475.9520,600.014,240556928,cc17b5385a7c74d7521db12aeea3e0f98f41a4fbfe66aab6f5f7c278ce636a56,31da62b5709734435d9983bea8572431b940c695e1752deea2fc4dada049369b
campaign,reference,500,4-0.25-M,2,600,64,48,51850,127,454.5903,600.016,241643328,cc17b5385a7c74d7521db12aeea3e0f98f41a4fbfe66aab6f5f7c278ce636a56,31da62b5709734435d9983bea8572431b940c695e1752deea2fc4dada049369b
campaign,reference,500,4-0.25-M,3,600,64,48,51793,127,150.5942,600.019,241547072,cc17b5385a7c74d7521db12aeea3e0f98f41a4fbfe66aab6f5f7c278ce636a56,31da62b5709734435d9983bea8572431b940c695e1752deea2fc4dada049369b
campaign,reference,500,4-0.25-M,4,600,64,48,51760,127,172.6049,600.001,242017920,cc17b5385a7c74d7521db12aeea3e0f98f41a4fbfe66aab6f5f7c278ce636a56,31da62b5709734435d9983bea8572431b940c695e1752deea2fc4dada049369b
campaign,reference,500,4-0.25-M,5,600,64,48,51813,127,126.5062,600.004,241984448,cc17b5385a7c74d7521db12aeea3e0f98f41a4fbfe66aab6f5f7c278ce636a56,31da62b5709734435d9983bea8572431b940c695e1752deea2fc4dada049369b
campaign,reference,500,4-0.25-M,6,600,64,48,51791,127,124.2206,600.017,241943744,cc17b5385a7c74d7521db12aeea3e0f98f41a4fbfe66aab6f5f7c278ce636a56,31da62b5709734435d9983bea8572431b940c695e1752deea2fc4dada049369b
campaign,reference,500,4-0.25-M,7,600,64,48,51875,127,333.7721,600.000,241697216,cc17b5385a7c74d7521db12aeea3e0f98f41a4fbfe66aab6f5f7c278ce636a56,31da62b5709734435d9983bea8572431b940c695e1752deea2fc4dada049369b
campaign,reference,500,4-0.25-M,8,600,64,48,51762,127,150.4828,600.011,242035456,cc17b5385a7c74d7521db12aeea3e0f98f41a4fbfe66aab6f5f7c278ce636a56,31da62b5709734435d9983bea8572431b940c695e1752deea2fc4dada049369b
campaign,reference,500,4-0.25-M,9,600,64,48,51767,127,373.0510,600.011,241988352,cc17b5385a7c74d7521db12aeea3e0f98f41a4fbfe66aab6f5f7c278ce636a56,31da62b5709734435d9983bea8572431b940c695e1752deea2fc4dada049369b
campaign,reference,500,4-0.25-M,10,600,64,48,51822,127,382.0047,600.003,241641472,cc17b5385a7c74d7521db12aeea3e0f98f41a4fbfe66aab6f5f7c278ce636a56,31da62b5709734435d9983bea8572431b940c695e1752deea2fc4dada049369b
campaign,reference,500,5-0.25-M,1,600,64,48,52208,128,563.5409,600.016,241860992,cc17b5385a7c74d7521db12aeea3e0f98f41a4fbfe66aab6f5f7c278ce636a56,31da62b5709734435d9983bea8572431b940c695e1752deea2fc4dada049369b
campaign,reference,500,5-0.25-M,2,600,64,48,52253,128,530.8246,600.013,241506112,cc17b5385a7c74d7521db12aeea3e0f98f41a4fbfe66aab6f5f7c278ce636a56,31da62b5709734435d9983bea8572431b940c695e1752deea2fc4dada049369b
campaign,reference,500,5-0.25-M,3,600,64,48,52199,128,516.5704,600.010,241517120,cc17b5385a7c74d7521db12aeea3e0f98f41a4fbfe66aab6f5f7c278ce636a56,31da62b5709734435d9983bea8572431b940c695e1752deea2fc4dada049369b
campaign,reference,500,5-0.25-M,4,600,64,48,52200,128,497.7979,600.014,241808832,cc17b5385a7c74d7521db12aeea3e0f98f41a4fbfe66aab6f5f7c278ce636a56,31da62b5709734435d9983bea8572431b940c695e1752deea2fc4dada049369b
campaign,reference,500,5-0.25-M,5,600,64,48,52208,128,415.8907,600.023,241836992,cc17b5385a7c74d7521db12aeea3e0f98f41a4fbfe66aab6f5f7c278ce636a56,31da62b5709734435d9983bea8572431b940c695e1752deea2fc4dada049369b
campaign,reference,500,5-0.25-M,6,600,64,48,52285,128,331.1990,600.011,241693056,cc17b5385a7c74d7521db12aeea3e0f98f41a4fbfe66aab6f5f7c278ce636a56,31da62b5709734435d9983bea8572431b940c695e1752deea2fc4dada049369b
campaign,reference,500,5-0.25-M,7,600,64,48,52160,128,77.8204,600.022,241894336,cc17b5385a7c74d7521db12aeea3e0f98f41a4fbfe66aab6f5f7c278ce636a56,31da62b5709734435d9983bea8572431b940c695e1752deea2fc4dada049369b
campaign,reference,500,5-0.25-M,8,600,64,48,52211,128,329.5364,600.003,241756864,cc17b5385a7c74d7521db12aeea3e0f98f41a4fbfe66aab6f5f7c278ce636a56,31da62b5709734435d9983bea8572431b940c695e1752deea2fc4dada049369b
campaign,reference,500,5-0.25-M,9,600,64,48,52211,128,583.3353,600.017,241795264,cc17b5385a7c74d7521db12aeea3e0f98f41a4fbfe66aab6f5f7c278ce636a56,31da62b5709734435d9983bea8572431b940c695e1752deea2fc4dada049369b
campaign,reference,500,5-0.25-M,10,600,64,48,52134,128,425.2134,600.019,241562816,cc17b5385a7c74d7521db12aeea3e0f98f41a4fbfe66aab6f5f7c278ce636a56,31da62b5709734435d9983bea8572431b940c695e1752deea2fc4dada049369b
campaign,reference,500,6-0.5-M,1,600,64,48,84281,251,358.4779,600.004,158120384,cc17b5385a7c74d7521db12aeea3e0f98f41a4fbfe66aab6f5f7c278ce636a56,31da62b5709734435d9983bea8572431b940c695e1752deea2fc4dada049369b
campaign,reference,500,6-0.5-M,2,600,64,48,84160,251,414.1024,600.021,157998592,cc17b5385a7c74d7521db12aeea3e0f98f41a4fbfe66aab6f5f7c278ce636a56,31da62b5709734435d9983bea8572431b940c695e1752deea2fc4dada049369b
campaign,reference,500,6-0.5-M,3,600,64,48,84021,251,486.3779,600.018,158605632,cc17b5385a7c74d7521db12aeea3e0f98f41a4fbfe66aab6f5f7c278ce636a56,31da62b5709734435d9983bea8572431b940c695e1752deea2fc4dada049369b
campaign,reference,500,6-0.5-M,4,600,64,48,84160,251,410.5092,600.015,158610496,cc17b5385a7c74d7521db12aeea3e0f98f41a4fbfe66aab6f5f7c278ce636a56,31da62b5709734435d9983bea8572431b940c695e1752deea2fc4dada049369b
campaign,reference,500,6-0.5-M,5,600,64,48,84113,251,531.1873,600.006,158598528,cc17b5385a7c74d7521db12aeea3e0f98f41a4fbfe66aab6f5f7c278ce636a56,31da62b5709734435d9983bea8572431b940c695e1752deea2fc4dada049369b
campaign,reference,500,6-0.5-M,6,600,64,48,84281,251,492.1522,600.029,158352000,cc17b5385a7c74d7521db12aeea3e0f98f41a4fbfe66aab6f5f7c278ce636a56,31da62b5709734435d9983bea8572431b940c695e1752deea2fc4dada049369b
campaign,reference,500,6-0.5-M,7,600,64,48,84069,251,236.3345,600.023,158610816,cc17b5385a7c74d7521db12aeea3e0f98f41a4fbfe66aab6f5f7c278ce636a56,31da62b5709734435d9983bea8572431b940c695e1752deea2fc4dada049369b
campaign,reference,500,6-0.5-M,8,600,64,48,84052,251,412.7839,600.007,158666688,cc17b5385a7c74d7521db12aeea3e0f98f41a4fbfe66aab6f5f7c278ce636a56,31da62b5709734435d9983bea8572431b940c695e1752deea2fc4dada049369b
campaign,reference,500,6-0.5-M,9,600,64,48,84009,251,255.6919,600.027,158661632,cc17b5385a7c74d7521db12aeea3e0f98f41a4fbfe66aab6f5f7c278ce636a56,31da62b5709734435d9983bea8572431b940c695e1752deea2fc4dada049369b
campaign,reference,500,6-0.5-M,10,600,64,48,84160,251,560.7079,600.027,158357568,cc17b5385a7c74d7521db12aeea3e0f98f41a4fbfe66aab6f5f7c278ce636a56,31da62b5709734435d9983bea8572431b940c695e1752deea2fc4dada049369b
campaign,reference,500,7-0.5-M,1,600,64,48,82895,251,598.7690,600.026,158607424,cc17b5385a7c74d7521db12aeea3e0f98f41a4fbfe66aab6f5f7c278ce636a56,31da62b5709734435d9983bea8572431b940c695e1752deea2fc4dada049369b
campaign,reference,500,7-0.5-M,2,600,64,48,83019,251,172.9392,600.017,158644800,cc17b5385a7c74d7521db12aeea3e0f98f41a4fbfe66aab6f5f7c278ce636a56,31da62b5709734435d9983bea8572431b940c695e1752deea2fc4dada049369b
campaign,reference,500,7-0.5-M,3,600,64,48,83068,251,463.6819,600.010,158430400,cc17b5385a7c74d7521db12aeea3e0f98f41a4fbfe66aab6f5f7c278ce636a56,31da62b5709734435d9983bea8572431b940c695e1752deea2fc4dada049369b
campaign,reference,500,7-0.5-M,4,600,64,48,82888,251,338.5404,600.013,158643200,cc17b5385a7c74d7521db12aeea3e0f98f41a4fbfe66aab6f5f7c278ce636a56,31da62b5709734435d9983bea8572431b940c695e1752deea2fc4dada049369b
campaign,reference,500,7-0.5-M,5,600,64,48,82893,251,78.9620,600.006,158690176,cc17b5385a7c74d7521db12aeea3e0f98f41a4fbfe66aab6f5f7c278ce636a56,31da62b5709734435d9983bea8572431b940c695e1752deea2fc4dada049369b
campaign,reference,500,7-0.5-M,6,600,64,48,82962,251,328.9361,600.029,158578368,cc17b5385a7c74d7521db12aeea3e0f98f41a4fbfe66aab6f5f7c278ce636a56,31da62b5709734435d9983bea8572431b940c695e1752deea2fc4dada049369b
campaign,reference,500,7-0.5-M,7,600,64,48,83048,251,143.4796,600.025,158591168,cc17b5385a7c74d7521db12aeea3e0f98f41a4fbfe66aab6f5f7c278ce636a56,31da62b5709734435d9983bea8572431b940c695e1752deea2fc4dada049369b
campaign,reference,500,7-0.5-M,8,600,64,48,83022,251,474.4567,600.022,158697408,cc17b5385a7c74d7521db12aeea3e0f98f41a4fbfe66aab6f5f7c278ce636a56,31da62b5709734435d9983bea8572431b940c695e1752deea2fc4dada049369b
campaign,reference,500,7-0.5-M,9,600,64,48,82999,250,522.5799,600.013,158609984,cc17b5385a7c74d7521db12aeea3e0f98f41a4fbfe66aab6f5f7c278ce636a56,31da62b5709734435d9983bea8572431b940c695e1752deea2fc4dada049369b
campaign,reference,500,7-0.5-M,10,600,64,48,82864,250,528.6618,600.021,158385856,cc17b5385a7c74d7521db12aeea3e0f98f41a4fbfe66aab6f5f7c278ce636a56,31da62b5709734435d9983bea8572431b940c695e1752deea2fc4dada049369b
campaign,reference,500,8-0.5-M,1,600,64,48,82779,250,172.3100,600.010,158615488,cc17b5385a7c74d7521db12aeea3e0f98f41a4fbfe66aab6f5f7c278ce636a56,31da62b5709734435d9983bea8572431b940c695e1752deea2fc4dada049369b
campaign,reference,500,8-0.5-M,2,600,64,48,82794,250,61.7787,600.006,158641280,cc17b5385a7c74d7521db12aeea3e0f98f41a4fbfe66aab6f5f7c278ce636a56,31da62b5709734435d9983bea8572431b940c695e1752deea2fc4dada049369b
campaign,reference,500,8-0.5-M,3,600,64,48,82835,251,468.9897,600.030,158630720,cc17b5385a7c74d7521db12aeea3e0f98f41a4fbfe66aab6f5f7c278ce636a56,31da62b5709734435d9983bea8572431b940c695e1752deea2fc4dada049369b
campaign,reference,500,8-0.5-M,4,600,64,48,82824,250,458.3836,600.011,158745088,cc17b5385a7c74d7521db12aeea3e0f98f41a4fbfe66aab6f5f7c278ce636a56,31da62b5709734435d9983bea8572431b940c695e1752deea2fc4dada049369b
campaign,reference,500,8-0.5-M,5,600,64,48,82754,250,199.3785,600.008,158716864,cc17b5385a7c74d7521db12aeea3e0f98f41a4fbfe66aab6f5f7c278ce636a56,31da62b5709734435d9983bea8572431b940c695e1752deea2fc4dada049369b
campaign,reference,500,8-0.5-M,6,600,64,48,82778,251,470.3828,600.026,158740352,cc17b5385a7c74d7521db12aeea3e0f98f41a4fbfe66aab6f5f7c278ce636a56,31da62b5709734435d9983bea8572431b940c695e1752deea2fc4dada049369b
campaign,reference,500,8-0.5-M,7,600,64,48,82814,251,180.2218,600.008,158730368,cc17b5385a7c74d7521db12aeea3e0f98f41a4fbfe66aab6f5f7c278ce636a56,31da62b5709734435d9983bea8572431b940c695e1752deea2fc4dada049369b
campaign,reference,500,8-0.5-M,8,600,64,48,82729,251,288.0597,600.024,158718720,cc17b5385a7c74d7521db12aeea3e0f98f41a4fbfe66aab6f5f7c278ce636a56,31da62b5709734435d9983bea8572431b940c695e1752deea2fc4dada049369b
campaign,reference,500,8-0.5-M,9,600,64,48,82801,250,507.1935,600.022,158656768,cc17b5385a7c74d7521db12aeea3e0f98f41a4fbfe66aab6f5f7c278ce636a56,31da62b5709734435d9983bea8572431b940c695e1752deea2fc4dada049369b
campaign,reference,500,8-0.5-M,10,600,64,48,82688,251,486.9527,600.004,158588288,cc17b5385a7c74d7521db12aeea3e0f98f41a4fbfe66aab6f5f7c278ce636a56,31da62b5709734435d9983bea8572431b940c695e1752deea2fc4dada049369b
campaign,reference,500,9-0.5-M,1,600,64,48,82817,250,379.7017,600.024,159014848,cc17b5385a7c74d7521db12aeea3e0f98f41a4fbfe66aab6f5f7c278ce636a56,31da62b5709734435d9983bea8572431b940c695e1752deea2fc4dada049369b
campaign,reference,500,9-0.5-M,2,600,64,48,82861,250,537.4843,600.003,159098560,cc17b5385a7c74d7521db12aeea3e0f98f41a4fbfe66aab6f5f7c278ce636a56,31da62b5709734435d9983bea8572431b940c695e1752deea2fc4dada049369b
campaign,reference,500,9-0.5-M,3,600,64,48,82750,250,590.5773,600.023,158871104,cc17b5385a7c74d7521db12aeea3e0f98f41a4fbfe66aab6f5f7c278ce636a56,31da62b5709734435d9983bea8572431b940c695e1752deea2fc4dada049369b
campaign,reference,500,9-0.5-M,4,600,64,48,82928,250,564.8292,600.025,159051968,cc17b5385a7c74d7521db12aeea3e0f98f41a4fbfe66aab6f5f7c278ce636a56,31da62b5709734435d9983bea8572431b940c695e1752deea2fc4dada049369b
campaign,reference,500,9-0.5-M,5,600,64,48,82889,250,441.6126,600.011,159006720,cc17b5385a7c74d7521db12aeea3e0f98f41a4fbfe66aab6f5f7c278ce636a56,31da62b5709734435d9983bea8572431b940c695e1752deea2fc4dada049369b
campaign,reference,500,9-0.5-M,6,600,64,48,82976,250,168.2088,600.027,159066112,cc17b5385a7c74d7521db12aeea3e0f98f41a4fbfe66aab6f5f7c278ce636a56,31da62b5709734435d9983bea8572431b940c695e1752deea2fc4dada049369b
campaign,reference,500,9-0.5-M,7,600,64,48,82802,250,219.2694,600.008,159058304,cc17b5385a7c74d7521db12aeea3e0f98f41a4fbfe66aab6f5f7c278ce636a56,31da62b5709734435d9983bea8572431b940c695e1752deea2fc4dada049369b
campaign,reference,500,9-0.5-M,8,600,64,48,82809,250,361.7353,600.007,159070272,cc17b5385a7c74d7521db12aeea3e0f98f41a4fbfe66aab6f5f7c278ce636a56,31da62b5709734435d9983bea8572431b940c695e1752deea2fc4dada049369b
campaign,reference,500,9-0.5-M,9,600,64,48,82851,250,378.0640,600.017,159125888,cc17b5385a7c74d7521db12aeea3e0f98f41a4fbfe66aab6f5f7c278ce636a56,31da62b5709734435d9983bea8572431b940c695e1752deea2fc4dada049369b
campaign,reference,500,9-0.5-M,10,600,64,48,82705,250,424.1987,600.017,158959552,cc17b5385a7c74d7521db12aeea3e0f98f41a4fbfe66aab6f5f7c278ce636a56,31da62b5709734435d9983bea8572431b940c695e1752deea2fc4dada049369b
campaign,reference,500,10-0.5-M,1,600,64,48,83026,249,415.5566,600.016,158009472,cc17b5385a7c74d7521db12aeea3e0f98f41a4fbfe66aab6f5f7c278ce636a56,31da62b5709734435d9983bea8572431b940c695e1752deea2fc4dada049369b
campaign,reference,500,10-0.5-M,2,600,64,48,82924,249,352.6250,600.020,157889856,cc17b5385a7c74d7521db12aeea3e0f98f41a4fbfe66aab6f5f7c278ce636a56,31da62b5709734435d9983bea8572431b940c695e1752deea2fc4dada049369b
campaign,reference,500,10-0.5-M,3,600,64,48,82846,250,377.6706,600.017,158005632,cc17b5385a7c74d7521db12aeea3e0f98f41a4fbfe66aab6f5f7c278ce636a56,31da62b5709734435d9983bea8572431b940c695e1752deea2fc4dada049369b
campaign,reference,500,10-0.5-M,4,600,64,48,82890,249,161.6689,600.016,158078784,cc17b5385a7c74d7521db12aeea3e0f98f41a4fbfe66aab6f5f7c278ce636a56,31da62b5709734435d9983bea8572431b940c695e1752deea2fc4dada049369b
campaign,reference,500,10-0.5-M,5,600,64,48,82875,249,314.3310,600.003,158099456,cc17b5385a7c74d7521db12aeea3e0f98f41a4fbfe66aab6f5f7c278ce636a56,31da62b5709734435d9983bea8572431b940c695e1752deea2fc4dada049369b
campaign,reference,500,10-0.5-M,6,600,64,48,82882,249,382.3874,600.023,158005440,cc17b5385a7c74d7521db12aeea3e0f98f41a4fbfe66aab6f5f7c278ce636a56,31da62b5709734435d9983bea8572431b940c695e1752deea2fc4dada049369b
campaign,reference,500,10-0.5-M,7,600,64,48,82866,249,263.5537,600.009,158000512,cc17b5385a7c74d7521db12aeea3e0f98f41a4fbfe66aab6f5f7c278ce636a56,31da62b5709734435d9983bea8572431b940c695e1752deea2fc4dada049369b
campaign,reference,500,10-0.5-M,8,600,64,48,82863,249,540.6813,600.028,158086080,cc17b5385a7c74d7521db12aeea3e0f98f41a4fbfe66aab6f5f7c278ce636a56,31da62b5709734435d9983bea8572431b940c695e1752deea2fc4dada049369b
campaign,reference,500,10-0.5-M,9,600,64,48,82897,249,597.4315,600.004,158031936,cc17b5385a7c74d7521db12aeea3e0f98f41a4fbfe66aab6f5f7c278ce636a56,31da62b5709734435d9983bea8572431b940c695e1752deea2fc4dada049369b
campaign,reference,500,10-0.5-M,10,600,64,48,82838,249,222.6095,600.014,157731520,cc17b5385a7c74d7521db12aeea3e0f98f41a4fbfe66aab6f5f7c278ce636a56,31da62b5709734435d9983bea8572431b940c695e1752deea2fc4dada049369b
campaign,reference,500,11-0.75-M,1,600,64,48,88854,374,538.6590,600.025,242867008,cc17b5385a7c74d7521db12aeea3e0f98f41a4fbfe66aab6f5f7c278ce636a56,31da62b5709734435d9983bea8572431b940c695e1752deea2fc4dada049369b
campaign,reference,500,11-0.75-M,2,600,64,48,88869,374,297.0197,600.015,242849408,cc17b5385a7c74d7521db12aeea3e0f98f41a4fbfe66aab6f5f7c278ce636a56,31da62b5709734435d9983bea8572431b940c695e1752deea2fc4dada049369b
campaign,reference,500,11-0.75-M,3,600,64,48,88869,374,88.5914,600.028,242796608,cc17b5385a7c74d7521db12aeea3e0f98f41a4fbfe66aab6f5f7c278ce636a56,31da62b5709734435d9983bea8572431b940c695e1752deea2fc4dada049369b
campaign,reference,500,11-0.75-M,4,600,64,48,88885,374,446.6381,600.005,242894528,cc17b5385a7c74d7521db12aeea3e0f98f41a4fbfe66aab6f5f7c278ce636a56,31da62b5709734435d9983bea8572431b940c695e1752deea2fc4dada049369b
campaign,reference,500,11-0.75-M,5,600,64,48,88827,374,164.3187,600.022,242884864,cc17b5385a7c74d7521db12aeea3e0f98f41a4fbfe66aab6f5f7c278ce636a56,31da62b5709734435d9983bea8572431b940c695e1752deea2fc4dada049369b
campaign,reference,500,11-0.75-M,6,600,64,48,88762,374,482.1254,600.005,242742592,cc17b5385a7c74d7521db12aeea3e0f98f41a4fbfe66aab6f5f7c278ce636a56,31da62b5709734435d9983bea8572431b940c695e1752deea2fc4dada049369b
campaign,reference,500,11-0.75-M,7,600,64,48,88883,374,212.2194,600.004,242900480,cc17b5385a7c74d7521db12aeea3e0f98f41a4fbfe66aab6f5f7c278ce636a56,31da62b5709734435d9983bea8572431b940c695e1752deea2fc4dada049369b
campaign,reference,500,11-0.75-M,8,600,64,48,88859,374,302.6602,600.008,242828224,cc17b5385a7c74d7521db12aeea3e0f98f41a4fbfe66aab6f5f7c278ce636a56,31da62b5709734435d9983bea8572431b940c695e1752deea2fc4dada049369b
campaign,reference,500,11-0.75-M,9,600,64,48,88883,374,4.7427,600.030,242799488,cc17b5385a7c74d7521db12aeea3e0f98f41a4fbfe66aab6f5f7c278ce636a56,31da62b5709734435d9983bea8572431b940c695e1752deea2fc4dada049369b
campaign,reference,500,11-0.75-M,10,600,64,48,88859,374,293.2428,600.020,242780224,cc17b5385a7c74d7521db12aeea3e0f98f41a4fbfe66aab6f5f7c278ce636a56,31da62b5709734435d9983bea8572431b940c695e1752deea2fc4dada049369b
campaign,reference,500,12-0.75-M,1,600,64,48,87334,374,144.2471,600.029,241725120,cc17b5385a7c74d7521db12aeea3e0f98f41a4fbfe66aab6f5f7c278ce636a56,31da62b5709734435d9983bea8572431b940c695e1752deea2fc4dada049369b
campaign,reference,500,12-0.75-M,2,600,64,48,87394,374,84.2836,600.026,241863552,cc17b5385a7c74d7521db12aeea3e0f98f41a4fbfe66aab6f5f7c278ce636a56,31da62b5709734435d9983bea8572431b940c695e1752deea2fc4dada049369b
campaign,reference,500,12-0.75-M,3,600,64,48,87243,374,224.1467,600.028,241543168,cc17b5385a7c74d7521db12aeea3e0f98f41a4fbfe66aab6f5f7c278ce636a56,31da62b5709734435d9983bea8572431b940c695e1752deea2fc4dada049369b
campaign,reference,500,12-0.75-M,4,600,64,48,87335,374,329.2652,600.028,241939264,cc17b5385a7c74d7521db12aeea3e0f98f41a4fbfe66aab6f5f7c278ce636a56,31da62b5709734435d9983bea8572431b940c695e1752deea2fc4dada049369b
campaign,reference,500,12-0.75-M,5,600,64,48,87313,374,566.0634,600.029,241857536,cc17b5385a7c74d7521db12aeea3e0f98f41a4fbfe66aab6f5f7c278ce636a56,31da62b5709734435d9983bea8572431b940c695e1752deea2fc4dada049369b
campaign,reference,500,12-0.75-M,6,600,64,48,87149,374,598.7434,600.001,241394432,cc17b5385a7c74d7521db12aeea3e0f98f41a4fbfe66aab6f5f7c278ce636a56,31da62b5709734435d9983bea8572431b940c695e1752deea2fc4dada049369b
campaign,reference,500,12-0.75-M,7,600,64,48,87252,374,428.0986,600.007,241866368,cc17b5385a7c74d7521db12aeea3e0f98f41a4fbfe66aab6f5f7c278ce636a56,31da62b5709734435d9983bea8572431b940c695e1752deea2fc4dada049369b
campaign,reference,500,12-0.75-M,8,600,64,48,87308,374,512.7899,600.003,241881152,cc17b5385a7c74d7521db12aeea3e0f98f41a4fbfe66aab6f5f7c278ce636a56,31da62b5709734435d9983bea8572431b940c695e1752deea2fc4dada049369b
campaign,reference,500,12-0.75-M,9,600,64,48,87335,374,173.9783,600.020,242008768,cc17b5385a7c74d7521db12aeea3e0f98f41a4fbfe66aab6f5f7c278ce636a56,31da62b5709734435d9983bea8572431b940c695e1752deea2fc4dada049369b
campaign,reference,500,12-0.75-M,10,600,64,48,87345,374,209.9634,600.023,241932224,cc17b5385a7c74d7521db12aeea3e0f98f41a4fbfe66aab6f5f7c278ce636a56,31da62b5709734435d9983bea8572431b940c695e1752deea2fc4dada049369b
campaign,reference,500,13-0.75-M,1,600,64,48,87180,375,251.3144,600.009,242644224,cc17b5385a7c74d7521db12aeea3e0f98f41a4fbfe66aab6f5f7c278ce636a56,31da62b5709734435d9983bea8572431b940c695e1752deea2fc4dada049369b
campaign,reference,500,13-0.75-M,2,600,64,48,87241,375,102.9152,600.027,242720832,cc17b5385a7c74d7521db12aeea3e0f98f41a4fbfe66aab6f5f7c278ce636a56,31da62b5709734435d9983bea8572431b940c695e1752deea2fc4dada049369b
campaign,reference,500,13-0.75-M,3,600,64,48,87300,375,135.4201,600.009,242673728,cc17b5385a7c74d7521db12aeea3e0f98f41a4fbfe66aab6f5f7c278ce636a56,31da62b5709734435d9983bea8572431b940c695e1752deea2fc4dada049369b
campaign,reference,500,13-0.75-M,4,600,64,48,87257,374,513.5054,600.030,242741056,cc17b5385a7c74d7521db12aeea3e0f98f41a4fbfe66aab6f5f7c278ce636a56,31da62b5709734435d9983bea8572431b940c695e1752deea2fc4dada049369b
campaign,reference,500,13-0.75-M,5,600,64,48,87257,374,526.9215,600.022,242764928,cc17b5385a7c74d7521db12aeea3e0f98f41a4fbfe66aab6f5f7c278ce636a56,31da62b5709734435d9983bea8572431b940c695e1752deea2fc4dada049369b
campaign,reference,500,13-0.75-M,6,600,64,48,87188,375,143.8370,600.023,241605760,cc17b5385a7c74d7521db12aeea3e0f98f41a4fbfe66aab6f5f7c278ce636a56,31da62b5709734435d9983bea8572431b940c695e1752deea2fc4dada049369b
campaign,reference,500,13-0.75-M,7,600,64,48,87244,374,37.8084,600.010,242489472,cc17b5385a7c74d7521db12aeea3e0f98f41a4fbfe66aab6f5f7c278ce636a56,31da62b5709734435d9983bea8572431b940c695e1752deea2fc4dada049369b
campaign,reference,500,13-0.75-M,8,600,64,48,87254,374,226.2150,600.015,242638464,cc17b5385a7c74d7521db12aeea3e0f98f41a4fbfe66aab6f5f7c278ce636a56,31da62b5709734435d9983bea8572431b940c695e1752deea2fc4dada049369b
campaign,reference,500,13-0.75-M,9,600,64,48,87241,375,279.8515,600.000,242703616,cc17b5385a7c74d7521db12aeea3e0f98f41a4fbfe66aab6f5f7c278ce636a56,31da62b5709734435d9983bea8572431b940c695e1752deea2fc4dada049369b
campaign,reference,500,13-0.75-M,10,600,64,48,87257,374,495.4969,600.022,242615040,cc17b5385a7c74d7521db12aeea3e0f98f41a4fbfe66aab6f5f7c278ce636a56,31da62b5709734435d9983bea8572431b940c695e1752deea2fc4dada049369b
campaign,reference,500,14-0.75-M,1,600,64,48,87671,373,387.7685,600.022,242527936,cc17b5385a7c74d7521db12aeea3e0f98f41a4fbfe66aab6f5f7c278ce636a56,31da62b5709734435d9983bea8572431b940c695e1752deea2fc4dada049369b
campaign,reference,500,14-0.75-M,2,600,64,48,87632,373,493.1214,600.012,242608384,cc17b5385a7c74d7521db12aeea3e0f98f41a4fbfe66aab6f5f7c278ce636a56,31da62b5709734435d9983bea8572431b940c695e1752deea2fc4dada049369b
campaign,reference,500,14-0.75-M,3,600,64,48,87660,374,294.3907,600.022,242519296,cc17b5385a7c74d7521db12aeea3e0f98f41a4fbfe66aab6f5f7c278ce636a56,31da62b5709734435d9983bea8572431b940c695e1752deea2fc4dada049369b
campaign,reference,500,14-0.75-M,4,600,64,48,87654,374,477.0670,600.006,242619904,cc17b5385a7c74d7521db12aeea3e0f98f41a4fbfe66aab6f5f7c278ce636a56,31da62b5709734435d9983bea8572431b940c695e1752deea2fc4dada049369b
campaign,reference,500,14-0.75-M,5,600,64,48,87603,374,503.1359,600.024,242616768,cc17b5385a7c74d7521db12aeea3e0f98f41a4fbfe66aab6f5f7c278ce636a56,31da62b5709734435d9983bea8572431b940c695e1752deea2fc4dada049369b
campaign,reference,500,14-0.75-M,6,600,64,48,87619,373,287.4662,600.018,242254016,cc17b5385a7c74d7521db12aeea3e0f98f41a4fbfe66aab6f5f7c278ce636a56,31da62b5709734435d9983bea8572431b940c695e1752deea2fc4dada049369b
campaign,reference,500,14-0.75-M,7,600,64,48,87619,373,190.9391,600.002,242644032,cc17b5385a7c74d7521db12aeea3e0f98f41a4fbfe66aab6f5f7c278ce636a56,31da62b5709734435d9983bea8572431b940c695e1752deea2fc4dada049369b
campaign,reference,500,14-0.75-M,8,600,64,48,87646,374,385.8456,600.008,242563008,cc17b5385a7c74d7521db12aeea3e0f98f41a4fbfe66aab6f5f7c278ce636a56,31da62b5709734435d9983bea8572431b940c695e1752deea2fc4dada049369b
campaign,reference,500,14-0.75-M,9,600,64,48,87605,374,412.8703,600.021,242535168,cc17b5385a7c74d7521db12aeea3e0f98f41a4fbfe66aab6f5f7c278ce636a56,31da62b5709734435d9983bea8572431b940c695e1752deea2fc4dada049369b
campaign,reference,500,14-0.75-M,10,600,64,48,87636,374,273.5518,600.008,242558848,cc17b5385a7c74d7521db12aeea3e0f98f41a4fbfe66aab6f5f7c278ce636a56,31da62b5709734435d9983bea8572431b940c695e1752deea2fc4dada049369b
campaign,reference,500,15-0.75-M,1,600,64,48,87857,374,127.2009,600.015,242334720,cc17b5385a7c74d7521db12aeea3e0f98f41a4fbfe66aab6f5f7c278ce636a56,31da62b5709734435d9983bea8572431b940c695e1752deea2fc4dada049369b
campaign,reference,500,15-0.75-M,2,600,64,48,87976,374,436.1392,600.018,242681792,cc17b5385a7c74d7521db12aeea3e0f98f41a4fbfe66aab6f5f7c278ce636a56,31da62b5709734435d9983bea8572431b940c695e1752deea2fc4dada049369b
campaign,reference,500,15-0.75-M,3,600,64,48,87965,374,350.6922,600.014,242565632,cc17b5385a7c74d7521db12aeea3e0f98f41a4fbfe66aab6f5f7c278ce636a56,31da62b5709734435d9983bea8572431b940c695e1752deea2fc4dada049369b
campaign,reference,500,15-0.75-M,4,600,64,48,87932,374,287.3440,600.015,242760128,cc17b5385a7c74d7521db12aeea3e0f98f41a4fbfe66aab6f5f7c278ce636a56,31da62b5709734435d9983bea8572431b940c695e1752deea2fc4dada049369b
campaign,reference,500,15-0.75-M,5,600,64,48,87945,374,199.5420,600.013,242709696,cc17b5385a7c74d7521db12aeea3e0f98f41a4fbfe66aab6f5f7c278ce636a56,31da62b5709734435d9983bea8572431b940c695e1752deea2fc4dada049369b
campaign,reference,500,15-0.75-M,6,600,64,48,88002,374,363.0378,600.014,242582464,cc17b5385a7c74d7521db12aeea3e0f98f41a4fbfe66aab6f5f7c278ce636a56,31da62b5709734435d9983bea8572431b940c695e1752deea2fc4dada049369b
campaign,reference,500,15-0.75-M,7,600,64,48,87967,374,29.1138,600.028,242592576,cc17b5385a7c74d7521db12aeea3e0f98f41a4fbfe66aab6f5f7c278ce636a56,31da62b5709734435d9983bea8572431b940c695e1752deea2fc4dada049369b
campaign,reference,500,15-0.75-M,8,600,64,48,87966,374,98.8743,600.005,242671040,cc17b5385a7c74d7521db12aeea3e0f98f41a4fbfe66aab6f5f7c278ce636a56,31da62b5709734435d9983bea8572431b940c695e1752deea2fc4dada049369b
campaign,reference,500,15-0.75-M,9,600,64,48,87933,374,306.8538,600.029,242756736,cc17b5385a7c74d7521db12aeea3e0f98f41a4fbfe66aab6f5f7c278ce636a56,31da62b5709734435d9983bea8572431b940c695e1752deea2fc4dada049369b
campaign,reference,500,15-0.75-M,10,600,64,48,87975,373,370.2052,600.016,242425728,cc17b5385a7c74d7521db12aeea3e0f98f41a4fbfe66aab6f5f7c278ce636a56,31da62b5709734435d9983bea8572431b940c695e1752deea2fc4dada049369b
campaign,reference,1000,1-0.25-P,1,600,84,63,161527,251,520.6024,600.017,47010348,cc17b5385a7c74d7521db12aeea3e0f98f41a4fbfe66aab6f5f7c278ce636a56,31da62b5709734435d9983bea8572431b940c695e1752deea2fc4dada049369b
campaign,reference,1000,1-0.25-P,2,600,84,63,161811,252,557.7576,600.023,47012364,cc17b5385a7c74d7521db12aeea3e0f98f41a4fbfe66aab6f5f7c278ce636a56,31da62b5709734435d9983bea8572431b940c695e1752deea2fc4dada049369b
campaign,reference,1000,1-0.25-P,3,600,84,63,161955,252,518.6872,600.027,47019672,cc17b5385a7c74d7521db12aeea3e0f98f41a4fbfe66aab6f5f7c278ce636a56,31da62b5709734435d9983bea8572431b940c695e1752deea2fc4dada049369b
campaign,reference,1000,1-0.25-P,4,600,84,63,161863,252,386.5646,600.014,47014296,cc17b5385a7c74d7521db12aeea3e0f98f41a4fbfe66aab6f5f7c278ce636a56,31da62b5709734435d9983bea8572431b940c695e1752deea2fc4dada049369b
campaign,reference,1000,1-0.25-P,5,600,84,63,161703,251,359.3321,600.025,46995312,cc17b5385a7c74d7521db12aeea3e0f98f41a4fbfe66aab6f5f7c278ce636a56,31da62b5709734435d9983bea8572431b940c695e1752deea2fc4dada049369b
campaign,reference,1000,2-0.25-P,1,600,84,63,135501,252,301.0162,600.026,47374824,cc17b5385a7c74d7521db12aeea3e0f98f41a4fbfe66aab6f5f7c278ce636a56,31da62b5709734435d9983bea8572431b940c695e1752deea2fc4dada049369b
campaign,reference,1000,2-0.25-P,2,600,84,63,135588,252,443.1451,600.026,47386500,cc17b5385a7c74d7521db12aeea3e0f98f41a4fbfe66aab6f5f7c278ce636a56,31da62b5709734435d9983bea8572431b940c695e1752deea2fc4dada049369b
campaign,reference,1000,2-0.25-P,3,600,84,63,135485,252,546.7343,600.014,47360124,cc17b5385a7c74d7521db12aeea3e0f98f41a4fbfe66aab6f5f7c278ce636a56,31da62b5709734435d9983bea8572431b940c695e1752deea2fc4dada049369b
campaign,reference,1000,2-0.25-P,4,600,84,63,135579,252,257.3407,600.002,47386584,cc17b5385a7c74d7521db12aeea3e0f98f41a4fbfe66aab6f5f7c278ce636a56,31da62b5709734435d9983bea8572431b940c695e1752deea2fc4dada049369b
campaign,reference,1000,2-0.25-P,5,600,84,63,135728,253,531.6994,600.026,47396580,cc17b5385a7c74d7521db12aeea3e0f98f41a4fbfe66aab6f5f7c278ce636a56,31da62b5709734435d9983bea8572431b940c695e1752deea2fc4dada049369b
campaign,reference,1000,3-0.25-P,1,600,84,63,149458,252,534.4114,600.010,46560948,cc17b5385a7c74d7521db12aeea3e0f98f41a4fbfe66aab6f5f7c278ce636a56,31da62b5709734435d9983bea8572431b940c695e1752deea2fc4dada049369b
campaign,reference,1000,3-0.25-P,2,600,84,63,149329,252,594.0762,600.014,46562292,cc17b5385a7c74d7521db12aeea3e0f98f41a4fbfe66aab6f5f7c278ce636a56,31da62b5709734435d9983bea8572431b940c695e1752deea2fc4dada049369b
campaign,reference,1000,3-0.25-P,3,600,84,63,149052,251,597.2592,600.011,46553220,cc17b5385a7c74d7521db12aeea3e0f98f41a4fbfe66aab6f5f7c278ce636a56,31da62b5709734435d9983bea8572431b940c695e1752deea2fc4dada049369b
campaign,reference,1000,3-0.25-P,4,600,84,63,149186,251,403.1625,600.010,46562208,cc17b5385a7c74d7521db12aeea3e0f98f41a4fbfe66aab6f5f7c278ce636a56,31da62b5709734435d9983bea8572431b940c695e1752deea2fc4dada049369b
campaign,reference,1000,3-0.25-P,5,600,84,63,149413,252,496.3237,600.011,46568256,cc17b5385a7c74d7521db12aeea3e0f98f41a4fbfe66aab6f5f7c278ce636a56,31da62b5709734435d9983bea8572431b940c695e1752deea2fc4dada049369b
campaign,reference,1000,4-0.25-P,1,600,84,63,137824,251,500.3524,600.017,48865404,cc17b5385a7c74d7521db12aeea3e0f98f41a4fbfe66aab6f5f7c278ce636a56,31da62b5709734435d9983bea8572431b940c695e1752deea2fc4dada049369b
campaign,reference,1000,4-0.25-P,2,600,84,63,137310,251,509.7510,600.030,48878928,cc17b5385a7c74d7521db12aeea3e0f98f41a4fbfe66aab6f5f7c278ce636a56,31da62b5709734435d9983bea8572431b940c695e1752deea2fc4dada049369b
campaign,reference,1000,4-0.25-P,3,600,84,63,137467,251,583.4447,600.019,48853308,cc17b5385a7c74d7521db12aeea3e0f98f41a4fbfe66aab6f5f7c278ce636a56,31da62b5709734435d9983bea8572431b940c695e1752deea2fc4dada049369b
campaign,reference,1000,4-0.25-P,4,600,84,63,137584,251,571.7916,600.023,48864564,cc17b5385a7c74d7521db12aeea3e0f98f41a4fbfe66aab6f5f7c278ce636a56,31da62b5709734435d9983bea8572431b940c695e1752deea2fc4dada049369b
campaign,reference,1000,4-0.25-P,5,600,84,63,137463,251,564.4029,600.002,48878676,cc17b5385a7c74d7521db12aeea3e0f98f41a4fbfe66aab6f5f7c278ce636a56,31da62b5709734435d9983bea8572431b940c695e1752deea2fc4dada049369b
campaign,reference,1000,5-0.25-P,1,600,84,63,145224,253,394.9504,600.013,47483100,cc17b5385a7c74d7521db12aeea3e0f98f41a4fbfe66aab6f5f7c278ce636a56,31da62b5709734435d9983bea8572431b940c695e1752deea2fc4dada049369b
campaign,reference,1000,5-0.25-P,2,600,84,63,144916,252,523.1405,600.003,47490996,cc17b5385a7c74d7521db12aeea3e0f98f41a4fbfe66aab6f5f7c278ce636a56,31da62b5709734435d9983bea8572431b940c695e1752deea2fc4dada049369b
campaign,reference,1000,5-0.25-P,3,600,84,63,144940,252,448.1793,600.009,47495616,cc17b5385a7c74d7521db12aeea3e0f98f41a4fbfe66aab6f5f7c278ce636a56,31da62b5709734435d9983bea8572431b940c695e1752deea2fc4dada049369b
campaign,reference,1000,5-0.25-P,4,600,84,63,145017,252,515.8245,600.010,47478564,cc17b5385a7c74d7521db12aeea3e0f98f41a4fbfe66aab6f5f7c278ce636a56,31da62b5709734435d9983bea8572431b940c695e1752deea2fc4dada049369b
campaign,reference,1000,5-0.25-P,5,600,84,63,144932,252,522.4113,600.026,47497884,cc17b5385a7c74d7521db12aeea3e0f98f41a4fbfe66aab6f5f7c278ce636a56,31da62b5709734435d9983bea8572431b940c695e1752deea2fc4dada049369b
campaign,reference,1000,6-0.25-P,1,600,84,63,147570,253,535.8581,600.016,48535536,cc17b5385a7c74d7521db12aeea3e0f98f41a4fbfe66aab6f5f7c278ce636a56,31da62b5709734435d9983bea8572431b940c695e1752deea2fc4dada049369b
campaign,reference,1000,6-0.25-P,2,600,84,63,147478,253,528.2322,600.021,48529152,cc17b5385a7c74d7521db12aeea3e0f98f41a4fbfe66aab6f5f7c278ce636a56,31da62b5709734435d9983bea8572431b940c695e1752deea2fc4dada049369b
campaign,reference,1000,6-0.25-P,3,600,84,63,147361,252,434.5813,600.021,48535788,cc17b5385a7c74d7521db12aeea3e0f98f41a4fbfe66aab6f5f7c278ce636a56,31da62b5709734435d9983bea8572431b940c695e1752deea2fc4dada049369b
campaign,reference,1000,6-0.25-P,4,600,84,63,147380,252,599.3624,600.009,48519408,cc17b5385a7c74d7521db12aeea3e0f98f41a4fbfe66aab6f5f7c278ce636a56,31da62b5709734435d9983bea8572431b940c695e1752deea2fc4dada049369b
campaign,reference,1000,6-0.25-P,5,600,84,63,147555,253,574.5962,600.014,48527808,cc17b5385a7c74d7521db12aeea3e0f98f41a4fbfe66aab6f5f7c278ce636a56,31da62b5709734435d9983bea8572431b940c695e1752deea2fc4dada049369b
campaign,reference,1000,7-0.25-P,1,600,84,63,149430,252,307.8080,600.012,49193256,cc17b5385a7c74d7521db12aeea3e0f98f41a4fbfe66aab6f5f7c278ce636a56,31da62b5709734435d9983bea8572431b940c695e1752deea2fc4dada049369b
campaign,reference,1000,7-0.25-P,2,600,84,63,149387,252,537.1583,600.025,49190736,cc17b5385a7c74d7521db12aeea3e0f98f41a4fbfe66aab6f5f7c278ce636a56,31da62b5709734435d9983bea8572431b940c695e1752deea2fc4dada049369b
campaign,reference,1000,7-0.25-P,3,600,84,63,149514,253,484.3996,600.019,49179480,cc17b5385a7c74d7521db12aeea3e0f98f41a4fbfe66aab6f5f7c278ce636a56,31da62b5709734435d9983bea8572431b940c695e1752deea2fc4dada049369b
campaign,reference,1000,7-0.25-P,4,600,84,63,149500,252,590.6942,600.028,49178724,cc17b5385a7c74d7521db12aeea3e0f98f41a4fbfe66aab6f5f7c278ce636a56,31da62b5709734435d9983bea8572431b940c695e1752deea2fc4dada049369b
campaign,reference,1000,7-0.25-P,5,600,84,63,149356,252,507.8149,600.007,49179060,cc17b5385a7c74d7521db12aeea3e0f98f41a4fbfe66aab6f5f7c278ce636a56,31da62b5709734435d9983bea8572431b940c695e1752deea2fc4dada049369b
campaign,reference,1000,8-0.25-P,1,600,84,63,150551,251,516.7985,600.006,49164696,cc17b5385a7c74d7521db12aeea3e0f98f41a4fbfe66aab6f5f7c278ce636a56,31da62b5709734435d9983bea8572431b940c695e1752deea2fc4dada049369b
campaign,reference,1000,8-0.25-P,2,600,84,63,150665,251,390.8139,600.024,49173348,cc17b5385a7c74d7521db12aeea3e0f98f41a4fbfe66aab6f5f7c278ce636a56,31da62b5709734435d9983bea8572431b940c695e1752deea2fc4dada049369b
campaign,reference,1000,8-0.25-P,3,600,84,63,150972,252,574.1861,600.005,49174020,cc17b5385a7c74d7521db12aeea3e0f98f41a4fbfe66aab6f5f7c278ce636a56,31da62b5709734435d9983bea8572431b940c695e1752deea2fc4dada049369b
campaign,reference,1000,8-0.25-P,4,600,84,63,150949,252,522.3141,600.009,49168392,cc17b5385a7c74d7521db12aeea3e0f98f41a4fbfe66aab6f5f7c278ce636a56,31da62b5709734435d9983bea8572431b940c695e1752deea2fc4dada049369b
campaign,reference,1000,8-0.25-P,5,600,84,63,150675,251,590.6393,600.008,49167720,cc17b5385a7c74d7521db12aeea3e0f98f41a4fbfe66aab6f5f7c278ce636a56,31da62b5709734435d9983bea8572431b940c695e1752deea2fc4dada049369b
campaign,reference,1000,9-0.25-P,1,600,84,63,138447,252,339.0679,600.008,49010808,cc17b5385a7c74d7521db12aeea3e0f98f41a4fbfe66aab6f5f7c278ce636a56,31da62b5709734435d9983bea8572431b940c695e1752deea2fc4dada049369b
campaign,reference,1000,9-0.25-P,2,600,84,63,138399,253,502.1710,600.014,49011732,cc17b5385a7c74d7521db12aeea3e0f98f41a4fbfe66aab6f5f7c278ce636a56,31da62b5709734435d9983bea8572431b940c695e1752deea2fc4dada049369b
campaign,reference,1000,9-0.25-P,3,600,84,63,138327,252,574.8953,600.010,49010304,cc17b5385a7c74d7521db12aeea3e0f98f41a4fbfe66aab6f5f7c278ce636a56,31da62b5709734435d9983bea8572431b940c695e1752deea2fc4dada049369b
campaign,reference,1000,9-0.25-P,4,600,84,63,138402,252,454.7728,600.003,49010052,cc17b5385a7c74d7521db12aeea3e0f98f41a4fbfe66aab6f5f7c278ce636a56,31da62b5709734435d9983bea8572431b940c695e1752deea2fc4dada049369b
campaign,reference,1000,9-0.25-P,5,600,84,63,138418,253,512.6781,600.022,49014756,cc17b5385a7c74d7521db12aeea3e0f98f41a4fbfe66aab6f5f7c278ce636a56,31da62b5709734435d9983bea8572431b940c695e1752deea2fc4dada049369b
campaign,reference,1000,10-0.25-P,1,600,84,63,150738,253,517.8511,600.005,47886720,cc17b5385a7c74d7521db12aeea3e0f98f41a4fbfe66aab6f5f7c278ce636a56,31da62b5709734435d9983bea8572431b940c695e1752deea2fc4dada049369b
campaign,reference,1000,10-0.25-P,2,600,84,63,150633,253,516.9811,600.012,47900328,cc17b5385a7c74d7521db12aeea3e0f98f41a4fbfe66aab6f5f7c278ce636a56,31da62b5709734435d9983bea8572431b940c695e1752deea2fc4dada049369b
campaign,reference,1000,10-0.25-P,3,600,84,63,150505,252,225.6357,600.013,47947452,cc17b5385a7c74d7521db12aeea3e0f98f41a4fbfe66aab6f5f7c278ce636a56,31da62b5709734435d9983bea8572431b940c695e1752deea2fc4dada049369b
campaign,reference,1000,10-0.25-P,4,600,84,63,150767,253,538.0738,600.027,47914524,cc17b5385a7c74d7521db12aeea3e0f98f41a4fbfe66aab6f5f7c278ce636a56,31da62b5709734435d9983bea8572431b940c695e1752deea2fc4dada049369b
campaign,reference,1000,10-0.25-P,5,600,84,63,150764,253,592.8095,600.015,47918220,cc17b5385a7c74d7521db12aeea3e0f98f41a4fbfe66aab6f5f7c278ce636a56,31da62b5709734435d9983bea8572431b940c695e1752deea2fc4dada049369b
campaign,reference,1000,1-0.25-M,1,600,84,63,37315,250,388.8938,600.017,47798520,cc17b5385a7c74d7521db12aeea3e0f98f41a4fbfe66aab6f5f7c278ce636a56,31da62b5709734435d9983bea8572431b940c695e1752deea2fc4dada049369b
campaign,reference,1000,1-0.25-M,2,600,84,63,37396,250,546.9974,600.012,47795580,cc17b5385a7c74d7521db12aeea3e0f98f41a4fbfe66aab6f5f7c278ce636a56,31da62b5709734435d9983bea8572431b940c695e1752deea2fc4dada049369b
campaign,reference,1000,1-0.25-M,3,600,84,63,37459,250,563.8652,600.009,47801964,cc17b5385a7c74d7521db12aeea3e0f98f41a4fbfe66aab6f5f7c278ce636a56,31da62b5709734435d9983bea8572431b940c695e1752deea2fc4dada049369b
campaign,reference,1000,1-0.25-M,4,600,84,63,37434,250,148.2268,600.003,47824476,cc17b5385a7c74d7521db12aeea3e0f98f41a4fbfe66aab6f5f7c278ce636a56,31da62b5709734435d9983bea8572431b940c695e1752deea2fc4dada049369b
campaign,reference,1000,1-0.25-M,5,600,84,63,37462,250,530.8182,600.025,47812632,cc17b5385a7c74d7521db12aeea3e0f98f41a4fbfe66aab6f5f7c278ce636a56,31da62b5709734435d9983bea8572431b940c695e1752deea2fc4dada049369b
campaign,reference,1000,2-0.25-M,1,600,84,63,38237,249,261.5283,600.008,45611664,cc17b5385a7c74d7521db12aeea3e0f98f41a4fbfe66aab6f5f7c278ce636a56,31da62b5709734435d9983bea8572431b940c695e1752deea2fc4dada049369b
campaign,reference,1000,2-0.25-M,2,600,84,63,37911,250,592.7915,600.011,45583692,cc17b5385a7c74d7521db12aeea3e0f98f41a4fbfe66aab6f5f7c278ce636a56,31da62b5709734435d9983bea8572431b940c695e1752deea2fc4dada049369b
campaign,reference,1000,2-0.25-M,3,600,84,63,37979,250,226.7632,600.012,45600324,cc17b5385a7c74d7521db12aeea3e0f98f41a4fbfe66aab6f5f7c278ce636a56,31da62b5709734435d9983bea8572431b940c695e1752deea2fc4dada049369b
campaign,reference,1000,2-0.25-M,4,600,84,63,38028,250,543.7933,600.016,45621324,cc17b5385a7c74d7521db12aeea3e0f98f41a4fbfe66aab6f5f7c278ce636a56,31da62b5709734435d9983bea8572431b940c695e1752deea2fc4dada049369b
campaign,reference,1000,2-0.25-M,5,600,84,63,37970,250,406.3347,600.000,45598896,cc17b5385a7c74d7521db12aeea3e0f98f41a4fbfe66aab6f5f7c278ce636a56,31da62b5709734435d9983bea8572431b940c695e1752deea2fc4dada049369b
campaign,reference,1000,3-0.25-M,1,600,84,63,38451,249,508.2980,600.016,48716892,cc17b5385a7c74d7521db12aeea3e0f98f41a4fbfe66aab6f5f7c278ce636a56,31da62b5709734435d9983bea8572431b940c695e1752deea2fc4dada049369b
campaign,reference,1000,3-0.25-M,2,600,84,63,38543,249,405.2349,600.006,48742680,cc17b5385a7c74d7521db12aeea3e0f98f41a4fbfe66aab6f5f7c278ce636a56,31da62b5709734435d9983bea8572431b940c695e1752deea2fc4dada049369b
campaign,reference,1000,3-0.25-M,3,600,84,63,38697,249,585.8085,600.022,48652884,cc17b5385a7c74d7521db12aeea3e0f98f41a4fbfe66aab6f5f7c278ce636a56,31da62b5709734435d9983bea8572431b940c695e1752deea2fc4dada049369b
campaign,reference,1000,3-0.25-M,4,600,84,63,38508,249,468.6781,600.027,48583332,cc17b5385a7c74d7521db12aeea3e0f98f41a4fbfe66aab6f5f7c278ce636a56,31da62b5709734435d9983bea8572431b940c695e1752deea2fc4dada049369b
campaign,reference,1000,3-0.25-M,5,600,84,63,38505,249,211.2847,600.004,48534276,cc17b5385a7c74d7521db12aeea3e0f98f41a4fbfe66aab6f5f7c278ce636a56,31da62b5709734435d9983bea8572431b940c695e1752deea2fc4dada049369b
campaign,reference,1000,4-0.25-M,1,600,84,63,37813,251,455.4244,600.015,47136852,cc17b5385a7c74d7521db12aeea3e0f98f41a4fbfe66aab6f5f7c278ce636a56,31da62b5709734435d9983bea8572431b940c695e1752deea2fc4dada049369b
campaign,reference,1000,4-0.25-M,2,600,84,63,37845,250,490.0035,600.018,47027820,cc17b5385a7c74d7521db12aeea3e0f98f41a4fbfe66aab6f5f7c278ce636a56,31da62b5709734435d9983bea8572431b940c695e1752deea2fc4dada049369b
campaign,reference,1000,4-0.25-M,3,600,84,63,37977,251,242.5374,600.022,46990356,cc17b5385a7c74d7521db12aeea3e0f98f41a4fbfe66aab6f5f7c278ce636a56,31da62b5709734435d9983bea8572431b940c695e1752deea2fc4dada049369b
campaign,reference,1000,4-0.25-M,4,600,84,63,37783,250,532.5509,600.022,46986576,cc17b5385a7c74d7521db12aeea3e0f98f41a4fbfe66aab6f5f7c278ce636a56,31da62b5709734435d9983bea8572431b940c695e1752deea2fc4dada049369b
campaign,reference,1000,4-0.25-M,5,600,84,63,37899,250,478.1190,600.014,46993968,cc17b5385a7c74d7521db12aeea3e0f98f41a4fbfe66aab6f5f7c278ce636a56,31da62b5709734435d9983bea8572431b940c695e1752deea2fc4dada049369b
campaign,reference,1000,5-0.25-M,1,600,84,63,35479,249,545.0340,600.004,48700596,cc17b5385a7c74d7521db12aeea3e0f98f41a4fbfe66aab6f5f7c278ce636a56,31da62b5709734435d9983bea8572431b940c695e1752deea2fc4dada049369b
campaign,reference,1000,5-0.25-M,2,600,84,63,35619,249,550.6337,600.008,48713280,cc17b5385a7c74d7521db12aeea3e0f98f41a4fbfe66aab6f5f7c278ce636a56,31da62b5709734435d9983bea8572431b940c695e1752deea2fc4dada049369b
campaign,reference,1000,5-0.25-M,3,600,84,63,35523,249,403.8476,600.014,48707568,cc17b5385a7c74d7521db12aeea3e0f98f41a4fbfe66aab6f5f7c278ce636a56,31da62b5709734435d9983bea8572431b940c695e1752deea2fc4dada049369b
campaign,reference,1000,5-0.25-M,4,600,84,63,35483,250,137.1402,600.018,48721680,cc17b5385a7c74d7521db12aeea3e0f98f41a4fbfe66aab6f5f7c278ce636a56,31da62b5709734435d9983bea8572431b940c695e1752deea2fc4dada049369b
campaign,reference,1000,5-0.25-M,5,600,84,63,35423,249,397.6174,600.018,48713952,cc17b5385a7c74d7521db12aeea3e0f98f41a4fbfe66aab6f5f7c278ce636a56,31da62b5709734435d9983bea8572431b940c695e1752deea2fc4dada049369b
campaign,reference,1000,6-0.25-M,1,600,84,63,40492,251,538.3423,600.014,47364072,cc17b5385a7c74d7521db12aeea3e0f98f41a4fbfe66aab6f5f7c278ce636a56,31da62b5709734435d9983bea8572431b940c695e1752deea2fc4dada049369b
campaign,reference,1000,6-0.25-M,2,600,84,63,40805,251,511.8030,600.008,47350800,cc17b5385a7c74d7521db12aeea3e0f98f41a4fbfe66aab6f5f7c278ce636a56,31da62b5709734435d9983bea8572431b940c695e1752deea2fc4dada049369b
campaign,reference,1000,6-0.25-M,3,600,84,63,40944,251,579.0358,600.025,47372220,cc17b5385a7c74d7521db12aeea3e0f98f41a4fbfe66aab6f5f7c278ce636a56,31da62b5709734435d9983bea8572431b940c695e1752deea2fc4dada049369b
campaign,reference,1000,6-0.25-M,4,600,84,63,40506,251,521.4943,600.030,47366004,cc17b5385a7c74d7521db12aeea3e0f98f41a4fbfe66aab6f5f7c278ce636a56,31da62b5709734435d9983bea8572431b940c695e1752deea2fc4dada049369b
campaign,reference,1000,6-0.25-M,5,600,84,63,40611,251,320.0698,600.027,46847640,cc17b5385a7c74d7521db12aeea3e0f98f41a4fbfe66aab6f5f7c278ce636a56,31da62b5709734435d9983bea8572431b940c695e1752deea2fc4dada049369b
campaign,reference,1000,7-0.25-M,1,600,84,63,39121,249,466.2138,600.020,47066292,cc17b5385a7c74d7521db12aeea3e0f98f41a4fbfe66aab6f5f7c278ce636a56,31da62b5709734435d9983bea8572431b940c695e1752deea2fc4dada049369b
campaign,reference,1000,7-0.25-M,2,600,84,63,39417,250,484.2292,600.026,48187608,cc17b5385a7c74d7521db12aeea3e0f98f41a4fbfe66aab6f5f7c278ce636a56,31da62b5709734435d9983bea8572431b940c695e1752deea2fc4dada049369b
campaign,reference,1000,7-0.25-M,3,600,84,63,39129,249,517.5679,600.008,48123516,cc17b5385a7c74d7521db12aeea3e0f98f41a4fbfe66aab6f5f7c278ce636a56,31da62b5709734435d9983bea8572431b940c695e1752deea2fc4dada049369b
campaign,reference,1000,7-0.25-M,4,600,84,63,39228,250,500.8757,600.027,48121248,cc17b5385a7c74d7521db12aeea3e0f98f41a4fbfe66aab6f5f7c278ce636a56,31da62b5709734435d9983bea8572431b940c695e1752deea2fc4dada049369b
campaign,reference,1000,7-0.25-M,5,600,84,63,39088,249,523.1241,600.028,48091764,cc17b5385a7c74d7521db12aeea3e0f98f41a4fbfe66aab6f5f7c278ce636a56,31da62b5709734435d9983bea8572431b940c695e1752deea2fc4dada049369b
campaign,reference,1000,8-0.25-M,1,600,84,63,41602,251,333.8919,600.004,47528124,cc17b5385a7c74d7521db12aeea3e0f98f41a4fbfe66aab6f5f7c278ce636a56,31da62b5709734435d9983bea8572431b940c695e1752deea2fc4dada049369b
campaign,reference,1000,8-0.25-M,2,600,84,63,41469,251,465.0105,600.021,47513256,cc17b5385a7c74d7521db12aeea3e0f98f41a4fbfe66aab6f5f7c278ce636a56,31da62b5709734435d9983bea8572431b940c695e1752deea2fc4dada049369b
campaign,reference,1000,8-0.25-M,3,600,84,63,41554,251,590.4857,600.022,47514432,cc17b5385a7c74d7521db12aeea3e0f98f41a4fbfe66aab6f5f7c278ce636a56,31da62b5709734435d9983bea8572431b940c695e1752deea2fc4dada049369b
campaign,reference,1000,8-0.25-M,4,600,84,63,41688,250,470.0120,600.006,47489316,cc17b5385a7c74d7521db12aeea3e0f98f41a4fbfe66aab6f5f7c278ce636a56,31da62b5709734435d9983bea8572431b940c695e1752deea2fc4dada049369b
campaign,reference,1000,8-0.25-M,5,600,84,63,41527,250,313.3173,600.011,47499900,cc17b5385a7c74d7521db12aeea3e0f98f41a4fbfe66aab6f5f7c278ce636a56,31da62b5709734435d9983bea8572431b940c695e1752deea2fc4dada049369b
campaign,reference,1000,9-0.25-M,1,600,84,63,37514,250,414.9141,600.029,47271168,cc17b5385a7c74d7521db12aeea3e0f98f41a4fbfe66aab6f5f7c278ce636a56,31da62b5709734435d9983bea8572431b940c695e1752deea2fc4dada049369b
campaign,reference,1000,9-0.25-M,2,600,84,63,37454,250,380.7972,600.029,47266296,cc17b5385a7c74d7521db12aeea3e0f98f41a4fbfe66aab6f5f7c278ce636a56,31da62b5709734435d9983bea8572431b940c695e1752deea2fc4dada049369b
campaign,reference,1000,9-0.25-M,3,600,84,63,37437,250,549.2980,600.030,47259072,cc17b5385a7c74d7521db12aeea3e0f98f41a4fbfe66aab6f5f7c278ce636a56,31da62b5709734435d9983bea8572431b940c695e1752deea2fc4dada049369b
campaign,reference,1000,9-0.25-M,4,600,84,63,37668,250,320.7414,600.021,47260584,cc17b5385a7c74d7521db12aeea3e0f98f41a4fbfe66aab6f5f7c278ce636a56,31da62b5709734435d9983bea8572431b940c695e1752deea2fc4dada049369b
campaign,reference,1000,9-0.25-M,5,600,84,63,37633,250,527.1040,600.001,47279484,cc17b5385a7c74d7521db12aeea3e0f98f41a4fbfe66aab6f5f7c278ce636a56,31da62b5709734435d9983bea8572431b940c695e1752deea2fc4dada049369b
campaign,reference,1000,10-0.25-M,1,600,84,63,41094,251,467.0513,600.009,48581148,cc17b5385a7c74d7521db12aeea3e0f98f41a4fbfe66aab6f5f7c278ce636a56,31da62b5709734435d9983bea8572431b940c695e1752deea2fc4dada049369b
campaign,reference,1000,10-0.25-M,2,600,84,63,41163,251,553.1303,600.028,48564432,cc17b5385a7c74d7521db12aeea3e0f98f41a4fbfe66aab6f5f7c278ce636a56,31da62b5709734435d9983bea8572431b940c695e1752deea2fc4dada049369b
campaign,reference,1000,10-0.25-M,3,600,84,63,41144,250,559.9349,600.021,48553092,cc17b5385a7c74d7521db12aeea3e0f98f41a4fbfe66aab6f5f7c278ce636a56,31da62b5709734435d9983bea8572431b940c695e1752deea2fc4dada049369b
campaign,reference,1000,10-0.25-M,4,600,84,63,40906,251,589.0380,600.021,48567036,cc17b5385a7c74d7521db12aeea3e0f98f41a4fbfe66aab6f5f7c278ce636a56,31da62b5709734435d9983bea8572431b940c695e1752deea2fc4dada049369b
campaign,reference,1000,10-0.25-M,5,600,84,63,41229,251,393.7925,600.012,48578712,cc17b5385a7c74d7521db12aeea3e0f98f41a4fbfe66aab6f5f7c278ce636a56,31da62b5709734435d9983bea8572431b940c695e1752deea2fc4dada049369b
campaign,reference,1000,1-0.5-P,1,600,84,63,271392,502,585.0791,600.006,36463224,cc17b5385a7c74d7521db12aeea3e0f98f41a4fbfe66aab6f5f7c278ce636a56,31da62b5709734435d9983bea8572431b940c695e1752deea2fc4dada049369b
campaign,reference,1000,1-0.5-P,2,600,84,63,271368,501,353.4951,600.015,37392264,cc17b5385a7c74d7521db12aeea3e0f98f41a4fbfe66aab6f5f7c278ce636a56,31da62b5709734435d9983bea8572431b940c695e1752deea2fc4dada049369b
campaign,reference,1000,1-0.5-P,3,600,84,63,271120,501,520.1950,600.023,37374708,cc17b5385a7c74d7521db12aeea3e0f98f41a4fbfe66aab6f5f7c278ce636a56,31da62b5709734435d9983bea8572431b940c695e1752deea2fc4dada049369b
campaign,reference,1000,1-0.5-P,4,600,84,63,271452,502,595.5162,600.012,36108912,cc17b5385a7c74d7521db12aeea3e0f98f41a4fbfe66aab6f5f7c278ce636a56,31da62b5709734435d9983bea8572431b940c695e1752deea2fc4dada049369b
campaign,reference,1000,1-0.5-P,5,600,84,63,271421,501,494.8879,600.016,37576644,cc17b5385a7c74d7521db12aeea3e0f98f41a4fbfe66aab6f5f7c278ce636a56,31da62b5709734435d9983bea8572431b940c695e1752deea2fc4dada049369b
campaign,reference,1000,2-0.5-P,1,600,84,63,276924,501,493.6785,600.015,36495564,cc17b5385a7c74d7521db12aeea3e0f98f41a4fbfe66aab6f5f7c278ce636a56,31da62b5709734435d9983bea8572431b940c695e1752deea2fc4dada049369b
campaign,reference,1000,2-0.5-P,2,600,84,63,277326,502,498.5213,600.015,35943348,cc17b5385a7c74d7521db12aeea3e0f98f41a4fbfe66aab6f5f7c278ce636a56,31da62b5709734435d9983bea8572431b940c695e1752deea2fc4dada049369b
campaign,reference,1000,2-0.5-P,3,600,84,63,277016,501,523.3772,600.001,36542100,cc17b5385a7c74d7521db12aeea3e0f98f41a4fbfe66aab6f5f7c278ce636a56,31da62b5709734435d9983bea8572431b940c695e1752deea2fc4dada049369b
campaign,reference,1000,2-0.5-P,4,600,84,63,276957,501,542.3636,600.021,36468516,cc17b5385a7c74d7521db12aeea3e0f98f41a4fbfe66aab6f5f7c278ce636a56,31da62b5709734435d9983bea8572431b940c695e1752deea2fc4dada049369b
campaign,reference,1000,2-0.5-P,5,600,84,63,277183,502,596.4411,600.005,36008868,cc17b5385a7c74d7521db12aeea3e0f98f41a4fbfe66aab6f5f7c278ce636a56,31da62b5709734435d9983bea8572431b940c695e1752deea2fc4dada049369b
campaign,reference,1000,3-0.5-P,1,600,84,63,274415,502,579.3667,600.010,34873944,cc17b5385a7c74d7521db12aeea3e0f98f41a4fbfe66aab6f5f7c278ce636a56,31da62b5709734435d9983bea8572431b940c695e1752deea2fc4dada049369b
campaign,reference,1000,3-0.5-P,2,600,84,63,274575,502,520.3162,600.006,34857480,cc17b5385a7c74d7521db12aeea3e0f98f41a4fbfe66aab6f5f7c278ce636a56,31da62b5709734435d9983bea8572431b940c695e1752deea2fc4dada049369b
campaign,reference,1000,3-0.5-P,3,600,84,63,274388,502,570.0211,600.014,34849920,cc17b5385a7c74d7521db12aeea3e0f98f41a4fbfe66aab6f5f7c278ce636a56,31da62b5709734435d9983bea8572431b940c695e1752deea2fc4dada049369b
campaign,reference,1000,3-0.5-P,4,600,84,63,274516,503,521.0134,600.022,34961724,cc17b5385a7c74d7521db12aeea3e0f98f41a4fbfe66aab6f5f7c278ce636a56,31da62b5709734435d9983bea8572431b940c695e1752deea2fc4dada049369b
campaign,reference,1000,3-0.5-P,5,600,84,63,274569,502,505.2055,600.016,34894020,cc17b5385a7c74d7521db12aeea3e0f98f41a4fbfe66aab6f5f7c278ce636a56,31da62b5709734435d9983bea8572431b940c695e1752deea2fc4dada049369b
campaign,reference,1000,4-0.5-P,1,600,84,63,263448,501,578.1474,600.027,37536072,cc17b5385a7c74d7521db12aeea3e0f98f41a4fbfe66aab6f5f7c278ce636a56,31da62b5709734435d9983bea8572431b940c695e1752deea2fc4dada049369b
campaign,reference,1000,4-0.5-P,2,600,84,63,263419,502,546.0383,600.021,36949080,cc17b5385a7c74d7521db12aeea3e0f98f41a4fbfe66aab6f5f7c278ce636a56,31da62b5709734435d9983bea8572431b940c695e1752deea2fc4dada049369b
campaign,reference,1000,4-0.5-P,3,600,84,63,263625,502,576.8704,600.020,36932868,cc17b5385a7c74d7521db12aeea3e0f98f41a4fbfe66aab6f5f7c278ce636a56,31da62b5709734435d9983bea8572431b940c695e1752deea2fc4dada049369b
campaign,reference,1000,4-0.5-P,4,600,84,63,263613,501,459.9917,600.016,37565976,cc17b5385a7c74d7521db12aeea3e0f98f41a4fbfe66aab6f5f7c278ce636a56,31da62b5709734435d9983bea8572431b940c695e1752deea2fc4dada049369b
campaign,reference,1000,4-0.5-P,5,600,84,63,263439,501,401.5216,600.029,37544640,cc17b5385a7c74d7521db12aeea3e0f98f41a4fbfe66aab6f5f7c278ce636a56,31da62b5709734435d9983bea8572431b940c695e1752deea2fc4dada049369b
campaign,reference,1000,5-0.5-P,1,600,84,63,273866,502,565.4235,600.004,35577276,cc17b5385a7c74d7521db12aeea3e0f98f41a4fbfe66aab6f5f7c278ce636a56,31da62b5709734435d9983bea8572431b940c695e1752deea2fc4dada049369b
campaign,reference,1000,5-0.5-P,2,600,84,63,273923,503,572.0854,600.025,35502264,cc17b5385a7c74d7521db12aeea3e0f98f41a4fbfe66aab6f5f7c278ce636a56,31da62b5709734435d9983bea8572431b940c695e1752deea2fc4dada049369b
campaign,reference,1000,5-0.5-P,3,600,84,63,273699,502,580.3031,600.016,35534604,cc17b5385a7c74d7521db12aeea3e0f98f41a4fbfe66aab6f5f7c278ce636a56,31da62b5709734435d9983bea8572431b940c695e1752deea2fc4dada049369b
campaign,reference,1000,5-0.5-P,4,600,84,63,273766,502,330.5201,600.027,35506800,cc17b5385a7c74d7521db12aeea3e0f98f41a4fbfe66aab6f5f7c278ce636a56,31da62b5709734435d9983bea8572431b940c695e1752deea2fc4dada049369b
campaign,reference,1000,5-0.5-P,5,600,84,63,273902,503,315.0376,600.006,35560812,cc17b5385a7c74d7521db12aeea3e0f98f41a4fbfe66aab6f5f7c278ce636a56,31da62b5709734435d9983bea8572431b940c695e1752deea2fc4dada049369b
campaign,reference,1000,6-0.5-P,1,600,84,63,263146,501,561.8445,600.023,36126888,cc17b5385a7c74d7521db12aeea3e0f98f41a4fbfe66aab6f5f7c278ce636a56,31da62b5709734435d9983bea8572431b940c695e1752deea2fc4dada049369b
campaign,reference,1000,6-0.5-P,2,600,84,63,263227,501,440.4514,600.012,36156540,cc17b5385a7c74d7521db12aeea3e0f98f41a4fbfe66aab6f5f7c278ce636a56,31da62b5709734435d9983bea8572431b940c695e1752deea2fc4dada049369b
campaign,reference,1000,6-0.5-P,3,600,84,63,263350,502,386.5533,600.006,35604744,cc17b5385a7c74d7521db12aeea3e0f98f41a4fbfe66aab6f5f7c278ce636a56,31da62b5709734435d9983bea8572431b940c695e1752deea2fc4dada049369b
campaign,reference,1000,6-0.5-P,4,600,84,63,263263,502,470.3391,600.011,36047508,cc17b5385a7c74d7521db12aeea3e0f98f41a4fbfe66aab6f5f7c278ce636a56,31da62b5709734435d9983bea8572431b940c695e1752deea2fc4dada049369b
campaign,reference,1000,6-0.5-P,5,600,84,63,263503,502,328.5120,600.017,35567028,cc17b5385a7c74d7521db12aeea3e0f98f41a4fbfe66aab6f5f7c278ce636a56,31da62b5709734435d9983bea8572431b940c695e1752deea2fc4dada049369b
campaign,reference,1000,7-0.5-P,1,600,84,63,266427,500,460.2451,600.021,36970920,cc17b5385a7c74d7521db12aeea3e0f98f41a4fbfe66aab6f5f7c278ce636a56,31da62b5709734435d9983bea8572431b940c695e1752deea2fc4dada049369b
campaign,reference,1000,7-0.5-P,2,600,84,63,266472,500,566.6897,600.023,37024932,cc17b5385a7c74d7521db12aeea3e0f98f41a4fbfe66aab6f5f7c278ce636a56,31da62b5709734435d9983bea8572431b940c695e1752deea2fc4dada049369b
campaign,reference,1000,7-0.5-P,3,600,84,63,266513,500,390.5684,600.027,37035684,cc17b5385a7c74d7521db12aeea3e0f98f41a4fbfe66aab6f5f7c278ce636a56,31da62b5709734435d9983bea8572431b940c695e1752deea2fc4dada049369b
campaign,reference,1000,7-0.5-P,4,600,84,63,266456,500,518.7957,600.017,37078440,cc17b5385a7c74d7521db12aeea3e0f98f41a4fbfe66aab6f5f7c278ce636a56,31da62b5709734435d9983bea8572431b940c695e1752deea2fc4dada049369b
campaign,reference,1000,7-0.5-P,5,600,84,63,266630,500,487.6763,600.012,37105740,cc17b5385a7c74d7521db12aeea3e0f98f41a4fbfe66aab6f5f7c278ce636a56,31da62b5709734435d9983bea8572431b940c695e1752deea2fc4dada049369b
campaign,reference,1000,8-0.5-P,1,600,84,63,249874,502,574.5009,600.011,35201208,cc17b5385a7c74d7521db12aeea3e0f98f41a4fbfe66aab6f5f7c278ce636a56,31da62b5709734435d9983bea8572431b940c695e1752deea2fc4dada049369b
campaign,reference,1000,8-0.5-P,2,600,84,63,250015,502,296.1375,600.015,35203308,cc17b5385a7c74d7521db12aeea3e0f98f41a4fbfe66aab6f5f7c278ce636a56,31da62b5709734435d9983bea8572431b940c695e1752deea2fc4dada049369b
campaign,reference,1000,8-0.5-P,3,600,84,63,249838,502,282.7065,600.022,35238756,cc17b5385a7c74d7521db12aeea3e0f98f41a4fbfe66aab6f5f7c278ce636a56,31da62b5709734435d9983bea8572431b940c695e1752deea2fc4dada049369b
campaign,reference,1000,8-0.5-P,4,600,84,63,250001,502,572.0195,600.019,35223804,cc17b5385a7c74d7521db12aeea3e0f98f41a4fbfe66aab6f5f7c278ce636a56,31da62b5709734435d9983bea8572431b940c695e1752deea2fc4dada049369b
campaign,reference,1000,8-0.5-P,5,600,84,63,249792,502,395.8324,600.016,35058912,cc17b5385a7c74d7521db12aeea3e0f98f41a4fbfe66aab6f5f7c278ce636a56,31da62b5709734435d9983bea8572431b940c695e1752deea2fc4dada049369b
campaign,reference,1000,9-0.5-P,1,600,84,63,267410,500,420.0551,600.010,36442224,cc17b5385a7c74d7521db12aeea3e0f98f41a4fbfe66aab6f5f7c278ce636a56,31da62b5709734435d9983bea8572431b940c695e1752deea2fc4dada049369b
campaign,reference,1000,9-0.5-P,2,600,84,63,267874,501,424.4704,600.021,36599808,cc17b5385a7c74d7521db12aeea3e0f98f41a4fbfe66aab6f5f7c278ce636a56,31da62b5709734435d9983bea8572431b940c695e1752deea2fc4dada049369b
campaign,reference,1000,9-0.5-P,3,600,84,63,267566,501,475.1097,600.025,36639204,cc17b5385a7c74d7521db12aeea3e0f98f41a4fbfe66aab6f5f7c278ce636a56,31da62b5709734435d9983bea8572431b940c695e1752deea2fc4dada049369b
campaign,reference,1000,9-0.5-P,4,600,84,63,267651,501,367.7917,600.024,36623580,cc17b5385a7c74d7521db12aeea3e0f98f41a4fbfe66aab6f5f7c278ce636a56,31da62b5709734435d9983bea8572431b940c695e1752deea2fc4dada049369b
campaign,reference,1000,9-0.5-P,5,600,84,63,267557,501,421.3902,600.023,36662976,cc17b5385a7c74d7521db12aeea3e0f98f41a4fbfe66aab6f5f7c278ce636a56,31da62b5709734435d9983bea8572431b940c695e1752deea2fc4dada049369b
campaign,reference,1000,10-0.5-P,1,600,84,63,262430,500,465.2458,600.024,37360092,cc17b5385a7c74d7521db12aeea3e0f98f41a4fbfe66aab6f5f7c278ce636a56,31da62b5709734435d9983bea8572431b940c695e1752deea2fc4dada049369b
campaign,reference,1000,10-0.5-P,2,600,84,63,262287,500,423.1532,600.029,37400076,cc17b5385a7c74d7521db12aeea3e0f98f41a4fbfe66aab6f5f7c278ce636a56,31da62b5709734435d9983bea8572431b940c695e1752deea2fc4dada049369b
campaign,reference,1000,10-0.5-P,3,600,84,63,262141,500,418.7753,600.012,37377900,cc17b5385a7c74d7521db12aeea3e0f98f41a4fbfe66aab6f5f7c278ce636a56,31da62b5709734435d9983bea8572431b940c695e1752deea2fc4dada049369b
campaign,reference,1000,10-0.5-P,4,600,84,63,262267,500,523.2467,600.011,37419984,cc17b5385a7c74d7521db12aeea3e0f98f41a4fbfe66aab6f5f7c278ce636a56,31da62b5709734435d9983bea8572431b940c695e1752deea2fc4dada049369b
campaign,reference,1000,10-0.5-P,5,600,84,63,262721,501,381.7567,600.011,37707768,cc17b5385a7c74d7521db12aeea3e0f98f41a4fbfe66aab6f5f7c278ce636a56,31da62b5709734435d9983bea8572431b940c695e1752deea2fc4dada049369b
campaign,reference,1000,1-0.5-M,1,600,84,63,51311,499,590.8879,600.020,34868148,cc17b5385a7c74d7521db12aeea3e0f98f41a4fbfe66aab6f5f7c278ce636a56,31da62b5709734435d9983bea8572431b940c695e1752deea2fc4dada049369b
campaign,reference,1000,1-0.5-M,2,600,84,63,51440,500,595.4750,600.010,34937112,cc17b5385a7c74d7521db12aeea3e0f98f41a4fbfe66aab6f5f7c278ce636a56,31da62b5709734435d9983bea8572431b940c695e1752deea2fc4dada049369b
campaign,reference,1000,1-0.5-M,3,600,84,63,51419,499,216.2771,600.026,34872348,cc17b5385a7c74d7521db12aeea3e0f98f41a4fbfe66aab6f5f7c278ce636a56,31da62b5709734435d9983bea8572431b940c695e1752deea2fc4dada049369b
campaign,reference,1000,1-0.5-M,4,600,84,63,51421,500,514.3223,600.013,34977180,cc17b5385a7c74d7521db12aeea3e0f98f41a4fbfe66aab6f5f7c278ce636a56,31da62b5709734435d9983bea8572431b940c695e1752deea2fc4dada049369b
campaign,reference,1000,1-0.5-M,5,600,84,63,51492,500,537.3199,600.007,34981968,cc17b5385a7c74d7521db12aeea3e0f98f41a4fbfe66aab6f5f7c278ce636a56,31da62b5709734435d9983bea8572431b940c695e1752deea2fc4dada049369b
campaign,reference,1000,2-0.5-M,1,600,84,63,58187,501,547.8694,600.007,37213512,cc17b5385a7c74d7521db12aeea3e0f98f41a4fbfe66aab6f5f7c278ce636a56,31da62b5709734435d9983bea8572431b940c695e1752deea2fc4dada049369b
campaign,reference,1000,2-0.5-M,2,600,84,63,57841,501,509.9918,600.017,37152696,cc17b5385a7c74d7521db12aeea3e0f98f41a4fbfe66aab6f5f7c278ce636a56,31da62b5709734435d9983bea8572431b940c695e1752deea2fc4dada049369b
campaign,reference,1000,2-0.5-M,3,600,84,63,57971,501,454.9861,600.002,37204272,cc17b5385a7c74d7521db12aeea3e0f98f41a4fbfe66aab6f5f7c278ce636a56,31da62b5709734435d9983bea8572431b940c695e1752deea2fc4dada049369b
campaign,reference,1000,2-0.5-M,4,600,84,63,57986,501,530.9235,600.028,37286760,cc17b5385a7c74d7521db12aeea3e0f98f41a4fbfe66aab6f5f7c278ce636a56,31da62b5709734435d9983bea8572431b940c695e1752deea2fc4dada049369b
campaign,reference,1000,2-0.5-M,5,600,84,63,58196,501,594.7053,600.018,37230564,cc17b5385a7c74d7521db12aeea3e0f98f41a4fbfe66aab6f5f7c278ce636a56,31da62b5709734435d9983bea8572431b940c695e1752deea2fc4dada049369b
campaign,reference,1000,3-0.5-M,1,600,84,63,49172,499,565.9805,600.012,36176532,cc17b5385a7c74d7521db12aeea3e0f98f41a4fbfe66aab6f5f7c278ce636a56,31da62b5709734435d9983bea8572431b940c695e1752deea2fc4dada049369b
campaign,reference,1000,3-0.5-M,2,600,84,63,49244,500,295.1134,600.001,36340164,cc17b5385a7c74d7521db12aeea3e0f98f41a4fbfe66aab6f5f7c278ce636a56,31da62b5709734435d9983bea8572431b940c695e1752deea2fc4dada049369b
campaign,reference,1000,3-0.5-M,3,600,84,63,49175,500,521.2599,600.020,36317652,cc17b5385a7c74d7521db12aeea3e0f98f41a4fbfe66aab6f5f7c278ce636a56,31da62b5709734435d9983bea8572431b940c695e1752deea2fc4dada049369b
campaign,reference,1000,3-0.5-M,4,600,84,63,49121,499,524.6944,600.016,36187032,cc17b5385a7c74d7521db12aeea3e0f98f41a4fbfe66aab6f5f7c278ce636a56,31da62b5709734435d9983bea8572431b940c695e1752deea2fc4dada049369b
campaign,reference,1000,3-0.5-M,5,600,84,63,49405,500,373.6052,600.022,36323448,cc17b5385a7c74d7521db12aeea3e0f98f41a4fbfe66aab6f5f7c278ce636a56,31da62b5709734435d9983bea8572431b940c695e1752deea2fc4dada049369b
campaign,reference,1000,4-0.5-M,1,600,84,63,51582,500,485.5724,600.006,37243248,cc17b5385a7c74d7521db12aeea3e0f98f41a4fbfe66aab6f5f7c278ce636a56,31da62b5709734435d9983bea8572431b940c695e1752deea2fc4dada049369b
campaign,reference,1000,4-0.5-M,2,600,84,63,51481,499,381.0356,600.023,37126908,cc17b5385a7c74d7521db12aeea3e0f98f41a4fbfe66aab6f5f7c278ce636a56,31da62b5709734435d9983bea8572431b940c695e1752deea2fc4dada049369b
campaign,reference,1000,4-0.5-M,3,600,84,63,51478,499,420.1285,600.029,37133796,cc17b5385a7c74d7521db12aeea3e0f98f41a4fbfe66aab6f5f7c278ce636a56,31da62b5709734435d9983bea8572431b940c695e1752deea2fc4dada049369b
campaign,reference,1000,4-0.5-M,4,600,84,63,51470,499,172.2028,600.003,37103724,cc17b5385a7c74d7521db12aeea3e0f98f41a4fbfe66aab6f5f7c278ce636a56,31da62b5709734435d9983bea8572431b940c695e1752deea2fc4dada049369b
campaign,reference,1000,4-0.5-M,5,600,84,63,51517,499,309.9875,600.018,37114980,cc17b5385a7c74d7521db12aeea3e0f98f41a4fbfe66aab6f5f7c278ce636a56,31da62b5709734435d9983bea8572431b940c695e1752deea2fc4dada049369b
campaign,reference,1000,5-0.5-M,1,600,84,63,51503,499,515.2254,600.017,35605920,cc17b5385a7c74d7521db12aeea3e0f98f41a4fbfe66aab6f5f7c278ce636a56,31da62b5709734435d9983bea8572431b940c695e1752deea2fc4dada049369b
campaign,reference,1000,5-0.5-M,2,600,84,63,51640,498,423.6296,600.006,35437584,cc17b5385a7c74d7521db12aeea3e0f98f41a4fbfe66aab6f5f7c278ce636a56,31da62b5709734435d9983bea8572431b940c695e1752deea2fc4dada049369b
campaign,reference,1000,5-0.5-M,3,600,84,63,51706,498,465.2195,600.023,35574000,cc17b5385a7c74d7521db12aeea3e0f98f41a4fbfe66aab6f5f7c278ce636a56,31da62b5709734435d9983bea8572431b940c695e1752deea2fc4dada049369b
campaign,reference,1000,5-0.5-M,4,600,84,63,51678,498,279.1090,600.015,35512428,cc17b5385a7c74d7521db12aeea3e0f98f41a4fbfe66aab6f5f7c278ce636a56,31da62b5709734435d9983bea8572431b940c695e1752deea2fc4dada049369b
campaign,reference,1000,5-0.5-M,5,600,84,63,51332,498,543.3775,600.017,35458164,cc17b5385a7c74d7521db12aeea3e0f98f41a4fbfe66aab6f5f7c278ce636a56,31da62b5709734435d9983bea8572431b940c695e1752deea2fc4dada049369b
campaign,reference,1000,6-0.5-M,1,600,84,63,53240,500,512.1007,600.013,36855588,cc17b5385a7c74d7521db12aeea3e0f98f41a4fbfe66aab6f5f7c278ce636a56,31da62b5709734435d9983bea8572431b940c695e1752deea2fc4dada049369b
campaign,reference,1000,6-0.5-M,2,600,84,63,53286,500,445.6250,600.015,36858864,cc17b5385a7c74d7521db12aeea3e0f98f41a4fbfe66aab6f5f7c278ce636a56,31da62b5709734435d9983bea8572431b940c695e1752deea2fc4dada049369b
campaign,reference,1000,6-0.5-M,3,600,84,63,53156,499,525.6120,600.015,36762348,cc17b5385a7c74d7521db12aeea3e0f98f41a4fbfe66aab6f5f7c278ce636a56,31da62b5709734435d9983bea8572431b940c695e1752deea2fc4dada049369b
campaign,reference,1000,6-0.5-M,4,600,84,63,53272,500,328.7564,600.013,36870540,cc17b5385a7c74d7521db12aeea3e0f98f41a4fbfe66aab6f5f7c278ce636a56,31da62b5709734435d9983bea8572431b940c695e1752deea2fc4dada049369b
campaign,reference,1000,6-0.5-M,5,600,84,63,53188,500,508.4317,600.022,36837444,cc17b5385a7c74d7521db12aeea3e0f98f41a4fbfe66aab6f5f7c278ce636a56,31da62b5709734435d9983bea8572431b940c695e1752deea2fc4dada049369b
campaign,reference,1000,7-0.5-M,1,600,84,63,49644,500,318.9680,600.015,36714132,cc17b5385a7c74d7521db12aeea3e0f98f41a4fbfe66aab6f5f7c278ce636a56,31da62b5709734435d9983bea8572431b940c695e1752deea2fc4dada049369b
campaign,reference,1000,7-0.5-M,2,600,84,63,49573,500,371.1217,600.019,36678852,cc17b5385a7c74d7521db12aeea3e0f98f41a4fbfe66aab6f5f7c278ce636a56,31da62b5709734435d9983bea8572431b940c695e1752deea2fc4dada049369b
campaign,reference,1000,7-0.5-M,3,600,84,63,49404,500,412.1281,600.000,36745212,cc17b5385a7c74d7521db12aeea3e0f98f41a4fbfe66aab6f5f7c278ce636a56,31da62b5709734435d9983bea8572431b940c695e1752deea2fc4dada049369b
campaign,reference,1000,7-0.5-M,4,600,84,63,49655,500,274.9586,600.003,36721608,cc17b5385a7c74d7521db12aeea3e0f98f41a4fbfe66aab6f5f7c278ce636a56,31da62b5709734435d9983bea8572431b940c695e1752deea2fc4dada049369b
campaign,reference,1000,7-0.5-M,5,600,84,63,49620,500,320.3714,600.003,36734292,cc17b5385a7c74d7521db12aeea3e0f98f41a4fbfe66aab6f5f7c278ce636a56,31da62b5709734435d9983bea8572431b940c695e1752deea2fc4dada049369b
campaign,reference,1000,8-0.5-M,1,600,84,63,50341,499,413.2767,600.017,35981736,cc17b5385a7c74d7521db12aeea3e0f98f41a4fbfe66aab6f5f7c278ce636a56,31da62b5709734435d9983bea8572431b940c695e1752deea2fc4dada049369b
campaign,reference,1000,8-0.5-M,2,600,84,63,50332,500,464.4960,600.004,36118824,cc17b5385a7c74d7521db12aeea3e0f98f41a4fbfe66aab6f5f7c278ce636a56,31da62b5709734435d9983bea8572431b940c695e1752deea2fc4dada049369b
campaign,reference,1000,8-0.5-M,3,600,84,63,50134,500,369.6299,600.007,36128736,cc17b5385a7c74d7521db12aeea3e0f98f41a4fbfe66aab6f5f7c278ce636a56,31da62b5709734435d9983bea8572431b940c695e1752deea2fc4dada049369b
campaign,reference,1000,8-0.5-M,4,600,84,63,50316,499,364.6558,600.026,35972664,cc17b5385a7c74d7521db12aeea3e0f98f41a4fbfe66aab6f5f7c278ce636a56,31da62b5709734435d9983bea8572431b940c695e1752deea2fc4dada049369b
campaign,reference,1000,8-0.5-M,5,600,84,63,50288,499,439.4792,600.014,35986692,cc17b5385a7c74d7521db12aeea3e0f98f41a4fbfe66aab6f5f7c278ce636a56,31da62b5709734435d9983bea8572431b940c695e1752deea2fc4dada049369b
campaign,reference,1000,9-0.5-M,1,600,84,63,55653,498,564.0578,600.007,37273068,cc17b5385a7c74d7521db12aeea3e0f98f41a4fbfe66aab6f5f7c278ce636a56,31da62b5709734435d9983bea8572431b940c695e1752deea2fc4dada049369b
campaign,reference,1000,9-0.5-M,2,600,84,63,55507,498,326.5398,600.011,37257528,cc17b5385a7c74d7521db12aeea3e0f98f41a4fbfe66aab6f5f7c278ce636a56,31da62b5709734435d9983bea8572431b940c695e1752deea2fc4dada049369b
campaign,reference,1000,9-0.5-M,3,600,84,63,55479,498,531.2034,600.029,37235016,cc17b5385a7c74d7521db12aeea3e0f98f41a4fbfe66aab6f5f7c278ce636a56,31da62b5709734435d9983bea8572431b940c695e1752deea2fc4dada049369b
campaign,reference,1000,9-0.5-M,4,600,84,63,55564,498,429.4538,600.007,37200576,cc17b5385a7c74d7521db12aeea3e0f98f41a4fbfe66aab6f5f7c278ce636a56,31da62b5709734435d9983bea8572431b940c695e1752deea2fc4dada049369b
campaign,reference,1000,9-0.5-M,5,600,84,63,55326,499,597.1944,600.020,37249968,cc17b5385a7c74d7521db12aeea3e0f98f41a4fbfe66aab6f5f7c278ce636a56,31da62b5709734435d9983bea8572431b940c695e1752deea2fc4dada049369b
campaign,reference,1000,10-0.5-M,1,600,84,63,60472,498,418.4240,600.017,35165256,cc17b5385a7c74d7521db12aeea3e0f98f41a4fbfe66aab6f5f7c278ce636a56,31da62b5709734435d9983bea8572431b940c695e1752deea2fc4dada049369b
campaign,reference,1000,10-0.5-M,2,600,84,63,60783,499,562.6539,600.027,35138208,cc17b5385a7c74d7521db12aeea3e0f98f41a4fbfe66aab6f5f7c278ce636a56,31da62b5709734435d9983bea8572431b940c695e1752deea2fc4dada049369b
campaign,reference,1000,10-0.5-M,3,600,84,63,60772,499,563.0272,600.005,35155680,cc17b5385a7c74d7521db12aeea3e0f98f41a4fbfe66aab6f5f7c278ce636a56,31da62b5709734435d9983bea8572431b940c695e1752deea2fc4dada049369b
campaign,reference,1000,10-0.5-M,4,600,84,63,60513,499,541.7242,600.008,35146944,cc17b5385a7c74d7521db12aeea3e0f98f41a4fbfe66aab6f5f7c278ce636a56,31da62b5709734435d9983bea8572431b940c695e1752deea2fc4dada049369b
campaign,reference,1000,10-0.5-M,5,600,84,63,60725,499,373.2921,600.017,35164416,cc17b5385a7c74d7521db12aeea3e0f98f41a4fbfe66aab6f5f7c278ce636a56,31da62b5709734435d9983bea8572431b940c695e1752deea2fc4dada049369b
campaign,reference,1000,1-0.75-P,1,600,84,63,381930,751,478.6487,600.013,48336288,cc17b5385a7c74d7521db12aeea3e0f98f41a4fbfe66aab6f5f7c278ce636a56,31da62b5709734435d9983bea8572431b940c695e1752deea2fc4dada049369b
campaign,reference,1000,1-0.75-P,2,600,84,63,381935,752,400.4421,600.005,48286392,cc17b5385a7c74d7521db12aeea3e0f98f41a4fbfe66aab6f5f7c278ce636a56,31da62b5709734435d9983bea8572431b940c695e1752deea2fc4dada049369b
campaign,reference,1000,1-0.75-P,3,600,84,63,381795,752,539.5452,600.002,48312852,cc17b5385a7c74d7521db12aeea3e0f98f41a4fbfe66aab6f5f7c278ce636a56,31da62b5709734435d9983bea8572431b940c695e1752deea2fc4dada049369b
campaign,reference,1000,1-0.75-P,4,600,84,63,381890,751,296.1427,600.007,48325032,cc17b5385a7c74d7521db12aeea3e0f98f41a4fbfe66aab6f5f7c278ce636a56,31da62b5709734435d9983bea8572431b940c695e1752deea2fc4dada049369b
campaign,reference,1000,1-0.75-P,5,600,84,63,381724,751,527.4495,600.026,48297648,cc17b5385a7c74d7521db12aeea3e0f98f41a4fbfe66aab6f5f7c278ce636a56,31da62b5709734435d9983bea8572431b940c695e1752deea2fc4dada049369b
campaign,reference,1000,2-0.75-P,1,600,84,63,341980,751,542.9114,600.028,49077840,cc17b5385a7c74d7521db12aeea3e0f98f41a4fbfe66aab6f5f7c278ce636a56,31da62b5709734435d9983bea8572431b940c695e1752deea2fc4dada049369b
campaign,reference,1000,2-0.75-P,2,600,84,63,341981,751,469.9277,600.024,49084896,cc17b5385a7c74d7521db12aeea3e0f98f41a4fbfe66aab6f5f7c278ce636a56,31da62b5709734435d9983bea8572431b940c695e1752deea2fc4dada049369b
campaign,reference,1000,2-0.75-P,3,600,84,63,342194,752,469.1873,600.016,48981072,cc17b5385a7c74d7521db12aeea3e0f98f41a4fbfe66aab6f5f7c278ce636a56,31da62b5709734435d9983bea8572431b940c695e1752deea2fc4dada049369b
campaign,reference,1000,2-0.75-P,4,600,84,63,342063,751,488.6100,600.012,48917652,cc17b5385a7c74d7521db12aeea3e0f98f41a4fbfe66aab6f5f7c278ce636a56,31da62b5709734435d9983bea8572431b940c695e1752deea2fc4dada049369b
campaign,reference,1000,2-0.75-P,5,600,84,63,342115,751,506.5667,600.023,48852132,cc17b5385a7c74d7521db12aeea3e0f98f41a4fbfe66aab6f5f7c278ce636a56,31da62b5709734435d9983bea8572431b940c695e1752deea2fc4dada049369b
campaign,reference,1000,3-0.75-P,1,600,84,63,364692,750,595.1900,600.016,48060768,cc17b5385a7c74d7521db12aeea3e0f98f41a4fbfe66aab6f5f7c278ce636a56,31da62b5709734435d9983bea8572431b940c695e1752deea2fc4dada049369b
campaign,reference,1000,3-0.75-P,2,600,84,63,364793,750,598.7139,600.008,47977020,cc17b5385a7c74d7521db12aeea3e0f98f41a4fbfe66aab6f5f7c278ce636a56,31da62b5709734435d9983bea8572431b940c695e1752deea2fc4dada049369b
campaign,reference,1000,3-0.75-P,3,600,84,63,364835,751,286.6129,600.006,47950140,cc17b5385a7c74d7521db12aeea3e0f98f41a4fbfe66aab6f5f7c278ce636a56,31da62b5709734435d9983bea8572431b940c695e1752deea2fc4dada049369b
campaign,reference,1000,3-0.75-P,4,600,84,63,364806,751,362.9054,600.009,47951232,cc17b5385a7c74d7521db12aeea3e0f98f41a4fbfe66aab6f5f7c278ce636a56,31da62b5709734435d9983bea8572431b940c695e1752deea2fc4dada049369b
campaign,reference,1000,3-0.75-P,5,600,84,63,364812,750,397.7128,600.018,47935608,cc17b5385a7c74d7521db12aeea3e0f98f41a4fbfe66aab6f5f7c278ce636a56,31da62b5709734435d9983bea8572431b940c695e1752deea2fc4dada049369b
campaign,reference,1000,4-0.75-P,1,600,84,63,365156,752,468.0240,600.012,47420436,cc17b5385a7c74d7521db12aeea3e0f98f41a4fbfe66aab6f5f7c278ce636a56,31da62b5709734435d9983bea8572431b940c695e1752deea2fc4dada049369b
campaign,reference,1000,4-0.75-P,2,600,84,63,365382,752,570.5538,600.024,47402124,cc17b5385a7c74d7521db12aeea3e0f98f41a4fbfe66aab6f5f7c278ce636a56,31da62b5709734435d9983bea8572431b940c695e1752deea2fc4dada049369b
campaign,reference,1000,4-0.75-P,3,600,84,63,365145,751,594.8076,600.012,47422200,cc17b5385a7c74d7521db12aeea3e0f98f41a4fbfe66aab6f5f7c278ce636a56,31da62b5709734435d9983bea8572431b940c695e1752deea2fc4dada049369b
campaign,reference,1000,4-0.75-P,4,600,84,63,364867,751,539.1182,600.021,47421696,cc17b5385a7c74d7521db12aeea3e0f98f41a4fbfe66aab6f5f7c278ce636a56,31da62b5709734435d9983bea8572431b940c695e1752deea2fc4dada049369b
campaign,reference,1000,4-0.75-P,5,600,84,63,365100,752,559.2650,600.016,47399940,cc17b5385a7c74d7521db12aeea3e0f98f41a4fbfe66aab6f5f7c278ce636a56,31da62b5709734435d9983bea8572431b940c695e1752deea2fc4dada049369b
campaign,reference,1000,5-0.75-P,1,600,84,63,336340,750,279.0615,600.006,47863704,cc17b5385a7c74d7521db12aeea3e0f98f41a4fbfe66aab6f5f7c278ce636a56,31da62b5709734435d9983bea8572431b940c695e1752deea2fc4dada049369b
campaign,reference,1000,5-0.75-P,2,600,84,63,336300,750,560.0841,600.005,47865636,cc17b5385a7c74d7521db12aeea3e0f98f41a4fbfe66aab6f5f7c278ce636a56,31da62b5709734435d9983bea8572431b940c695e1752deea2fc4dada049369b
campaign,reference,1000,5-0.75-P,3,600,84,63,336470,751,361.1363,600.026,47869164,cc17b5385a7c74d7521db12aeea3e0f98f41a4fbfe66aab6f5f7c278ce636a56,31da62b5709734435d9983bea8572431b940c695e1752deea2fc4dada049369b
campaign,reference,1000,5-0.75-P,4,600,84,63,336506,751,336.7337,600.004,47878068,cc17b5385a7c74d7521db12aeea3e0f98f41a4fbfe66aab6f5f7c278ce636a56,31da62b5709734435d9983bea8572431b940c695e1752deea2fc4dada049369b
campaign,reference,1000,5-0.75-P,5,600,84,63,336433,751,465.3728,600.006,47865468,cc17b5385a7c74d7521db12aeea3e0f98f41a4fbfe66aab6f5f7c278ce636a56,31da62b5709734435d9983bea8572431b940c695e1752deea2fc4dada049369b
campaign,reference,1000,6-0.75-P,1,600,84,63,350763,751,546.1819,600.018,48100836,cc17b5385a7c74d7521db12aeea3e0f98f41a4fbfe66aab6f5f7c278ce636a56,31da62b5709734435d9983bea8572431b940c695e1752deea2fc4dada049369b
campaign,reference,1000,6-0.75-P,2,600,84,63,351007,751,137.0959,600.003,48098316,cc17b5385a7c74d7521db12aeea3e0f98f41a4fbfe66aab6f5f7c278ce636a56,31da62b5709734435d9983bea8572431b940c695e1752deea2fc4dada049369b
campaign,reference,1000,6-0.75-P,3,600,84,63,350997,751,588.1127,600.008,48084036,cc17b5385a7c74d7521db12aeea3e0f98f41a4fbfe66aab6f5f7c278ce636a56,31da62b5709734435d9983bea8572431b940c695e1752deea2fc4dada049369b
campaign,reference,1000,6-0.75-P,4,600,84,63,350908,751,526.1927,600.004,48076056,cc17b5385a7c74d7521db12aeea3e0f98f41a4fbfe66aab6f5f7c278ce636a56,31da62b5709734435d9983bea8572431b940c695e1752deea2fc4dada049369b
campaign,reference,1000,6-0.75-P,5,600,84,63,350948,752,512.1949,600.020,48108900,cc17b5385a7c74d7521db12aeea3e0f98f41a4fbfe66aab6f5f7c278ce636a56,31da62b5709734435d9983bea8572431b940c695e1752deea2fc4dada049369b
campaign,reference,1000,7-0.75-P,1,600,84,63,334895,750,552.5863,600.015,48782580,cc17b5385a7c74d7521db12aeea3e0f98f41a4fbfe66aab6f5f7c278ce636a56,31da62b5709734435d9983bea8572431b940c695e1752deea2fc4dada049369b
campaign,reference,1000,7-0.75-P,2,600,84,63,334953,749,541.3446,600.028,48786360,cc17b5385a7c74d7521db12aeea3e0f98f41a4fbfe66aab6f5f7c278ce636a56,31da62b5709734435d9983bea8572431b940c695e1752deea2fc4dada049369b
campaign,reference,1000,7-0.75-P,3,600,84,63,335061,750,431.0935,600.023,48795852,cc17b5385a7c74d7521db12aeea3e0f98f41a4fbfe66aab6f5f7c278ce636a56,31da62b5709734435d9983bea8572431b940c695e1752deea2fc4dada049369b
campaign,reference,1000,7-0.75-P,4,600,84,63,335135,750,564.8888,600.027,48791484,cc17b5385a7c74d7521db12aeea3e0f98f41a4fbfe66aab6f5f7c278ce636a56,31da62b5709734435d9983bea8572431b940c695e1752deea2fc4dada049369b
campaign,reference,1000,7-0.75-P,5,600,84,63,335078,750,444.7403,600.023,48796944,cc17b5385a7c74d7521db12aeea3e0f98f41a4fbfe66aab6f5f7c278ce636a56,31da62b5709734435d9983bea8572431b940c695e1752deea2fc4dada049369b
campaign,reference,1000,8-0.75-P,1,600,84,63,340229,751,305.9930,600.014,49038276,cc17b5385a7c74d7521db12aeea3e0f98f41a4fbfe66aab6f5f7c278ce636a56,31da62b5709734435d9983bea8572431b940c695e1752deea2fc4dada049369b
campaign,reference,1000,8-0.75-P,2,600,84,63,340245,751,333.8945,600.003,49032816,cc17b5385a7c74d7521db12aeea3e0f98f41a4fbfe66aab6f5f7c278ce636a56,31da62b5709734435d9983bea8572431b940c695e1752deea2fc4dada049369b
campaign,reference,1000,8-0.75-P,3,600,84,63,340231,752,467.5842,600.026,49047012,cc17b5385a7c74d7521db12aeea3e0f98f41a4fbfe66aab6f5f7c278ce636a56,31da62b5709734435d9983bea8572431b940c695e1752deea2fc4dada049369b
campaign,reference,1000,8-0.75-P,4,600,84,63,340369,752,327.5348,600.021,49046340,cc17b5385a7c74d7521db12aeea3e0f98f41a4fbfe66aab6f5f7c278ce636a56,31da62b5709734435d9983bea8572431b940c695e1752deea2fc4dada049369b
campaign,reference,1000,8-0.75-P,5,600,84,63,340267,751,495.3543,600.004,47559792,cc17b5385a7c74d7521db12aeea3e0f98f41a4fbfe66aab6f5f7c278ce636a56,31da62b5709734435d9983bea8572431b940c695e1752deea2fc4dada049369b
campaign,reference,1000,9-0.75-P,1,600,84,63,339251,752,473.0600,600.022,46535832,cc17b5385a7c74d7521db12aeea3e0f98f41a4fbfe66aab6f5f7c278ce636a56,31da62b5709734435d9983bea8572431b940c695e1752deea2fc4dada049369b
campaign,reference,1000,9-0.75-P,2,600,84,63,338988,752,251.5009,600.005,48069756,cc17b5385a7c74d7521db12aeea3e0f98f41a4fbfe66aab6f5f7c278ce636a56,31da62b5709734435d9983bea8572431b940c695e1752deea2fc4dada049369b
campaign,reference,1000,9-0.75-P,3,600,84,63,339164,752,559.8887,600.024,48530412,cc17b5385a7c74d7521db12aeea3e0f98f41a4fbfe66aab6f5f7c278ce636a56,31da62b5709734435d9983bea8572431b940c695e1752deea2fc4dada049369b
campaign,reference,1000,9-0.75-P,4,600,84,63,339158,752,531.9217,600.016,48731340,cc17b5385a7c74d7521db12aeea3e0f98f41a4fbfe66aab6f5f7c278ce636a56,31da62b5709734435d9983bea8572431b940c695e1752deea2fc4dada049369b
campaign,reference,1000,9-0.75-P,5,600,84,63,339199,752,557.2027,600.001,48708744,cc17b5385a7c74d7521db12aeea3e0f98f41a4fbfe66aab6f5f7c278ce636a56,31da62b5709734435d9983bea8572431b940c695e1752deea2fc4dada049369b
campaign,reference,1000,10-0.75-P,1,600,84,63,360434,752,560.2627,600.011,49259196,cc17b5385a7c74d7521db12aeea3e0f98f41a4fbfe66aab6f5f7c278ce636a56,31da62b5709734435d9983bea8572431b940c695e1752deea2fc4dada049369b
campaign,reference,1000,10-0.75-P,2,600,84,63,360575,752,451.6243,600.018,49146300,cc17b5385a7c74d7521db12aeea3e0f98f41a4fbfe66aab6f5f7c278ce636a56,31da62b5709734435d9983bea8572431b940c695e1752deea2fc4dada049369b
campaign,reference,1000,10-0.75-P,3,600,84,63,360579,751,523.1889,600.003,48117636,cc17b5385a7c74d7521db12aeea3e0f98f41a4fbfe66aab6f5f7c278ce636a56,31da62b5709734435d9983bea8572431b940c695e1752deea2fc4dada049369b
campaign,reference,1000,10-0.75-P,4,600,84,63,360317,751,554.6192,600.003,47965176,cc17b5385a7c74d7521db12aeea3e0f98f41a4fbfe66aab6f5f7c278ce636a56,31da62b5709734435d9983bea8572431b940c695e1752deea2fc4dada049369b
campaign,reference,1000,10-0.75-P,5,600,84,63,360509,753,541.0449,600.023,49202580,cc17b5385a7c74d7521db12aeea3e0f98f41a4fbfe66aab6f5f7c278ce636a56,31da62b5709734435d9983bea8572431b940c695e1752deea2fc4dada049369b
campaign,reference,1000,1-0.75-M,1,600,84,63,41255,749,525.0730,600.024,47495784,cc17b5385a7c74d7521db12aeea3e0f98f41a4fbfe66aab6f5f7c278ce636a56,31da62b5709734435d9983bea8572431b940c695e1752deea2fc4dada049369b
campaign,reference,1000,1-0.75-M,2,600,84,63,40894,749,533.0601,600.008,47445636,cc17b5385a7c74d7521db12aeea3e0f98f41a4fbfe66aab6f5f7c278ce636a56,31da62b5709734435d9983bea8572431b940c695e1752deea2fc4dada049369b
campaign,reference,1000,1-0.75-M,3,600,84,63,41018,749,478.4738,600.020,47398176,cc17b5385a7c74d7521db12aeea3e0f98f41a4fbfe66aab6f5f7c278ce636a56,31da62b5709734435d9983bea8572431b940c695e1752deea2fc4dada049369b
campaign,reference,1000,1-0.75-M,4,600,84,63,40914,750,519.0370,600.009,47356848,cc17b5385a7c74d7521db12aeea3e0f98f41a4fbfe66aab6f5f7c278ce636a56,31da62b5709734435d9983bea8572431b940c695e1752deea2fc4dada049369b
campaign,reference,1000,1-0.75-M,5,600,84,63,40933,749,360.0202,600.021,46926684,cc17b5385a7c74d7521db12aeea3e0f98f41a4fbfe66aab6f5f7c278ce636a56,31da62b5709734435d9983bea8572431b940c695e1752deea2fc4dada049369b
campaign,reference,1000,2-0.75-M,1,600,84,63,36904,749,557.3311,600.020,49053312,cc17b5385a7c74d7521db12aeea3e0f98f41a4fbfe66aab6f5f7c278ce636a56,31da62b5709734435d9983bea8572431b940c695e1752deea2fc4dada049369b
campaign,reference,1000,2-0.75-M,2,600,84,63,36996,749,176.3830,600.008,49161084,cc17b5385a7c74d7521db12aeea3e0f98f41a4fbfe66aab6f5f7c278ce636a56,31da62b5709734435d9983bea8572431b940c695e1752deea2fc4dada049369b
campaign,reference,1000,2-0.75-M,3,600,84,63,36859,749,385.4625,600.015,49195944,cc17b5385a7c74d7521db12aeea3e0f98f41a4fbfe66aab6f5f7c278ce636a56,31da62b5709734435d9983bea8572431b940c695e1752deea2fc4dada049369b
campaign,reference,1000,2-0.75-M,4,600,84,63,36836,748,97.5361,600.023,49296072,cc17b5385a7c74d7521db12aeea3e0f98f41a4fbfe66aab6f5f7c278ce636a56,31da62b5709734435d9983bea8572431b940c695e1752deea2fc4dada049369b
campaign,reference,1000,2-0.75-M,5,600,84,63,36979,749,142.8053,600.010,48865572,cc17b5385a7c74d7521db12aeea3e0f98f41a4fbfe66aab6f5f7c278ce636a56,31da62b5709734435d9983bea8572431b940c695e1752deea2fc4dada049369b
campaign,reference,1000,3-0.75-M,1,600,84,63,37949,749,494.3877,600.027,47940984,cc17b5385a7c74d7521db12aeea3e0f98f41a4fbfe66aab6f5f7c278ce636a56,31da62b5709734435d9983bea8572431b940c695e1752deea2fc4dada049369b
campaign,reference,1000,3-0.75-M,2,600,84,63,38080,749,581.4534,600.025,47968536,cc17b5385a7c74d7521db12aeea3e0f98f41a4fbfe66aab6f5f7c278ce636a56,31da62b5709734435d9983bea8572431b940c695e1752deea2fc4dada049369b
campaign,reference,1000,3-0.75-M,3,600,84,63,38209,749,202.2824,600.011,47960472,cc17b5385a7c74d7521db12aeea3e0f98f41a4fbfe66aab6f5f7c278ce636a56,31da62b5709734435d9983bea8572431b940c695e1752deea2fc4dada049369b
campaign,reference,1000,3-0.75-M,4,600,84,63,38112,749,577.4183,600.004,48345696,cc17b5385a7c74d7521db12aeea3e0f98f41a4fbfe66aab6f5f7c278ce636a56,31da62b5709734435d9983bea8572431b940c695e1752deea2fc4dada049369b
campaign,reference,1000,3-0.75-M,5,600,84,63,38113,749,435.8207,600.022,48441960,cc17b5385a7c74d7521db12aeea3e0f98f41a4fbfe66aab6f5f7c278ce636a56,31da62b5709734435d9983bea8572431b940c695e1752deea2fc4dada049369b
campaign,reference,1000,4-0.75-M,1,600,84,63,44590,749,389.7697,600.012,48159972,cc17b5385a7c74d7521db12aeea3e0f98f41a4fbfe66aab6f5f7c278ce636a56,31da62b5709734435d9983bea8572431b940c695e1752deea2fc4dada049369b
campaign,reference,1000,4-0.75-M,2,600,84,63,44619,748,503.2018,600.025,48159048,cc17b5385a7c74d7521db12aeea3e0f98f41a4fbfe66aab6f5f7c278ce636a56,31da62b5709734435d9983bea8572431b940c695e1752deea2fc4dada049369b
campaign,reference,1000,4-0.75-M,3,600,84,63,44348,748,588.9242,600.020,48139476,cc17b5385a7c74d7521db12aeea3e0f98f41a4fbfe66aab6f5f7c278ce636a56,31da62b5709734435d9983bea8572431b940c695e1752deea2fc4dada049369b
campaign,reference,1000,4-0.75-M,4,600,84,63,44560,749,575.3672,600.023,48157452,cc17b5385a7c74d7521db12aeea3e0f98f41a4fbfe66aab6f5f7c278ce636a56,31da62b5709734435d9983bea8572431b940c695e1752deea2fc4dada049369b
campaign,reference,1000,4-0.75-M,5,600,84,63,44464,749,451.0599,600.016,48162660,cc17b5385a7c74d7521db12aeea3e0f98f41a4fbfe66aab6f5f7c278ce636a56,31da62b5709734435d9983bea8572431b940c695e1752deea2fc4dada049369b
campaign,reference,1000,5-0.75-M,1,600,84,63,43847,749,587.8311,600.029,48641964,cc17b5385a7c74d7521db12aeea3e0f98f41a4fbfe66aab6f5f7c278ce636a56,31da62b5709734435d9983bea8572431b940c695e1752deea2fc4dada049369b
campaign,reference,1000,5-0.75-M,2,600,84,63,44006,749,384.7404,600.017,48646920,cc17b5385a7c74d7521db12aeea3e0f98f41a4fbfe66aab6f5f7c278ce636a56,31da62b5709734435d9983bea8572431b940c695e1752deea2fc4dada049369b
campaign,reference,1000,5-0.75-M,3,600,84,63,44012,749,421.4884,600.030,48639444,cc17b5385a7c74d7521db12aeea3e0f98f41a4fbfe66aab6f5f7c278ce636a56,31da62b5709734435d9983bea8572431b940c695e1752deea2fc4dada049369b
campaign,reference,1000,5-0.75-M,4,600,84,63,43954,749,423.4896,600.017,48635748,cc17b5385a7c74d7521db12aeea3e0f98f41a4fbfe66aab6f5f7c278ce636a56,31da62b5709734435d9983bea8572431b940c695e1752deea2fc4dada049369b
campaign,reference,1000,5-0.75-M,5,600,84,63,43892,749,580.2732,600.027,48636420,cc17b5385a7c74d7521db12aeea3e0f98f41a4fbfe66aab6f5f7c278ce636a56,31da62b5709734435d9983bea8572431b940c695e1752deea2fc4dada049369b
campaign,reference,1000,6-0.75-M,1,600,84,63,41152,749,525.7416,600.006,47598768,cc17b5385a7c74d7521db12aeea3e0f98f41a4fbfe66aab6f5f7c278ce636a56,31da62b5709734435d9983bea8572431b940c695e1752deea2fc4dada049369b
campaign,reference,1000,6-0.75-M,2,600,84,63,41169,748,465.7020,600.021,47604060,cc17b5385a7c74d7521db12aeea3e0f98f41a4fbfe66aab6f5f7c278ce636a56,31da62b5709734435d9983bea8572431b940c695e1752deea2fc4dada049369b
campaign,reference,1000,6-0.75-M,3,600,84,63,41401,749,499.8871,600.014,47587092,cc17b5385a7c74d7521db12aeea3e0f98f41a4fbfe66aab6f5f7c278ce636a56,31da62b5709734435d9983bea8572431b940c695e1752deea2fc4dada049369b
campaign,reference,1000,6-0.75-M,4,600,84,63,41269,748,448.0056,600.007,47603472,cc17b5385a7c74d7521db12aeea3e0f98f41a4fbfe66aab6f5f7c278ce636a56,31da62b5709734435d9983bea8572431b940c695e1752deea2fc4dada049369b
campaign,reference,1000,6-0.75-M,5,600,84,63,41366,749,459.4429,600.021,47603052,cc17b5385a7c74d7521db12aeea3e0f98f41a4fbfe66aab6f5f7c278ce636a56,31da62b5709734435d9983bea8572431b940c695e1752deea2fc4dada049369b
campaign,reference,1000,7-0.75-M,1,600,84,63,42127,749,597.4307,600.001,48896484,cc17b5385a7c74d7521db12aeea3e0f98f41a4fbfe66aab6f5f7c278ce636a56,31da62b5709734435d9983bea8572431b940c695e1752deea2fc4dada049369b
campaign,reference,1000,7-0.75-M,2,600,84,63,42011,749,432.4417,600.005,48884136,cc17b5385a7c74d7521db12aeea3e0f98f41a4fbfe66aab6f5f7c278ce636a56,31da62b5709734435d9983bea8572431b940c695e1752deea2fc4dada049369b
campaign,reference,1000,7-0.75-M,3,600,84,63,42399,749,552.1818,600.006,48881532,cc17b5385a7c74d7521db12aeea3e0f98f41a4fbfe66aab6f5f7c278ce636a56,31da62b5709734435d9983bea8572431b940c695e1752deea2fc4dada049369b
campaign,reference,1000,7-0.75-M,4,600,84,63,42238,749,564.3073,600.020,48877752,cc17b5385a7c74d7521db12aeea3e0f98f41a4fbfe66aab6f5f7c278ce636a56,31da62b5709734435d9983bea8572431b940c695e1752deea2fc4dada049369b
campaign,reference,1000,7-0.75-M,5,600,84,63,42215,749,599.2301,600.023,48882036,cc17b5385a7c74d7521db12aeea3e0f98f41a4fbfe66aab6f5f7c278ce636a56,31da62b5709734435d9983bea8572431b940c695e1752deea2fc4dada049369b
campaign,reference,1000,8-0.75-M,1,600,84,63,42052,749,279.9498,600.029,49031976,cc17b5385a7c74d7521db12aeea3e0f98f41a4fbfe66aab6f5f7c278ce636a56,31da62b5709734435d9983bea8572431b940c695e1752deea2fc4dada049369b
campaign,reference,1000,8-0.75-M,2,600,84,63,42223,749,418.6166,600.021,49036680,cc17b5385a7c74d7521db12aeea3e0f98f41a4fbfe66aab6f5f7c278ce636a56,31da62b5709734435d9983bea8572431b940c695e1752deea2fc4dada049369b
campaign,reference,1000,8-0.75-M,3,600,84,63,42233,749,360.5153,600.001,49053480,cc17b5385a7c74d7521db12aeea3e0f98f41a4fbfe66aab6f5f7c278ce636a56,31da62b5709734435d9983bea8572431b940c695e1752deea2fc4dada049369b
campaign,reference,1000,8-0.75-M,4,600,84,63,42108,749,511.4234,600.020,49118916,cc17b5385a7c74d7521db12aeea3e0f98f41a4fbfe66aab6f5f7c278ce636a56,31da62b5709734435d9983bea8572431b940c695e1752deea2fc4dada049369b
campaign,reference,1000,8-0.75-M,5,600,84,63,42120,749,599.1235,600.010,49091364,cc17b5385a7c74d7521db12aeea3e0f98f41a4fbfe66aab6f5f7c278ce636a56,31da62b5709734435d9983bea8572431b940c695e1752deea2fc4dada049369b
campaign,reference,1000,9-0.75-M,1,600,84,63,32298,749,595.2095,600.001,49430556,cc17b5385a7c74d7521db12aeea3e0f98f41a4fbfe66aab6f5f7c278ce636a56,31da62b5709734435d9983bea8572431b940c695e1752deea2fc4dada049369b
campaign,reference,1000,9-0.75-M,2,600,84,63,32233,749,442.5206,600.020,49432236,cc17b5385a7c74d7521db12aeea3e0f98f41a4fbfe66aab6f5f7c278ce636a56,31da62b5709734435d9983bea8572431b940c695e1752deea2fc4dada049369b
campaign,reference,1000,9-0.75-M,3,600,84,63,31950,748,374.0931,600.029,49444332,cc17b5385a7c74d7521db12aeea3e0f98f41a4fbfe66aab6f5f7c278ce636a56,31da62b5709734435d9983bea8572431b940c695e1752deea2fc4dada049369b
campaign,reference,1000,9-0.75-M,4,600,84,63,32126,749,437.6248,600.010,49440048,cc17b5385a7c74d7521db12aeea3e0f98f41a4fbfe66aab6f5f7c278ce636a56,31da62b5709734435d9983bea8572431b940c695e1752deea2fc4dada049369b
campaign,reference,1000,9-0.75-M,5,600,84,63,32127,749,509.6842,600.015,49496244,cc17b5385a7c74d7521db12aeea3e0f98f41a4fbfe66aab6f5f7c278ce636a56,31da62b5709734435d9983bea8572431b940c695e1752deea2fc4dada049369b
campaign,reference,1000,10-0.75-M,1,600,84,63,41111,749,568.5321,600.006,49541016,cc17b5385a7c74d7521db12aeea3e0f98f41a4fbfe66aab6f5f7c278ce636a56,31da62b5709734435d9983bea8572431b940c695e1752deea2fc4dada049369b
campaign,reference,1000,10-0.75-M,2,600,84,63,40945,749,467.7330,600.005,49540008,cc17b5385a7c74d7521db12aeea3e0f98f41a4fbfe66aab6f5f7c278ce636a56,31da62b5709734435d9983bea8572431b940c695e1752deea2fc4dada049369b
campaign,reference,1000,10-0.75-M,3,600,84,63,40932,750,495.9820,600.012,49557144,cc17b5385a7c74d7521db12aeea3e0f98f41a4fbfe66aab6f5f7c278ce636a56,31da62b5709734435d9983bea8572431b940c695e1752deea2fc4dada049369b
campaign,reference,1000,10-0.75-M,4,600,84,63,40948,749,421.9020,600.006,49559328,cc17b5385a7c74d7521db12aeea3e0f98f41a4fbfe66aab6f5f7c278ce636a56,31da62b5709734435d9983bea8572431b940c695e1752deea2fc4dada049369b
campaign,reference,1000,10-0.75-M,5,600,84,63,40817,749,330.9319,600.001,49547820,cc17b5385a7c74d7521db12aeea3e0f98f41a4fbfe66aab6f5f7c278ce636a56,31da62b5709734435d9983bea8572431b940c695e1752deea2fc4dada049369b
