experiment,variant,group,instance,seed,profit,cardinality,items
campaign,reference,100,0-2-1,1,11312,25,0 3 4 10 12 25 26 28 32 35 43 45 58 60 61 63 64 65 68 69 71 72 81 83 98
campaign,reference,100,0-2-1,2,11312,25,0 3 4 10 12 25 26 28 32 35 43 45 58 60 61 63 64 65 68 69 71 72 81 83 98
campaign,reference,100,0-2-1,3,11312,25,0 3 4 10 12 25 26 28 32 35 43 45 58 60 61 63 64 65 68 69 71 72 81 83 98
campaign,reference,100,0-2-1,4,11312,25,0 3 4 10 12 25 26 28 32 35 43 45 58 60 61 63 64 65 68 69 71 72 81 83 98
campaign,reference,100,0-2-1,5,11312,25,0 3 4 10 12 25 26 28 32 35 43 45 58 60 61 63 64 65 68 69 71 72 81 83 98
campaign,reference,100,0-2-1,6,11312,25,0 3 4 10 12 25 26 28 32 35 43 45 58 60 61 63 64 65 68 69 71 72 81 83 98
campaign,reference,100,0-2-1,7,11312,25,0 3 4 10 12 25 26 28 32 35 43 45 58 60 61 63 64 65 68 69 71 72 81 83 98
campaign,reference,100,0-2-1,8,11312,25,0 3 4 10 12 25 26 28 32 35 43 45 58 60 61 63 64 65 68 69 71 72 81 83 98
campaign,reference,100,0-2-1,9,11312,25,0 3 4 10 12 25 26 28 32 35 43 45 58 60 61 63 64 65 68 69 71 72 81 83 98
campaign,reference,100,0-2-1,10,11312,25,0 3 4 10 12 25 26 28 32 35 43 45 58 60 61 63 64 65 68 69 71 72 81 83 98
campaign,reference,100,0-2-2,1,10316,26,10 11 14 21 26 32 35 36 37 41 55 56 60 62 63 64 65 68 69 71 73 82 84 86 94 96
campaign,reference,100,0-2-2,2,10316,26,10 11 14 21 26 32 35 36 37 41 55 56 60 62 63 64 65 68 69 71 73 82 84 86 94 96
campaign,reference,100,0-2-2,3,10316,26,10 11 14 21 26 32 35 36 37 41 55 56 60 62 63 64 65 68 69 71 73 82 84 86 94 96
campaign,reference,100,0-2-2,4,10316,26,10 11 14 21 26 32 35 36 37 41 55 56 60 62 63 64 65 68 69 71 73 82 84 86 94 96
campaign,reference,100,0-2-2,5,10316,26,10 11 14 21 26 32 35 36 37 41 55 56 60 62 63 64 65 68 69 71 73 82 84 86 94 96
campaign,reference,100,0-2-2,6,10316,26,10 11 14 21 26 32 35 36 37 41 55 56 60 62 63 64 65 68 69 71 73 82 84 86 94 96
campaign,reference,100,0-2-2,7,10316,26,10 11 14 21 26 32 35 36 37 41 55 56 60 62 63 64 65 68 69 71 73 82 84 86 94 96
campaign,reference,100,0-2-2,8,10316,26,10 11 14 21 26 32 35 36 37 41 55 56 60 62 63 64 65 68 69 71 73 82 84 86 94 96
campaign,reference,100,0-2-2,9,10316,26,10 11 14 21 26 32 35 36 37 41 55 56 60 62 63 64 65 68 69 71 73 82 84 86 94 96
campaign,reference,100,0-2-2,10,10316,26,10 11 14 21 26 32 35 36 37 41 55 56 60 62 63 64 65 68 69 71 73 82 84 86 94 96
campaign,reference,100,0-2-3,1,11195,25,1 9 10 11 13 15 24 25 26 28 33 37 39 49 56 58 68 71 73 77 83 86 90 91 94
campaign,reference,100,0-2-3,2,11195,25,1 9 10 11 13 15 24 25 26 28 33 37 39 49 56 58 68 71 73 77 83 86 90 91 94
campaign,reference,100,0-2-3,3,11195,25,1 9 10 11 13 15 24 25 26 28 33 37 39 49 56 58 68 71 73 77 83 86 90 91 94
campaign,reference,100,0-2-3,4,11195,25,1 9 10 11 13 15 24 25 26 28 33 37 39 49 56 58 68 71 73 77 83 86 90 91 94
campaign,reference,100,0-2-3,5,11195,25,1 9 10 11 13 15 24 25 26 28 33 37 39 49 56 58 68 71 73 77 83 86 90 91 94
campaign,reference,100,0-2-3,6,11195,25,1 9 10 11 13 15 24 25 26 28 33 37 39 49 56 58 68 71 73 77 83 86 90 91 94
campaign,reference,100,0-2-3,7,11195,25,1 9 10 11 13 15 24 25 26 28 33 37 39 49 56 58 68 71 73 77 83 86 90 91 94
campaign,reference,100,0-2-3,8,11195,25,1 9 10 11 13 15 24 25 26 28 33 37 39 49 56 58 68 71 73 77 83 86 90 91 94
campaign,reference,100,0-2-3,9,11195,25,1 9 10 11 13 15 24 25 26 28 33 37 39 49 56 58 68 71 73 77 83 86 90 91 94
campaign,reference,100,0-2-3,10,11195,25,1 9 10 11 13 15 24 25 26 28 33 37 39 49 56 58 68 71 73 77 83 86 90 91 94
campaign,reference,100,0-2-4,1,11324,25,1 4 10 12 16 19 25 26 29 32 42 45 53 58 64 65 71 72 74 77 84 87 93 94 98
campaign,reference,100,0-2-4,2,11324,25,1 4 10 12 16 19 25 26 29 32 42 45 53 58 64 65 71 72 74 77 84 87 93 94 98
campaign,reference,100,0-2-4,3,11324,25,1 4 10 12 16 19 25 26 29 32 42 45 53 58 64 65 71 72 74 77 84 87 93 94 98
campaign,reference,100,0-2-4,4,11324,25,1 4 10 12 16 19 25 26 29 32 42 45 53 58 64 65 71 72 74 77 84 87 93 94 98
campaign,reference,100,0-2-4,5,11324,25,1 4 10 12 16 19 25 26 29 32 42 45 53 58 64 65 71 72 74 77 84 87 93 94 98
campaign,reference,100,0-2-4,6,11324,25,1 4 10 12 16 19 25 26 29 32 42 45 53 58 64 65 71 72 74 77 84 87 93 94 98
campaign,reference,100,0-2-4,7,11324,25,1 4 10 12 16 19 25 26 29 32 42 45 53 58 64 65 71 72 74 77 84 87 93 94 98
campaign,reference,100,0-2-4,8,11324,25,1 4 10 12 16 19 25 26 29 32 42 45 53 58 64 65 71 72 74 77 84 87 93 94 98
campaign,reference,100,0-2-4,9,11324,25,1 4 10 12 16 19 25 26 29 32 42 45 53 58 64 65 71 72 74 77 84 87 93 94 98
campaign,reference,100,0-2-4,10,11324,25,1 4 10 12 16 19 25 26 29 32 42 45 53 58 64 65 71 72 74 77 84 87 93 94 98
campaign,reference,100,0-2-5,1,10113,25,2 5 9 10 11 26 32 35 37 40 42 43 57 58 63 71 73 80 81 83 86 88 90 92 99
campaign,reference,100,0-2-5,2,10113,25,2 5 9 10 11 26 32 35 37 40 42 43 57 58 63 71 73 80 81 83 86 88 90 92 99
campaign,reference,100,0-2-5,3,10113,25,2 5 9 10 11 26 32 35 37 40 42 43 57 58 63 71 73 80 81 83 86 88 90 92 99
campaign,reference,100,0-2-5,4,10113,25,2 5 9 10 11 26 32 35 37 40 42 43 57 58 63 71 73 80 81 83 86 88 90 92 99
campaign,reference,100,0-2-5,5,10113,25,2 5 9 10 11 26 32 35 37 40 42 43 57 58 63 71 73 80 81 83 86 88 90 92 99
campaign,reference,100,0-2-5,6,10113,25,2 5 9 10 11 26 32 35 37 40 42 43 57 58 63 71 73 80 81 83 86 88 90 92 99
campaign,reference,100,0-2-5,7,10113,25,2 5 9 10 11 26 32 35 37 40 42 43 57 58 63 71 73 80 81 83 86 88 90 92 99
campaign,reference,100,0-2-5,8,10113,25,2 5 9 10 11 26 32 35 37 40 42 43 57 58 63 71 73 80 81 83 86 88 90 92 99
campaign,reference,100,0-2-5,9,10113,25,2 5 9 10 11 26 32 35 37 40 42 43 57 58 63 71 73 80 81 83 86 88 90 92 99
campaign,reference,100,0-2-5,10,10113,25,2 5 9 10 11 26 32 35 37 40 42 43 57 58 63 71 73 80 81 83 86 88 90 92 99
campaign,reference,100,0-2-6,1,23296,50,3 4 6 8 9 10 11 12 13 15 16 19 20 25 26 27 28 34 37 38 39 42 56 58 59 60 63 64 65 66 68 69 70 71 72 74 76 77 80 81 83 84 88 90 92 93 94 96 97 98
campaign,reference,100,0-2-6,2,23296,50,3 4 6 8 9 10 11 12 13 15 16 19 20 25 26 27 28 34 37 38 39 42 56 58 59 60 63 64 65 66 68 69 70 71 72 74 76 77 80 81 83 84 88 90 92 93 94 96 97 98
campaign,reference,100,0-2-6,3,23296,50,3 4 6 8 9 10 11 12 13 15 16 19 20 25 26 27 28 34 37 38 39 42 56 58 59 60 63 64 65 66 68 69 70 71 72 74 76 77 80 81 83 84 88 90 92 93 94 96 97 98
campaign,reference,100,0-2-6,4,23296,50,3 4 6 8 9 10 11 12 13 15 16 19 20 25 26 27 28 34 37 38 39 42 56 58 59 60 63 64 65 66 68 69 70 71 72 74 76 77 80 81 83 84 88 90 92 93 94 96 97 98
campaign,reference,100,0-2-6,5,23296,50,3 4 6 8 9 10 11 12 13 15 16 19 20 25 26 27 28 34 37 38 39 42 56 58 59 60 63 64 65 66 68 69 70 71 72 74 76 77 80 81 83 84 88 90 92 93 94 96 97 98
campaign,reference,100,0-2-6,6,23296,50,3 4 6 8 9 10 11 12 13 15 16 19 20 25 26 27 28 34 37 38 39 42 56 58 59 60 63 64 65 66 68 69 70 71 72 74 76 77 80 81 83 84 88 90 92 93 94 96 97 98
campaign,reference,100,0-2-6,7,23296,50,3 4 6 8 9 10 11 12 13 15 16 19 20 25 26 27 28 34 37 38 39 42 56 58 59 60 63 64 65 66 68 69 70 71 72 74 76 77 80 81 83 84 88 90 92 93 94 96 97 98
campaign,reference,100,0-2-6,8,23296,50,3 4 6 8 9 10 11 12 13 15 16 19 20 25 26 27 28 34 37 38 39 42 56 58 59 60 63 64 65 66 68 69 70 71 72 74 76 77 80 81 83 84 88 90 92 93 94 96 97 98
campaign,reference,100,0-2-6,9,23296,50,3 4 6 8 9 10 11 12 13 15 16 19 20 25 26 27 28 34 37 38 39 42 56 58 59 60 63 64 65 66 68 69 70 71 72 74 76 77 80 81 83 84 88 90 92 93 94 96 97 98
campaign,reference,100,0-2-6,10,23296,50,3 4 6 8 9 10 11 12 13 15 16 19 20 25 26 27 28 34 37 38 39 42 56 58 59 60 63 64 65 66 68 69 70 71 72 74 76 77 80 81 83 84 88 90 92 93 94 96 97 98
campaign,reference,100,0-2-7,1,22442,51,1 2 3 4 6 8 9 10 11 12 15 19 22 23 24 26 27 28 32 36 38 39 43 45 46 47 48 50 52 55 56 59 60 61 62 63 64 65 68 71 72 73 78 80 81 83 90 91 93 95 97
campaign,reference,100,0-2-7,2,22442,51,1 2 3 4 6 8 9 10 11 12 15 19 22 23 24 26 27 28 32 36 38 39 43 45 46 47 48 50 52 55 56 59 60 61 62 63 64 65 68 71 72 73 78 80 81 83 90 91 93 95 97
campaign,reference,100,0-2-7,3,22442,51,1 2 3 4 6 8 9 10 11 12 15 19 22 23 24 26 27 28 32 36 38 39 43 45 46 47 48 50 52 55 56 59 60 61 62 63 64 65 68 71 72 73 78 80 81 83 90 91 93 95 97
campaign,reference,100,0-2-7,4,22442,51,1 2 3 4 6 8 9 10 11 12 15 19 22 23 24 26 27 28 32 36 38 39 43 45 46 47 48 50 52 55 56 59 60 61 62 63 64 65 68 71 72 73 78 80 81 83 90 91 93 95 97
campaign,reference,100,0-2-7,5,22442,51,1 2 3 4 6 8 9 10 11 12 15 19 22 23 24 26 27 28 32 36 38 39 43 45 46 47 48 50 52 55 56 59 60 61 62 63 64 65 68 71 72 73 78 80 81 83 90 91 93 95 97
campaign,reference,100,0-2-7,6,22442,51,1 2 3 4 6 8 9 10 11 12 15 19 22 23 24 26 27 28 32 36 38 39 43 45 46 47 48 50 52 55 56 59 60 61 62 63 64 65 68 71 72 73 78 80 81 83 90 91 93 95 97
campaign,reference,100,0-2-7,7,22442,51,1 2 3 4 6 8 9 10 11 12 15 19 22 23 24 26 27 28 32 36 38 39 43 45 46 47 48 50 52 55 56 59 60 61 62 63 64 65 68 71 72 73 78 80 81 83 90 91 93 95 97
campaign,reference,100,0-2-7,8,22442,51,1 2 3 4 6 8 9 10 11 12 15 19 22 23 24 26 27 28 32 36 38 39 43 45 46 47 48 50 52 55 56 59 60 61 62 63 64 65 68 71 72 73 78 80 81 83 90 91 93 95 97
campaign,reference,100,0-2-7,9,22442,51,1 2 3 4 6 8 9 10 11 12 15 19 22 23 24 26 27 28 32 36 38 39 43 45 46 47 48 50 52 55 56 59 60 61 62 63 64 65 68 71 72 73 78 80 81 83 90 91 93 95 97
campaign,reference,100,0-2-7,10,22442,51,1 2 3 4 6 8 9 10 11 12 15 19 22 23 24 26 27 28 32 36 38 39 43 45 46 47 48 50 52 55 56 59 60 61 62 63 64 65 68 71 72 73 78 80 81 83 90 91 93 95 97
campaign,reference,100,0-2-8,1,23452,51,1 2 3 9 10 11 12 15 21 23 24 25 26 27 28 29 32 33 36 37 42 43 44 45 47 48 52 53 57 60 61 64 65 69 71 72 73 75 76 78 79 80 81 83 84 87 88 92 94 95 96
campaign,reference,100,0-2-8,2,23452,51,1 2 3 9 10 11 12 15 21 23 24 25 26 27 28 29 32 33 36 37 42 43 44 45 47 48 52 53 57 60 61 64 65 69 71 72 73 75 76 78 79 80 81 83 84 87 88 92 94 95 96
campaign,reference,100,0-2-8,3,23452,51,1 2 3 9 10 11 12 15 21 23 24 25 26 27 28 29 32 33 36 37 42 43 44 45 47 48 52 53 57 60 61 64 65 69 71 72 73 75 76 78 79 80 81 83 84 87 88 92 94 95 96
campaign,reference,100,0-2-8,4,23452,51,1 2 3 9 10 11 12 15 21 23 24 25 26 27 28 29 32 33 36 37 42 43 44 45 47 48 52 53 57 60 61 64 65 69 71 72 73 75 76 78 79 80 81 83 84 87 88 92 94 95 96
campaign,reference,100,0-2-8,5,23452,51,1 2 3 9 10 11 12 15 21 23 24 25 26 27 28 29 32 33 36 37 42 43 44 45 47 48 52 53 57 60 61 64 65 69 71 72 73 75 76 78 79 80 81 83 84 87 88 92 94 95 96
campaign,reference,100,0-2-8,6,23452,51,1 2 3 9 10 11 12 15 21 23 24 25 26 27 28 29 32 33 36 37 42 43 44 45 47 48 52 53 57 60 61 64 65 69 71 72 73 75 76 78 79 80 81 83 84 87 88 92 94 95 96
campaign,reference,100,0-2-8,7,23452,51,1 2 3 9 10 11 12 15 21 23 24 25 26 27 28 29 32 33 36 37 42 43 44 45 47 48 52 53 57 60 61 64 65 69 71 72 73 75 76 78 79 80 81 83 84 87 88 92 94 95 96
campaign,reference,100,0-2-8,8,23452,51,1 2 3 9 10 11 12 15 21 23 24 25 26 27 28 29 32 33 36 37 42 43 44 45 47 48 52 53 57 60 61 64 65 69 71 72 73 75 76 78 79 80 81 83 84 87 88 92 94 95 96
campaign,reference,100,0-2-8,9,23452,51,1 2 3 9 10 11 12 15 21 23 24 25 26 27 28 29 32 33 36 37 42 43 44 45 47 48 52 53 57 60 61 64 65 69 71 72 73 75 76 78 79 80 81 83 84 87 88 92 94 95 96
campaign,reference,100,0-2-8,10,23452,51,1 2 3 9 10 11 12 15 21 23 24 25 26 27 28 29 32 33 36 37 42 43 44 45 47 48 52 53 57 60 61 64 65 69 71 72 73 75 76 78 79 80 81 83 84 87 88 92 94 95 96
campaign,reference,100,0-2-9,1,22756,50,1 3 4 9 10 12 13 15 16 20 21 22 23 25 26 27 28 32 34 36 37 39 45 49 56 57 58 61 62 63 64 66 68 69 70 71 72 73 74 77 81 84 86 87 90 91 92 93 94 96
campaign,reference,100,0-2-9,2,22756,50,1 3 4 9 10 12 13 15 16 20 21 22 23 25 26 27 28 32 34 36 37 39 45 49 56 57 58 61 62 63 64 66 68 69 70 71 72 73 74 77 81 84 86 87 90 91 92 93 94 96
campaign,reference,100,0-2-9,3,22756,50,1 3 4 9 10 12 13 15 16 20 21 22 23 25 26 27 28 32 34 36 37 39 45 49 56 57 58 61 62 63 64 66 68 69 70 71 72 73 74 77 81 84 86 87 90 91 92 93 94 96
campaign,reference,100,0-2-9,4,22756,50,1 3 4 9 10 12 13 15 16 20 21 22 23 25 26 27 28 32 34 36 37 39 45 49 56 57 58 61 62 63 64 66 68 69 70 71 72 73 74 77 81 84 86 87 90 91 92 93 94 96
campaign,reference,100,0-2-9,5,22756,50,1 3 4 9 10 12 13 15 16 20 21 22 23 25 26 27 28 32 34 36 37 39 45 49 56 57 58 61 62 63 64 66 68 69 70 71 72 73 74 77 81 84 86 87 90 91 92 93 94 96
campaign,reference,100,0-2-9,6,22756,50,1 3 4 9 10 12 13 15 16 20 21 22 23 25 26 27 28 32 34 36 37 39 45 49 56 57 58 61 62 63 64 66 68 69 70 71 72 73 74 77 81 84 86 87 90 91 92 93 94 96
campaign,reference,100,0-2-9,7,22756,50,1 3 4 9 10 12 13 15 16 20 21 22 23 25 26 27 28 32 34 36 37 39 45 49 56 57 58 61 62 63 64 66 68 69 70 71 72 73 74 77 81 84 86 87 90 91 92 93 94 96
campaign,reference,100,0-2-9,8,22756,50,1 3 4 9 10 12 13 15 16 20 21 22 23 25 26 27 28 32 34 36 37 39 45 49 56 57 58 61 62 63 64 66 68 69 70 71 72 73 74 77 81 84 86 87 90 91 92 93 94 96
campaign,reference,100,0-2-9,9,22756,50,1 3 4 9 10 12 13 15 16 20 21 22 23 25 26 27 28 32 34 36 37 39 45 49 56 57 58 61 62 63 64 66 68 69 70 71 72 73 74 77 81 84 86 87 90 91 92 93 94 96
campaign,reference,100,0-2-9,10,22756,50,1 3 4 9 10 12 13 15 16 20 21 22 23 25 26 27 28 32 34 36 37 39 45 49 56 57 58 61 62 63 64 66 68 69 70 71 72 73 74 77 81 84 86 87 90 91 92 93 94 96
campaign,reference,100,0-2-10,1,24498,50,3 6 8 9 10 11 12 15 20 21 22 23 25 26 28 29 32 33 36 37 39 42 43 45 46 53 56 57 58 59 60 63 64 65 68 71 73 74 78 79 81 83 84 87 88 90 93 94 96 98
campaign,reference,100,0-2-10,2,24498,50,3 6 8 9 10 11 12 15 20 21 22 23 25 26 28 29 32 33 36 37 39 42 43 45 46 53 56 57 58 59 60 63 64 65 68 71 73 74 78 79 81 83 84 87 88 90 93 94 96 98
campaign,reference,100,0-2-10,3,24498,50,3 6 8 9 10 11 12 15 20 21 22 23 25 26 28 29 32 33 36 37 39 42 43 45 46 53 56 57 58 59 60 63 64 65 68 71 73 74 78 79 81 83 84 87 88 90 93 94 96 98
campaign,reference,100,0-2-10,4,24498,50,3 6 8 9 10 11 12 15 20 21 22 23 25 26 28 29 32 33 36 37 39 42 43 45 46 53 56 57 58 59 60 63 64 65 68 71 73 74 78 79 81 83 84 87 88 90 93 94 96 98
campaign,reference,100,0-2-10,5,24498,50,3 6 8 9 10 11 12 15 20 21 22 23 25 26 28 29 32 33 36 37 39 42 43 45 46 53 56 57 58 59 60 63 64 65 68 71 73 74 78 79 81 83 84 87 88 90 93 94 96 98
campaign,reference,100,0-2-10,6,24498,50,3 6 8 9 10 11 12 15 20 21 22 23 25 26 28 29 32 33 36 37 39 42 43 45 46 53 56 57 58 59 60 63 64 65 68 71 73 74 78 79 81 83 84 87 88 90 93 94 96 98
campaign,reference,100,0-2-10,7,24498,50,3 6 8 9 10 11 12 15 20 21 22 23 25 26 28 29 32 33 36 37 39 42 43 45 46 53 56 57 58 59 60 63 64 65 68 71 73 74 78 79 81 83 84 87 88 90 93 94 96 98
campaign,reference,100,0-2-10,8,24498,50,3 6 8 9 10 11 12 15 20 21 22 23 25 26 28 29 32 33 36 37 39 42 43 45 46 53 56 57 58 59 60 63 64 65 68 71 73 74 78 79 81 83 84 87 88 90 93 94 96 98
campaign,reference,100,0-2-10,9,24498,50,3 6 8 9 10 11 12 15 20 21 22 23 25 26 28 29 32 33 36 37 39 42 43 45 46 53 56 57 58 59 60 63 64 65 68 71 73 74 78 79 81 83 84 87 88 90 93 94 96 98
campaign,reference,100,0-2-10,10,24498,50,3 6 8 9 10 11 12 15 20 21 22 23 25 26 28 29 32 33 36 37 39 42 43 45 46 53 56 57 58 59 60 63 64 65 68 71 73 74 78 79 81 83 84 87 88 90 93 94 96 98
campaign,reference,100,0-2-11,1,33472,75,0 1 3 4 8 9 10 11 13 16 17 18 19 21 22 23 25 26 27 28 29 30 31 32 33 34 35 36 37 39 40 41 42 43 44 45 46 49 50 54 55 56 57 58 60 61 62 63 64 65 66 68 69 71 72 73 74 75 78 80 82 83 84 85 86 89 90 92 93 94 95 96 97 98 99
campaign,reference,100,0-2-11,2,33472,75,0 1 3 4 8 9 10 11 13 16 17 18 19 21 22 23 25 26 27 28 29 30 31 32 33 34 35 36 37 39 40 41 42 43 44 45 46 49 50 54 55 56 57 58 60 61 62 63 64 65 66 68 69 71 72 73 74 75 78 80 82 83 84 85 86 89 90 92 93 94 95 96 97 98 99
campaign,reference,100,0-2-11,3,33472,75,0 1 3 4 8 9 10 11 13 16 17 18 19 21 22 23 25 26 27 28 29 30 31 32 33 34 35 36 37 39 40 41 42 43 44 45 46 49 50 54 55 56 57 58 60 61 62 63 64 65 66 68 69 71 72 73 74 75 78 80 82 83 84 85 86 89 90 92 93 94 95 96 97 98 99
campaign,reference,100,0-2-11,4,33472,75,0 1 3 4 8 9 10 11 13 16 17 18 19 21 22 23 25 26 27 28 29 30 31 32 33 34 35 36 37 39 40 41 42 43 44 45 46 49 50 54 55 56 57 58 60 61 62 63 64 65 66 68 69 71 72 73 74 75 78 80 82 83 84 85 86 89 90 92 93 94 95 96 97 98 99
campaign,reference,100,0-2-11,5,33472,75,0 1 3 4 8 9 10 11 13 16 17 18 19 21 22 23 25 26 27 28 29 30 31 32 33 34 35 36 37 39 40 41 42 43 44 45 46 49 50 54 55 56 57 58 60 61 62 63 64 65 66 68 69 71 72 73 74 75 78 80 82 83 84 85 86 89 90 92 93 94 95 96 97 98 99
campaign,reference,100,0-2-11,6,33472,75,0 1 3 4 8 9 10 11 13 16 17 18 19 21 22 23 25 26 27 28 29 30 31 32 33 34 35 36 37 39 40 41 42 43 44 45 46 49 50 54 55 56 57 58 60 61 62 63 64 65 66 68 69 71 72 73 74 75 78 80 82 83 84 85 86 89 90 92 93 94 95 96 97 98 99
campaign,reference,100,0-2-11,7,33472,75,0 1 3 4 8 9 10 11 13 16 17 18 19 21 22 23 25 26 27 28 29 30 31 32 33 34 35 36 37 39 40 41 42 43 44 45 46 49 50 54 55 56 57 58 60 61 62 63 64 65 66 68 69 71 72 73 74 75 78 80 82 83 84 85 86 89 90 92 93 94 95 96 97 98 99
campaign,reference,100,0-2-11,8,33472,75,0 1 3 4 8 9 10 11 13 16 17 18 19 21 22 23 25 26 27 28 29 30 31 32 33 34 35 36 37 39 40 41 42 43 44 45 46 49 50 54 55 56 57 58 60 61 62 63 64 65 66 68 69 71 72 73 74 75 78 80 82 83 84 85 86 89 90 92 93 94 95 96 97 98 99
campaign,reference,100,0-2-11,9,33472,75,0 1 3 4 8 9 10 11 13 16 17 18 19 21 22 23 25 26 27 28 29 30 31 32 33 34 35 36 37 39 40 41 42 43 44 45 46 49 50 54 55 56 57 58 60 61 62 63 64 65 66 68 69 71 72 73 74 75 78 80 82 83 84 85 86 89 90 92 93 94 95 96 97 98 99
campaign,reference,100,0-2-11,10,33472,75,0 1 3 4 8 9 10 11 13 16 17 18 19 21 22 23 25 26 27 28 29 30 31 32 33 34 35 36 37 39 40 41 42 43 44 45 46 49 50 54 55 56 57 58 60 61 62 63 64 65 66 68 69 71 72 73 74 75 78 80 82 83 84 85 86 89 90 92 93 94 95 96 97 98 99
campaign,reference,100,0-2-12,1,32670,75,0 1 2 3 4 5 6 7 8 9 10 11 12 13 15 16 17 18 19 21 22 23 25 26 27 28 29 32 33 34 35 36 39 42 43 44 45 46 47 48 50 51 53 55 56 57 58 59 60 61 62 63 64 65 66 68 69 70 71 72 73 74 76 78 80 81 84 88 90 92 93 95 96 97 99
campaign,reference,100,0-2-12,2,32670,75,0 1 2 3 4 5 6 7 8 9 10 11 12 13 15 16 17 18 19 21 22 23 25 26 27 28 29 32 33 34 35 36 39 42 43 44 45 46 47 48 50 51 53 55 56 57 58 59 60 61 62 63 64 65 66 68 69 70 71 72 73 74 76 78 80 81 84 88 90 92 93 95 96 97 99
campaign,reference,100,0-2-12,3,32670,75,0 1 2 3 4 5 6 7 8 9 10 11 12 13 15 16 17 18 19 21 22 23 25 26 27 28 29 32 33 34 35 36 39 42 43 44 45 46 47 48 50 51 53 55 56 57 58 59 60 61 62 63 64 65 66 68 69 70 71 72 73 74 76 78 80 81 84 88 90 92 93 95 96 97 99
campaign,reference,100,0-2-12,4,32670,75,0 1 2 3 4 5 6 7 8 9 10 11 12 13 15 16 17 18 19 21 22 23 25 26 27 28 29 32 33 34 35 36 39 42 43 44 45 46 47 48 50 51 53 55 56 57 58 59 60 61 62 63 64 65 66 68 69 70 71 72 73 74 76 78 80 81 84 88 90 92 93 95 96 97 99
campaign,reference,100,0-2-12,5,32670,75,0 1 2 3 4 5 6 7 8 9 10 11 12 13 15 16 17 18 19 21 22 23 25 26 27 28 29 32 33 34 35 36 39 42 43 44 45 46 47 48 50 51 53 55 56 57 58 59 60 61 62 63 64 65 66 68 69 70 71 72 73 74 76 78 80 81 84 88 90 92 93 95 96 97 99
campaign,reference,100,0-2-12,6,32670,75,0 1 2 3 4 5 6 7 8 9 10 11 12 13 15 16 17 18 19 21 22 23 25 26 27 28 29 32 33 34 35 36 39 42 43 44 45 46 47 48 50 51 53 55 56 57 58 59 60 61 62 63 64 65 66 68 69 70 71 72 73 74 76 78 80 81 84 88 90 92 93 95 96 97 99
campaign,reference,100,0-2-12,7,32670,75,0 1 2 3 4 5 6 7 8 9 10 11 12 13 15 16 17 18 19 21 22 23 25 26 27 28 29 32 33 34 35 36 39 42 43 44 45 46 47 48 50 51 53 55 56 57 58 59 60 61 62 63 64 65 66 68 69 70 71 72 73 74 76 78 80 81 84 88 90 92 93 95 96 97 99
campaign,reference,100,0-2-12,8,32670,75,0 1 2 3 4 5 6 7 8 9 10 11 12 13 15 16 17 18 19 21 22 23 25 26 27 28 29 32 33 34 35 36 39 42 43 44 45 46 47 48 50 51 53 55 56 57 58 59 60 61 62 63 64 65 66 68 69 70 71 72 73 74 76 78 80 81 84 88 90 92 93 95 96 97 99
campaign,reference,100,0-2-12,9,32670,75,0 1 2 3 4 5 6 7 8 9 10 11 12 13 15 16 17 18 19 21 22 23 25 26 27 28 29 32 33 34 35 36 39 42 43 44 45 46 47 48 50 51 53 55 56 57 58 59 60 61 62 63 64 65 66 68 69 70 71 72 73 74 76 78 80 81 84 88 90 92 93 95 96 97 99
campaign,reference,100,0-2-12,10,32670,75,0 1 2 3 4 5 6 7 8 9 10 11 12 13 15 16 17 18 19 21 22 23 25 26 27 28 29 32 33 34 35 36 39 42 43 44 45 46 47 48 50 51 53 55 56 57 58 59 60 61 62 63 64 65 66 68 69 70 71 72 73 74 76 78 80 81 84 88 90 92 93 95 96 97 99
campaign,reference,100,0-2-13,1,32942,75,1 3 5 6 8 9 10 11 12 13 14 15 16 19 21 23 24 25 26 27 28 29 31 32 33 34 38 39 42 43 45 46 47 48 49 51 52 54 56 57 58 60 61 62 63 64 65 66 68 69 70 71 72 73 74 77 78 79 81 82 83 84 85 86 87 88 90 92 93 94 95 96 97 98 99
campaign,reference,100,0-2-13,2,32942,75,1 3 5 6 8 9 10 11 12 13 14 15 16 19 21 23 24 25 26 27 28 29 31 32 33 34 38 39 42 43 45 46 47 48 49 51 52 54 56 57 58 60 61 62 63 64 65 66 68 69 70 71 72 73 74 77 78 79 81 82 83 84 85 86 87 88 90 92 93 94 95 96 97 98 99
campaign,reference,100,0-2-13,3,32942,75,1 3 5 6 8 9 10 11 12 13 14 15 16 19 21 23 24 25 26 27 28 29 31 32 33 34 38 39 42 43 45 46 47 48 49 51 52 54 56 57 58 60 61 62 63 64 65 66 68 69 70 71 72 73 74 77 78 79 81 82 83 84 85 86 87 88 90 92 93 94 95 96 97 98 99
campaign,reference,100,0-2-13,4,32942,75,1 3 5 6 8 9 10 11 12 13 14 15 16 19 21 23 24 25 26 27 28 29 31 32 33 34 38 39 42 43 45 46 47 48 49 51 52 54 56 57 58 60 61 62 63 64 65 66 68 69 70 71 72 73 74 77 78 79 81 82 83 84 85 86 87 88 90 92 93 94 95 96 97 98 99
campaign,reference,100,0-2-13,5,32942,75,1 3 5 6 8 9 10 11 12 13 14 15 16 19 21 23 24 25 26 27 28 29 31 32 33 34 38 39 42 43 45 46 47 48 49 51 52 54 56 57 58 60 61 62 63 64 65 66 68 69 70 71 72 73 74 77 78 79 81 82 83 84 85 86 87 88 90 92 93 94 95 96 97 98 99
campaign,reference,100,0-2-13,6,32942,75,1 3 5 6 8 9 10 11 12 13 14 15 16 19 21 23 24 25 26 27 28 29 31 32 33 34 38 39 42 43 45 46 47 48 49 51 52 54 56 57 58 60 61 62 63 64 65 66 68 69 70 71 72 73 74 77 78 79 81 82 83 84 85 86 87 88 90 92 93 94 95 96 97 98 99
campaign,reference,100,0-2-13,7,32942,75,1 3 5 6 8 9 10 11 12 13 14 15 16 19 21 23 24 25 26 27 28 29 31 32 33 34 38 39 42 43 45 46 47 48 49 51 52 54 56 57 58 60 61 62 63 64 65 66 68 69 70 71 72 73 74 77 78 79 81 82 83 84 85 86 87 88 90 92 93 94 95 96 97 98 99
campaign,reference,100,0-2-13,8,32942,75,1 3 5 6 8 9 10 11 12 13 14 15 16 19 21 23 24 25 26 27 28 29 31 32 33 34 38 39 42 43 45 46 47 48 49 51 52 54 56 57 58 60 61 62 63 64 65 66 68 69 70 71 72 73 74 77 78 79 81 82 83 84 85 86 87 88 90 92 93 94 95 96 97 98 99
campaign,reference,100,0-2-13,9,32942,75,1 3 5 6 8 9 10 11 12 13 14 15 16 19 21 23 24 25 26 27 28 29 31 32 33 34 38 39 42 43 45 46 47 48 49 51 52 54 56 57 58 60 61 62 63 64 65 66 68 69 70 71 72 73 74 77 78 79 81 82 83 84 85 86 87 88 90 92 93 94 95 96 97 98 99
campaign,reference,100,0-2-13,10,32942,75,1 3 5 6 8 9 10 11 12 13 14 15 16 19 21 23 24 25 26 27 28 29 31 32 33 34 38 39 42 43 45 46 47 48 49 51 52 54 56 57 58 60 61 62 63 64 65 66 68 69 70 71 72 73 74 77 78 79 81 82 83 84 85 86 87 88 90 92 93 94 95 96 97 98 99
campaign,reference,100,0-2-14,1,35106,75,1 3 4 6 8 9 10 11 12 13 15 16 17 19 20 21 22 23 25 26 27 28 32 33 34 35 36 37 39 40 41 42 43 44 45 49 53 56 57 58 59 60 62 63 65 66 68 70 71 72 73 74 75 76 77 78 79 81 82 83 84 85 86 87 88 90 91 92 93 94 95 96 97 98 99
campaign,reference,100,0-2-14,2,35106,75,1 3 4 6 8 9 10 11 12 13 15 16 17 19 20 21 22 23 25 26 27 28 32 33 34 35 36 37 39 40 41 42 43 44 45 49 53 56 57 58 59 60 62 63 65 66 68 70 71 72 73 74 75 76 77 78 79 81 82 83 84 85 86 87 88 90 91 92 93 94 95 96 97 98 99
campaign,reference,100,0-2-14,3,35106,75,1 3 4 6 8 9 10 11 12 13 15 16 17 19 20 21 22 23 25 26 27 28 32 33 34 35 36 37 39 40 41 42 43 44 45 49 53 56 57 58 59 60 62 63 65 66 68 70 71 72 73 74 75 76 77 78 79 81 82 83 84 85 86 87 88 90 91 92 93 94 95 96 97 98 99
campaign,reference,100,0-2-14,4,35106,75,1 3 4 6 8 9 10 11 12 13 15 16 17 19 20 21 22 23 25 26 27 28 32 33 34 35 36 37 39 40 41 42 43 44 45 49 53 56 57 58 59 60 62 63 65 66 68 70 71 72 73 74 75 76 77 78 79 81 82 83 84 85 86 87 88 90 91 92 93 94 95 96 97 98 99
campaign,reference,100,0-2-14,5,35106,75,1 3 4 6 8 9 10 11 12 13 15 16 17 19 20 21 22 23 25 26 27 28 32 33 34 35 36 37 39 40 41 42 43 44 45 49 53 56 57 58 59 60 62 63 65 66 68 70 71 72 73 74 75 76 77 78 79 81 82 83 84 85 86 87 88 90 91 92 93 94 95 96 97 98 99
campaign,reference,100,0-2-14,6,35106,75,1 3 4 6 8 9 10 11 12 13 15 16 17 19 20 21 22 23 25 26 27 28 32 33 34 35 36 37 39 40 41 42 43 44 45 49 53 56 57 58 59 60 62 63 65 66 68 70 71 72 73 74 75 76 77 78 79 81 82 83 84 85 86 87 88 90 91 92 93 94 95 96 97 98 99
campaign,reference,100,0-2-14,7,35106,75,1 3 4 6 8 9 10 11 12 13 15 16 17 19 20 21 22 23 25 26 27 28 32 33 34 35 36 37 39 40 41 42 43 44 45 49 53 56 57 58 59 60 62 63 65 66 68 70 71 72 73 74 75 76 77 78 79 81 82 83 84 85 86 87 88 90 91 92 93 94 95 96 97 98 99
campaign,reference,100,0-2-14,8,35106,75,1 3 4 6 8 9 10 11 12 13 15 16 17 19 20 21 22 23 25 26 27 28 32 33 34 35 36 37 39 40 41 42 43 44 45 49 53 56 57 58 59 60 62 63 65 66 68 70 71 72 73 74 75 76 77 78 79 81 82 83 84 85 86 87 88 90 91 92 93 94 95 96 97 98 99
campaign,reference,100,0-2-14,9,35106,75,1 3 4 6 8 9 10 11 12 13 15 16 17 19 20 21 22 23 25 26 27 28 32 33 34 35 36 37 39 40 41 42 43 44 45 49 53 56 57 58 59 60 62 63 65 66 68 70 71 72 73 74 75 76 77 78 79 81 82 83 84 85 86 87 88 90 91 92 93 94 95 96 97 98 99
campaign,reference,100,0-2-14,10,35106,75,1 3 4 6 8 9 10 11 12 13 15 16 17 19 20 21 22 23 25 26 27 28 32 33 34 35 36 37 39 40 41 42 43 44 45 49 53 56 57 58 59 60 62 63 65 66 68 70 71 72 73 74 75 76 77 78 79 81 82 83 84 85 86 87 88 90 91 92 93 94 95 96 97 98 99
campaign,reference,100,0-2-15,1,30930,75,0 1 3 4 6 9 10 11 12 13 14 15 20 21 22 23 24 25 26 27 28 29 31 32 34 35 36 37 40 41 42 43 45 48 49 53 55 56 58 60 61 62 63 64 65 66 67 68 69 70 71 72 73 74 76 77 78 79 80 82 83 84 85 86 87 88 90 91 92 93 94 96 97 98 99
campaign,reference,100,0-2-15,2,30930,75,0 1 3 4 6 9 10 11 12 13 14 15 20 21 22 23 24 25 26 27 28 29 31 32 34 35 36 37 40 41 42 43 45 48 49 53 55 56 58 60 61 62 63 64 65 66 67 68 69 70 71 72 73 74 76 77 78 79 80 82 83 84 85 86 87 88 90 91 92 93 94 96 97 98 99
campaign,reference,100,0-2-15,3,30930,75,0 1 3 4 6 9 10 11 12 13 14 15 20 21 22 23 24 25 26 27 28 29 31 32 34 35 36 37 40 41 42 43 45 48 49 53 55 56 58 60 61 62 63 64 65 66 67 68 69 70 71 72 73 74 76 77 78 79 80 82 83 84 85 86 87 88 90 91 92 93 94 96 97 98 99
campaign,reference,100,0-2-15,4,30930,75,0 1 3 4 6 9 10 11 12 13 14 15 20 21 22 23 24 25 26 27 28 29 31 32 34 35 36 37 40 41 42 43 45 48 49 53 55 56 58 60 61 62 63 64 65 66 67 68 69 70 71 72 73 74 76 77 78 79 80 82 83 84 85 86 87 88 90 91 92 93 94 96 97 98 99
campaign,reference,100,0-2-15,5,30930,75,0 1 3 4 6 9 10 11 12 13 14 15 20 21 22 23 24 25 26 27 28 29 31 32 34 35 36 37 40 41 42 43 45 48 49 53 55 56 58 60 61 62 63 64 65 66 67 68 69 70 71 72 73 74 76 77 78 79 80 82 83 84 85 86 87 88 90 91 92 93 94 96 97 98 99
campaign,reference,100,0-2-15,6,30930,75,0 1 3 4 6 9 10 11 12 13 14 15 20 21 22 23 24 25 26 27 28 29 31 32 34 35 36 37 40 41 42 43 45 48 49 53 55 56 58 60 61 62 63 64 65 66 67 68 69 70 71 72 73 74 76 77 78 79 80 82 83 84 85 86 87 88 90 91 92 93 94 96 97 98 99
campaign,reference,100,0-2-15,7,30930,75,0 1 3 4 6 9 10 11 12 13 14 15 20 21 22 23 24 25 26 27 28 29 31 32 34 35 36 37 40 41 42 43 45 48 49 53 55 56 58 60 61 62 63 64 65 66 67 68 69 70 71 72 73 74 76 77 78 79 80 82 83 84 85 86 87 88 90 91 92 93 94 96 97 98 99
campaign,reference,100,0-2-15,8,30930,75,0 1 3 4 6 9 10 11 12 13 14 15 20 21 22 23 24 25 26 27 28 29 31 32 34 35 36 37 40 41 42 43 45 48 49 53 55 56 58 60 61 62 63 64 65 66 67 68 69 70 71 72 73 74 76 77 78 79 80 82 83 84 85 86 87 88 90 91 92 93 94 96 97 98 99
campaign,reference,100,0-2-15,9,30930,75,0 1 3 4 6 9 10 11 12 13 14 15 20 21 22 23 24 25 26 27 28 29 31 32 34 35 36 37 40 41 42 43 45 48 49 53 55 56 58 60 61 62 63 64 65 66 67 68 69 70 71 72 73 74 76 77 78 79 80 82 83 84 85 86 87 88 90 91 92 93 94 96 97 98 99
campaign,reference,100,0-2-15,10,30930,75,0 1 3 4 6 9 10 11 12 13 14 15 20 21 22 23 24 25 26 27 28 29 31 32 34 35 36 37 40 41 42 43 45 48 49 53 55 56 58 60 61 62 63 64 65 66 67 68 69 70 71 72 73 74 76 77 78 79 80 82 83 84 85 86 87 88 90 91 92 93 94 96 97 98 99
campaign,reference,100,1-5-1,1,5378,25,10 15 21 26 31 35 36 38 40 42 45 55 58 63 65 68 69 71 73 79 81 85 94 95 99
campaign,reference,100,1-5-1,2,5378,25,10 15 21 26 31 35 36 38 40 42 45 55 58 63 65 68 69 71 73 79 81 85 94 95 99
campaign,reference,100,1-5-1,3,5378,25,10 15 21 26 31 35 36 38 40 42 45 55 58 63 65 68 69 71 73 79 81 85 94 95 99
campaign,reference,100,1-5-1,4,5378,25,10 15 21 26 31 35 36 38 40 42 45 55 58 63 65 68 69 71 73 79 81 85 94 95 99
campaign,reference,100,1-5-1,5,5378,25,10 15 21 26 31 35 36 38 40 42 45 55 58 63 65 68 69 71 73 79 81 85 94 95 99
campaign,reference,100,1-5-1,6,5378,25,10 15 21 26 31 35 36 38 40 42 45 55 58 63 65 68 69 71 73 79 81 85 94 95 99
campaign,reference,100,1-5-1,7,5378,25,10 15 21 26 31 35 36 38 40 42 45 55 58 63 65 68 69 71 73 79 81 85 94 95 99
campaign,reference,100,1-5-1,8,5378,25,10 15 21 26 31 35 36 38 40 42 45 55 58 63 65 68 69 71 73 79 81 85 94 95 99
campaign,reference,100,1-5-1,9,5378,25,10 15 21 26 31 35 36 38 40 42 45 55 58 63 65 68 69 71 73 79 81 85 94 95 99
campaign,reference,100,1-5-1,10,5378,25,10 15 21 26 31 35 36 38 40 42 45 55 58 63 65 68 69 71 73 79 81 85 94 95 99
campaign,reference,100,1-5-2,1,4390,25,10 11 16 21 27 32 34 35 36 41 42 49 58 60 63 64 65 69 73 86 88 93 94 95 99
campaign,reference,100,1-5-2,2,4390,25,10 11 16 21 27 32 34 35 36 41 42 49 58 60 63 64 65 69 73 86 88 93 94 95 99
campaign,reference,100,1-5-2,3,4390,25,10 11 16 21 27 32 34 35 36 41 42 49 58 60 63 64 65 69 73 86 88 93 94 95 99
campaign,reference,100,1-5-2,4,4390,25,10 11 16 21 27 32 34 35 36 41 42 49 58 60 63 64 65 69 73 86 88 93 94 95 99
campaign,reference,100,1-5-2,5,4390,25,10 11 16 21 27 32 34 35 36 41 42 49 58 60 63 64 65 69 73 86 88 93 94 95 99
campaign,reference,100,1-5-2,6,4390,25,10 11 16 21 27 32 34 35 36 41 42 49 58 60 63 64 65 69 73 86 88 93 94 95 99
campaign,reference,100,1-5-2,7,4390,25,10 11 16 21 27 32 34 35 36 41 42 49 58 60 63 64 65 69 73 86 88 93 94 95 99
campaign,reference,100,1-5-2,8,4390,25,10 11 16 21 27 32 34 35 36 41 42 49 58 60 63 64 65 69 73 86 88 93 94 95 99
campaign,reference,100,1-5-2,9,4390,25,10 11 16 21 27 32 34 35 36 41 42 49 58 60 63 64 65 69 73 86 88 93 94 95 99
campaign,reference,100,1-5-2,10,4390,25,10 11 16 21 27 32 34 35 36 41 42 49 58 60 63 64 65 69 73 86 88 93 94 95 99
campaign,reference,100,1-5-3,1,4227,25,0 9 10 13 15 17 18 25 26 27 33 35 36 40 49 63 64 65 70 74 75 86 94 95 99
campaign,reference,100,1-5-3,2,4227,25,0 9 10 13 15 17 18 25 26 27 33 35 36 40 49 63 64 65 70 74 75 86 94 95 99
campaign,reference,100,1-5-3,3,4227,25,0 9 10 13 15 17 18 25 26 27 33 35 36 40 49 63 64 65 70 74 75 86 94 95 99
campaign,reference,100,1-5-3,4,4227,25,0 9 10 13 15 17 18 25 26 27 33 35 36 40 49 63 64 65 70 74 75 86 94 95 99
campaign,reference,100,1-5-3,5,4227,25,0 9 10 13 15 17 18 25 26 27 33 35 36 40 49 63 64 65 70 74 75 86 94 95 99
campaign,reference,100,1-5-3,6,4227,25,0 9 10 13 15 17 18 25 26 27 33 35 36 40 49 63 64 65 70 74 75 86 94 95 99
campaign,reference,100,1-5-3,7,4227,25,0 9 10 13 15 17 18 25 26 27 33 35 36 40 49 63 64 65 70 74 75 86 94 95 99
campaign,reference,100,1-5-3,8,4227,25,0 9 10 13 15 17 18 25 26 27 33 35 36 40 49 63 64 65 70 74 75 86 94 95 99
campaign,reference,100,1-5-3,9,4227,25,0 9 10 13 15 17 18 25 26 27 33 35 36 40 49 63 64 65 70 74 75 86 94 95 99
campaign,reference,100,1-5-3,10,4227,25,0 9 10 13 15 17 18 25 26 27 33 35 36 40 49 63 64 65 70 74 75 86 94 95 99
campaign,reference,100,1-5-4,1,4706,25,2 9 10 13 15 17 25 27 28 31 33 35 36 43 55 61 63 67 73 74 88 93 94 97 99
campaign,reference,100,1-5-4,2,4706,25,2 9 10 13 15 17 25 27 28 31 33 35 36 43 55 61 63 67 73 74 88 93 94 97 99
campaign,reference,100,1-5-4,3,4706,25,2 9 10 13 15 17 25 27 28 31 33 35 36 43 55 61 63 67 73 74 88 93 94 97 99
campaign,reference,100,1-5-4,4,4706,25,2 9 10 13 15 17 25 27 28 31 33 35 36 43 55 61 63 67 73 74 88 93 94 97 99
campaign,reference,100,1-5-4,5,4706,25,2 9 10 13 15 17 25 27 28 31 33 35 36 43 55 61 63 67 73 74 88 93 94 97 99
campaign,reference,100,1-5-4,6,4706,25,2 9 10 13 15 17 25 27 28 31 33 35 36 43 55 61 63 67 73 74 88 93 94 97 99
campaign,reference,100,1-5-4,7,4706,25,2 9 10 13 15 17 25 27 28 31 33 35 36 43 55 61 63 67 73 74 88 93 94 97 99
campaign,reference,100,1-5-4,8,4706,25,2 9 10 13 15 17 25 27 28 31 33 35 36 43 55 61 63 67 73 74 88 93 94 97 99
campaign,reference,100,1-5-4,9,4706,25,2 9 10 13 15 17 25 27 28 31 33 35 36 43 55 61 63 67 73 74 88 93 94 97 99
campaign,reference,100,1-5-4,10,4706,25,2 9 10 13 15 17 25 27 28 31 33 35 36 43 55 61 63 67 73 74 88 93 94 97 99
campaign,reference,100,1-5-5,1,2597,25,5 9 12 13 23 26 32 42 43 60 63 67 70 71 72 73 74 77 78 83 87 88 93 95 99
campaign,reference,100,1-5-5,2,2597,25,5 9 12 13 23 26 32 42 43 60 63 67 70 71 72 73 74 77 78 83 87 88 93 95 99
campaign,reference,100,1-5-5,3,2597,25,5 9 12 13 23 26 32 42 43 60 63 67 70 71 72 73 74 77 78 83 87 88 93 95 99
campaign,reference,100,1-5-5,4,2597,25,5 9 12 13 23 26 32 42 43 60 63 67 70 71 72 73 74 77 78 83 87 88 93 95 99
campaign,reference,100,1-5-5,5,2597,25,5 9 12 13 23 26 32 42 43 60 63 67 70 71 72 73 74 77 78 83 87 88 93 95 99
campaign,reference,100,1-5-5,6,2597,25,5 9 12 13 23 26 32 42 43 60 63 67 70 71 72 73 74 77 78 83 87 88 93 95 99
campaign,reference,100,1-5-5,7,2597,25,5 9 12 13 23 26 32 42 43 60 63 67 70 71 72 73 74 77 78 83 87 88 93 95 99
campaign,reference,100,1-5-5,8,2597,25,5 9 12 13 23 26 32 42 43 60 63 67 70 71 72 73 74 77 78 83 87 88 93 95 99
campaign,reference,100,1-5-5,9,2597,25,5 9 12 13 23 26 32 42 43 60 63 67 70 71 72 73 74 77 78 83 87 88 93 95 99
campaign,reference,100,1-5-5,10,2597,25,5 9 12 13 23 26 32 42 43 60 63 67 70 71 72 73 74 77 78 83 87 88 93 95 99
campaign,reference,100,1-5-6,1,10808,50,0 2 4 5 8 9 10 12 13 15 16 17 18 21 25 26 27 28 29 31 34 35 36 38 41 49 50 51 55 60 61 63 65 67 69 70 73 74 75 76 78 79 81 84 85 88 93 94 97 98
campaign,reference,100,1-5-6,2,10808,50,0 2 4 5 8 9 10 12 13 15 16 17 18 21 25 26 27 28 29 31 34 35 36 38 41 49 50 51 55 60 61 63 65 67 69 70 73 74 75 76 78 79 81 84 85 88 93 94 97 98
campaign,reference,100,1-5-6,3,10808,50,0 2 4 5 8 9 10 12 13 15 16 17 18 21 25 26 27 28 29 31 34 35 36 38 41 49 50 51 55 60 61 63 65 67 69 70 73 74 75 76 78 79 81 84 85 88 93 94 97 98
campaign,reference,100,1-5-6,4,10808,50,0 2 4 5 8 9 10 12 13 15 16 17 18 21 25 26 27 28 29 31 34 35 36 38 41 49 50 51 55 60 61 63 65 67 69 70 73 74 75 76 78 79 81 84 85 88 93 94 97 98
campaign,reference,100,1-5-6,5,10808,50,0 2 4 5 8 9 10 12 13 15 16 17 18 21 25 26 27 28 29 31 34 35 36 38 41 49 50 51 55 60 61 63 65 67 69 70 73 74 75 76 78 79 81 84 85 88 93 94 97 98
campaign,reference,100,1-5-6,6,10808,50,0 2 4 5 8 9 10 12 13 15 16 17 18 21 25 26 27 28 29 31 34 35 36 38 41 49 50 51 55 60 61 63 65 67 69 70 73 74 75 76 78 79 81 84 85 88 93 94 97 98
campaign,reference,100,1-5-6,7,10808,50,0 2 4 5 8 9 10 12 13 15 16 17 18 21 25 26 27 28 29 31 34 35 36 38 41 49 50 51 55 60 61 63 65 67 69 70 73 74 75 76 78 79 81 84 85 88 93 94 97 98
campaign,reference,100,1-5-6,8,10808,50,0 2 4 5 8 9 10 12 13 15 16 17 18 21 25 26 27 28 29 31 34 35 36 38 41 49 50 51 55 60 61 63 65 67 69 70 73 74 75 76 78 79 81 84 85 88 93 94 97 98
campaign,reference,100,1-5-6,9,10808,50,0 2 4 5 8 9 10 12 13 15 16 17 18 21 25 26 27 28 29 31 34 35 36 38 41 49 50 51 55 60 61 63 65 67 69 70 73 74 75 76 78 79 81 84 85 88 93 94 97 98
campaign,reference,100,1-5-6,10,10808,50,0 2 4 5 8 9 10 12 13 15 16 17 18 21 25 26 27 28 29 31 34 35 36 38 41 49 50 51 55 60 61 63 65 67 69 70 73 74 75 76 78 79 81 84 85 88 93 94 97 98
campaign,reference,100,1-5-7,1,9931,51,4 9 10 11 12 13 15 17 19 22 23 24 26 27 28 31 33 35 36 38 40 42 43 45 46 48 50 51 55 59 61 63 64 65 68 69 72 73 74 75 78 79 80 83 87 88 89 93 95 97 98
campaign,reference,100,1-5-7,2,9931,51,4 9 10 11 12 13 15 17 19 22 23 24 26 27 28 31 33 35 36 38 40 42 43 45 46 48 50 51 55 59 61 63 64 65 68 69 72 73 74 75 78 79 80 83 87 88 89 93 95 97 98
campaign,reference,100,1-5-7,3,9931,51,4 9 10 11 12 13 15 17 19 22 23 24 26 27 28 31 33 35 36 38 40 42 43 45 46 48 50 51 55 59 61 63 64 65 68 69 72 73 74 75 78 79 80 83 87 88 89 93 95 97 98
campaign,reference,100,1-5-7,4,9931,51,4 9 10 11 12 13 15 17 19 22 23 24 26 27 28 31 33 35 36 38 40 42 43 45 46 48 50 51 55 59 61 63 64 65 68 69 72 73 74 75 78 79 80 83 87 88 89 93 95 97 98
campaign,reference,100,1-5-7,5,9931,51,4 9 10 11 12 13 15 17 19 22 23 24 26 27 28 31 33 35 36 38 40 42 43 45 46 48 50 51 55 59 61 63 64 65 68 69 72 73 74 75 78 79 80 83 87 88 89 93 95 97 98
campaign,reference,100,1-5-7,6,9931,51,4 9 10 11 12 13 15 17 19 22 23 24 26 27 28 31 33 35 36 38 40 42 43 45 46 48 50 51 55 59 61 63 64 65 68 69 72 73 74 75 78 79 80 83 87 88 89 93 95 97 98
campaign,reference,100,1-5-7,7,9931,51,4 9 10 11 12 13 15 17 19 22 23 24 26 27 28 31 33 35 36 38 40 42 43 45 46 48 50 51 55 59 61 63 64 65 68 69 72 73 74 75 78 79 80 83 87 88 89 93 95 97 98
campaign,reference,100,1-5-7,8,9931,51,4 9 10 11 12 13 15 17 19 22 23 24 26 27 28 31 33 35 36 38 40 42 43 45 46 48 50 51 55 59 61 63 64 65 68 69 72 73 74 75 78 79 80 83 87 88 89 93 95 97 98
campaign,reference,100,1-5-7,9,9931,51,4 9 10 11 12 13 15 17 19 22 23 24 26 27 28 31 33 35 36 38 40 42 43 45 46 48 50 51 55 59 61 63 64 65 68 69 72 73 74 75 78 79 80 83 87 88 89 93 95 97 98
campaign,reference,100,1-5-7,10,9931,51,4 9 10 11 12 13 15 17 19 22 23 24 26 27 28 31 33 35 36 38 40 42 43 45 46 48 50 51 55 59 61 63 64 65 68 69 72 73 74 75 78 79 80 83 87 88 89 93 95 97 98
campaign,reference,100,1-5-8,1,10882,50,4 8 9 10 11 12 13 15 16 17 18 21 22 26 27 28 29 31 32 34 35 36 38 40 41 43 44 45 46 50 55 60 63 66 69 71 72 73 74 75 76 77 78 84 85 88 89 92 94 96
campaign,reference,100,1-5-8,2,10882,50,4 8 9 10 11 12 13 15 16 17 18 21 22 26 27 28 29 31 32 34 35 36 38 40 41 43 44 45 46 50 55 60 63 66 69 71 72 73 74 75 76 77 78 84 85 88 89 92 94 96
campaign,reference,100,1-5-8,3,10882,50,4 8 9 10 11 12 13 15 16 17 18 21 22 26 27 28 29 31 32 34 35 36 38 40 41 43 44 45 46 50 55 60 63 66 69 71 72 73 74 75 76 77 78 84 85 88 89 92 94 96
campaign,reference,100,1-5-8,4,10882,50,4 8 9 10 11 12 13 15 16 17 18 21 22 26 27 28 29 31 32 34 35 36 38 40 41 43 44 45 46 50 55 60 63 66 69 71 72 73 74 75 76 77 78 84 85 88 89 92 94 96
campaign,reference,100,1-5-8,5,10882,50,4 8 9 10 11 12 13 15 16 17 18 21 22 26 27 28 29 31 32 34 35 36 38 40 41 43 44 45 46 50 55 60 63 66 69 71 72 73 74 75 76 77 78 84 85 88 89 92 94 96
campaign,reference,100,1-5-8,6,10882,50,4 8 9 10 11 12 13 15 16 17 18 21 22 26 27 28 29 31 32 34 35 36 38 40 41 43 44 45 46 50 55 60 63 66 69 71 72 73 74 75 76 77 78 84 85 88 89 92 94 96
campaign,reference,100,1-5-8,7,10882,50,4 8 9 10 11 12 13 15 16 17 18 21 22 26 27 28 29 31 32 34 35 36 38 40 41 43 44 45 46 50 55 60 63 66 69 71 72 73 74 75 76 77 78 84 85 88 89 92 94 96
campaign,reference,100,1-5-8,8,10882,50,4 8 9 10 11 12 13 15 16 17 18 21 22 26 27 28 29 31 32 34 35 36 38 40 41 43 44 45 46 50 55 60 63 66 69 71 72 73 74 75 76 77 78 84 85 88 89 92 94 96
campaign,reference,100,1-5-8,9,10882,50,4 8 9 10 11 12 13 15 16 17 18 21 22 26 27 28 29 31 32 34 35 36 38 40 41 43 44 45 46 50 55 60 63 66 69 71 72 73 74 75 76 77 78 84 85 88 89 92 94 96
campaign,reference,100,1-5-8,10,10882,50,4 8 9 10 11 12 13 15 16 17 18 21 22 26 27 28 29 31 32 34 35 36 38 40 41 43 44 45 46 50 55 60 63 66 69 71 72 73 74 75 76 77 78 84 85 88 89 92 94 96
campaign,reference,100,1-5-9,1,10595,50,0 3 4 9 10 11 12 13 14 15 17 18 21 22 26 28 29 31 32 34 35 36 37 40 41 43 49 55 58 60 61 63 64 66 67 69 71 72 73 74 75 76 77 84 85 87 93 94 96 97
campaign,reference,100,1-5-9,2,10595,50,0 3 4 9 10 11 12 13 14 15 17 18 21 22 26 28 29 31 32 34 35 36 37 40 41 43 49 55 58 60 61 63 64 66 67 69 71 72 73 74 75 76 77 84 85 87 93 94 96 97
campaign,reference,100,1-5-9,3,10595,50,0 3 4 9 10 11 12 13 14 15 17 18 21 22 26 28 29 31 32 34 35 36 37 40 41 43 49 55 58 60 61 63 64 66 67 69 71 72 73 74 75 76 77 84 85 87 93 94 96 97
campaign,reference,100,1-5-9,4,10595,50,0 3 4 9 10 11 12 13 14 15 17 18 21 22 26 28 29 31 32 34 35 36 37 40 41 43 49 55 58 60 61 63 64 66 67 69 71 72 73 74 75 76 77 84 85 87 93 94 96 97
campaign,reference,100,1-5-9,5,10595,50,0 3 4 9 10 11 12 13 14 15 17 18 21 22 26 28 29 31 32 34 35 36 37 40 41 43 49 55 58 60 61 63 64 66 67 69 71 72 73 74 75 76 77 84 85 87 93 94 96 97
campaign,reference,100,1-5-9,6,10595,50,0 3 4 9 10 11 12 13 14 15 17 18 21 22 26 28 29 31 32 34 35 36 37 40 41 43 49 55 58 60 61 63 64 66 67 69 71 72 73 74 75 76 77 84 85 87 93 94 96 97
campaign,reference,100,1-5-9,7,10595,50,0 3 4 9 10 11 12 13 14 15 17 18 21 22 26 28 29 31 32 34 35 36 37 40 41 43 49 55 58 60 61 63 64 66 67 69 71 72 73 74 75 76 77 84 85 87 93 94 96 97
campaign,reference,100,1-5-9,8,10595,50,0 3 4 9 10 11 12 13 14 15 17 18 21 22 26 28 29 31 32 34 35 36 37 40 41 43 49 55 58 60 61 63 64 66 67 69 71 72 73 74 75 76 77 84 85 87 93 94 96 97
campaign,reference,100,1-5-9,9,10595,50,0 3 4 9 10 11 12 13 14 15 17 18 21 22 26 28 29 31 32 34 35 36 37 40 41 43 49 55 58 60 61 63 64 66 67 69 71 72 73 74 75 76 77 84 85 87 93 94 96 97
campaign,reference,100,1-5-9,10,10595,50,0 3 4 9 10 11 12 13 14 15 17 18 21 22 26 28 29 31 32 34 35 36 37 40 41 43 49 55 58 60 61 63 64 66 67 69 71 72 73 74 75 76 77 84 85 87 93 94 96 97
campaign,reference,100,1-5-10,1,10297,50,0 1 3 4 6 8 9 10 11 13 15 17 21 22 23 26 27 28 29 31 32 33 34 35 36 38 40 41 43 45 49 55 60 61 62 63 65 71 73 74 75 76 84 85 87 88 93 94 98 99
campaign,reference,100,1-5-10,2,10297,50,0 1 3 4 6 8 9 10 11 13 15 17 21 22 23 26 27 28 29 31 32 33 34 35 36 38 40 41 43 45 49 55 60 61 62 63 65 71 73 74 75 76 84 85 87 88 93 94 98 99
campaign,reference,100,1-5-10,3,10297,50,0 1 3 4 6 8 9 10 11 13 15 17 21 22 23 26 27 28 29 31 32 33 34 35 36 38 40 41 43 45 49 55 60 61 62 63 65 71 73 74 75 76 84 85 87 88 93 94 98 99
campaign,reference,100,1-5-10,4,10297,50,0 1 3 4 6 8 9 10 11 13 15 17 21 22 23 26 27 28 29 31 32 33 34 35 36 38 40 41 43 45 49 55 60 61 62 63 65 71 73 74 75 76 84 85 87 88 93 94 98 99
campaign,reference,100,1-5-10,5,10297,50,0 1 3 4 6 8 9 10 11 13 15 17 21 22 23 26 27 28 29 31 32 33 34 35 36 38 40 41 43 45 49 55 60 61 62 63 65 71 73 74 75 76 84 85 87 88 93 94 98 99
campaign,reference,100,1-5-10,6,10297,50,0 1 3 4 6 8 9 10 11 13 15 17 21 22 23 26 27 28 29 31 32 33 34 35 36 38 40 41 43 45 49 55 60 61 62 63 65 71 73 74 75 76 84 85 87 88 93 94 98 99
campaign,reference,100,1-5-10,7,10297,50,0 1 3 4 6 8 9 10 11 13 15 17 21 22 23 26 27 28 29 31 32 33 34 35 36 38 40 41 43 45 49 55 60 61 62 63 65 71 73 74 75 76 84 85 87 88 93 94 98 99
campaign,reference,100,1-5-10,8,10297,50,0 1 3 4 6 8 9 10 11 13 15 17 21 22 23 26 27 28 29 31 32 33 34 35 36 38 40 41 43 45 49 55 60 61 62 63 65 71 73 74 75 76 84 85 87 88 93 94 98 99
campaign,reference,100,1-5-10,9,10297,50,0 1 3 4 6 8 9 10 11 13 15 17 21 22 23 26 27 28 29 31 32 33 34 35 36 38 40 41 43 45 49 55 60 61 62 63 65 71 73 74 75 76 84 85 87 88 93 94 98 99
campaign,reference,100,1-5-10,10,10297,50,0 1 3 4 6 8 9 10 11 13 15 17 21 22 23 26 27 28 29 31 32 33 34 35 36 38 40 41 43 45 49 55 60 61 62 63 65 71 73 74 75 76 84 85 87 88 93 94 98 99
campaign,reference,100,1-5-11,1,11029,75,0 1 3 4 8 9 10 11 13 16 17 18 19 21 22 23 25 26 27 28 29 30 31 32 33 34 35 36 37 39 40 41 42 43 44 45 46 49 50 54 55 56 57 58 60 61 62 63 64 65 66 68 69 71 72 73 74 75 78 80 82 83 84 85 86 89 90 92 93 94 95 96 97 98 99
campaign,reference,100,1-5-11,2,11029,75,0 1 3 4 8 9 10 11 13 16 17 18 19 21 22 23 25 26 27 28 29 30 31 32 33 34 35 36 37 39 40 41 42 43 44 45 46 49 50 54 55 56 57 58 60 61 62 63 64 65 66 68 69 71 72 73 74 75 78 80 82 83 84 85 86 89 90 92 93 94 95 96 97 98 99
campaign,reference,100,1-5-11,3,11029,75,0 1 3 4 8 9 10 11 13 16 17 18 19 21 22 23 25 26 27 28 29 30 31 32 33 34 35 36 37 39 40 41 42 43 44 45 46 49 50 54 55 56 57 58 60 61 62 63 64 65 66 68 69 71 72 73 74 75 78 80 82 83 84 85 86 89 90 92 93 94 95 96 97 98 99
campaign,reference,100,1-5-11,4,11029,75,0 1 3 4 8 9 10 11 13 16 17 18 19 21 22 23 25 26 27 28 29 30 31 32 33 34 35 36 37 39 40 41 42 43 44 45 46 49 50 54 55 56 57 58 60 61 62 63 64 65 66 68 69 71 72 73 74 75 78 80 82 83 84 85 86 89 90 92 93 94 95 96 97 98 99
campaign,reference,100,1-5-11,5,11029,75,0 1 3 4 8 9 10 11 13 16 17 18 19 21 22 23 25 26 27 28 29 30 31 32 33 34 35 36 37 39 40 41 42 43 44 45 46 49 50 54 55 56 57 58 60 61 62 63 64 65 66 68 69 71 72 73 74 75 78 80 82 83 84 85 86 89 90 92 93 94 95 96 97 98 99
campaign,reference,100,1-5-11,6,11029,75,0 1 3 4 8 9 10 11 13 16 17 18 19 21 22 23 25 26 27 28 29 30 31 32 33 34 35 36 37 39 40 41 42 43 44 45 46 49 50 54 55 56 57 58 60 61 62 63 64 65 66 68 69 71 72 73 74 75 78 80 82 83 84 85 86 89 90 92 93 94 95 96 97 98 99
campaign,reference,100,1-5-11,7,11029,75,0 1 3 4 8 9 10 11 13 16 17 18 19 21 22 23 25 26 27 28 29 30 31 32 33 34 35 36 37 39 40 41 42 43 44 45 46 49 50 54 55 56 57 58 60 61 62 63 64 65 66 68 69 71 72 73 74 75 78 80 82 83 84 85 86 89 90 92 93 94 95 96 97 98 99
campaign,reference,100,1-5-11,8,11029,75,0 1 3 4 8 9 10 11 13 16 17 18 19 21 22 23 25 26 27 28 29 30 31 32 33 34 35 36 37 39 40 41 42 43 44 45 46 49 50 54 55 56 57 58 60 61 62 63 64 65 66 68 69 71 72 73 74 75 78 80 82 83 84 85 86 89 90 92 93 94 95 96 97 98 99
campaign,reference,100,1-5-11,9,11029,75,0 1 3 4 8 9 10 11 13 16 17 18 19 21 22 23 25 26 27 28 29 30 31 32 33 34 35 36 37 39 40 41 42 43 44 45 46 49 50 54 55 56 57 58 60 61 62 63 64 65 66 68 69 71 72 73 74 75 78 80 82 83 84 85 86 89 90 92 93 94 95 96 97 98 99
campaign,reference,100,1-5-11,10,11029,75,0 1 3 4 8 9 10 11 13 16 17 18 19 21 22 23 25 26 27 28 29 30 31 32 33 34 35 36 37 39 40 41 42 43 44 45 46 49 50 54 55 56 57 58 60 61 62 63 64 65 66 68 69 71 72 73 74 75 78 80 82 83 84 85 86 89 90 92 93 94 95 96 97 98 99
campaign,reference,100,1-5-12,1,11884,75,0 1 2 3 4 5 8 9 10 11 12 13 15 17 18 19 21 22 23 24 25 26 27 28 33 34 35 36 40 41 43 44 45 46 47 48 49 50 51 53 55 56 58 59 60 61 62 63 64 65 68 69 70 71 73 74 75 76 78 79 81 84 85 86 87 88 89 91 92 93 94 95 96 97 99
campaign,reference,100,1-5-12,2,11884,75,0 1 2 3 4 5 8 9 10 11 12 13 15 17 18 19 21 22 23 24 25 26 27 28 33 34 35 36 40 41 43 44 45 46 47 48 49 50 51 53 55 56 58 59 60 61 62 63 64 65 68 69 70 71 73 74 75 76 78 79 81 84 85 86 87 88 89 91 92 93 94 95 96 97 99
campaign,reference,100,1-5-12,3,11884,75,0 1 2 3 4 5 8 9 10 11 12 13 15 17 18 19 21 22 23 24 25 26 27 28 33 34 35 36 40 41 43 44 45 46 47 48 49 50 51 53 55 56 58 59 60 61 62 63 64 65 68 69 70 71 73 74 75 76 78 79 81 84 85 86 87 88 89 91 92 93 94 95 96 97 99
campaign,reference,100,1-5-12,4,11884,75,0 1 2 3 4 5 8 9 10 11 12 13 15 17 18 19 21 22 23 24 25 26 27 28 33 34 35 36 40 41 43 44 45 46 47 48 49 50 51 53 55 56 58 59 60 61 62 63 64 65 68 69 70 71 73 74 75 76 78 79 81 84 85 86 87 88 89 91 92 93 94 95 96 97 99
campaign,reference,100,1-5-12,5,11884,75,0 1 2 3 4 5 8 9 10 11 12 13 15 17 18 19 21 22 23 24 25 26 27 28 33 34 35 36 40 41 43 44 45 46 47 48 49 50 51 53 55 56 58 59 60 61 62 63 64 65 68 69 70 71 73 74 75 76 78 79 81 84 85 86 87 88 89 91 92 93 94 95 96 97 99
campaign,reference,100,1-5-12,6,11884,75,0 1 2 3 4 5 8 9 10 11 12 13 15 17 18 19 21 22 23 24 25 26 27 28 33 34 35 36 40 41 43 44 45 46 47 48 49 50 51 53 55 56 58 59 60 61 62 63 64 65 68 69 70 71 73 74 75 76 78 79 81 84 85 86 87 88 89 91 92 93 94 95 96 97 99
campaign,reference,100,1-5-12,7,11884,75,0 1 2 3 4 5 8 9 10 11 12 13 15 17 18 19 21 22 23 24 25 26 27 28 33 34 35 36 40 41 43 44 45 46 47 48 49 50 51 53 55 56 58 59 60 61 62 63 64 65 68 69 70 71 73 74 75 76 78 79 81 84 85 86 87 88 89 91 92 93 94 95 96 97 99
campaign,reference,100,1-5-12,8,11884,75,0 1 2 3 4 5 8 9 10 11 12 13 15 17 18 19 21 22 23 24 25 26 27 28 33 34 35 36 40 41 43 44 45 46 47 48 49 50 51 53 55 56 58 59 60 61 62 63 64 65 68 69 70 71 73 74 75 76 78 79 81 84 85 86 87 88 89 91 92 93 94 95 96 97 99
campaign,reference,100,1-5-12,9,11884,75,0 1 2 3 4 5 8 9 10 11 12 13 15 17 18 19 21 22 23 24 25 26 27 28 33 34 35 36 40 41 43 44 45 46 47 48 49 50 51 53 55 56 58 59 60 61 62 63 64 65 68 69 70 71 73 74 75 76 78 79 81 84 85 86 87 88 89 91 92 93 94 95 96 97 99
campaign,reference,100,1-5-12,10,11884,75,0 1 2 3 4 5 8 9 10 11 12 13 15 17 18 19 21 22 23 24 25 26 27 28 33 34 35 36 40 41 43 44 45 46 47 48 49 50 51 53 55 56 58 59 60 61 62 63 64 65 68 69 70 71 73 74 75 76 78 79 81 84 85 86 87 88 89 91 92 93 94 95 96 97 99
campaign,reference,100,1-5-13,1,10751,75,0 1 3 4 5 6 9 10 11 12 13 14 15 16 18 21 23 24 25 26 27 28 29 31 32 33 34 35 36 39 40 42 43 44 45 46 48 49 51 52 55 56 58 59 60 61 63 64 65 67 68 69 70 71 72 73 74 75 76 77 79 82 83 85 86 87 88 89 92 93 94 95 96 97 99
campaign,reference,100,1-5-13,2,10751,75,0 1 3 4 5 6 9 10 11 12 13 14 15 16 18 21 23 24 25 26 27 28 29 31 32 33 34 35 36 39 40 42 43 44 45 46 48 49 51 52 55 56 58 59 60 61 63 64 65 67 68 69 70 71 72 73 74 75 76 77 79 82 83 85 86 87 88 89 92 93 94 95 96 97 99
campaign,reference,100,1-5-13,3,10751,75,0 1 3 4 5 6 9 10 11 12 13 14 15 16 18 21 23 24 25 26 27 28 29 31 32 33 34 35 36 39 40 42 43 44 45 46 48 49 51 52 55 56 58 59 60 61 63 64 65 67 68 69 70 71 72 73 74 75 76 77 79 82 83 85 86 87 88 89 92 93 94 95 96 97 99
campaign,reference,100,1-5-13,4,10751,75,0 1 3 4 5 6 9 10 11 12 13 14 15 16 18 21 23 24 25 26 27 28 29 31 32 33 34 35 36 39 40 42 43 44 45 46 48 49 51 52 55 56 58 59 60 61 63 64 65 67 68 69 70 71 72 73 74 75 76 77 79 82 83 85 86 87 88 89 92 93 94 95 96 97 99
campaign,reference,100,1-5-13,5,10751,75,0 1 3 4 5 6 9 10 11 12 13 14 15 16 18 21 23 24 25 26 27 28 29 31 32 33 34 35 36 39 40 42 43 44 45 46 48 49 51 52 55 56 58 59 60 61 63 64 65 67 68 69 70 71 72 73 74 75 76 77 79 82 83 85 86 87 88 89 92 93 94 95 96 97 99
campaign,reference,100,1-5-13,6,10751,75,0 1 3 4 5 6 9 10 11 12 13 14 15 16 18 21 23 24 25 26 27 28 29 31 32 33 34 35 36 39 40 42 43 44 45 46 48 49 51 52 55 56 58 59 60 61 63 64 65 67 68 69 70 71 72 73 74 75 76 77 79 82 83 85 86 87 88 89 92 93 94 95 96 97 99
campaign,reference,100,1-5-13,7,10751,75,0 1 3 4 5 6 9 10 11 12 13 14 15 16 18 21 23 24 25 26 27 28 29 31 32 33 34 35 36 39 40 42 43 44 45 46 48 49 51 52 55 56 58 59 60 61 63 64 65 67 68 69 70 71 72 73 74 75 76 77 79 82 83 85 86 87 88 89 92 93 94 95 96 97 99
campaign,reference,100,1-5-13,8,10751,75,0 1 3 4 5 6 9 10 11 12 13 14 15 16 18 21 23 24 25 26 27 28 29 31 32 33 34 35 36 39 40 42 43 44 45 46 48 49 51 52 55 56 58 59 60 61 63 64 65 67 68 69 70 71 72 73 74 75 76 77 79 82 83 85 86 87 88 89 92 93 94 95 96 97 99
campaign,reference,100,1-5-13,9,10751,75,0 1 3 4 5 6 9 10 11 12 13 14 15 16 18 21 23 24 25 26 27 28 29 31 32 33 34 35 36 39 40 42 43 44 45 46 48 49 51 52 55 56 58 59 60 61 63 64 65 67 68 69 70 71 72 73 74 75 76 77 79 82 83 85 86 87 88 89 92 93 94 95 96 97 99
campaign,reference,100,1-5-13,10,10751,75,0 1 3 4 5 6 9 10 11 12 13 14 15 16 18 21 23 24 25 26 27 28 29 31 32 33 34 35 36 39 40 42 43 44 45 46 48 49 51 52 55 56 58 59 60 61 63 64 65 67 68 69 70 71 72 73 74 75 76 77 79 82 83 85 86 87 88 89 92 93 94 95 96 97 99
campaign,reference,100,1-5-14,1,11567,75,2 6 8 9 10 11 12 13 14 15 16 17 19 20 21 22 23 24 25 26 27 28 29 32 34 35 36 37 38 39 40 41 42 43 44 45 46 48 50 53 55 56 60 61 63 64 65 66 69 70 71 72 73 74 75 76 77 78 79 81 82 83 84 85 86 87 88 89 90 92 93 94 95 96 98
campaign,reference,100,1-5-14,2,11567,75,2 6 8 9 10 11 12 13 14 15 16 17 19 20 21 22 23 24 25 26 27 28 29 32 34 35 36 37 38 39 40 41 42 43 44 45 46 48 50 53 55 56 60 61 63 64 65 66 69 70 71 72 73 74 75 76 77 78 79 81 82 83 84 85 86 87 88 89 90 92 93 94 95 96 98
campaign,reference,100,1-5-14,3,11567,75,2 6 8 9 10 11 12 13 14 15 16 17 19 20 21 22 23 24 25 26 27 28 29 32 34 35 36 37 38 39 40 41 42 43 44 45 46 48 50 53 55 56 60 61 63 64 65 66 69 70 71 72 73 74 75 76 77 78 79 81 82 83 84 85 86 87 88 89 90 92 93 94 95 96 98
campaign,reference,100,1-5-14,4,11567,75,2 6 8 9 10 11 12 13 14 15 16 17 19 20 21 22 23 24 25 26 27 28 29 32 34 35 36 37 38 39 40 41 42 43 44 45 46 48 50 53 55 56 60 61 63 64 65 66 69 70 71 72 73 74 75 76 77 78 79 81 82 83 84 85 86 87 88 89 90 92 93 94 95 96 98
campaign,reference,100,1-5-14,5,11567,75,2 6 8 9 10 11 12 13 14 15 16 17 19 20 21 22 23 24 25 26 27 28 29 32 34 35 36 37 38 39 40 41 42 43 44 45 46 48 50 53 55 56 60 61 63 64 65 66 69 70 71 72 73 74 75 76 77 78 79 81 82 83 84 85 86 87 88 89 90 92 93 94 95 96 98
campaign,reference,100,1-5-14,6,11567,75,2 6 8 9 10 11 12 13 14 15 16 17 19 20 21 22 23 24 25 26 27 28 29 32 34 35 36 37 38 39 40 41 42 43 44 45 46 48 50 53 55 56 60 61 63 64 65 66 69 70 71 72 73 74 75 76 77 78 79 81 82 83 84 85 86 87 88 89 90 92 93 94 95 96 98
campaign,reference,100,1-5-14,7,11567,75,2 6 8 9 10 11 12 13 14 15 16 17 19 20 21 22 23 24 25 26 27 28 29 32 34 35 36 37 38 39 40 41 42 43 44 45 46 48 50 53 55 56 60 61 63 64 65 66 69 70 71 72 73 74 75 76 77 78 79 81 82 83 84 85 86 87 88 89 90 92 93 94 95 96 98
campaign,reference,100,1-5-14,8,11567,75,2 6 8 9 10 11 12 13 14 15 16 17 19 20 21 22 23 24 25 26 27 28 29 32 34 35 36 37 38 39 40 41 42 43 44 45 46 48 50 53 55 56 60 61 63 64 65 66 69 70 71 72 73 74 75 76 77 78 79 81 82 83 84 85 86 87 88 89 90 92 93 94 95 96 98
campaign,reference,100,1-5-14,9,11567,75,2 6 8 9 10 11 12 13 14 15 16 17 19 20 21 22 23 24 25 26 27 28 29 32 34 35 36 37 38 39 40 41 42 43 44 45 46 48 50 53 55 56 60 61 63 64 65 66 69 70 71 72 73 74 75 76 77 78 79 81 82 83 84 85 86 87 88 89 90 92 93 94 95 96 98
campaign,reference,100,1-5-14,10,11567,75,2 6 8 9 10 11 12 13 14 15 16 17 19 20 21 22 23 24 25 26 27 28 29 32 34 35 36 37 38 39 40 41 42 43 44 45 46 48 50 53 55 56 60 61 63 64 65 66 69 70 71 72 73 74 75 76 77 78 79 81 82 83 84 85 86 87 88 89 90 92 93 94 95 96 98
campaign,reference,100,1-5-15,1,10671,75,0 1 3 4 6 9 10 11 12 13 14 15 20 21 22 23 24 25 26 27 28 29 31 32 34 35 36 37 40 41 42 43 45 48 49 53 55 56 58 60 61 62 63 64 65 66 67 68 69 70 71 72 73 74 76 77 78 79 80 82 83 84 85 86 87 88 90 91 92 93 94 96 97 98 99
campaign,reference,100,1-5-15,2,10671,75,0 1 3 4 6 9 10 11 12 13 14 15 20 21 22 23 24 25 26 27 28 29 31 32 34 35 36 37 40 41 42 43 45 48 49 53 55 56 58 60 61 62 63 64 65 66 67 68 69 70 71 72 73 74 76 77 78 79 80 82 83 84 85 86 87 88 90 91 92 93 94 96 97 98 99
campaign,reference,100,1-5-15,3,10671,75,0 1 3 4 6 9 10 11 12 13 14 15 20 21 22 23 24 25 26 27 28 29 31 32 34 35 36 37 40 41 42 43 45 48 49 53 55 56 58 60 61 62 63 64 65 66 67 68 69 70 71 72 73 74 76 77 78 79 80 82 83 84 85 86 87 88 90 91 92 93 94 96 97 98 99
campaign,reference,100,1-5-15,4,10671,75,0 1 3 4 6 9 10 11 12 13 14 15 20 21 22 23 24 25 26 27 28 29 31 32 34 35 36 37 40 41 42 43 45 48 49 53 55 56 58 60 61 62 63 64 65 66 67 68 69 70 71 72 73 74 76 77 78 79 80 82 83 84 85 86 87 88 90 91 92 93 94 96 97 98 99
campaign,reference,100,1-5-15,5,10671,75,0 1 3 4 6 9 10 11 12 13 14 15 20 21 22 23 24 25 26 27 28 29 31 32 34 35 36 37 40 41 42 43 45 48 49 53 55 56 58 60 61 62 63 64 65 66 67 68 69 70 71 72 73 74 76 77 78 79 80 82 83 84 85 86 87 88 90 91 92 93 94 96 97 98 99
campaign,reference,100,1-5-15,6,10671,75,0 1 3 4 6 9 10 11 12 13 14 15 20 21 22 23 24 25 26 27 28 29 31 32 34 35 36 37 40 41 42 43 45 48 49 53 55 56 58 60 61 62 63 64 65 66 67 68 69 70 71 72 73 74 76 77 78 79 80 82 83 84 85 86 87 88 90 91 92 93 94 96 97 98 99
campaign,reference,100,1-5-15,7,10671,75,0 1 3 4 6 9 10 11 12 13 14 15 20 21 22 23 24 25 26 27 28 29 31 32 34 35 36 37 40 41 42 43 45 48 49 53 55 56 58 60 61 62 63 64 65 66 67 68 69 70 71 72 73 74 76 77 78 79 80 82 83 84 85 86 87 88 90 91 92 93 94 96 97 98 99
campaign,reference,100,1-5-15,8,10671,75,0 1 3 4 6 9 10 11 12 13 14 15 20 21 22 23 24 25 26 27 28 29 31 32 34 35 36 37 40 41 42 43 45 48 49 53 55 56 58 60 61 62 63 64 65 66 67 68 69 70 71 72 73 74 76 77 78 79 80 82 83 84 85 86 87 88 90 91 92 93 94 96 97 98 99
campaign,reference,100,1-5-15,9,10671,75,0 1 3 4 6 9 10 11 12 13 14 15 20 21 22 23 24 25 26 27 28 29 31 32 34 35 36 37 40 41 42 43 45 48 49 53 55 56 58 60 61 62 63 64 65 66 67 68 69 70 71 72 73 74 76 77 78 79 80 82 83 84 85 86 87 88 90 91 92 93 94 96 97 98 99
campaign,reference,100,1-5-15,10,10671,75,0 1 3 4 6 9 10 11 12 13 14 15 20 21 22 23 24 25 26 27 28 29 31 32 34 35 36 37 40 41 42 43 45 48 49 53 55 56 58 60 61 62 63 64 65 66 67 68 69 70 71 72 73 74 76 77 78 79 80 82 83 84 85 86 87 88 90 91 92 93 94 96 97 98 99
campaign,reference,500,1-0.25-P,1,85459,129,1 3 6 10 19 23 25 27 28 32 39 56 58 62 65 68 69 71 78 80 81 83 90 93 101 103 111 112 117 121 125 131 133 134 144 145 147 149 150 151 154 155 165 167 171 172 181 183 190 195 213 217 219 222 223 228 231 232 244 255 257 263 265 268 269 273 274 279 282 284 287 290 291 295 296 297 298 302 304 308 310 311 315 316 319 322 324 325 327 334 335 339 340 346 351 356 357 358 368 386 390 399 402 405 406 407 408 413 417 425 428 429 433 435 448 451 453 459 461 462 465 466 473 478 481 488 491 494 499
campaign,reference,500,1-0.25-P,2,85561,128,3 10 12 19 23 25 27 28 32 39 56 58 62 65 68 69 71 78 80 81 83 90 101 103 111 117 121 125 127 131 133 134 143 144 145 147 150 151 154 167 172 178 181 183 184 190 195 197 213 217 222 223 228 244 255 257 258 260 263 265 266 268 269 274 279 282 287 290 291 295 297 298 302 304 308 310 311 316 319 321 322 324 325 327 335 339 340 346 351 354 356 357 358 368 381 386 388 390 399 402 405 406 408 413 417 425 427 428 429 430 433 435 448 451 453 458 459 461 462 465 473 478 481 488 491 494 496 499
campaign,reference,500,1-0.25-P,3,85474,128,3 6 10 12 15 19 23 25 27 28 32 39 56 58 62 65 68 69 71 78 80 81 83 93 97 101 103 117 121 123 131 133 134 143 144 145 147 149 150 151 154 165 170 171 172 178 181 183 184 190 195 197 198 213 217 222 223 227 231 244 255 257 258 260 263 266 268 269 274 279 282 287 290 291 295 296 297 298 302 304 308 310 311 316 319 321 322 325 327 329 334 335 339 340 346 351 354 356 357 358 368 370 376 381 386 388 390 399 402 405 406 408 413 425 428 429 433 448 451 458 459 462 465 473 481 491 494 499
campaign,reference,500,1-0.25-P,4,85359,128,3 6 10 11 15 19 23 25 27 28 32 39 45 56 58 62 65 68 69 71 78 80 81 83 93 101 102 103 111 117 121 123 125 131 133 134 140 143 144 145 147 150 151 154 165 167 171 172 181 183 184 190 195 213 215 217 222 223 231 244 255 257 263 268 274 279 282 287 288 290 291 295 296 297 298 302 304 308 310 311 316 322 324 325 327 333 334 335 339 340 346 351 356 357 358 368 381 386 390 399 402 405 406 407 408 413 417 425 427 429 433 435 448 451 452 453 459 462 465 473 477 478 481 482 488 491 494 499
campaign,reference,500,1-0.25-P,5,85516,129,3 6 10 12 19 23 25 27 28 32 39 56 58 65 68 69 71 78 80 81 83 93 101 103 111 117 121 123 127 131 134 144 145 147 149 150 151 154 155 165 167 172 181 183 185 187 190 195 209 213 217 219 222 223 232 244 255 257 258 260 263 268 274 279 282 287 288 290 291 295 296 297 298 302 304 308 310 311 316 322 324 325 327 333 335 337 339 340 346 351 354 356 357 358 368 386 388 390 395 399 402 405 406 407 408 416 422 425 429 430 433 435 438 448 451 453 458 459 461 462 465 473 478 481 482 488 491 494 499
campaign,reference,500,1-0.25-P,6,85510,129,3 6 10 12 19 23 25 27 28 32 39 43 56 58 62 65 69 71 78 80 81 83 93 101 103 107 112 117 121 125 131 133 134 143 144 145 147 150 151 154 161 167 170 171 172 178 181 183 184 190 195 213 217 219 222 223 231 238 244 255 257 260 263 266 268 269 274 279 282 287 290 291 295 297 298 302 304 308 310 311 315 316 322 325 327 329 333 334 335 339 340 346 351 354 356 357 368 376 381 386 388 390 399 402 405 406 407 408 413 425 429 430 433 435 438 448 451 458 459 462 465 473 478 481 488 491 494 498 499
campaign,reference,500,1-0.25-P,7,85347,128,3 10 12 15 19 20 23 25 27 28 32 39 45 56 58 62 65 68 69 71 78 80 81 83 90 101 103 111 117 121 131 133 134 143 145 147 149 150 151 154 156 161 165 167 172 178 179 181 183 184 187 190 195 197 213 217 222 223 228 244 255 260 263 266 268 274 279 282 287 288 290 291 295 297 298 302 304 308 310 311 316 319 322 324 325 327 334 335 339 340 346 351 354 356 357 358 368 381 386 388 390 391 399 402 405 406 408 413 417 425 428 429 433 435 451 453 459 462 463 465 466 473 478 481 488 491 494 499
campaign,reference,500,1-0.25-P,8,85588,128,3 10 12 15 19 23 25 27 28 32 39 56 58 62 65 68 69 71 78 81 83 93 101 103 117 121 125 131 133 134 143 144 145 147 149 150 151 154 155 165 167 170 172 178 181 183 184 190 195 197 213 217 218 219 222 223 228 231 244 257 258 263 266 268 272 274 279 282 286 287 288 290 291 295 296 297 298 304 308 310 311 316 322 324 325 327 334 335 339 340 346 351 354 356 357 358 368 381 386 388 390 399 402 405 406 408 413 417 425 427 429 433 435 438 448 451 452 458 459 462 465 473 478 481 488 491 494 499
campaign,reference,500,1-0.25-P,9,85356,128,3 6 10 11 12 15 19 20 23 25 26 27 28 32 39 56 58 62 65 68 69 71 78 80 81 83 90 101 103 117 121 123 131 133 134 140 145 147 150 151 154 161 165 167 170 171 172 178 179 181 183 187 190 195 197 213 217 219 222 223 228 244 255 263 268 274 279 282 287 290 291 295 296 297 298 302 304 308 310 311 315 316 319 322 323 325 327 329 334 335 339 340 346 351 356 357 358 368 376 381 386 388 390 391 399 402 405 406 408 413 421 428 429 433 435 448 451 453 458 459 462 465 473 478 481 488 491 494
campaign,reference,500,1-0.25-P,10,85493,129,3 6 10 11 12 19 23 25 27 28 32 39 43 56 58 62 65 68 69 71 78 80 81 83 93 101 103 117 121 123 125 131 133 134 143 144 145 147 150 151 154 155 165 171 178 181 183 184 190 194 195 213 217 219 222 223 231 244 250 255 257 260 263 268 274 279 282 284 287 290 291 295 297 298 302 304 308 310 311 316 320 322 324 325 327 329 334 335 339 340 346 351 356 357 358 368 381 386 388 390 399 402 405 406 407 408 413 416 417 425 427 429 430 433 438 448 451 452 458 459 461 462 465 473 478 481 488 491 499
campaign,reference,500,2-0.25-P,1,82529,129,1 3 23 25 28 32 37 39 43 53 56 57 58 60 65 78 80 81 83 92 93 101 117 123 127 134 143 144 145 146 147 150 151 154 156 161 164 165 167 169 178 181 183 184 190 195 198 199 204 207 211 213 219 222 223 228 232 243 244 246 253 257 263 265 266 268 269 274 282 287 290 291 293 295 296 297 298 303 304 308 310 311 316 319 324 327 333 335 342 346 347 351 352 354 357 358 368 377 386 388 399 402 406 413 417 421 425 429 433 436 440 451 453 458 459 462 463 465 468 473 477 478 481 484 487 491 492 494 499
campaign,reference,500,2-0.25-P,2,82503,130,3 10 12 23 25 26 28 32 39 43 56 58 60 65 69 78 80 81 92 93 100 101 112 123 127 134 143 144 146 147 149 150 151 154 161 164 165 167 169 178 181 183 184 186 190 195 198 199 204 207 211 213 215 219 222 223 228 231 232 237 243 244 257 258 260 263 268 269 274 282 287 290 291 293 295 296 297 302 304 308 310 311 315 316 319 322 323 324 327 333 334 335 340 346 347 351 352 357 358 368 370 375 377 386 388 399 402 406 413 417 421 425 429 433 436 440 451 453 458 461 462 463 465 468 477 478 481 484 491 494
campaign,reference,500,2-0.25-P,3,82372,129,1 3 10 12 19 23 25 26 27 28 32 39 43 53 56 60 65 78 80 81 92 93 101 117 123 127 131 134 143 144 146 147 149 150 151 154 161 164 165 169 178 181 183 184 190 195 198 199 204 207 211 213 219 222 223 228 231 237 243 244 246 253 257 263 266 268 269 274 282 287 290 291 293 295 296 297 298 302 303 304 308 310 311 316 324 325 327 333 334 335 346 347 351 352 357 358 368 370 374 375 377 386 388 399 402 406 413 421 425 429 433 436 440 451 453 458 459 462 463 465 468 477 478 481 484 487 491 494 499
campaign,reference,500,2-0.25-P,4,82431,129,1 3 10 19 23 25 28 32 39 43 53 56 65 78 80 81 92 93 100 101 112 117 121 123 127 131 134 143 144 146 147 150 151 154 161 164 165 167 169 178 179 181 183 184 190 195 198 199 204 207 213 215 219 222 223 228 231 243 244 253 257 258 263 266 268 269 274 275 282 287 290 291 293 295 296 297 304 308 310 311 315 316 319 321 322 324 327 333 335 347 351 352 357 358 368 370 375 377 381 386 388 390 399 402 405 406 413 417 421 425 433 435 436 440 451 453 458 462 463 465 468 473 477 478 481 484 491 492 494
campaign,reference,500,2-0.25-P,5,82467,129,1 3 10 19 23 25 26 28 32 39 43 53 56 60 65 78 80 81 83 90 92 93 101 112 117 121 123 127 134 143 144 146 147 150 151 154 161 164 165 169 178 179 181 183 184 190 195 198 199 204 211 213 219 222 223 228 231 237 243 244 246 257 258 260 263 265 268 269 279 282 287 290 291 293 295 296 297 298 303 304 308 310 311 315 316 319 324 325 327 333 335 346 347 351 352 358 368 370 375 377 386 388 399 402 405 406 413 417 421 429 433 436 440 451 453 457 458 462 463 465 468 473 477 478 481 484 491 492 494
campaign,reference,500,2-0.25-P,6,82337,129,1 3 6 10 12 23 25 26 28 32 39 43 53 56 58 60 65 78 80 81 92 93 100 101 103 117 121 123 127 134 143 144 146 147 149 151 154 161 164 165 166 167 169 170 178 181 184 190 195 198 199 207 211 213 222 223 228 231 237 243 244 253 257 263 268 269 274 279 282 287 290 291 293 295 296 297 298 302 303 304 308 310 311 315 316 319 322 323 324 325 327 333 335 342 346 347 351 352 357 358 368 370 377 386 388 399 402 406 407 413 417 421 425 429 433 436 440 451 453 458 462 463 465 468 473 477 481 491 494
campaign,reference,500,2-0.25-P,7,82394,129,1 3 10 12 23 25 26 27 28 39 43 53 56 60 65 71 78 80 81 92 100 101 103 112 123 125 127 131 134 143 144 146 147 149 150 151 154 161 164 165 167 169 170 178 179 181 183 184 190 195 198 199 204 207 211 213 219 222 223 231 237 243 244 257 263 265 266 268 269 274 282 286 287 290 291 293 295 296 297 302 304 308 310 311 315 316 319 322 323 324 327 329 333 335 342 346 347 351 352 357 358 368 370 375 377 386 388 399 402 406 413 421 425 429 433 436 440 453 458 462 463 465 473 477 478 481 484 491 494
campaign,reference,500,2-0.25-P,8,82328,129,1 3 10 12 19 23 25 28 32 39 43 53 56 60 65 69 78 80 81 92 93 101 105 117 123 134 143 144 146 147 150 151 154 164 165 167 169 170 178 179 181 183 184 190 195 197 198 199 207 211 213 215 218 219 222 223 226 228 232 237 243 244 253 257 258 263 266 268 269 274 282 287 290 291 293 295 296 297 302 304 308 310 311 315 324 327 329 333 335 340 346 347 351 352 357 358 368 370 377 386 388 399 402 405 406 413 417 421 425 426 429 433 436 440 451 453 458 463 465 468 473 477 478 481 484 491 492 494 496
campaign,reference,500,2-0.25-P,9,82425,129,1 3 10 12 23 25 27 28 32 39 43 53 56 60 65 71 78 80 81 92 93 100 101 103 123 127 134 143 144 146 147 150 151 154 164 165 167 169 172 178 181 183 184 190 195 196 198 199 207 211 213 219 222 223 228 231 232 237 243 257 263 266 268 269 272 274 279 282 283 287 290 291 293 295 296 297 302 303 304 308 310 311 315 316 321 324 327 329 333 335 340 346 347 351 357 358 368 370 377 386 388 390 399 402 406 413 416 421 424 425 429 433 435 436 440 451 453 458 462 463 465 468 473 477 478 481 484 491 494
campaign,reference,500,2-0.25-P,10,82538,130,1 3 10 12 23 25 26 32 39 43 45 53 56 60 65 71 78 80 81 92 93 100 101 112 117 123 127 131 134 143 144 145 147 149 151 154 161 164 165 166 169 170 172 178 179 181 183 184 190 195 198 199 204 207 211 213 219 222 223 228 231 232 237 243 253 255 257 263 264 266 268 269 274 275 279 282 287 290 291 293 295 296 297 303 304 308 310 311 315 316 324 327 333 335 340 342 346 347 351 352 357 358 368 370 386 388 399 402 405 406 413 417 421 425 433 440 451 458 462 463 465 468 473 477 478 481 484 487 491 494
campaign,reference,500,3-0.25-P,1,77482,128,1 10 19 23 25 28 32 37 39 43 53 56 78 81 83 86 90 91 92 97 101 103 111 112 117 121 123 131 134 143 144 145 146 147 149 150 151 154 156 157 161 165 172 179 183 184 187 190 195 197 207 213 216 231 237 244 253 257 258 263 268 269 272 274 279 282 286 287 290 291 293 296 297 298 303 304 308 309 311 316 320 321 322 323 324 325 327 329 333 339 341 346 347 351 352 356 358 368 370 377 379 386 388 395 399 404 406 413 416 417 421 425 429 430 433 435 438 451 457 458 462 465 473 487 488 491 494 499
campaign,reference,500,3-0.25-P,2,77505,128,1 3 10 19 23 25 28 32 37 39 43 69 70 78 81 91 97 103 107 112 114 117 121 123 125 133 134 143 144 145 146 147 149 150 151 154 155 156 161 165 167 176 183 184 190 195 197 207 213 217 218 219 222 223 231 244 253 257 258 263 266 268 269 274 275 279 282 283 286 287 290 291 293 296 297 298 303 304 308 309 311 316 320 322 323 325 327 329 339 341 346 347 351 352 356 368 370 377 379 386 388 395 399 404 406 408 413 421 425 433 435 438 440 451 456 458 459 462 463 465 473 478 481 487 488 491 494 499
campaign,reference,500,3-0.25-P,3,77572,128,3 10 19 23 25 26 28 32 37 39 43 45 56 70 71 78 81 90 91 92 97 103 107 112 117 121 123 125 134 143 144 145 146 147 149 150 151 154 156 165 169 173 179 183 184 187 190 195 197 201 207 213 218 222 223 231 244 253 257 258 263 268 269 274 279 282 283 284 286 287 290 291 293 296 297 298 303 304 309 310 311 316 320 322 323 325 327 329 339 341 346 347 351 352 358 368 377 379 386 388 395 399 402 404 406 407 413 425 429 433 435 438 440 451 453 457 458 461 462 463 465 473 481 487 488 491 494 499
campaign,reference,500,3-0.25-P,4,77544,129,10 19 20 23 25 28 32 37 39 43 45 56 60 71 72 73 78 81 91 92 97 101 103 107 112 114 117 121 131 133 134 143 144 145 146 147 149 151 154 156 161 165 167 178 181 185 187 190 195 197 198 207 213 218 222 227 244 253 257 258 263 268 269 274 279 282 283 286 287 290 291 293 296 297 298 302 303 304 308 309 311 316 320 322 323 324 325 327 329 333 339 340 341 346 347 351 352 356 358 368 370 377 379 386 388 391 395 399 404 406 413 433 435 438 440 451 452 453 458 462 463 465 473 481 487 488 491 494 499
campaign,reference,500,3-0.25-P,5,77521,128,10 19 23 25 27 28 32 37 39 43 45 53 56 65 69 73 78 90 91 92 103 107 111 112 114 117 131 133 134 143 144 145 146 147 149 150 151 154 156 161 165 167 169 183 184 187 190 195 197 207 213 218 222 223 237 243 244 253 257 258 263 268 274 279 282 286 287 290 291 292 293 296 297 298 303 304 308 311 315 316 320 321 322 323 325 327 329 333 339 346 347 351 352 356 358 368 370 377 379 386 388 395 399 404 405 406 413 421 425 433 435 438 451 452 453 457 458 459 462 463 465 473 481 487 488 491 494 499
campaign,reference,500,3-0.25-P,6,77476,129,9 10 19 23 25 28 32 37 39 43 45 53 56 69 71 78 81 86 90 91 97 101 103 107 112 114 117 121 123 134 143 144 145 147 149 151 156 161 165 167 172 181 183 184 190 195 197 207 213 222 244 253 257 263 268 269 272 274 275 279 282 283 286 287 290 291 293 296 297 298 303 304 308 311 316 320 321 322 323 325 327 329 333 335 339 341 346 347 351 352 357 368 377 379 386 388 392 395 399 402 403 404 405 406 413 422 425 426 430 433 435 438 440 451 452 453 459 462 465 468 473 478 481 487 488 491 493 494 499
campaign,reference,500,3-0.25-P,7,77466,128,1 6 10 19 23 25 28 32 37 39 43 45 60 62 72 73 78 81 86 90 91 92 97 101 103 107 112 117 121 125 131 134 143 144 145 146 147 149 150 154 155 156 161 165 167 172 173 181 183 184 190 195 197 207 213 218 222 223 231 244 257 258 263 268 274 279 282 284 286 287 290 291 293 296 297 298 303 304 308 309 311 316 322 323 324 325 327 329 334 339 346 347 351 352 356 358 368 370 377 379 386 388 391 395 399 404 406 413 416 421 424 429 430 433 435 438 451 458 461 462 465 473 478 487 488 491 494 499
campaign,reference,500,3-0.25-P,8,77480,128,1 3 10 19 20 23 25 27 28 32 37 39 43 45 53 71 73 78 81 86 91 92 97 101 103 112 117 121 123 131 134 143 144 145 146 147 149 154 156 161 165 179 181 183 187 190 195 197 207 208 211 213 218 222 223 231 244 253 257 258 263 268 269 274 279 282 284 286 287 290 291 293 296 297 302 303 304 308 309 311 316 320 321 322 323 324 325 327 329 333 339 346 347 351 352 356 358 368 377 379 386 388 391 395 399 404 406 413 416 425 429 433 435 438 451 453 457 458 462 463 465 473 481 487 488 491 494 499
campaign,reference,500,3-0.25-P,9,77498,128,3 10 11 19 20 23 25 26 27 28 32 37 39 43 45 53 56 69 78 81 90 91 92 97 103 107 111 112 117 121 124 125 134 143 144 145 146 147 149 150 154 157 165 169 179 181 183 184 190 195 197 198 207 208 211 213 222 244 253 257 258 263 268 269 274 275 279 282 283 286 287 290 291 293 297 298 303 304 309 311 316 320 321 322 323 324 325 327 329 339 340 346 347 351 352 356 358 368 370 377 379 386 388 391 395 399 404 406 413 421 425 426 430 433 435 438 451 453 458 462 465 473 477 487 491 494 496 499
campaign,reference,500,3-0.25-P,10,77578,128,1 3 10 19 23 25 26 28 37 39 43 45 53 56 60 70 78 81 86 91 92 97 101 103 107 112 114 117 121 123 131 134 143 144 145 146 147 151 154 156 157 161 178 187 190 195 196 197 207 211 213 215 218 222 223 231 244 253 257 258 263 268 269 274 279 282 283 286 287 290 291 293 296 297 298 303 304 311 316 320 322 323 325 327 329 333 335 339 341 346 347 351 352 356 358 368 370 377 379 386 388 395 399 404 406 407 413 417 421 425 430 433 435 438 440 451 453 458 462 465 473 478 481 487 491 493 494 499
campaign,reference,500,4-0.25-P,1,82595,129,3 10 11 12 19 23 25 26 27 28 35 39 43 53 57 65 69 73 78 81 90 92 93 112 117 123 131 133 134 143 144 145 147 149 150 154 165 167 168 182 190 195 197 198 201 207 211 213 215 217 218 222 223 228 231 232 237 244 245 249 263 267 268 274 275 282 286 291 293 295 296 297 304 308 310 316 321 322 323 324 325 326 327 333 334 335 339 342 346 351 352 356 357 358 368 370 376 377 386 388 395 399 402 406 417 425 433 435 438 451 456 457 458 459 461 462 465 473 477 478 481 484 487 489 491 494 495 496 499
campaign,reference,500,4-0.25-P,2,82530,128,1 3 10 11 19 23 25 26 28 39 43 53 57 65 73 78 81 90 92 93 103 117 123 131 133 134 143 144 145 146 147 149 150 154 156 165 167 168 172 178 183 184 190 195 196 197 198 207 211 213 217 218 228 231 232 257 263 267 268 269 274 275 282 286 291 293 295 296 297 304 308 309 310 316 321 322 323 326 327 329 333 334 335 339 342 346 351 352 356 357 358 368 370 376 377 386 388 395 399 400 402 406 407 417 425 426 428 433 435 436 438 451 456 457 458 459 462 465 473 477 478 481 484 487 491 492 494 495
campaign,reference,500,4-0.25-P,3,82536,128,1 3 10 11 12 23 25 28 39 43 53 56 57 58 65 69 71 73 78 80 81 92 93 103 117 123 131 133 134 143 144 145 146 147 149 150 154 155 165 167 168 172 178 183 184 185 187 190 195 197 198 207 211 217 231 232 237 244 258 263 267 268 269 274 275 282 286 287 291 293 295 296 297 302 303 304 308 310 316 318 321 322 323 324 326 327 333 334 335 339 340 346 351 352 356 357 358 368 370 376 386 388 398 399 402 406 417 425 433 435 436 451 458 459 462 465 473 477 478 479 481 484 487 489 491 492 494 495
campaign,reference,500,4-0.25-P,4,82651,128,1 3 10 11 12 19 23 25 26 28 32 39 43 53 56 57 65 69 71 73 78 81 90 92 93 117 123 131 133 134 143 144 145 146 147 149 150 154 165 167 168 183 184 190 195 197 198 211 213 215 217 218 231 244 245 257 258 263 267 268 274 275 282 286 287 290 291 293 295 296 297 304 308 310 316 318 322 323 324 326 327 333 334 335 339 346 351 352 356 357 358 368 370 386 388 395 399 402 405 406 417 421 425 426 433 435 436 438 451 458 459 461 462 465 468 473 477 478 481 484 487 489 491 492 493 494 495 496
campaign,reference,500,4-0.25-P,5,82519,128,1 3 8 10 11 12 23 25 26 28 32 39 43 53 57 60 65 71 73 78 80 81 90 92 93 102 103 117 123 131 133 134 144 145 146 147 149 150 154 155 165 167 168 183 184 190 195 197 198 207 211 213 215 217 218 223 228 231 232 257 258 263 266 268 269 274 275 282 286 287 291 293 295 296 297 304 308 310 316 318 321 322 323 324 326 327 333 334 335 339 342 346 351 352 356 357 358 368 370 375 376 386 388 395 399 406 417 425 433 435 438 440 451 458 459 462 465 473 477 478 479 484 487 491 492 494 495 496
campaign,reference,500,4-0.25-P,6,82591,128,1 3 10 11 12 23 25 28 39 45 53 56 57 65 69 73 78 80 81 90 92 93 103 112 117 123 131 133 134 137 143 144 145 146 147 149 150 151 154 155 156 165 167 168 169 181 183 184 185 190 195 197 198 207 211 213 215 217 218 231 237 244 249 257 258 263 267 268 269 274 275 282 286 287 291 293 295 296 297 304 308 310 316 321 322 323 326 327 333 334 335 339 346 351 352 356 357 358 368 370 376 386 388 399 402 406 407 417 425 426 433 435 436 438 451 456 458 459 462 465 473 477 481 484 487 491 494 495
campaign,reference,500,4-0.25-P,7,82548,128,1 3 10 11 12 23 25 26 27 28 39 43 45 53 56 57 65 69 73 78 80 81 83 92 102 103 112 117 123 131 134 143 144 145 146 147 149 150 154 165 167 168 172 183 185 190 195 197 198 207 211 213 217 218 223 228 231 244 245 249 257 258 263 267 268 274 275 282 286 287 291 293 295 296 297 304 308 309 310 316 321 322 323 324 326 327 333 334 335 339 346 351 352 356 357 358 368 370 376 386 388 399 402 405 406 417 425 433 435 438 451 456 458 459 462 463 465 473 477 478 481 484 487 489 491 492 494 495
campaign,reference,500,4-0.25-P,8,82604,128,3 6 10 11 12 19 23 25 26 27 28 32 35 39 53 57 65 69 71 73 78 80 81 90 92 102 103 112 117 123 131 133 134 143 144 145 146 147 149 150 151 154 165 167 168 178 190 195 197 198 207 213 215 217 218 222 223 231 237 244 257 258 263 267 268 269 274 275 282 286 287 291 293 295 296 297 304 308 309 310 316 321 322 323 324 326 327 333 334 335 339 346 351 352 356 357 368 370 377 386 388 399 402 406 417 425 426 433 435 436 438 440 451 456 457 458 459 462 465 473 477 478 481 484 487 491 494 495
campaign,reference,500,4-0.25-P,9,82597,128,1 3 6 10 11 12 19 23 25 26 27 28 39 43 45 53 56 57 65 69 71 73 78 80 81 83 92 93 103 112 117 123 131 133 134 143 144 145 147 150 151 154 155 156 165 167 168 178 190 195 197 198 213 217 218 223 231 232 237 244 258 263 267 268 269 274 275 282 286 287 291 293 295 296 297 298 304 309 310 316 321 322 323 324 326 327 333 334 335 339 346 351 352 356 357 358 368 370 376 386 388 399 402 406 417 425 426 433 435 438 451 452 456 458 459 462 465 473 477 478 481 484 487 489 491 494 495 496
campaign,reference,500,4-0.25-P,10,82506,128,1 3 10 11 12 19 23 25 28 35 39 43 53 56 57 65 69 71 73 78 81 83 90 92 103 112 117 123 131 133 134 143 144 145 147 149 150 154 155 156 165 167 168 172 184 185 190 195 197 198 207 211 215 217 223 231 232 237 244 255 257 263 267 268 274 275 282 286 287 291 293 295 296 297 304 308 310 316 322 323 326 327 333 334 335 339 346 351 352 356 357 358 368 377 386 388 399 402 406 407 417 425 426 433 435 436 438 440 451 452 456 457 458 459 461 462 463 465 473 477 478 481 484 487 491 494 495 496
campaign,reference,500,5-0.25-P,1,83786,129,1 3 8 10 12 19 23 25 27 28 32 39 43 45 53 56 57 58 65 68 71 78 81 83 92 103 117 123 125 131 134 143 144 145 146 147 150 151 154 165 169 178 179 183 184 185 190 194 196 197 213 215 217 218 222 228 232 244 255 257 258 261 263 268 274 275 279 282 283 286 287 288 292 295 296 297 303 308 309 311 316 318 322 323 325 326 327 333 334 335 339 344 346 352 354 356 357 358 368 376 386 388 390 399 406 407 413 424 425 426 428 433 435 438 440 451 458 465 473 477 478 481 487 488 489 491 494 496 499
campaign,reference,500,5-0.25-P,2,83848,129,1 3 11 12 19 23 25 27 28 32 39 43 53 56 57 58 64 65 68 69 71 78 81 83 92 97 103 116 117 123 125 131 143 144 145 146 147 150 151 154 165 167 169 178 183 184 185 190 195 196 197 198 211 213 215 218 222 228 231 232 244 245 257 258 263 268 269 274 275 279 282 283 287 291 292 293 295 297 308 309 310 311 316 318 322 323 325 327 333 334 335 339 344 346 347 352 354 356 357 358 368 375 376 377 386 388 390 406 413 417 424 425 426 433 435 438 440 451 458 461 465 468 477 478 481 487 488 494 496
campaign,reference,500,5-0.25-P,3,83815,129,1 3 8 11 12 19 23 25 27 28 32 39 43 53 56 57 58 65 68 69 70 71 78 81 83 103 107 117 123 131 143 144 145 146 147 150 151 154 165 169 178 179 183 184 185 190 194 196 197 213 215 217 218 222 228 232 244 255 257 258 260 268 275 279 282 283 286 287 288 291 292 295 297 298 304 308 309 311 316 318 322 323 325 327 333 334 335 339 344 346 347 352 354 356 357 358 368 376 386 388 390 391 399 406 413 417 424 425 426 429 433 435 438 440 451 452 458 461 465 473 477 478 481 482 487 488 491 494 496
campaign,reference,500,5-0.25-P,4,83728,128,1 3 4 6 10 11 19 23 25 27 28 32 39 43 56 57 58 65 68 69 71 73 78 81 83 92 103 117 123 125 131 134 143 144 145 146 147 149 150 151 154 165 169 178 183 187 190 194 196 197 213 215 217 219 222 228 232 244 257 258 263 268 274 275 279 282 287 288 291 292 293 295 296 297 298 304 308 309 311 316 318 322 323 325 326 327 333 334 335 344 346 347 352 354 356 357 358 368 376 377 386 388 390 399 406 407 413 417 425 426 428 429 435 438 440 451 456 458 461 465 477 478 481 488 491 494 496 499
campaign,reference,500,5-0.25-P,5,83656,128,1 3 4 11 12 19 23 25 27 28 32 39 45 56 57 58 64 65 71 78 81 83 103 117 123 125 131 134 143 144 145 146 147 150 151 154 155 165 167 169 178 179 184 185 190 194 195 197 211 213 215 217 222 228 231 232 244 253 255 257 258 263 268 269 274 275 279 282 283 285 286 287 288 291 292 293 295 296 297 298 304 308 309 310 316 322 323 325 327 333 334 335 339 344 346 351 352 354 356 358 368 376 386 388 399 405 406 407 413 425 426 429 433 435 438 440 451 458 465 477 478 481 482 487 488 491 494 496
campaign,reference,500,5-0.25-P,6,83587,128,1 3 4 8 10 11 23 25 27 28 32 39 43 53 56 57 58 65 69 71 78 81 83 97 103 111 117 125 131 134 143 144 145 146 147 150 151 154 155 165 169 176 178 179 183 184 190 195 196 197 198 211 213 217 222 223 228 232 244 250 257 258 263 264 268 274 275 279 282 283 286 287 288 291 292 293 295 296 297 298 308 309 311 316 322 323 325 326 327 333 334 335 344 346 351 352 354 356 357 358 368 375 376 377 386 388 399 406 407 413 417 425 426 433 435 438 440 451 458 465 477 478 481 487 488 491 494 496
campaign,reference,500,5-0.25-P,7,83939,129,1 3 6 11 19 23 25 27 28 32 39 53 56 57 58 64 65 68 69 78 80 81 83 103 117 121 123 131 143 144 145 146 147 150 151 154 165 169 178 179 183 185 190 194 195 196 197 198 211 213 215 217 218 222 223 228 231 232 244 253 257 258 263 268 269 272 274 275 279 282 283 286 287 291 292 293 295 296 297 304 305 308 309 311 316 319 322 323 325 327 333 334 335 339 344 346 352 354 356 357 358 368 375 376 386 388 390 399 406 413 417 425 426 435 438 440 451 456 458 461 465 473 477 478 481 487 488 494 496
campaign,reference,500,5-0.25-P,8,83857,129,1 3 4 11 12 19 23 25 27 28 32 39 43 45 53 56 57 58 64 65 69 70 78 81 83 93 103 117 123 131 143 144 145 146 147 150 151 154 165 167 169 170 179 183 184 185 190 194 195 196 197 211 213 215 217 222 223 228 231 232 237 244 250 255 257 258 263 264 268 274 275 279 282 283 286 287 288 291 292 293 295 296 297 298 304 308 309 311 316 322 323 325 327 333 334 335 339 344 346 347 351 352 354 356 358 368 376 386 388 390 399 406 413 425 426 433 435 438 451 458 465 473 477 478 481 487 488 494 496
campaign,reference,500,5-0.25-P,9,83790,129,1 8 11 23 25 28 32 39 53 56 57 58 65 68 69 71 78 81 83 97 103 116 117 123 131 134 143 144 145 146 147 150 151 154 165 167 169 178 183 184 185 190 194 195 196 197 198 204 211 213 215 217 218 222 228 231 232 244 245 257 258 263 266 268 274 275 279 282 283 286 287 288 291 293 295 296 297 298 303 304 308 309 310 311 316 322 323 325 327 333 335 344 346 351 352 354 356 357 358 368 375 376 377 386 388 390 399 406 407 413 417 425 426 435 438 440 451 457 458 461 465 473 477 478 481 487 488 494 496
campaign,reference,500,5-0.25-P,10,83754,129,1 8 10 11 12 19 23 25 27 28 32 39 53 56 57 58 64 65 68 69 71 78 81 83 97 103 112 117 123 125 131 143 144 145 146 147 150 151 154 165 167 169 178 179 183 184 185 190 194 195 196 211 213 215 217 218 222 228 231 232 244 245 257 258 263 268 274 275 279 282 283 287 291 292 293 295 296 297 298 303 308 309 310 311 316 322 325 327 333 334 335 339 344 346 347 352 354 356 357 358 368 375 376 377 386 388 406 407 413 424 425 426 429 433 435 438 440 451 457 458 465 477 478 481 487 488 491 494 499
campaign,reference,500,6-0.5-P,1,145961,253,1 3 4 6 10 11 12 15 19 21 23 25 26 27 28 32 33 37 39 43 44 45 50 53 56 57 58 60 62 65 66 68 69 71 72 73 78 80 81 83 84 87 89 90 92 93 94 100 101 103 104 105 112 113 114 117 121 123 125 127 131 133 134 137 140 141 143 144 145 146 147 149 150 151 152 154 155 156 157 161 162 164 165 167 168 169 171 172 178 179 181 183 185 187 190 193 194 195 196 197 198 199 207 211 212 213 215 217 218 221 222 223 227 228 231 232 234 237 239 241 243 244 245 246 249 250 257 260 263 265 267 268 269 274 275 277 278 279 282 283 284 285 286 287 288 290 291 292 293 295 296 297 302 304 308 309 310 311 315 316 318 319 320 321 322 323 324 325 326 327 329 330 333 334 335 338 339 340 342 344 346 347 349 351 352 354 356 357 358 368 370 375 376 377 379 381 386 388 390 391 392 395 398 399 400 402 405 406 408 413 417 421 422 424 425 426 428 429 430 433 434 435 436 440 443 452 453 456 457 458 459 461 463 465 467 469 471 473 477 478 479 481 482 484 486 487 488 491 492 493 494 495 499
campaign,reference,500,6-0.5-P,2,145809,252,1 3 6 10 11 12 14 15 19 21 23 25 26 27 28 32 33 36 37 39 43 44 45 53 56 57 58 60 62 63 65 68 69 71 72 73 78 80 81 83 84 90 92 97 100 101 103 104 105 107 110 111 112 113 114 115 117 121 123 125 127 131 133 134 137 140 141 143 144 145 146 147 150 151 152 154 155 156 157 161 162 164 165 167 168 169 171 172 173 178 179 180 181 183 184 185 187 190 193 194 195 196 197 198 199 207 211 212 213 214 215 217 218 222 223 227 228 231 232 237 241 243 244 249 250 255 257 260 263 265 267 268 269 274 275 277 278 279 282 283 284 285 286 287 288 290 291 293 295 296 297 298 302 303 304 308 310 311 315 316 318 319 320 321 322 323 324 325 327 329 330 333 334 335 339 340 341 342 344 346 347 351 352 354 356 357 358 368 370 375 376 377 379 381 386 388 390 391 392 395 397 398 399 400 402 403 405 406 408 411 413 417 421 422 424 425 426 428 429 430 433 434 435 436 438 440 443 451 452 453 456 457 458 459 461 462 463 465 467 469 473 477 478 479 481 484 486 487 488 491 492 494
campaign,reference,500,6-0.5-P,3,146011,253,1 3 6 8 10 11 12 15 19 21 23 25 26 27 28 32 33 37 39 43 44 45 50 53 56 57 58 60 62 63 65 66 68 69 71 72 73 74 78 80 81 83 84 87 89 90 92 93 94 101 102 103 104 105 112 113 114 115 116 117 121 122 123 125 127 131 133 134 137 140 141 143 144 145 146 147 149 150 151 152 154 155 156 157 161 164 165 167 169 171 172 173 178 181 182 183 184 185 187 190 193 194 195 196 197 198 199 211 212 213 214 215 217 218 219 222 223 227 228 231 232 235 237 241 243 244 246 249 257 258 260 263 265 268 269 274 275 277 278 279 282 283 284 286 287 288 290 291 292 293 295 296 297 302 304 308 309 310 311 315 316 318 319 320 321 322 323 324 325 327 329 330 333 334 335 339 340 341 342 344 346 347 349 351 352 354 356 357 358 365 368 370 375 376 377 379 380 381 385 386 388 390 391 392 395 398 402 403 405 406 408 413 417 421 422 424 425 426 428 429 430 433 434 435 438 440 451 452 453 456 457 458 459 461 462 463 465 467 469 473 477 478 479 481 484 487 488 491 492 494 495 496 499
campaign,reference,500,6-0.5-P,4,145922,253,1 3 6 9 10 11 12 14 15 19 21 23 25 26 27 28 32 33 34 37 39 43 44 45 50 53 56 57 58 60 62 63 65 66 68 69 71 72 73 74 78 80 81 83 84 89 90 92 100 101 103 104 112 113 115 117 121 122 123 125 127 131 133 134 137 140 141 143 144 145 146 147 149 150 151 152 154 155 156 157 161 162 164 165 167 168 169 171 172 173 178 179 181 182 183 184 185 187 190 193 194 195 196 197 198 199 207 211 212 213 214 217 218 222 223 227 228 231 232 235 237 239 241 243 244 246 249 250 257 258 260 263 264 265 267 268 269 274 275 277 278 279 282 283 284 285 286 287 288 290 291 292 293 295 296 297 302 304 308 309 310 311 315 316 318 319 320 321 322 323 324 325 326 327 329 333 334 335 338 339 340 342 344 346 347 351 352 354 356 357 358 368 370 375 376 377 379 380 381 386 388 390 391 392 395 398 399 400 402 405 406 408 413 417 421 422 424 425 426 428 429 430 433 434 435 436 438 440 451 452 453 456 457 458 461 463 465 467 469 473 477 478 479 481 482 484 487 488 491 492 493 494 499
campaign,reference,500,6-0.5-P,5,145941,253,1 3 6 9 10 11 12 14 15 19 20 21 23 25 26 27 28 32 33 36 37 39 43 45 53 56 57 58 60 62 63 65 66 68 69 71 72 73 78 80 81 83 84 90 92 93 94 100 101 102 103 104 112 113 114 117 121 123 125 126 127 131 133 134 137 140 141 143 144 145 146 147 149 150 151 152 154 155 156 157 161 162 165 167 168 169 171 172 173 178 179 181 183 184 185 187 190 193 194 195 196 197 198 199 211 212 213 214 217 218 219 222 223 227 228 231 232 236 237 241 243 244 249 250 257 258 260 261 263 265 267 268 269 274 275 277 278 279 282 283 284 285 286 287 288 290 291 293 295 296 297 302 303 304 306 308 309 310 311 315 316 318 319 320 321 322 323 324 325 326 327 329 330 333 334 335 338 339 340 341 342 344 346 347 351 352 354 356 357 358 365 368 370 374 375 376 377 379 381 386 388 390 391 392 395 398 399 400 402 403 405 406 407 408 413 417 421 422 424 425 426 428 429 430 432 433 435 436 440 443 452 453 456 457 458 461 463 465 467 469 473 477 478 479 481 487 488 491 492 493 494 496 499
campaign,reference,500,6-0.5-P,6,145918,253,1 3 6 8 10 11 12 19 21 23 25 26 27 28 32 33 36 37 39 43 44 45 50 53 56 57 58 60 62 65 66 68 69 71 72 73 77 78 80 81 83 84 89 90 92 93 94 101 102 103 105 111 112 113 114 115 116 117 121 123 125 127 131 133 134 137 140 141 143 144 145 146 147 149 150 151 152 154 155 156 157 161 162 164 165 167 169 171 172 173 178 181 183 184 185 187 190 194 195 196 197 198 200 207 211 212 213 215 217 218 222 223 227 228 231 232 235 236 237 241 243 244 245 246 249 250 257 258 260 263 264 265 268 269 274 275 278 279 282 283 284 285 286 287 288 290 291 292 293 295 296 297 302 304 308 309 310 311 315 316 318 319 320 321 322 323 324 325 326 327 329 330 333 334 335 338 339 341 342 344 346 347 351 352 354 356 357 358 365 368 370 375 376 377 379 386 388 390 391 392 395 398 399 400 402 405 406 408 413 417 421 422 424 425 426 428 429 430 433 435 436 438 440 443 451 452 453 456 457 458 459 461 462 463 465 467 468 469 473 477 478 479 481 484 486 487 488 491 492 493 494 496 499
campaign,reference,500,6-0.5-P,7,145930,253,1 3 4 6 8 9 10 11 12 15 19 20 21 23 25 26 27 28 30 32 33 37 39 43 44 45 50 53 56 57 58 60 62 65 66 68 69 70 71 73 78 80 81 83 84 87 90 92 93 101 103 105 112 113 114 115 117 121 123 125 127 131 133 134 137 140 141 143 144 145 146 147 149 150 151 152 154 155 156 157 161 162 164 165 167 168 169 171 172 173 179 181 183 184 185 187 190 193 194 195 196 197 198 199 211 212 213 214 215 217 218 222 223 227 228 231 232 236 237 239 241 243 244 249 250 257 260 263 264 268 269 272 274 275 278 279 282 283 285 286 287 288 290 291 292 293 295 296 297 302 304 306 308 309 310 311 315 316 318 319 320 321 322 323 324 325 326 327 329 330 333 334 335 338 339 340 341 342 344 346 347 351 352 354 356 357 358 368 370 375 376 377 379 381 386 388 390 391 392 395 398 399 400 402 403 405 406 408 413 417 421 422 424 425 426 428 429 430 433 434 435 436 438 440 448 451 452 453 454 456 457 458 461 462 463 465 467 469 473 477 478 479 481 482 486 487 488 491 492 493 494 496 499
campaign,reference,500,6-0.5-P,8,145993,252,1 3 6 8 9 10 11 12 14 15 19 21 23 25 26 27 28 32 33 37 39 43 44 45 50 53 56 57 58 60 62 63 65 66 68 69 71 72 73 74 78 80 81 83 84 87 89 90 92 93 94 100 101 102 103 104 105 112 113 114 117 121 123 125 127 131 133 134 137 140 141 143 144 145 146 147 149 150 151 152 154 155 156 157 161 162 164 165 167 168 169 171 172 173 178 179 181 183 184 185 187 190 193 194 195 196 197 198 211 212 213 215 217 218 222 223 227 228 231 232 236 237 241 243 244 249 250 257 260 263 265 266 268 269 272 274 275 278 279 282 283 284 285 286 287 288 290 291 292 293 295 296 297 302 303 304 308 309 310 311 315 316 318 319 320 321 322 323 324 325 327 329 333 334 335 338 339 340 341 342 344 346 347 351 352 354 356 357 358 368 370 375 376 377 379 381 385 386 388 390 391 392 398 399 400 402 405 406 408 413 417 421 422 424 425 426 428 429 430 433 434 435 436 438 440 451 452 453 456 457 458 459 461 463 465 467 469 473 477 478 481 482 484 486 487 488 491 492 493 494 496 499
campaign,reference,500,6-0.5-P,9,145866,253,1 3 6 9 10 11 12 15 19 20 21 23 25 26 27 28 32 33 37 39 43 44 45 50 53 56 57 58 60 62 63 65 66 68 69 71 72 73 74 78 80 81 83 84 87 89 90 91 92 93 94 100 101 103 105 107 112 113 114 117 121 123 125 126 127 131 133 134 137 140 141 143 144 145 146 147 149 150 151 152 154 155 156 157 162 165 167 168 169 171 172 173 178 179 181 183 184 185 187 190 192 193 194 195 196 197 198 199 207 211 212 213 214 217 218 219 222 223 227 228 231 232 237 241 244 246 249 250 257 258 260 261 263 264 268 269 274 275 278 279 282 283 284 285 286 287 288 290 291 293 295 296 297 302 303 304 308 310 311 315 316 318 319 320 321 322 323 324 325 327 329 330 333 334 335 339 340 341 342 344 346 347 349 351 352 354 356 357 358 368 370 374 375 376 377 379 381 385 386 388 390 391 392 395 398 399 400 402 403 405 406 408 413 417 421 422 424 425 426 428 429 430 433 434 435 436 438 440 448 452 453 456 457 458 461 463 465 467 469 473 477 478 479 481 484 487 488 491 492 493 494 496 499
campaign,reference,500,6-0.5-P,10,145866,252,1 3 6 9 10 11 12 15 19 20 21 23 25 26 27 28 32 33 37 39 43 44 45 47 50 53 56 57 58 60 62 63 64 65 66 68 69 71 72 73 74 78 80 81 83 84 87 89 90 92 93 94 100 102 103 104 112 113 114 116 117 121 123 125 127 131 133 134 137 140 141 143 144 145 146 147 149 150 151 152 154 155 156 157 161 162 164 165 167 168 169 171 172 178 179 181 183 184 185 187 190 193 194 195 196 197 198 207 209 211 212 213 217 218 219 222 223 227 228 231 232 237 241 243 244 245 246 249 250 257 258 260 263 265 267 268 269 272 274 275 277 278 279 282 284 285 286 287 288 290 291 293 295 296 297 302 303 304 308 309 310 311 315 316 319 320 321 322 323 324 325 327 329 333 334 335 339 341 342 344 346 347 351 352 354 356 357 358 368 370 375 376 377 379 381 386 388 390 391 392 395 398 399 400 402 403 406 407 408 413 417 421 422 424 425 426 428 429 430 433 434 435 436 440 443 451 452 453 456 457 458 459 461 462 463 465 467 469 473 477 478 479 481 486 487 488 491 492 493 494 495 499
campaign,reference,500,7-0.5-P,1,152234,253,1 3 6 9 10 11 12 15 19 23 25 26 27 28 32 33 37 38 39 43 45 50 53 56 57 58 60 62 63 65 68 69 71 72 73 78 79 80 81 83 87 90 91 92 93 97 98 101 102 103 104 110 111 112 114 116 117 121 123 124 125 127 131 133 134 137 140 141 143 144 145 146 147 149 150 151 154 155 156 157 161 164 165 167 168 169 171 172 173 178 179 181 182 183 184 185 187 190 191 194 195 197 198 200 207 209 211 213 215 216 217 218 219 222 223 228 231 232 234 236 237 241 243 244 245 250 251 253 255 257 258 260 261 263 265 267 268 269 274 275 279 280 282 283 285 286 287 288 290 291 292 293 295 296 297 298 302 303 304 308 309 310 311 312 315 316 318 319 320 321 322 323 324 325 326 327 329 333 334 335 339 340 341 346 347 349 351 352 356 357 358 368 370 376 377 379 381 384 385 386 388 390 391 392 399 402 403 404 405 406 407 411 413 417 421 422 424 425 426 428 429 430 433 435 436 438 440 449 451 452 453 456 457 458 461 462 463 465 467 468 473 477 478 481 487 488 489 490 491 492 493 494 499
campaign,reference,500,7-0.5-P,2,152302,253,1 3 6 9 10 11 12 14 15 19 20 21 23 25 26 27 28 32 33 36 38 39 43 45 50 53 56 57 58 60 62 63 65 68 69 71 72 73 78 79 80 81 83 86 87 90 91 92 93 96 97 98 101 102 103 111 112 114 115 116 117 121 123 124 125 131 133 134 137 140 141 143 144 145 146 147 149 150 151 154 155 156 157 161 164 165 167 168 169 171 172 176 178 179 181 182 183 184 185 187 190 191 194 195 197 198 202 209 211 213 214 215 216 217 218 219 222 223 228 231 232 234 236 237 239 243 244 245 249 250 255 257 258 260 261 263 265 267 268 269 274 275 279 282 283 284 285 286 287 288 290 291 292 293 295 296 297 298 302 303 304 306 308 309 310 311 315 316 318 319 320 321 322 323 324 325 326 327 329 333 334 335 339 340 344 346 347 349 351 352 356 357 358 368 370 376 377 379 381 385 386 388 390 391 392 399 402 403 405 406 407 408 411 413 417 421 422 424 425 428 429 430 433 435 436 438 440 451 452 453 455 456 457 458 459 461 462 465 467 473 477 478 481 487 488 489 490 491 492 493 494 495 499
campaign,reference,500,7-0.5-P,3,152261,253,1 3 6 10 11 12 14 15 19 20 23 25 26 27 28 32 33 36 37 38 39 43 45 50 53 56 57 58 60 63 65 68 69 71 72 73 75 78 79 80 81 83 86 87 90 91 92 93 97 101 102 103 111 112 114 117 121 123 124 125 127 131 133 134 137 140 141 143 144 145 146 147 149 150 151 154 155 156 157 161 164 165 167 168 169 171 172 178 179 181 182 183 184 185 187 190 194 195 197 198 207 208 211 213 215 216 217 218 219 222 223 227 228 231 232 234 236 237 239 241 243 244 245 250 255 257 258 260 261 263 265 268 269 272 274 275 279 282 283 284 285 286 287 288 290 291 292 293 295 296 297 298 302 303 304 308 309 310 311 315 316 318 319 320 321 322 324 325 326 327 329 333 334 335 338 339 340 346 347 349 351 352 356 357 358 368 370 375 376 377 379 381 384 386 388 390 392 395 397 398 399 402 403 405 406 407 408 411 413 417 421 422 424 425 428 429 430 433 435 436 438 440 451 452 453 455 456 457 458 459 461 462 463 464 465 467 468 473 477 478 479 481 487 488 489 490 491 492 493 494 495 496 499
campaign,reference,500,7-0.5-P,4,152290,254,1 3 6 8 10 11 12 14 15 19 22 23 25 26 27 28 32 33 36 37 38 39 43 45 50 53 56 57 58 60 63 65 68 69 71 72 73 76 78 79 80 81 83 86 87 90 91 92 93 97 98 101 102 103 104 108 111 112 114 117 121 123 124 125 127 131 133 134 137 141 143 144 145 146 147 149 150 151 154 155 156 157 161 164 165 168 169 171 172 176 178 179 181 182 183 184 185 187 190 191 194 195 197 198 202 207 208 209 211 213 215 216 217 218 219 222 223 228 231 232 234 236 237 239 243 244 245 246 250 255 256 257 258 260 261 263 265 267 268 269 274 275 279 282 283 284 285 286 287 288 290 291 292 293 295 296 297 298 302 303 304 306 308 309 310 311 315 316 318 319 321 322 323 324 325 327 329 333 334 335 339 340 344 346 347 349 351 352 354 356 357 358 368 370 374 376 377 379 381 384 385 386 388 390 391 395 398 399 402 403 404 405 406 407 408 411 413 417 421 422 424 425 426 428 429 430 433 435 436 438 440 451 452 453 458 459 461 462 465 468 473 477 478 481 487 488 489 490 491 492 493 494 495 499
campaign,reference,500,7-0.5-P,5,152308,253,1 3 6 8 10 12 14 15 19 20 21 22 23 25 26 27 28 32 33 36 38 39 43 45 48 50 53 56 57 58 60 63 65 68 69 71 72 73 78 79 80 81 83 87 90 92 93 96 97 101 102 103 104 111 112 114 117 121 123 124 125 127 131 133 134 137 140 141 143 144 145 146 147 149 150 151 154 155 156 157 161 164 165 168 169 171 172 176 178 179 181 182 183 184 185 187 190 191 194 195 197 198 201 208 209 211 213 215 216 217 218 219 222 223 228 231 232 234 236 237 239 243 244 245 250 253 255 256 257 258 260 261 263 265 267 268 269 272 274 275 276 279 282 283 284 285 286 287 288 290 291 292 293 295 296 297 298 302 303 304 308 309 310 311 315 316 318 319 320 321 322 323 324 325 326 327 329 333 334 335 338 339 340 344 346 347 349 351 352 356 357 358 368 370 376 377 379 381 384 385 386 388 390 391 392 397 399 403 404 405 406 407 408 413 417 421 422 424 425 426 428 429 430 433 435 436 438 440 451 452 453 456 457 458 459 461 462 465 467 473 477 478 481 487 488 490 491 492 493 494 495 496 499
campaign,reference,500,7-0.5-P,6,152424,253,1 3 6 9 10 11 12 14 15 19 20 21 23 25 26 27 28 32 33 36 37 38 39 43 45 53 56 57 58 60 62 63 65 68 69 71 72 73 78 79 80 81 83 87 90 91 92 93 94 97 101 102 103 107 111 112 114 117 121 123 125 131 133 134 137 140 141 143 144 145 146 147 149 150 151 153 154 155 156 157 161 164 165 167 168 169 171 172 176 178 179 181 182 183 184 185 187 190 193 194 195 197 198 207 208 211 213 215 216 217 218 222 223 228 231 232 236 237 239 241 243 244 245 249 250 255 256 257 258 260 261 263 265 268 269 274 275 279 282 283 285 286 287 288 290 291 293 295 296 297 298 302 303 304 308 309 310 311 315 316 318 319 320 321 322 324 325 326 327 329 330 333 334 335 338 339 340 341 344 346 347 349 351 352 354 356 357 358 368 370 376 377 379 381 384 385 386 388 390 392 398 399 402 403 405 406 407 408 411 413 417 421 422 424 425 426 428 429 430 433 435 436 438 440 451 452 453 455 456 457 458 459 461 462 463 465 467 468 471 473 477 478 481 487 488 489 490 491 492 493 494 496 499
campaign,reference,500,7-0.5-P,7,152318,253,1 3 6 8 9 10 11 12 14 15 19 20 21 22 23 25 26 27 28 32 33 38 39 43 45 50 53 56 57 58 60 62 63 65 68 69 71 72 73 78 79 80 81 83 86 87 90 91 92 93 97 102 103 111 112 116 117 120 121 123 125 131 133 134 137 140 141 143 144 145 146 147 149 150 151 154 155 156 157 161 164 165 167 168 169 171 172 178 179 181 182 183 184 185 187 190 191 195 197 198 202 207 209 211 213 215 216 217 218 219 222 223 227 228 231 232 234 236 237 239 243 244 245 250 253 255 256 257 258 260 263 265 268 269 272 274 275 279 282 283 284 285 286 287 288 290 291 292 293 295 296 297 298 302 303 304 306 308 309 310 311 315 316 318 319 320 321 322 323 324 325 327 329 333 334 335 338 339 340 344 346 347 349 351 352 354 356 357 358 368 370 376 377 379 381 384 386 388 390 391 392 395 397 399 402 403 405 406 407 408 411 413 417 421 422 424 425 426 428 429 430 433 435 436 438 440 451 452 453 455 456 457 458 459 461 462 463 465 468 471 473 477 478 481 487 488 489 490 491 493 494 496 499
campaign,reference,500,7-0.5-P,8,152324,253,1 3 6 9 10 11 12 14 15 19 21 23 25 26 28 32 33 37 38 39 43 45 53 56 57 58 60 62 63 65 68 69 71 72 73 78 79 80 81 83 84 86 87 90 91 92 93 97 102 103 104 105 108 111 112 114 117 120 121 123 124 125 127 131 133 134 137 141 143 144 145 146 147 149 150 151 154 155 156 157 161 164 165 168 169 171 172 178 179 181 182 183 184 185 187 190 195 197 198 202 207 208 209 211 213 215 216 217 218 219 222 223 228 231 232 234 236 237 239 241 243 244 245 249 250 253 255 257 258 260 261 263 265 268 269 274 275 276 279 280 282 283 284 285 286 287 288 290 291 292 293 295 296 297 298 302 303 304 308 309 310 311 315 316 318 319 320 321 322 323 324 325 326 327 329 333 334 335 338 339 340 344 346 347 349 351 352 354 356 357 358 368 370 374 376 377 381 384 385 386 388 390 391 392 399 402 403 404 405 406 407 408 411 413 417 421 422 424 425 426 428 429 430 433 435 436 438 440 451 452 453 456 457 458 461 462 463 465 467 468 473 477 478 481 484 487 488 489 491 493 494 496 499
campaign,reference,500,7-0.5-P,9,152264,253,1 3 6 9 10 11 12 14 15 19 20 23 25 26 27 28 32 33 36 38 39 43 45 50 53 56 57 58 60 62 65 68 69 71 72 73 78 80 81 83 84 86 87 90 91 92 93 96 97 101 102 103 108 111 112 114 117 121 123 124 125 131 133 134 137 140 141 143 144 145 146 147 149 150 151 154 155 156 157 159 161 164 165 166 168 169 171 172 178 179 181 182 183 184 185 187 190 191 194 195 197 198 207 209 211 212 213 215 216 217 218 219 222 223 228 231 232 234 236 237 239 243 244 245 249 250 255 256 257 258 260 261 263 265 267 268 269 274 275 279 282 283 285 286 287 288 290 291 292 293 295 296 297 298 302 303 304 306 308 309 310 311 315 316 319 321 322 323 324 325 326 327 329 333 334 335 338 339 340 341 344 346 347 349 351 352 356 357 358 368 370 374 376 377 379 381 385 386 388 390 391 392 397 398 399 402 403 405 406 407 408 411 413 417 421 422 424 425 428 429 430 433 435 436 438 440 451 452 453 455 456 457 458 459 461 462 465 467 468 473 477 478 481 487 488 489 490 491 492 493 494 496 499
campaign,reference,500,7-0.5-P,10,152237,253,1 3 6 9 10 11 12 14 15 19 22 23 24 25 26 27 28 32 33 36 37 39 43 45 50 53 56 57 58 60 62 63 64 65 68 69 71 72 73 78 79 80 81 83 87 90 93 97 98 100 102 103 104 111 112 114 117 121 122 123 124 125 127 131 133 134 137 140 141 143 144 145 146 147 149 150 151 154 155 156 157 161 164 165 167 168 169 171 172 178 179 181 182 183 184 185 187 190 194 195 197 198 207 208 209 211 213 215 216 217 218 219 222 223 228 231 232 234 236 238 241 243 244 245 249 250 255 256 257 258 260 261 263 265 267 268 269 272 274 275 279 282 283 285 286 287 288 290 291 292 293 295 296 297 298 302 303 304 308 309 310 311 315 316 318 319 321 322 323 324 325 326 327 329 333 334 335 338 339 340 344 346 347 349 351 352 354 356 357 358 368 370 376 377 379 381 384 385 386 388 390 391 392 395 399 402 403 404 405 406 407 408 411 413 417 421 422 424 425 426 428 429 430 433 435 436 438 440 451 452 453 455 458 462 463 465 467 468 471 473 477 478 481 484 487 488 489 490 491 493 494 496 499
campaign,reference,500,8-0.5-P,1,157807,254,1 3 6 8 10 11 12 14 15 19 20 21 22 23 24 25 26 27 28 32 33 36 39 43 45 50 53 56 57 58 60 63 65 66 68 69 71 72 73 74 76 78 80 81 83 84 90 91 92 93 96 97 98 102 103 104 111 112 114 115 117 121 123 125 126 127 131 133 134 137 143 144 145 146 147 149 150 151 154 155 156 157 162 165 166 167 168 169 171 172 176 178 181 183 184 185 187 190 194 195 197 198 202 207 209 210 211 212 213 215 216 217 218 219 222 223 226 228 231 232 234 237 241 243 244 245 249 250 253 255 256 257 258 260 261 263 264 265 267 268 269 272 274 275 276 279 281 282 283 284 285 286 287 288 290 291 293 295 296 297 298 302 303 304 308 310 311 315 316 320 321 322 323 324 325 327 329 333 334 335 337 339 340 346 347 350 351 352 354 356 357 358 365 368 370 375 376 377 379 381 383 386 388 390 391 392 395 397 398 399 400 402 405 406 407 413 416 417 421 424 425 428 429 430 433 435 436 438 440 452 453 456 457 458 459 461 465 467 468 473 477 478 481 484 487 488 489 490 491 492 494 495 496 499
campaign,reference,500,8-0.5-P,2,157803,253,1 3 4 6 8 9 10 11 12 14 15 19 20 21 22 23 24 25 26 27 28 32 36 37 39 43 44 45 50 53 56 57 58 60 62 63 65 66 68 69 71 72 73 74 77 78 80 81 83 84 90 92 93 96 97 98 102 103 111 112 114 117 121 123 125 126 127 131 133 134 137 141 143 144 145 146 147 149 150 151 154 155 156 157 159 164 165 166 167 168 169 171 172 178 179 181 183 184 185 187 190 195 196 197 198 200 207 209 210 211 212 213 216 217 218 219 222 223 227 228 231 234 236 237 241 243 244 245 249 250 253 256 257 258 260 261 263 265 267 268 269 272 274 275 276 279 281 282 283 284 285 286 287 288 290 291 292 293 295 296 297 298 303 304 308 310 311 315 316 319 320 321 322 323 324 325 327 329 333 334 335 339 340 346 347 351 352 354 356 357 358 365 368 370 375 376 377 379 381 383 386 388 390 391 392 395 398 399 405 406 407 413 416 417 421 422 424 425 426 428 429 430 433 434 435 436 438 440 452 453 456 457 458 461 462 465 467 468 473 477 478 481 484 487 488 489 490 491 492 494 495 496 499
campaign,reference,500,8-0.5-P,3,157745,254,1 3 6 8 9 10 11 12 14 15 19 20 21 22 23 24 25 26 27 28 32 33 36 39 43 44 45 48 50 53 56 57 60 63 65 66 68 69 71 72 73 74 78 80 81 83 84 90 91 92 93 96 97 98 102 103 108 111 112 115 117 120 121 122 123 125 127 131 133 134 137 143 144 145 146 147 149 150 151 152 154 155 156 157 164 165 166 167 168 169 171 172 176 178 179 181 183 184 185 187 190 194 195 196 197 200 207 209 211 212 213 216 217 218 219 222 223 226 228 231 232 234 235 237 241 243 244 245 249 250 253 254 255 256 257 258 260 261 263 265 267 268 269 272 274 275 276 279 282 284 285 286 287 288 290 291 293 295 296 297 298 303 304 308 310 311 315 316 319 320 321 322 323 324 325 327 329 330 333 334 335 339 340 341 346 347 351 352 354 356 357 358 365 368 370 374 375 376 377 386 388 390 391 392 395 398 399 404 405 406 407 408 413 416 417 421 424 425 426 428 429 430 433 435 436 438 440 452 453 456 457 458 459 461 462 465 467 468 473 475 477 478 481 484 487 489 490 491 492 493 494 495 496 499
campaign,reference,500,8-0.5-P,4,157827,254,1 3 6 8 9 10 11 12 14 15 19 20 21 22 23 24 25 26 27 28 32 36 39 43 45 50 53 56 57 58 60 63 64 65 66 68 69 71 72 73 74 76 77 78 80 81 83 84 90 91 92 93 96 97 98 102 103 104 108 111 112 114 115 117 121 122 123 125 127 131 133 134 143 144 145 146 147 149 150 151 152 154 155 156 157 164 165 166 167 168 169 170 171 172 178 179 181 183 184 185 187 190 195 196 197 198 204 207 209 211 212 213 216 217 218 219 222 223 228 231 232 234 235 237 241 243 244 245 246 249 250 253 255 256 257 258 260 261 263 265 267 268 269 272 274 275 276 279 281 282 283 284 285 286 287 288 290 291 293 295 296 297 298 303 304 308 310 315 316 319 320 321 322 323 324 325 327 329 330 333 334 335 339 340 341 342 346 347 351 352 354 356 357 358 365 368 370 375 376 377 379 381 386 388 390 391 392 395 398 399 402 404 406 407 413 416 417 421 424 425 426 428 429 430 433 435 436 438 440 443 452 453 456 457 458 461 462 465 471 473 477 478 481 487 488 489 490 491 492 493 494 495 496 499
campaign,reference,500,8-0.5-P,5,157640,253,1 3 6 8 9 10 11 12 14 15 19 21 22 23 24 25 26 27 28 32 36 39 43 45 49 50 53 54 56 57 58 60 62 63 64 65 66 68 69 70 71 72 73 74 78 80 81 83 84 90 91 93 96 97 102 103 108 111 112 117 121 122 123 125 127 131 133 134 137 143 144 145 146 147 149 150 151 152 154 155 156 157 164 165 166 167 168 169 170 171 172 178 179 181 183 184 185 187 190 195 196 197 198 207 209 210 211 212 213 216 217 218 219 222 223 228 231 234 237 241 243 244 245 246 249 250 253 255 256 257 258 260 261 263 265 267 268 269 272 274 275 276 279 281 282 283 284 285 286 287 288 290 291 293 295 296 297 298 302 303 304 308 310 311 313 315 316 319 320 321 322 323 324 325 327 329 333 334 335 339 340 341 344 346 347 351 352 354 356 357 358 365 368 370 374 375 376 377 379 381 383 386 388 390 391 392 395 398 399 402 405 406 407 413 416 417 421 424 425 426 428 429 430 433 435 436 438 440 443 451 452 453 456 457 458 461 465 467 468 473 477 478 481 484 487 488 489 490 491 492 494 496 499
campaign,reference,500,8-0.5-P,6,157792,254,1 3 6 8 10 11 12 14 15 19 20 21 22 23 24 25 26 27 28 30 32 36 39 43 45 49 50 53 56 57 58 60 62 63 65 66 69 71 72 73 77 78 80 81 83 84 86 87 90 91 93 96 97 98 102 103 111 112 113 114 117 121 123 125 126 127 131 133 134 136 137 143 144 145 146 147 149 150 151 154 155 156 157 163 164 165 166 167 168 169 171 172 178 179 181 182 183 184 185 187 190 194 195 197 198 200 207 209 211 212 213 215 216 217 218 219 222 223 227 228 231 234 237 241 243 244 245 249 250 253 255 256 257 258 260 261 263 265 267 268 269 272 274 275 276 279 281 282 283 284 285 286 287 288 290 291 292 293 295 296 297 298 303 304 308 310 311 315 316 318 319 320 321 322 323 324 325 327 329 333 334 335 337 339 340 341 344 346 347 351 352 354 356 357 358 368 370 375 376 377 379 381 383 386 388 390 391 392 395 398 399 402 404 405 406 407 413 416 417 422 424 425 428 429 430 433 435 436 438 440 452 453 456 457 458 459 461 462 465 467 473 477 478 481 484 487 489 490 491 492 494 495 496 499
campaign,reference,500,8-0.5-P,7,157785,253,1 3 6 8 9 10 11 12 14 15 19 20 21 22 23 24 25 26 27 28 32 36 39 43 45 53 56 57 58 60 62 65 66 68 69 71 72 73 74 78 80 81 83 84 87 90 91 92 93 96 97 98 102 103 104 111 112 113 114 115 117 121 123 125 127 131 133 134 137 143 144 145 146 147 149 150 151 152 154 155 156 157 164 165 166 167 168 169 171 172 178 179 181 183 184 185 187 190 194 195 197 198 200 207 209 211 212 213 215 216 217 218 219 222 223 228 231 234 237 241 243 244 245 246 249 250 253 255 256 257 260 261 263 264 265 267 268 269 272 274 275 276 279 280 282 283 284 285 286 287 288 290 291 293 295 296 297 298 302 303 304 308 310 311 315 316 319 320 321 322 323 324 325 327 329 333 334 335 339 340 341 346 347 351 352 354 356 357 358 368 370 374 375 376 377 381 383 386 388 390 391 392 397 398 399 402 405 406 407 408 413 416 417 421 424 425 426 428 429 430 433 435 436 438 440 443 451 452 453 454 456 457 458 461 462 465 466 468 473 477 478 481 484 487 488 489 490 491 492 494 495 496 499
campaign,reference,500,8-0.5-P,8,157869,254,1 3 4 6 8 9 10 11 12 14 15 19 20 21 22 23 24 25 26 27 28 32 33 36 39 43 45 47 50 53 56 57 58 60 63 65 66 68 69 71 72 73 74 78 80 81 83 84 90 91 93 96 97 98 102 103 105 111 112 114 115 117 120 121 123 125 127 131 133 134 137 141 143 144 145 146 147 149 150 151 152 154 155 156 157 164 165 166 167 168 169 171 172 176 178 179 181 183 184 185 187 190 195 197 198 199 200 207 209 211 212 213 215 216 217 218 219 222 223 228 231 234 237 241 243 244 245 249 250 253 255 256 257 260 261 263 265 267 268 269 272 274 275 276 279 281 282 283 284 285 286 287 288 290 291 292 293 295 296 297 298 302 303 304 308 310 315 316 319 320 321 322 324 325 327 329 333 334 335 339 340 341 344 346 347 351 352 354 356 357 358 365 368 370 375 376 377 379 381 383 386 388 390 391 392 395 398 399 402 405 406 407 413 416 417 424 425 426 428 429 430 433 435 436 438 440 445 451 452 453 456 458 459 461 462 465 467 468 473 477 478 481 484 487 488 489 490 491 492 493 494 495 496 499
campaign,reference,500,8-0.5-P,9,157841,253,1 3 4 6 8 9 10 11 12 14 15 19 20 21 22 23 24 25 26 27 28 32 33 36 39 43 45 50 53 56 57 58 60 63 65 66 68 69 71 72 73 74 78 80 81 83 90 91 92 93 96 97 102 103 111 112 114 115 117 120 121 122 123 125 127 131 133 134 137 143 144 145 146 147 149 150 151 154 155 156 157 164 165 166 167 168 169 171 172 173 176 178 179 181 183 184 185 187 190 195 196 197 198 207 209 211 212 213 216 217 218 219 222 223 228 231 232 234 237 241 243 244 245 249 250 253 255 256 257 260 261 263 265 267 268 269 272 274 275 276 279 281 282 283 284 285 286 287 288 290 291 293 295 296 297 298 303 304 308 310 315 316 319 320 321 322 323 324 325 327 329 330 333 334 335 339 340 341 342 346 347 351 352 354 356 357 358 365 368 370 374 375 376 377 379 381 386 388 390 391 392 395 398 399 400 402 405 406 407 413 416 417 421 425 426 428 429 430 431 433 435 436 438 440 451 452 453 454 456 457 458 461 462 465 466 467 468 470 473 477 478 481 484 487 488 489 490 491 492 494 495 496 499
campaign,reference,500,8-0.5-P,10,157651,254,1 3 6 8 10 11 12 14 15 19 20 21 22 23 24 25 26 27 28 32 36 39 43 44 45 50 53 54 56 57 60 63 65 66 68 69 71 72 73 74 76 78 80 81 83 84 86 90 92 93 96 97 98 102 103 104 108 111 112 114 117 120 121 122 123 125 126 127 131 133 134 140 143 144 145 146 147 149 150 151 154 155 156 157 164 165 166 167 168 169 171 172 178 179 181 183 184 185 187 190 195 196 197 198 200 204 207 209 210 211 212 213 216 217 218 219 222 223 228 231 234 235 237 241 243 244 245 249 250 253 255 256 257 258 260 261 263 265 267 268 269 272 274 275 276 279 280 281 282 283 284 285 286 287 288 290 291 292 293 295 296 297 298 302 303 304 308 310 311 315 316 319 320 321 322 323 324 325 327 329 333 334 335 339 340 346 347 349 351 352 354 356 357 358 368 370 375 376 377 381 383 384 386 388 390 391 392 395 398 399 405 406 407 408 413 416 417 421 424 425 426 428 429 430 433 435 436 438 440 452 453 454 456 457 458 461 462 465 468 473 477 478 481 484 487 488 489 490 491 492 494 495 496 499
campaign,reference,500,9-0.5-P,1,154091,253,1 2 3 6 10 11 12 14 15 19 20 21 23 24 25 26 27 28 32 33 36 39 43 44 45 53 56 57 58 60 65 68 69 70 71 73 78 80 81 83 84 87 89 90 92 93 96 97 101 102 103 104 105 106 110 111 112 116 117 121 122 123 125 127 131 133 134 137 141 143 144 145 146 147 149 150 151 152 154 156 157 161 162 164 165 167 168 169 171 172 175 178 179 181 183 184 185 187 190 193 194 195 196 197 198 201 203 209 210 211 213 215 217 218 222 227 228 230 231 232 234 236 237 244 255 256 257 260 261 263 264 265 267 268 272 274 275 276 277 278 279 282 283 286 287 288 290 291 293 295 296 297 298 302 303 304 305 308 310 311 313 315 316 319 320 322 323 324 325 326 327 334 335 339 340 342 344 346 347 349 351 352 354 356 357 358 365 368 370 374 375 376 377 379 381 384 385 386 388 390 391 392 395 399 403 404 405 406 407 408 411 413 416 417 421 422 424 425 427 428 429 430 433 434 435 436 440 451 453 454 456 458 459 461 462 463 465 466 468 473 477 478 481 482 484 487 488 491 492 493 494 495 499
campaign,reference,500,9-0.5-P,2,154071,253,1 3 6 10 11 12 14 15 19 20 21 23 25 26 27 28 32 33 36 39 43 44 45 53 56 57 58 60 62 65 66 68 69 70 71 73 78 79 80 81 83 84 89 90 92 93 94 95 96 97 101 102 103 104 105 106 111 112 115 116 117 121 122 123 125 126 127 131 133 134 137 138 140 141 143 144 145 146 147 149 150 151 154 156 157 161 162 164 165 167 169 171 172 175 176 178 179 181 183 184 185 187 190 193 194 195 196 197 198 200 203 207 211 213 215 217 218 222 223 227 228 230 231 234 237 239 244 250 253 257 258 260 261 263 264 265 267 268 269 274 275 276 277 278 279 280 282 283 284 286 287 288 290 291 293 295 296 297 298 302 303 304 308 310 311 313 316 319 320 322 323 324 325 326 327 334 335 339 341 344 346 347 349 351 352 356 357 358 365 368 370 375 376 377 381 384 386 388 390 391 395 398 399 403 404 405 406 407 408 413 416 417 421 422 424 425 427 428 429 430 433 434 435 436 438 440 451 452 453 454 456 457 458 461 462 463 464 465 466 468 473 477 478 481 482 487 488 491 492 493 494 496 499
campaign,reference,500,9-0.5-P,3,153916,253,1 2 3 4 6 10 11 12 15 19 20 21 23 25 26 27 28 32 33 36 39 43 44 45 53 56 57 58 60 62 65 66 68 69 70 71 73 74 76 78 79 80 81 83 84 87 89 90 92 93 97 101 102 103 104 105 111 112 115 116 117 121 123 124 125 131 133 134 137 138 140 143 144 145 146 147 149 150 154 155 156 157 161 162 164 165 171 172 175 177 178 179 181 182 183 184 185 187 190 194 195 196 197 198 203 207 209 211 212 213 215 217 218 222 223 227 231 232 234 236 237 243 244 250 253 255 257 258 260 261 263 264 265 267 268 269 272 274 275 276 277 278 279 282 284 286 287 288 290 291 292 293 295 296 297 298 302 303 304 306 308 310 311 313 315 316 319 322 323 324 325 327 329 334 335 339 342 344 346 347 349 351 352 354 356 357 358 365 368 370 374 375 376 377 381 384 386 388 390 391 395 398 399 403 404 405 406 407 408 413 415 416 417 421 422 424 425 427 428 429 430 433 434 435 436 437 438 440 443 451 453 454 456 457 458 461 462 465 466 468 473 477 478 481 487 488 491 492 493 494 495 496 499
campaign,reference,500,9-0.5-P,4,153916,252,1 3 6 9 10 11 12 19 20 23 25 26 27 28 32 33 36 39 43 44 53 56 57 58 60 62 65 66 68 69 70 71 73 74 78 80 81 83 84 87 89 90 92 93 94 97 100 101 102 103 105 106 110 111 112 117 121 122 123 124 125 127 131 133 134 137 140 143 144 145 146 147 149 150 151 152 154 155 156 157 161 162 164 165 167 168 171 172 176 178 179 181 182 183 184 185 187 190 193 195 196 197 198 200 201 203 209 211 212 213 215 217 218 222 223 227 228 230 231 234 236 237 244 253 257 258 260 261 263 264 265 266 267 268 269 274 275 276 277 278 279 280 282 283 285 286 287 288 290 291 293 295 296 297 298 302 303 304 305 308 310 311 313 315 316 319 322 323 324 325 327 329 333 334 335 339 340 342 344 346 347 349 351 352 354 356 357 358 365 368 370 376 377 381 384 386 388 390 391 395 398 399 400 403 404 405 406 407 408 413 416 417 421 422 424 425 427 428 429 430 433 434 435 436 438 440 451 453 456 457 458 459 461 462 463 465 468 473 477 478 481 482 484 487 488 491 492 493 494 495 496 499
campaign,reference,500,9-0.5-P,5,153939,253,1 3 6 10 11 12 14 15 19 20 21 23 25 26 27 28 32 33 39 43 44 45 53 56 57 58 60 65 68 69 70 71 73 76 78 79 80 81 83 84 87 89 90 92 94 96 101 102 103 105 111 112 115 117 121 122 123 124 125 127 131 133 134 138 140 143 144 145 146 147 149 150 151 154 155 156 157 161 162 164 165 167 169 171 172 175 177 178 179 181 182 183 184 185 187 190 193 195 196 197 198 203 206 207 211 212 213 215 217 218 222 223 227 231 232 234 236 237 239 241 244 250 253 257 258 260 261 263 264 265 266 267 268 269 274 275 276 277 278 279 280 282 283 284 285 286 287 288 290 291 292 293 295 296 297 298 302 303 304 305 306 308 309 310 311 313 316 318 319 320 322 323 324 325 326 327 330 335 338 339 341 342 344 346 347 349 351 352 356 357 358 365 368 370 375 376 377 381 384 385 386 388 390 391 395 398 399 403 404 405 406 407 411 413 415 416 417 422 425 427 428 429 430 433 434 435 436 438 440 451 453 456 458 461 462 463 465 468 470 473 477 478 481 482 484 487 488 491 492 493 494 496 499
campaign,reference,500,9-0.5-P,6,153963,252,1 2 3 4 6 8 10 11 12 19 21 23 25 26 27 28 32 33 36 39 42 43 45 53 56 57 58 60 62 64 65 68 69 70 71 73 78 80 81 83 84 87 89 90 92 94 96 97 100 101 102 103 104 105 111 112 113 117 121 122 123 125 127 131 133 134 137 138 141 143 144 145 146 147 149 150 151 154 155 156 157 161 162 164 165 167 169 171 172 178 179 181 183 184 185 187 190 193 194 195 196 197 198 201 203 207 209 211 212 213 215 217 218 222 223 227 228 231 234 236 237 243 244 249 250 253 255 257 258 260 261 263 265 267 268 269 272 274 275 277 278 279 280 282 283 284 286 287 288 291 293 295 296 297 298 302 303 304 305 308 310 311 313 315 316 319 320 322 323 324 325 326 327 329 333 334 335 337 338 339 340 342 344 346 347 349 351 352 354 356 357 358 365 368 370 374 376 377 381 384 385 386 388 390 391 395 399 403 404 405 406 407 411 413 415 416 417 421 425 427 428 429 430 433 434 435 436 438 440 451 453 456 457 458 461 462 463 465 468 473 477 478 481 482 487 488 491 492 493 494 496 499
campaign,reference,500,9-0.5-P,7,154027,253,1 2 3 6 9 10 11 12 19 20 21 23 24 25 26 27 28 32 33 36 39 43 44 45 53 56 57 58 60 62 65 66 68 69 70 71 73 78 80 81 83 84 89 90 92 93 94 96 100 101 102 103 104 107 111 112 115 116 117 121 122 123 125 127 131 133 134 137 141 143 144 145 146 147 149 150 151 152 154 155 156 157 161 162 164 165 169 171 172 177 178 179 181 183 184 185 187 190 193 194 195 196 197 198 200 201 203 207 209 211 212 213 215 217 218 222 223 227 230 231 232 234 236 237 244 250 253 257 258 260 261 263 265 267 268 269 272 274 275 276 277 278 279 282 283 285 286 287 288 290 291 293 295 296 297 298 302 303 304 308 310 311 313 315 316 319 320 322 323 324 325 326 327 335 338 339 340 342 344 345 346 347 349 351 352 354 356 357 358 365 368 370 376 377 381 384 385 386 388 390 391 399 403 404 405 406 407 408 411 413 416 417 421 422 424 425 427 428 429 430 433 434 435 436 437 440 451 452 453 454 456 457 458 461 462 463 465 467 468 472 473 477 478 481 482 484 487 488 491 492 493 494 499
campaign,reference,500,9-0.5-P,8,154034,253,1 3 6 10 11 12 14 15 19 20 21 23 24 25 26 27 28 32 33 36 39 42 43 44 45 53 56 57 58 60 62 65 66 68 69 70 71 73 74 78 79 80 81 83 84 89 90 92 93 94 96 97 100 101 102 103 104 106 111 112 116 117 121 122 123 125 127 131 133 134 137 138 140 141 143 144 145 146 147 149 150 151 152 154 155 156 157 161 162 164 165 167 169 171 172 175 178 179 181 183 184 185 187 190 193 195 196 197 198 200 201 203 209 211 213 215 217 218 222 223 227 231 234 236 237 243 244 250 253 257 258 260 261 263 265 266 267 268 274 275 277 278 279 282 283 285 286 287 288 290 291 293 295 296 297 298 302 303 304 305 306 308 310 311 313 315 316 318 319 320 322 323 324 325 326 327 332 333 334 335 339 344 346 347 349 351 352 354 356 357 358 365 368 375 376 377 381 384 385 386 388 390 391 395 398 399 403 404 405 406 407 411 413 416 417 421 424 425 427 428 429 430 433 434 435 436 440 451 452 453 454 456 458 461 462 463 465 467 468 473 477 478 481 482 484 487 488 491 492 493 494 496 499
campaign,reference,500,9-0.5-P,9,154026,253,1 2 3 6 10 11 12 14 15 19 20 21 23 25 26 27 28 32 33 36 39 43 44 45 53 56 57 58 60 62 65 66 68 69 70 71 73 74 78 79 80 81 83 84 87 89 90 92 93 94 96 102 103 104 105 107 111 112 116 117 121 122 123 125 127 131 133 134 137 138 140 143 144 145 146 147 149 150 152 154 155 156 157 161 162 164 165 167 169 171 172 175 178 179 181 183 184 185 187 190 193 195 196 197 198 203 207 209 211 213 215 217 218 222 223 227 230 231 234 236 237 239 243 244 250 253 257 258 261 263 265 267 268 269 272 274 275 276 277 279 280 282 283 284 285 286 287 288 290 291 293 295 296 297 298 302 303 304 308 310 311 313 315 316 319 320 322 323 324 325 326 327 334 335 339 342 344 346 347 349 351 352 354 356 357 358 365 368 374 376 377 379 381 384 386 388 390 391 395 398 399 403 404 405 406 407 408 411 413 416 417 421 422 424 425 427 428 429 430 433 434 435 436 437 438 440 451 452 453 456 457 458 461 462 465 466 467 468 473 477 478 481 482 484 487 488 491 492 493 494 495 496 499
campaign,reference,500,9-0.5-P,10,153878,253,1 3 6 10 11 12 15 19 21 23 24 25 26 27 28 30 32 33 39 43 44 45 53 56 57 58 60 62 64 65 66 68 69 70 71 73 76 78 80 81 83 84 87 89 90 92 93 94 96 97 101 102 103 104 105 106 110 111 112 115 117 121 122 123 124 125 127 131 133 134 137 140 141 143 144 145 146 147 149 150 151 154 155 156 157 161 162 164 165 166 167 169 170 171 172 175 178 179 181 182 183 184 185 187 190 193 194 195 196 197 198 201 203 207 210 211 212 213 215 216 217 218 222 223 227 228 231 232 234 236 237 239 243 244 250 253 255 257 258 260 261 263 264 265 267 268 272 274 275 276 277 278 279 282 283 286 287 288 291 293 295 296 297 302 303 304 305 308 310 311 313 316 318 319 320 322 323 324 325 326 327 335 339 342 344 346 347 349 351 352 356 357 358 365 368 370 375 376 377 381 384 385 386 388 390 391 395 398 399 403 404 405 406 407 408 413 416 417 421 422 425 427 428 429 430 433 434 435 436 438 440 451 453 456 458 461 462 463 465 468 473 477 478 481 482 487 488 491 492 493 494 495 499
campaign,reference,500,10-0.5-P,1,142223,254,1 3 4 6 8 9 10 11 12 14 15 19 20 21 23 25 26 27 28 31 32 33 39 43 53 56 57 58 60 62 64 65 66 68 69 70 71 72 73 74 78 79 80 81 83 86 90 92 93 96 97 101 102 103 105 107 111 112 114 116 117 121 123 125 127 131 133 134 139 140 143 144 145 146 147 149 150 151 152 154 155 156 157 161 164 165 167 169 170 171 172 175 178 179 181 182 183 184 185 187 190 195 196 197 198 201 207 209 213 215 217 222 223 227 228 231 232 234 236 239 241 243 244 246 249 250 253 254 255 256 257 258 260 261 262 263 265 266 267 268 269 272 274 275 279 280 282 284 287 288 290 291 292 293 294 295 296 297 298 304 308 310 311 316 318 319 320 321 322 323 325 327 329 332 333 334 335 339 340 341 342 344 346 347 349 351 352 354 356 357 358 368 370 375 376 377 381 384 386 387 388 390 391 392 397 399 402 403 405 406 408 411 413 417 421 422 424 425 427 428 429 430 433 434 435 438 440 448 451 453 455 456 457 458 459 461 462 465 468 473 477 478 479 481 484 487 488 489 491 492 493 494 496 499
campaign,reference,500,10-0.5-P,2,142383,253,1 3 4 6 8 9 10 11 12 14 15 19 20 21 22 23 25 26 27 28 32 33 36 39 43 49 53 56 57 58 60 62 64 65 68 69 70 71 73 74 78 79 80 81 83 86 90 92 94 96 97 101 102 103 105 107 111 112 114 116 117 121 123 125 127 131 133 134 140 143 144 145 146 147 149 150 151 152 154 155 156 157 161 164 165 166 167 169 170 172 175 178 179 181 182 183 184 187 190 193 195 196 197 198 199 201 207 208 209 211 213 215 217 222 223 227 228 231 232 234 236 237 238 241 243 244 246 248 249 250 253 254 255 256 257 258 260 261 263 265 266 267 268 269 272 274 275 279 280 282 284 285 286 287 290 291 292 293 295 296 297 298 304 308 310 311 316 318 319 321 322 323 325 327 329 332 333 334 335 339 340 341 344 346 347 349 351 352 354 356 357 358 368 370 375 376 377 379 381 385 386 388 390 391 392 399 402 403 405 406 408 411 413 417 421 422 424 425 428 429 430 433 434 435 436 438 440 451 453 456 457 458 459 462 465 468 473 477 478 479 481 482 484 487 488 491 492 493 494 495 496 498 499
campaign,reference,500,10-0.5-P,3,142252,253,1 3 4 6 8 9 10 11 12 14 15 19 20 21 22 23 25 26 27 28 32 33 39 43 53 56 57 58 60 62 64 65 68 70 71 73 74 78 79 80 81 83 86 90 92 96 97 101 103 106 107 111 112 114 116 117 121 123 125 127 131 133 134 140 143 144 145 146 147 149 150 151 152 154 155 156 157 161 165 167 169 170 171 172 173 175 178 179 181 182 183 184 185 187 190 195 196 197 198 199 201 207 208 209 211 213 215 217 221 222 223 227 228 231 232 234 239 241 243 244 248 249 250 253 256 257 258 260 261 263 265 266 267 268 269 272 274 275 278 279 282 284 285 287 288 290 291 292 293 295 296 297 298 304 308 309 310 311 315 316 318 319 320 321 322 323 324 325 327 330 333 334 335 339 340 341 342 344 346 347 349 350 351 352 354 356 357 358 368 370 375 376 377 380 381 386 388 390 391 392 399 402 403 404 405 406 407 408 413 416 417 421 422 424 425 427 428 429 430 433 434 435 436 438 440 443 451 452 453 456 457 458 459 461 462 463 464 465 473 477 478 479 481 487 488 489 491 492 493 494 496 498 499
campaign,reference,500,10-0.5-P,4,142351,253,1 3 4 6 8 9 10 11 12 14 15 19 21 23 25 26 27 28 31 32 33 36 39 42 43 53 56 57 58 60 62 64 65 68 69 71 73 74 78 79 80 81 83 86 90 92 96 97 101 102 103 107 111 112 114 116 117 121 123 125 126 127 131 133 134 140 141 143 144 145 146 147 149 150 151 152 154 155 156 157 161 164 165 167 169 171 172 175 178 179 181 182 183 184 185 187 190 195 196 197 198 199 201 207 209 213 215 217 219 222 223 227 228 231 232 234 241 243 244 246 248 249 250 253 254 256 257 258 260 261 263 265 266 267 268 269 272 274 275 279 280 282 284 285 286 287 288 290 291 292 293 295 296 297 298 303 304 308 309 310 315 316 317 318 319 321 322 323 324 325 327 329 330 332 333 334 335 339 340 341 342 344 346 347 349 350 351 352 354 356 357 358 368 370 375 376 377 381 386 388 390 391 392 398 399 402 403 405 406 408 413 417 421 422 424 425 427 428 429 430 433 434 435 438 440 448 451 453 455 456 457 458 459 461 462 463 465 467 473 477 478 479 481 482 484 487 488 491 492 493 494 498 499
campaign,reference,500,10-0.5-P,5,142192,253,1 3 4 6 8 9 10 11 12 14 15 19 21 23 25 26 27 28 31 32 33 36 39 43 49 56 57 58 60 62 64 65 66 68 71 73 74 77 78 79 80 81 83 84 86 90 92 93 94 96 97 101 102 103 111 112 114 116 117 121 122 123 125 127 131 133 134 140 143 144 145 146 147 149 150 151 152 154 155 156 157 161 165 166 167 169 170 171 172 175 178 179 181 182 183 184 185 187 190 195 196 197 198 199 201 207 208 209 211 213 215 217 219 222 223 227 228 231 232 234 239 241 243 244 246 250 253 255 256 257 258 260 261 263 265 266 267 268 269 272 274 275 279 280 282 284 285 286 287 288 290 291 292 293 295 296 297 298 304 308 309 310 311 315 316 319 320 321 322 323 325 327 329 330 332 333 334 335 339 340 341 344 346 347 349 351 354 356 357 358 368 370 375 376 377 381 385 386 388 390 391 392 399 400 402 403 404 405 406 407 408 411 413 416 417 421 424 425 427 428 429 430 433 434 435 436 438 440 448 451 452 453 456 457 458 459 462 465 473 477 478 479 481 482 487 488 491 492 493 494 495 496 499
campaign,reference,500,10-0.5-P,6,142452,253,1 3 4 6 8 9 10 11 12 14 15 19 20 21 22 23 25 26 27 28 31 32 33 37 39 43 53 56 57 58 60 62 64 65 68 69 71 73 74 78 79 80 81 83 86 90 92 93 94 96 97 101 102 103 105 107 111 112 113 114 116 117 121 123 125 127 131 133 134 140 143 144 145 146 147 149 150 151 152 154 155 156 157 161 164 165 166 167 169 170 171 172 175 178 179 181 182 183 184 185 187 190 195 196 197 198 201 207 209 213 217 219 222 223 227 228 231 232 234 236 237 239 241 243 244 246 249 250 253 256 257 258 260 261 263 265 266 267 268 269 272 274 275 278 279 282 284 285 286 287 288 290 291 292 293 295 296 297 298 304 308 310 311 315 316 319 320 321 322 323 324 325 327 329 330 332 333 334 335 339 340 341 346 347 349 351 352 354 356 357 358 368 370 375 376 377 381 385 386 388 390 391 392 398 399 402 403 405 406 408 413 417 421 424 425 427 428 429 430 433 434 435 438 440 448 451 453 455 456 457 458 459 462 463 465 467 473 477 478 479 481 482 483 484 487 488 489 491 492 493 494 496 499
campaign,reference,500,10-0.5-P,7,142332,253,1 3 4 6 8 9 10 11 12 14 15 19 20 21 23 25 26 27 28 31 32 33 37 39 42 43 53 56 57 58 60 62 64 65 66 68 69 70 71 73 74 78 79 80 81 83 86 90 92 94 96 97 101 103 107 111 112 114 116 117 121 122 123 125 126 127 131 133 134 140 141 143 144 145 146 147 149 150 151 152 154 155 156 157 161 164 165 166 167 169 170 171 172 173 175 178 179 181 182 183 184 187 190 194 195 196 197 198 201 207 209 211 213 215 217 222 223 227 228 231 232 234 236 237 241 243 244 248 249 250 253 256 257 258 260 261 263 265 266 267 268 269 272 274 275 279 280 282 284 285 286 287 288 290 291 292 293 295 296 297 298 304 308 310 311 315 316 319 320 321 322 323 324 325 327 329 330 333 334 335 339 340 341 344 346 347 349 351 354 356 357 358 368 370 375 376 377 381 386 387 388 390 391 392 398 399 402 403 405 406 408 413 417 421 422 424 425 427 428 429 430 433 434 435 436 438 440 448 451 453 455 456 457 458 459 461 462 465 467 473 477 478 479 481 487 488 489 491 492 493 494 496 499
campaign,reference,500,10-0.5-P,8,142254,254,1 3 4 6 8 9 10 11 12 14 15 19 20 21 23 25 26 27 28 31 32 33 39 43 53 56 57 58 60 62 64 65 68 69 70 71 72 73 74 78 79 80 81 83 86 90 92 93 94 96 97 101 102 103 106 107 111 112 114 116 117 121 122 123 125 127 131 133 134 140 141 143 144 145 146 147 149 150 151 152 154 155 156 157 161 165 167 169 170 171 172 175 178 179 181 182 183 184 185 187 190 195 196 197 198 199 201 207 209 213 215 217 219 221 222 223 227 228 231 232 234 239 241 243 244 248 250 253 254 256 257 258 260 261 262 263 265 266 267 268 269 272 274 275 279 280 282 284 285 286 287 290 291 292 293 295 296 297 298 304 308 310 311 316 317 318 319 320 321 322 323 325 327 329 333 334 335 339 340 341 342 344 346 347 349 350 351 352 354 356 357 358 368 370 375 376 377 381 386 388 390 391 392 398 399 400 402 403 405 406 408 411 413 416 417 421 422 424 425 427 428 429 430 433 434 435 438 440 448 451 452 453 455 456 457 458 459 461 462 463 465 473 477 478 479 481 484 487 488 491 493 494 496 499
campaign,reference,500,10-0.5-P,9,142468,253,1 3 4 6 8 9 10 11 12 14 15 19 21 23 25 26 27 28 32 33 36 39 43 53 56 57 58 60 62 64 65 68 69 71 73 74 77 78 79 80 81 83 86 92 93 94 96 97 101 102 103 107 111 112 114 116 117 121 123 125 127 131 133 134 140 143 144 145 146 147 149 150 151 152 154 155 156 157 161 164 165 166 167 169 170 171 172 175 178 179 181 182 183 184 185 187 190 195 196 197 198 199 201 207 208 209 213 215 217 222 223 227 228 231 232 234 236 237 239 241 243 244 245 248 249 250 253 256 257 258 260 261 263 265 266 267 268 269 272 274 275 279 282 284 285 286 287 288 290 291 292 293 295 296 297 298 304 308 310 315 316 318 319 321 322 323 324 325 327 329 330 332 333 334 335 339 340 341 342 344 346 347 349 350 351 352 354 356 357 358 368 370 375 376 377 379 381 384 386 388 390 391 392 398 399 402 403 404 405 406 408 413 416 417 421 422 424 425 427 428 429 430 433 434 435 438 440 448 451 452 453 455 456 457 458 459 461 462 463 465 473 477 478 481 484 487 489 491 492 493 494 496 499
campaign,reference,500,10-0.5-P,10,142057,253,1 3 4 6 8 9 10 11 12 14 15 19 21 22 23 25 26 27 28 32 33 39 42 43 49 53 56 57 58 60 62 64 65 68 71 73 74 78 79 80 81 83 86 90 92 93 94 96 97 101 102 103 111 112 114 116 117 121 122 123 125 127 131 133 134 140 143 144 145 146 147 149 150 151 152 154 155 156 157 161 165 167 169 170 171 172 175 178 179 181 182 183 184 185 187 190 191 195 196 197 198 199 201 207 209 211 213 215 217 222 223 228 231 232 234 237 239 241 243 244 248 250 253 254 255 256 257 258 260 261 263 265 266 267 268 269 272 274 275 278 279 280 282 284 285 286 287 288 290 291 292 293 295 296 297 298 304 308 309 310 311 315 316 318 319 320 321 322 323 324 325 327 328 329 332 333 334 335 339 340 341 342 344 346 347 349 350 351 354 356 357 358 368 370 375 376 377 381 384 386 388 390 391 392 399 402 403 405 406 407 408 413 416 417 421 422 424 425 427 428 429 430 432 433 434 435 436 438 440 451 452 453 456 457 458 459 462 463 465 468 473 477 478 479 481 487 488 489 491 493 494 496 499
campaign,reference,500,11-0.75-P,1,185168,376,1 3 4 6 8 9 10 11 12 13 14 15 19 20 21 22 23 24 25 26 27 28 32 33 36 37 38 39 42 43 44 45 47 49 50 53 56 57 58 59 60 62 63 65 66 67 68 69 70 71 72 73 74 78 79 80 81 83 84 86 87 88 89 90 91 92 93 94 96 97 98 99 100 101 102 103 104 105 106 107 108 110 111 112 113 114 115 116 117 118 120 121 122 123 124 125 126 127 131 133 134 137 140 141 142 143 144 145 146 147 148 149 150 151 152 154 155 156 157 159 161 162 163 164 165 167 168 169 170 171 172 173 175 176 177 178 179 181 182 183 184 185 186 187 188 190 191 193 194 195 196 197 198 199 200 201 202 203 204 206 207 208 209 211 212 213 215 216 217 218 219 221 222 223 226 227 228 231 232 234 235 236 237 238 239 241 243 244 245 246 248 249 250 253 254 255 256 257 258 260 261 263 264 265 266 267 268 269 271 272 273 274 275 276 278 279 280 281 282 283 284 285 286 287 288 290 291 292 293 294 295 296 297 298 301 302 303 304 306 307 308 309 310 311 313 315 316 317 318 319 320 321 322 323 324 325 326 327 329 330 333 334 335 339 340 341 342 344 346 347 349 350 351 352 354 356 357 358 360 365 366 368 370 375 376 377 379 381 384 385 386 388 390 391 392 394 395 396 398 399 400 402 403 404 405 406 407 408 409 411 413 414 415 416 417 421 422 424 425 426 427 428 429 430 431 432 433 434 435 436 437 438 440 441 443 446 451 452 453 454 456 457 458 459 461 462 463 465 466 467 468 470 472 473 474 477 478 479 481 482 483 484 485 487 488 489 490 491 492 493 494 495 496 497 498 499
campaign,reference,500,11-0.75-P,2,185283,377,1 3 4 6 8 9 10 11 12 13 14 15 19 20 21 22 23 24 25 26 27 28 29 32 33 36 37 38 39 40 42 43 44 45 47 48 49 52 53 56 57 58 59 60 62 63 65 66 67 68 69 70 71 72 73 74 78 79 80 81 83 84 86 87 88 89 90 91 92 93 94 96 97 98 99 100 101 102 103 104 105 107 108 110 111 112 114 115 116 117 121 122 123 124 125 126 127 131 133 134 137 140 141 142 143 144 145 146 147 149 150 151 152 153 154 155 156 157 161 162 163 164 165 167 168 169 170 171 172 173 174 175 176 177 178 179 181 182 183 184 185 186 187 188 190 191 194 195 196 197 198 199 200 201 204 206 207 208 209 210 211 212 213 215 216 217 218 219 221 222 223 226 227 228 231 232 234 235 236 237 238 239 241 243 244 245 246 248 249 250 253 254 255 256 257 258 259 260 263 264 265 266 267 268 269 271 272 273 274 275 276 278 279 280 281 282 283 284 285 286 287 288 290 291 292 293 294 295 296 297 298 301 302 303 304 305 306 307 308 309 310 311 313 314 315 316 317 318 319 320 321 322 323 324 325 326 327 328 329 330 333 334 335 339 340 341 342 344 346 347 348 349 350 351 352 354 356 357 358 360 363 365 368 370 372 374 375 376 377 379 381 383 384 385 386 388 390 391 392 395 396 397 398 399 402 403 404 405 406 407 408 409 411 413 414 415 416 417 419 421 422 424 425 426 427 428 429 430 431 432 433 434 435 436 437 438 440 441 443 451 452 453 454 455 456 457 458 461 462 463 465 466 467 468 471 472 473 477 478 479 480 481 482 483 484 485 487 488 489 490 491 492 493 494 495 496 499
campaign,reference,500,11-0.75-P,3,185210,377,1 3 4 6 7 8 9 10 11 12 13 14 15 19 20 21 22 23 24 25 26 27 28 29 32 33 35 36 37 39 42 43 44 45 47 48 49 50 52 53 56 57 58 59 60 62 63 64 65 66 68 69 70 71 72 73 74 75 78 79 80 81 83 84 86 87 88 89 90 91 92 93 94 96 97 98 99 100 101 102 103 104 105 106 107 108 110 111 112 113 114 115 116 117 121 122 123 124 125 126 127 129 131 133 134 137 140 141 142 143 144 145 146 147 149 150 151 152 153 154 155 156 157 161 162 163 164 165 167 168 169 170 171 172 173 175 176 177 178 179 181 182 183 184 185 186 187 188 190 191 193 194 195 196 197 198 199 200 201 203 204 206 207 208 209 211 212 213 215 216 217 218 219 221 222 223 226 227 228 231 232 234 235 236 237 238 239 241 242 243 244 245 246 248 249 250 253 254 255 256 257 258 260 261 263 265 266 267 268 269 271 272 274 275 276 278 279 280 281 282 283 284 285 286 287 288 290 291 292 293 294 295 296 297 298 299 301 302 303 304 307 308 309 310 311 313 315 316 317 318 319 320 321 322 323 324 325 326 327 329 330 333 334 335 339 340 341 342 344 346 347 348 349 350 351 352 354 356 357 358 360 366 367 368 370 372 375 376 377 379 381 384 385 386 388 390 391 392 395 396 397 398 399 400 402 403 404 405 406 407 408 409 411 413 414 415 416 417 421 422 424 425 426 427 428 429 430 431 432 433 434 435 436 437 438 440 443 451 452 453 454 456 457 458 459 461 462 463 465 466 467 468 470 471 472 473 475 477 478 479 481 482 483 484 485 487 488 489 490 491 492 493 494 495 496 498 499
campaign,reference,500,11-0.75-P,4,185101,376,1 3 4 6 8 9 10 11 12 13 14 15 19 20 21 22 23 24 25 26 27 28 32 33 36 37 39 42 43 44 45 47 48 49 50 53 56 57 58 60 62 63 65 66 68 69 70 71 72 73 74 78 79 80 81 83 84 85 86 87 88 89 90 91 92 93 94 96 97 98 99 100 101 102 103 104 105 107 108 110 111 112 113 114 115 117 121 122 123 124 125 126 127 129 131 133 134 135 137 140 141 142 143 144 145 146 147 149 150 151 152 153 154 155 156 157 161 162 164 165 167 168 169 170 171 172 173 175 176 177 178 179 181 182 183 184 185 186 187 188 190 191 193 194 195 196 197 198 199 200 201 203 204 206 207 208 209 211 212 213 215 216 217 218 219 220 221 222 223 226 227 228 229 230 231 232 234 235 236 237 238 239 241 243 244 245 246 247 248 249 250 253 254 255 256 257 258 260 261 263 265 266 267 268 269 270 271 272 274 275 276 278 279 280 281 282 283 284 285 286 287 288 290 291 292 293 294 295 296 297 298 302 303 304 305 307 308 309 310 311 313 315 316 318 319 320 321 322 323 324 325 326 327 329 330 332 333 334 335 339 340 341 342 344 346 347 348 349 350 351 352 354 356 357 358 360 365 366 367 368 370 372 374 375 376 377 379 381 383 384 385 386 388 389 390 391 392 395 396 397 398 399 400 402 403 404 405 406 407 408 409 411 413 414 415 416 417 421 422 423 424 425 426 427 428 429 430 431 432 433 434 435 436 437 438 440 441 443 448 449 451 452 453 454 456 457 458 459 461 462 463 465 466 467 468 470 472 473 477 478 481 482 483 484 485 487 488 489 490 491 492 493 494 495 496 499
campaign,reference,500,11-0.75-P,5,185187,377,1 2 3 4 6 7 8 9 10 11 12 14 15 19 20 21 22 23 24 25 26 27 28 29 32 33 36 39 41 42 43 44 45 47 48 49 50 51 52 53 56 57 58 60 62 63 65 66 67 68 69 70 71 72 73 74 75 78 79 80 81 83 84 86 87 89 90 91 92 93 94 96 97 98 99 100 101 102 103 104 105 106 107 108 110 111 112 114 115 116 117 120 121 122 123 124 125 126 127 128 131 133 134 137 140 141 143 144 145 146 147 149 150 151 152 154 155 156 157 161 162 163 164 165 167 168 169 170 171 172 175 176 177 178 179 180 181 182 183 184 185 186 187 188 190 191 193 194 195 196 197 198 199 200 201 203 204 207 208 209 211 212 213 215 216 217 218 219 221 222 223 226 227 228 230 231 232 234 235 236 237 238 239 241 243 244 245 246 247 248 249 253 254 255 256 257 258 260 261 263 264 265 266 267 268 269 271 272 274 275 276 278 279 280 281 282 283 284 285 286 287 288 290 291 292 293 294 295 296 297 298 299 301 302 303 304 305 306 307 308 309 310 311 313 315 316 318 319 320 321 322 323 324 325 326 327 328 329 330 333 334 335 339 340 341 342 344 345 346 347 348 349 350 351 352 354 356 357 358 360 366 367 368 370 374 375 376 377 379 381 384 385 386 388 390 391 392 395 396 397 398 399 400 402 403 404 405 406 407 408 409 411 413 414 416 417 419 421 422 424 425 426 427 428 429 430 431 432 433 434 435 436 437 438 440 441 443 449 451 452 453 454 456 457 458 459 461 462 463 464 465 466 467 468 470 472 473 477 478 479 481 482 483 484 485 486 487 488 489 490 491 492 493 494 495 498 499
campaign,reference,500,11-0.75-P,6,185137,376,1 3 4 6 8 9 10 11 12 13 14 15 17 19 20 21 22 23 24 25 26 27 28 29 32 33 36 39 40 42 43 44 45 47 49 50 53 55 56 57 58 59 60 62 63 64 65 66 67 68 69 70 71 72 73 74 78 79 80 81 83 84 86 87 89 90 91 92 93 94 96 97 98 99 100 101 102 103 104 105 107 108 110 111 112 113 114 115 117 121 122 123 124 125 126 127 131 133 134 135 137 140 141 142 143 144 145 146 147 149 150 151 152 153 154 155 156 157 161 162 163 164 165 167 168 169 170 171 172 173 175 176 177 178 179 180 181 182 183 184 185 186 187 188 190 191 193 194 195 196 197 198 199 200 201 203 204 207 208 209 211 212 213 215 216 217 218 219 221 222 223 224 226 227 228 231 232 234 235 236 237 238 239 241 243 244 245 246 248 249 250 253 254 255 256 257 258 259 260 261 263 264 265 266 267 268 269 271 272 274 275 276 278 279 280 281 282 283 284 285 286 287 288 290 291 292 293 294 295 296 297 298 301 302 303 304 305 306 307 308 309 310 311 313 315 316 318 319 320 321 322 323 324 325 326 327 328 329 330 332 333 334 335 339 340 341 344 346 347 349 350 351 352 354 356 357 358 360 365 366 367 368 370 372 374 375 376 377 379 381 383 384 385 386 388 390 391 392 395 396 397 398 399 402 403 404 405 406 407 408 409 411 413 414 415 416 417 421 422 424 425 426 427 428 429 430 431 432 433 434 435 436 437 438 440 441 443 451 452 453 454 455 456 457 458 459 461 462 463 465 466 467 468 469 471 472 473 477 478 479 481 482 483 484 485 487 488 489 490 491 492 493 494 495 496 499
campaign,reference,500,11-0.75-P,7,185333,377,1 3 4 6 8 9 10 11 12 14 15 19 20 21 23 24 25 26 27 28 29 32 33 36 38 39 42 43 44 45 47 48 49 52 53 55 56 57 58 60 62 63 64 65 66 67 68 69 70 71 72 73 74 78 79 80 81 83 84 86 87 88 89 90 91 92 93 94 96 97 98 99 100 101 102 103 104 105 106 107 108 110 111 112 114 115 117 121 122 123 124 125 126 127 131 133 134 137 140 141 142 143 144 145 146 147 149 150 151 152 153 154 155 156 157 161 162 164 165 166 167 168 169 170 171 172 173 175 176 177 178 179 180 181 182 183 184 185 186 187 188 190 191 193 194 195 196 197 198 199 200 201 203 204 206 207 208 209 211 212 213 215 216 217 218 219 221 222 223 226 227 228 231 232 234 235 236 237 238 239 241 242 243 244 245 246 248 249 250 253 254 255 256 257 258 259 260 261 263 264 265 266 267 268 269 271 272 274 275 276 278 279 280 281 282 283 284 285 286 287 288 290 291 292 293 294 295 296 297 298 301 302 303 304 305 307 308 309 310 311 313 315 316 318 319 320 321 322 323 324 325 326 327 328 329 330 333 334 335 339 340 341 342 344 346 347 348 349 350 351 352 354 356 357 358 360 365 366 367 368 370 372 374 375 376 377 379 381 383 384 385 386 388 390 391 392 394 395 396 397 398 399 400 402 403 404 405 406 407 408 409 411 412 413 414 416 417 419 421 422 424 425 426 427 428 429 430 431 432 433 434 435 436 437 438 440 441 443 451 452 453 454 456 457 458 461 462 463 465 466 467 468 469 471 472 473 477 478 479 481 482 483 484 485 486 487 488 489 490 491 492 493 494 495 496 498 499
campaign,reference,500,11-0.75-P,8,185200,377,1 3 4 6 8 9 10 11 12 14 15 19 20 21 23 24 25 26 27 28 29 32 33 36 38 39 42 43 44 45 47 48 49 52 53 55 56 57 58 59 60 62 63 65 66 68 69 70 71 72 73 75 78 79 80 81 83 84 86 87 89 90 91 92 93 94 96 97 98 99 100 101 102 103 104 105 106 107 108 110 111 112 113 114 115 117 118 120 121 122 123 124 125 126 127 128 131 133 134 137 140 141 143 144 145 146 147 149 150 151 152 153 154 155 156 157 161 162 164 165 167 168 169 170 171 172 173 175 176 177 178 179 180 181 182 183 184 185 186 187 188 190 191 194 195 196 197 198 199 200 201 203 204 206 207 208 209 211 212 213 215 216 217 218 219 221 222 223 226 227 228 231 232 234 235 236 237 238 239 241 242 243 244 245 246 247 248 249 250 253 254 255 256 257 258 260 261 263 264 265 266 267 268 269 271 272 274 275 276 278 279 280 281 282 283 284 285 286 287 288 290 291 292 293 294 295 296 297 298 299 301 302 303 304 305 306 307 308 309 310 311 313 315 316 318 319 320 321 322 323 324 325 326 327 328 329 330 333 334 335 337 339 340 341 342 344 346 347 349 350 351 352 354 356 357 358 360 365 366 367 368 370 372 374 375 376 377 379 381 383 384 385 386 388 390 391 392 394 395 396 397 398 399 402 403 404 405 406 407 408 409 411 413 414 415 416 417 419 421 422 424 425 426 427 428 429 430 432 433 434 435 436 437 438 440 441 443 448 451 452 453 454 455 456 457 458 461 462 463 465 466 467 468 470 471 473 474 477 478 479 480 481 482 483 484 487 488 489 490 491 492 493 494 495 496 498 499
campaign,reference,500,11-0.75-P,9,185175,377,1 2 3 4 6 7 8 9 10 11 12 13 14 15 16 19 20 21 23 24 25 26 27 28 32 33 34 36 39 40 41 42 43 44 45 47 48 49 52 53 55 56 57 58 59 60 62 63 64 65 66 67 68 69 70 71 72 73 74 75 78 79 80 81 83 84 86 87 89 90 91 92 93 94 96 97 98 99 100 101 102 103 104 105 106 107 108 110 111 112 113 114 116 117 121 122 123 124 125 126 127 128 131 133 134 135 137 140 141 142 143 144 145 146 147 149 150 151 152 154 155 156 157 161 162 163 164 165 167 168 169 170 171 172 173 175 176 177 178 179 181 182 183 184 185 186 187 188 190 193 194 195 196 197 198 199 200 201 203 204 207 208 209 211 212 213 215 216 217 218 219 221 222 223 226 227 228 231 232 234 235 236 237 238 239 241 243 244 245 246 248 249 250 253 254 255 256 257 258 259 260 261 263 264 265 266 267 268 269 271 272 274 275 276 278 279 280 281 282 283 284 285 286 287 288 290 291 292 293 295 296 297 298 299 301 302 303 304 306 307 308 309 310 311 313 315 316 317 318 319 320 321 322 323 324 325 326 327 328 329 330 332 333 334 335 339 340 341 342 344 346 347 348 349 350 351 352 354 356 357 358 360 367 368 370 374 375 376 377 379 381 384 385 386 388 390 391 392 395 396 397 398 399 402 403 404 405 406 407 408 409 411 413 414 415 416 417 419 421 422 424 425 426 427 428 429 430 431 432 433 434 435 436 437 438 440 441 443 451 452 453 454 456 457 458 459 461 462 463 465 466 467 468 469 470 471 472 473 474 477 478 479 481 482 483 484 487 488 489 490 491 492 493 494 495 496 499
campaign,reference,500,11-0.75-P,10,185118,377,0 1 3 4 6 8 9 10 11 12 14 15 16 19 20 21 22 23 24 25 26 27 28 32 33 36 39 41 42 43 44 45 47 48 49 50 53 55 56 57 58 59 60 62 63 65 66 67 68 69 70 71 72 73 74 75 78 79 80 81 83 84 86 87 88 89 90 91 92 93 94 96 97 98 99 100 101 102 103 104 105 106 107 108 110 111 112 113 114 115 116 117 118 121 122 123 124 125 126 127 131 133 134 137 140 141 142 143 144 145 146 147 149 150 151 152 153 154 155 156 157 161 162 164 165 166 167 168 169 170 171 172 173 175 176 177 178 179 181 182 183 184 185 186 187 188 190 191 193 194 195 196 197 198 199 200 201 203 204 206 207 208 209 211 212 213 215 216 217 218 219 221 222 223 226 227 228 230 231 232 234 235 236 237 238 239 241 242 243 244 245 246 247 248 249 250 253 254 255 256 257 258 259 260 261 263 264 265 266 267 268 269 271 272 273 274 275 276 278 279 280 281 282 283 284 285 286 287 288 290 291 292 293 294 295 296 297 298 302 303 304 305 306 307 308 309 310 311 313 315 316 318 319 320 321 322 323 324 325 326 327 329 330 333 334 335 339 340 341 342 344 346 347 348 349 350 351 352 354 356 357 358 360 368 370 372 374 375 376 377 379 381 383 384 385 386 388 390 391 392 395 396 397 399 402 403 404 405 406 407 408 409 410 411 413 414 416 417 421 422 424 425 426 427 428 429 430 431 433 434 435 436 437 438 440 441 443 451 452 453 454 456 457 458 459 461 462 463 465 466 467 468 469 470 471 472 473 477 478 479 480 481 482 484 485 486 487 488 489 490 491 492 493 494 495 496 499
campaign,reference,500,12-0.75-P,1,194638,377,1 2 3 4 6 8 9 10 11 12 14 15 16 19 20 21 22 23 24 25 26 27 28 32 33 34 36 37 39 43 44 45 47 48 50 53 56 57 58 60 62 63 64 65 66 68 69 70 71 72 73 74 75 76 78 79 80 81 83 84 86 87 89 90 91 92 93 94 96 97 98 100 101 102 103 104 105 107 108 110 111 112 113 114 115 116 117 120 121 122 123 124 125 127 131 133 134 136 137 138 140 141 142 143 144 145 146 147 149 150 151 152 154 155 156 157 158 161 162 163 164 165 166 167 168 169 170 171 172 173 174 175 176 178 179 181 182 183 184 185 186 187 188 190 191 193 194 195 196 197 198 199 200 201 202 206 207 208 209 210 211 212 213 215 216 217 218 219 221 222 223 226 227 228 229 231 232 234 235 236 237 238 239 241 243 244 245 246 247 248 249 250 251 253 255 256 257 258 259 261 263 264 265 266 267 268 269 271 272 274 275 276 278 279 280 282 283 284 285 286 287 288 290 291 292 293 295 296 297 298 302 303 304 305 306 307 308 309 310 311 312 314 315 316 317 318 319 320 321 322 323 324 325 326 327 328 329 330 332 333 334 335 339 340 341 344 346 347 348 349 350 351 352 354 356 357 358 365 368 370 374 375 376 377 379 381 384 385 386 388 389 390 391 392 395 396 397 398 399 400 402 403 404 405 406 407 408 409 411 413 415 416 417 419 421 422 424 425 426 427 428 429 430 431 432 433 434 435 436 438 440 441 443 446 447 448 450 451 452 453 454 455 456 457 458 459 461 462 463 465 466 467 468 469 473 474 475 476 477 478 479 481 482 483 484 486 487 488 489 491 492 493 494 495 496 498 499
campaign,reference,500,12-0.75-P,2,194693,377,1 2 3 4 6 8 9 10 11 12 14 15 16 19 20 21 22 23 24 25 26 27 28 29 32 33 34 36 37 39 43 44 45 47 48 50 53 56 57 58 60 62 63 64 65 66 68 69 70 71 72 73 74 75 76 78 79 80 81 83 84 86 87 89 90 92 93 94 96 97 98 100 101 102 103 104 107 108 110 111 112 113 114 115 116 117 120 121 122 123 124 125 127 131 133 134 137 138 139 140 141 142 143 144 145 146 147 148 149 150 151 152 153 154 155 156 157 158 161 162 163 164 165 166 167 168 169 170 171 172 173 175 176 178 179 181 182 183 184 185 186 187 188 190 191 193 194 195 196 197 198 199 200 201 206 207 208 209 211 212 213 214 215 216 217 218 219 221 222 223 226 227 228 229 231 232 234 235 236 237 238 239 241 243 244 245 246 248 249 250 253 254 255 256 257 258 259 260 261 263 264 265 266 267 268 269 272 273 274 275 278 279 280 282 283 284 285 286 287 288 290 291 292 293 295 296 297 298 302 303 304 305 306 307 308 309 310 311 312 313 314 315 316 317 318 319 320 321 322 323 324 325 326 327 329 330 333 334 335 337 339 340 341 342 344 346 347 348 349 350 351 352 354 356 357 358 360 365 366 368 370 374 375 376 377 378 379 381 383 384 385 386 388 389 390 391 392 395 396 397 398 399 400 402 403 404 405 406 407 408 409 411 413 415 416 417 419 421 422 424 425 426 427 428 429 430 431 432 433 434 435 436 438 440 443 446 447 448 450 451 452 453 454 455 456 457 458 459 462 464 465 466 467 468 469 470 472 473 477 478 479 481 482 483 484 486 487 488 489 490 491 492 493 494 495 496 499
campaign,reference,500,12-0.75-P,3,194613,377,1 2 3 4 6 8 9 10 11 12 14 15 19 20 21 22 23 24 25 26 27 28 32 33 35 39 43 44 45 47 48 50 53 56 57 58 60 62 63 64 65 66 68 69 70 71 72 73 74 75 76 78 79 80 81 83 84 86 87 89 90 92 93 94 96 97 98 100 101 102 103 104 105 107 108 110 111 112 113 114 115 116 117 120 121 122 123 124 125 127 131 133 134 135 136 137 138 140 142 143 144 145 146 147 148 149 150 151 152 153 154 155 156 157 158 161 162 163 164 165 166 167 168 169 170 171 172 173 174 175 176 178 179 181 182 183 184 185 186 187 188 190 191 193 194 195 196 197 198 199 200 201 202 206 207 208 209 211 212 213 214 215 216 217 218 219 221 222 223 224 226 227 228 229 231 232 234 235 236 237 238 239 241 243 244 245 246 248 249 250 251 253 255 256 257 258 260 261 263 264 265 266 267 268 269 271 272 274 275 276 278 279 280 282 283 284 285 286 287 288 290 291 292 293 295 296 297 298 302 303 304 305 306 308 309 310 311 312 313 314 315 316 317 318 319 320 321 322 323 324 325 326 327 329 330 332 333 334 335 339 340 341 344 345 346 347 348 349 350 351 352 354 356 357 358 360 366 368 370 374 375 376 377 378 379 381 383 384 385 386 387 388 389 390 391 392 395 396 397 398 399 400 402 403 404 405 406 407 408 409 411 413 415 416 417 419 421 422 424 425 426 427 428 429 430 431 432 433 434 435 436 438 440 443 446 447 448 450 451 452 453 454 455 456 457 458 459 462 463 464 465 466 467 468 469 470 472 473 476 477 478 479 481 482 484 486 487 488 489 490 491 492 493 494 495 496 499
campaign,reference,500,12-0.75-P,4,194618,377,1 2 3 4 6 8 9 10 11 12 14 15 19 20 21 22 23 24 25 26 27 28 32 33 34 36 37 38 39 43 44 45 47 48 50 53 56 57 58 60 62 63 64 65 66 68 69 70 71 72 73 74 75 78 79 80 81 83 84 86 87 89 90 91 92 93 94 96 97 98 100 101 102 103 104 107 108 110 111 112 113 114 115 116 117 120 121 122 123 124 125 127 131 133 134 137 138 139 140 142 143 144 145 146 147 148 149 150 151 152 154 155 156 157 161 162 163 164 165 166 167 168 169 170 171 172 173 174 175 176 178 179 181 182 183 184 185 186 187 188 190 191 193 194 195 196 197 198 199 200 201 204 206 207 208 209 211 212 213 214 215 216 217 218 219 221 222 223 226 227 228 229 231 232 234 235 236 237 238 239 241 243 244 245 246 248 249 250 251 253 255 256 257 258 259 261 263 264 265 266 267 268 269 271 272 273 274 275 276 278 279 280 281 282 283 284 285 286 287 288 290 291 292 293 295 296 297 298 302 303 304 305 306 307 308 309 310 311 312 313 314 315 316 317 318 319 320 321 322 323 324 325 326 327 329 330 332 333 334 335 339 340 341 342 344 346 347 348 349 350 351 352 354 356 357 358 360 366 368 370 374 375 376 377 379 381 383 384 385 386 388 389 390 391 392 395 396 397 398 399 400 402 403 404 405 406 407 408 411 413 415 416 417 419 421 422 424 425 426 427 428 429 430 431 432 433 434 435 436 438 440 443 446 447 448 450 451 452 453 454 455 456 457 458 459 461 462 464 465 466 467 468 469 470 472 473 474 476 477 478 479 481 482 483 484 485 486 487 488 489 491 492 493 494 495 496 499
campaign,reference,500,12-0.75-P,5,194584,377,1 2 3 4 6 9 10 11 12 14 15 16 19 20 21 22 23 24 25 26 27 28 29 32 33 36 39 43 44 45 46 47 48 50 51 53 56 57 58 60 62 63 64 65 66 68 69 70 71 72 73 74 75 76 78 79 80 81 83 84 86 87 89 90 92 93 94 96 97 98 100 101 102 103 104 107 108 110 111 112 114 115 116 117 120 121 122 123 124 125 127 131 133 134 137 138 140 141 142 143 144 145 146 147 148 149 150 151 152 154 155 156 157 158 161 162 163 164 165 166 167 168 169 170 171 172 173 175 176 178 179 180 181 182 183 184 185 186 187 188 190 191 193 194 195 196 197 198 199 200 201 206 207 208 209 211 212 213 214 215 216 217 218 219 221 222 223 226 227 228 229 231 232 234 236 237 238 239 241 243 244 245 246 248 249 250 251 253 254 255 256 257 258 260 261 263 264 265 266 267 268 269 272 273 274 275 278 279 280 282 283 284 285 286 287 288 290 291 292 293 295 296 297 298 302 303 304 305 306 307 308 309 310 311 312 313 314 315 316 317 318 319 320 321 322 323 324 325 326 327 329 330 332 333 334 335 339 340 341 342 344 346 347 348 349 350 351 352 354 356 357 358 360 365 368 370 374 375 376 377 379 381 383 384 385 386 387 388 389 390 391 392 395 396 397 398 399 400 402 403 404 405 406 407 408 411 413 415 416 417 419 421 422 424 425 426 427 428 429 430 431 432 433 434 435 436 437 438 440 441 443 444 446 447 448 450 451 452 453 454 455 456 457 458 459 461 462 463 464 465 466 467 468 469 470 472 473 476 477 478 479 481 482 483 484 486 487 488 489 490 491 492 493 494 495 496 499
campaign,reference,500,12-0.75-P,6,194616,377,1 2 3 4 6 8 9 10 11 12 14 15 19 20 21 22 23 24 25 26 27 28 32 33 35 36 37 38 39 43 44 45 47 48 50 53 56 57 58 60 62 63 64 65 66 68 69 70 71 72 73 74 75 78 79 80 81 83 84 86 89 90 91 92 93 94 96 97 98 100 101 102 103 104 105 107 108 110 111 112 113 114 115 116 117 120 121 122 123 124 125 127 131 133 134 136 137 139 140 141 142 143 144 145 146 147 148 149 150 151 152 154 155 156 157 158 161 162 163 164 165 166 167 168 169 170 171 172 173 174 175 176 178 179 181 182 183 184 185 186 187 188 190 191 193 194 195 196 197 198 199 200 201 206 207 208 209 211 212 213 214 215 216 217 218 219 221 222 223 226 227 228 229 230 231 232 234 235 236 237 238 239 241 243 244 245 246 248 249 250 253 255 256 257 258 259 260 261 263 264 265 266 267 268 269 272 273 274 275 276 278 279 280 281 282 283 284 285 286 287 288 290 291 292 293 295 296 297 298 301 302 303 304 306 308 309 310 311 312 313 314 315 316 317 318 319 320 321 322 323 324 325 326 327 329 330 333 334 335 339 340 341 344 346 347 349 350 351 352 354 356 357 358 360 366 368 370 374 375 376 377 379 381 384 385 386 387 388 389 390 391 392 395 396 397 398 399 400 402 403 404 405 406 407 408 411 413 415 416 417 419 421 422 424 425 426 427 428 429 430 431 432 433 434 435 436 437 438 440 443 447 448 450 451 452 453 454 455 456 457 458 459 461 462 463 464 465 466 467 468 469 470 472 473 474 476 477 478 479 480 481 482 483 484 485 486 487 488 489 490 491 492 493 494 495 496 499
campaign,reference,500,12-0.75-P,7,194616,377,1 2 3 4 6 8 9 10 11 12 14 15 19 20 21 22 23 24 25 26 27 28 32 33 36 38 39 43 44 45 47 48 50 53 56 57 58 60 62 63 64 65 66 68 69 70 71 72 73 74 75 76 78 79 80 81 83 84 86 87 89 90 91 92 93 94 96 97 98 100 101 102 103 104 107 108 110 111 112 113 114 115 116 117 120 121 122 123 124 125 127 131 133 134 137 138 139 140 141 142 143 144 145 146 147 148 149 150 151 152 154 155 156 157 161 162 163 164 165 166 167 168 169 170 171 172 173 174 175 176 178 179 180 181 182 183 184 185 186 187 188 190 191 193 194 195 196 197 198 199 200 201 204 206 207 208 209 211 212 213 214 215 216 217 218 219 221 222 223 226 227 228 229 231 232 234 235 236 237 238 239 241 243 244 245 246 248 249 250 251 253 255 256 257 258 259 263 264 265 266 267 268 269 271 272 274 275 276 278 279 280 282 283 284 285 286 287 288 290 291 292 293 295 296 297 298 302 303 304 305 306 307 308 309 310 311 312 313 314 315 316 317 318 319 320 321 322 323 324 325 326 327 329 330 332 333 334 335 338 339 340 341 342 344 346 347 348 349 350 351 352 354 356 357 358 360 368 370 374 375 376 377 379 381 383 384 385 386 388 389 390 391 392 395 396 397 398 399 400 402 403 404 405 406 407 408 411 413 415 416 417 419 420 421 422 424 425 426 427 428 429 430 431 432 433 434 435 436 437 438 440 443 445 446 447 448 450 451 452 453 454 455 456 457 458 459 461 462 463 465 466 467 468 469 470 472 473 476 477 478 479 481 482 483 484 485 486 487 488 489 491 492 493 494 495 496 499
campaign,reference,500,12-0.75-P,8,194626,377,1 2 3 4 6 8 9 10 11 12 14 15 16 19 20 21 22 23 24 25 26 27 28 32 33 34 35 36 37 39 43 44 45 48 50 53 56 57 58 60 62 63 64 65 66 68 69 70 71 72 73 74 75 78 79 80 81 83 84 86 87 89 90 91 92 93 94 96 97 98 100 101 102 103 104 107 110 111 112 113 114 115 116 117 120 121 122 123 124 125 127 131 133 134 135 136 137 138 140 142 143 144 145 146 147 148 149 150 151 152 154 155 156 157 158 161 162 163 164 165 166 167 168 169 170 171 172 173 174 175 176 178 179 181 182 183 184 185 186 187 188 190 191 193 194 195 196 197 198 199 200 201 202 206 207 208 209 211 212 213 214 215 216 217 218 219 221 222 223 226 227 228 229 231 232 234 235 236 237 238 239 241 243 244 245 246 248 249 250 251 253 255 256 257 258 259 260 261 263 264 265 266 267 268 269 271 272 274 275 276 278 279 280 281 282 283 284 285 286 287 288 290 291 292 293 295 296 297 298 302 303 304 305 306 308 309 310 311 312 313 314 315 316 317 318 319 320 321 322 323 324 325 326 327 329 330 332 333 334 335 339 340 341 344 346 347 349 350 351 352 354 356 357 358 360 365 366 368 370 374 375 376 377 379 381 383 384 385 386 387 388 389 390 391 392 395 396 397 398 399 400 402 403 404 405 406 407 408 409 411 413 415 416 417 418 419 421 422 424 425 426 427 428 429 430 431 432 433 434 435 436 438 440 443 446 447 448 450 451 452 453 454 455 456 457 458 459 461 462 463 465 466 467 468 469 472 473 475 477 478 479 481 482 483 484 485 486 487 488 489 491 492 493 494 495 496 499
campaign,reference,500,12-0.75-P,9,194643,377,1 2 3 4 6 8 9 10 11 12 14 15 19 20 21 22 23 24 25 26 27 28 32 36 37 39 43 44 45 46 47 48 50 53 56 57 58 60 62 63 64 65 66 68 69 70 71 72 73 74 75 76 78 79 80 81 83 84 86 87 89 90 91 92 93 94 96 97 98 100 101 102 103 104 105 107 108 110 111 112 113 114 115 116 117 120 121 122 123 124 125 127 131 133 134 136 137 139 140 141 143 144 145 146 147 148 149 150 151 152 153 154 155 156 157 161 162 163 164 165 166 167 168 169 170 171 172 173 174 175 176 178 179 180 181 182 183 184 185 186 187 188 190 191 193 194 195 196 197 198 199 200 201 206 207 208 209 211 212 213 214 215 216 217 218 219 221 222 223 226 227 228 229 231 232 234 235 236 237 238 239 241 243 244 245 246 247 248 249 250 253 255 256 257 258 259 260 261 263 264 265 266 267 268 269 272 274 275 276 278 279 280 282 283 284 285 286 287 288 290 291 292 293 295 296 297 298 301 302 303 304 305 306 307 308 309 310 311 312 313 315 316 317 318 319 320 321 322 323 324 325 326 327 329 330 333 334 335 337 339 340 341 342 344 346 347 348 350 351 352 354 356 357 358 365 368 370 374 375 376 377 379 381 383 384 385 386 388 389 390 391 392 395 396 397 398 399 400 402 403 404 405 406 407 408 409 411 413 415 416 417 418 421 422 423 424 425 426 427 428 429 430 432 433 434 435 436 437 438 440 441 443 446 447 448 450 451 452 453 454 455 456 457 458 459 462 463 464 465 466 467 468 469 470 472 473 474 476 477 478 479 481 482 483 484 486 487 488 489 490 491 492 493 494 495 496 499
campaign,reference,500,12-0.75-P,10,194539,377,1 2 3 4 6 8 9 10 11 12 14 15 19 20 21 22 23 24 25 26 27 28 30 32 33 36 37 39 43 44 45 47 48 50 53 56 57 58 60 62 63 64 65 66 68 69 70 71 72 73 74 75 76 78 79 80 81 83 84 86 87 89 90 92 93 94 96 97 98 100 101 102 103 104 107 108 110 111 112 113 114 115 116 117 120 121 122 123 124 125 127 131 133 134 136 137 138 140 141 142 143 144 145 146 147 148 149 150 151 152 153 154 155 156 157 158 161 162 163 164 165 166 167 168 169 170 171 172 173 174 175 176 178 179 181 182 183 184 185 186 187 188 190 191 193 194 195 196 197 198 199 200 201 202 204 206 207 208 209 210 211 212 213 214 215 216 217 219 221 222 223 224 226 227 228 229 231 232 234 235 236 237 238 239 241 243 244 245 246 248 249 250 253 254 255 256 257 258 259 261 263 264 265 266 267 268 269 271 272 274 275 276 278 279 280 282 283 284 285 286 287 288 290 291 292 293 295 296 297 298 302 303 304 305 306 307 308 309 310 311 312 314 315 316 317 318 319 320 321 322 323 324 325 326 327 329 330 333 334 335 338 339 340 341 344 346 347 348 349 350 351 352 354 356 357 358 360 366 368 370 374 375 376 377 379 381 383 384 385 386 388 389 390 391 392 395 396 397 398 399 400 402 403 404 405 406 407 408 409 411 413 415 416 417 419 421 422 424 425 426 427 428 429 430 431 432 433 434 435 436 438 440 441 443 446 447 448 450 451 452 453 454 455 456 457 458 459 461 462 463 464 465 466 467 468 469 472 473 477 478 479 481 482 483 484 485 486 487 488 489 491 492 493 494 495 496 499
campaign,reference,500,13-0.75-P,1,208219,377,1 3 4 6 8 9 10 11 12 14 15 16 19 20 21 22 23 24 25 26 27 28 32 33 34 35 36 37 38 39 42 43 44 45 47 48 49 50 53 54 56 57 58 60 62 63 64 65 66 68 69 70 71 72 73 74 75 76 77 78 79 80 81 83 84 86 87 90 92 93 94 96 97 98 99 100 101 102 103 106 107 108 110 111 112 114 115 116 117 121 122 123 124 125 126 127 130 131 133 134 135 137 140 141 142 143 144 145 146 147 148 149 150 151 152 153 154 155 156 157 161 162 164 165 166 167 168 169 170 171 173 174 175 176 177 178 179 180 181 182 183 184 185 186 187 188 190 191 193 194 195 196 197 198 199 200 201 204 206 207 208 209 211 212 213 215 216 217 218 219 221 222 223 224 227 228 229 231 232 233 234 235 236 237 238 239 241 243 244 245 246 248 249 250 251 253 255 256 257 258 260 261 262 263 264 265 266 267 268 269 272 273 274 275 276 277 278 279 280 282 283 284 285 286 287 288 290 291 292 293 294 295 296 297 298 302 303 304 305 308 309 310 311 313 315 316 318 319 320 321 322 323 324 325 326 327 329 330 332 333 334 335 337 338 339 340 341 342 344 345 346 347 349 351 352 354 356 357 358 360 365 367 368 370 375 376 377 379 381 385 386 387 388 389 390 391 392 393 395 396 397 398 399 400 402 403 404 405 406 407 408 409 413 414 416 417 419 420 421 422 424 425 426 427 428 429 430 433 434 435 436 438 440 442 443 448 449 451 452 453 454 455 456 457 458 459 461 462 463 464 465 466 467 468 469 472 473 474 477 478 481 482 483 484 486 487 488 489 490 491 492 493 494 495 496 498 499
campaign,reference,500,13-0.75-P,2,208272,377,1 3 4 6 8 9 10 11 12 14 15 16 19 20 21 22 23 24 25 26 27 28 32 33 35 36 37 39 41 43 44 45 48 49 50 53 56 57 58 60 62 63 64 65 66 68 69 70 71 72 73 74 75 76 77 78 79 80 81 83 84 86 87 88 90 92 93 94 96 97 98 99 100 101 102 103 104 106 107 108 110 111 112 114 115 116 117 120 121 122 123 124 125 126 127 131 133 134 135 137 140 141 142 143 144 145 146 147 148 149 150 151 152 153 154 155 156 157 161 162 164 165 166 167 168 169 170 171 172 173 174 175 176 177 178 180 181 182 183 184 185 186 187 188 190 191 193 194 195 196 197 198 199 200 201 204 205 206 207 208 209 211 212 213 215 216 217 218 219 221 222 223 224 228 231 232 233 234 236 237 238 239 241 243 244 245 246 248 249 250 251 253 254 255 256 257 258 260 261 263 264 265 266 267 268 269 271 272 273 274 275 276 277 278 279 280 282 283 284 285 286 287 288 290 291 292 293 294 295 296 297 298 302 303 304 305 308 309 310 311 313 315 316 318 319 320 321 322 323 324 325 326 327 329 330 331 332 333 334 335 337 338 339 340 341 342 344 345 346 347 349 351 352 354 356 357 358 360 365 367 368 370 375 376 377 379 381 383 385 386 387 388 389 390 391 392 393 395 396 397 398 399 400 402 403 404 405 406 407 408 409 413 414 416 417 418 419 421 422 424 425 426 427 428 429 430 431 433 434 435 436 438 440 442 443 446 448 449 451 452 453 455 456 457 458 459 461 462 463 464 465 466 467 468 469 472 473 477 478 479 481 482 483 484 486 487 488 489 490 491 492 493 494 495 496 498 499
campaign,reference,500,13-0.75-P,3,208325,377,1 3 4 6 8 9 10 11 12 14 15 16 19 20 21 22 23 24 25 26 27 28 32 33 34 35 36 37 38 39 42 43 44 45 48 49 50 53 55 56 57 58 60 62 63 64 65 66 68 69 70 71 72 73 74 75 77 78 79 80 81 83 84 86 87 90 91 92 93 94 96 97 98 99 100 101 102 103 104 105 107 108 110 111 112 114 115 116 117 118 120 121 122 123 124 125 126 127 130 131 133 134 137 140 141 142 143 144 145 146 147 148 149 150 151 152 153 154 155 156 157 161 162 164 165 166 167 168 169 170 171 173 174 175 176 177 178 179 180 181 182 183 184 185 186 187 188 190 191 193 194 195 196 197 198 199 200 201 204 206 207 208 209 211 212 213 215 216 217 218 219 221 222 223 224 227 228 231 232 234 236 237 238 239 241 243 244 245 246 248 249 250 251 253 254 255 256 257 258 259 260 261 263 264 265 266 267 268 269 271 272 274 275 276 277 278 279 280 282 283 284 285 286 287 288 290 291 292 293 294 295 296 297 298 302 303 304 305 308 309 310 311 313 315 316 318 319 320 321 322 323 324 325 326 327 329 330 331 332 333 334 335 338 339 340 341 342 344 345 346 347 349 351 352 354 356 357 358 360 367 368 370 375 376 377 379 381 383 384 385 386 387 388 389 390 391 392 395 396 397 398 399 400 402 403 404 405 406 407 408 409 413 414 416 417 418 419 420 421 422 424 425 426 427 428 429 430 431 433 434 435 436 438 440 442 443 448 449 451 452 453 454 455 456 457 458 459 461 462 463 464 465 466 467 468 469 472 473 477 478 479 481 482 484 486 487 489 490 491 492 493 494 495 496 497 498 499
campaign,reference,500,13-0.75-P,4,208326,378,1 3 4 6 8 9 10 11 12 14 15 16 19 20 21 22 23 24 25 26 27 28 32 33 35 36 37 38 39 41 42 43 44 45 48 49 50 53 56 57 58 60 62 63 64 65 66 68 69 70 71 72 73 74 75 76 77 78 79 80 81 83 84 86 87 90 92 93 94 96 97 98 100 101 102 103 104 107 108 110 111 112 114 115 116 117 121 122 123 124 125 126 127 129 130 131 133 134 135 136 137 140 141 142 143 144 145 146 147 149 150 151 152 153 154 155 156 157 161 162 164 165 167 168 169 170 171 172 173 174 175 176 177 178 179 181 182 183 184 185 186 187 188 190 192 193 194 195 196 197 198 199 200 201 204 206 207 208 209 211 212 213 215 216 217 218 219 221 222 223 224 227 228 231 232 233 234 236 237 238 239 241 243 244 245 246 248 249 251 253 254 255 256 257 258 260 261 262 263 264 265 266 267 268 269 272 273 274 275 276 277 278 279 280 282 283 284 285 286 287 288 290 291 292 293 294 295 296 297 298 301 302 303 304 305 308 309 310 311 312 313 314 315 316 318 319 320 321 322 323 324 325 326 327 329 330 331 332 333 334 335 337 338 339 340 341 342 344 345 346 347 349 351 352 354 356 357 358 360 362 365 367 368 370 375 376 377 378 379 381 383 385 386 387 388 389 390 391 392 393 395 396 397 398 399 400 402 403 404 405 406 407 408 409 411 413 416 417 418 419 421 422 424 425 426 427 428 429 430 431 433 435 436 437 438 440 442 443 448 449 451 452 453 455 456 457 458 459 461 462 463 464 465 467 468 469 471 472 473 477 478 481 482 483 484 486 487 488 489 490 491 492 493 494 496 497 498 499
campaign,reference,500,13-0.75-P,5,208290,377,0 1 3 4 6 8 9 10 11 12 14 15 16 19 20 21 22 23 24 25 26 27 28 32 33 35 37 38 39 42 43 44 45 48 49 50 53 56 57 58 60 62 63 64 65 66 68 69 70 71 72 73 74 75 76 78 79 80 81 83 84 86 87 90 92 93 94 96 97 98 99 100 101 102 103 104 107 108 110 111 112 114 115 116 117 118 121 122 123 124 125 126 127 130 131 133 134 135 136 137 140 141 142 143 144 145 146 147 149 150 151 152 153 154 155 156 157 161 162 164 165 167 168 169 170 171 172 173 174 175 176 177 178 179 181 182 183 184 185 186 187 188 190 191 192 193 194 195 196 197 198 199 200 201 206 207 208 209 211 212 213 215 216 217 218 219 221 222 223 224 227 228 229 231 232 233 234 236 237 238 239 241 243 244 245 246 247 248 249 250 251 253 254 255 256 257 258 259 260 261 262 263 264 265 266 267 268 269 272 273 274 275 276 278 279 280 282 283 284 285 286 287 288 290 291 292 293 295 296 297 298 302 303 304 305 308 309 310 311 313 314 315 316 317 318 319 320 321 322 323 324 325 326 327 329 330 331 332 333 334 335 337 338 339 340 341 342 344 345 346 347 349 351 352 354 356 357 358 360 367 368 370 371 375 376 377 379 381 383 384 385 386 387 388 389 390 391 392 395 396 397 398 399 400 402 403 404 405 406 407 408 409 411 412 413 416 417 419 421 422 424 425 426 427 428 429 430 433 435 436 437 438 440 442 443 447 448 449 451 452 453 454 455 456 457 458 459 461 462 463 464 465 466 467 468 469 472 473 477 478 481 482 483 484 486 487 488 489 490 491 492 493 494 495 496 498 499
campaign,reference,500,13-0.75-P,6,208312,377,1 3 4 6 8 9 10 11 12 14 15 16 19 20 21 22 23 24 25 26 27 28 32 33 35 36 37 38 39 41 42 43 44 45 48 49 50 53 56 57 58 60 62 63 64 65 66 68 69 70 71 72 73 74 75 76 78 79 80 81 83 84 87 88 90 92 93 94 96 97 98 100 101 102 103 104 105 107 108 110 111 112 114 115 116 117 120 121 122 123 124 125 126 127 130 131 133 134 135 137 140 141 142 143 144 145 146 147 148 149 150 151 152 153 154 155 156 157 161 162 164 165 166 167 168 169 170 171 172 173 174 175 176 177 178 179 180 181 182 183 184 185 186 187 188 190 191 192 193 194 195 196 197 198 199 200 201 202 203 204 206 207 208 209 211 212 213 215 216 217 218 219 221 222 223 224 227 228 231 232 233 234 236 237 238 239 241 243 244 245 246 248 249 250 251 253 255 256 257 258 259 260 261 263 264 265 266 267 268 269 272 273 274 275 276 278 279 280 282 283 284 285 286 287 288 290 291 292 293 294 295 296 297 298 302 303 304 305 308 309 310 311 313 314 315 316 318 319 320 321 322 323 324 325 327 329 330 332 333 334 335 337 338 339 340 341 342 344 345 346 347 349 351 352 354 356 357 358 360 362 368 370 375 376 377 378 379 381 383 385 386 387 388 389 390 391 392 393 395 396 397 398 399 400 402 403 404 405 406 407 408 409 411 413 414 416 417 419 421 422 424 425 426 427 428 429 430 431 433 434 435 436 438 440 442 443 448 449 450 451 452 453 454 455 456 457 458 459 461 462 463 464 465 467 468 469 473 477 478 479 481 482 483 484 486 487 488 489 490 491 492 493 494 495 496 498 499
campaign,reference,500,13-0.75-P,7,208360,377,1 3 4 6 8 9 10 11 12 14 15 16 19 20 21 22 23 24 25 26 27 28 32 33 35 36 37 38 39 42 43 44 45 48 49 50 53 54 56 57 58 60 62 63 64 65 66 68 69 70 71 72 73 75 76 78 79 80 81 83 84 86 87 90 91 92 93 94 96 97 98 100 101 102 103 104 107 108 110 111 112 113 114 115 116 117 119 120 121 122 123 124 125 126 127 130 131 133 134 135 137 140 141 142 143 144 145 146 147 148 149 150 151 152 153 154 155 156 157 161 162 164 165 166 167 168 169 170 171 172 173 174 175 176 177 178 179 181 182 183 184 185 186 187 188 190 191 192 193 194 195 196 197 198 199 200 201 203 204 207 208 209 211 212 213 215 216 217 218 219 221 222 223 224 227 228 231 232 234 236 237 238 239 241 243 244 245 246 247 248 249 251 253 254 255 256 257 258 259 260 261 263 264 265 266 267 268 269 272 273 274 275 276 277 278 279 280 282 283 284 285 286 287 288 290 291 292 293 295 296 297 298 302 303 304 305 307 308 309 310 311 313 315 316 319 320 321 322 323 324 325 326 327 329 330 331 332 333 334 335 338 339 340 341 342 344 345 346 347 349 351 352 354 356 357 358 360 366 368 370 375 376 377 379 381 383 384 385 386 387 388 389 390 391 392 393 395 396 397 398 399 400 402 403 404 405 406 407 408 409 411 413 416 417 419 420 421 422 424 425 426 427 428 429 430 431 433 434 435 436 438 440 442 443 448 449 451 452 453 454 455 456 457 458 459 461 462 463 464 465 466 467 468 469 471 472 473 474 477 478 481 482 484 486 487 488 489 490 491 492 493 494 495 496 497 498 499
campaign,reference,500,13-0.75-P,8,208372,377,1 3 4 6 8 9 10 11 12 14 15 16 19 20 21 22 23 24 25 26 27 28 32 33 35 36 37 39 42 43 44 45 47 48 49 50 53 56 57 58 60 62 63 64 65 66 68 69 70 71 72 73 74 75 76 77 78 79 80 81 83 84 86 87 90 92 93 94 96 97 98 99 101 102 103 104 106 107 108 110 111 112 113 114 115 116 117 121 122 123 124 125 126 127 130 131 133 134 135 136 137 140 142 143 144 145 146 147 149 150 151 152 153 154 155 156 157 161 162 164 165 167 168 169 170 171 172 173 174 175 176 177 178 179 180 181 182 183 184 185 186 187 188 190 191 193 194 195 196 197 198 199 200 201 206 207 208 209 211 212 213 215 216 217 218 219 221 222 223 224 227 228 229 231 232 233 234 235 236 237 238 239 241 243 244 245 246 248 249 250 251 253 255 256 257 258 259 260 261 263 264 265 266 267 268 269 272 273 274 275 276 278 279 280 282 283 284 285 286 287 288 289 290 291 292 293 294 295 296 297 298 302 303 304 305 308 309 310 311 313 314 315 316 318 319 320 321 322 323 324 325 326 327 329 330 331 332 333 334 335 337 338 339 340 341 342 344 345 346 347 349 351 352 354 356 357 358 360 365 367 368 370 375 376 377 379 381 383 384 385 386 387 388 389 390 391 393 395 396 397 398 399 400 402 403 404 405 406 407 408 409 413 414 416 417 419 420 421 422 424 425 426 427 428 429 430 433 434 435 436 437 438 440 442 443 446 447 448 449 451 452 453 454 455 456 457 458 459 461 462 463 464 465 466 467 468 469 472 473 477 478 481 482 483 484 486 487 488 489 490 491 492 493 494 496 498 499
campaign,reference,500,13-0.75-P,9,208275,377,1 3 4 6 8 9 10 11 12 14 15 16 19 20 21 22 23 24 25 26 27 28 32 33 35 36 37 38 39 42 43 44 45 48 49 50 53 56 57 58 60 61 62 63 64 65 66 68 69 70 71 72 73 74 75 76 78 79 80 81 83 84 86 87 90 92 93 94 96 97 98 99 100 101 102 103 104 105 107 108 110 111 112 113 114 115 116 117 121 122 123 124 125 126 127 130 131 133 134 135 137 140 141 142 143 144 145 146 147 148 149 150 151 152 153 154 155 156 157 161 162 164 165 166 167 168 169 170 171 172 173 174 175 176 177 178 179 181 182 183 184 185 186 187 188 190 191 192 193 194 195 196 197 198 199 200 201 202 203 206 207 208 209 211 212 213 215 216 217 218 219 221 222 223 227 228 229 231 232 233 234 236 237 238 239 241 243 244 245 246 247 248 249 250 251 253 254 255 256 257 258 259 260 261 263 264 265 266 267 268 269 272 273 274 275 276 278 279 280 282 283 284 285 286 287 288 290 291 292 293 294 295 296 297 298 302 303 304 305 307 308 309 310 311 313 315 316 318 319 320 321 322 323 324 325 327 329 330 332 333 334 335 339 340 341 342 344 345 346 347 349 351 352 354 356 357 358 360 366 367 368 370 371 375 376 377 378 379 381 383 385 386 387 388 389 390 391 392 393 395 396 397 398 399 400 402 403 404 405 406 407 408 409 411 413 414 416 417 419 421 422 424 425 426 427 428 429 430 433 434 435 436 437 438 440 442 443 448 449 450 451 452 453 454 455 456 457 458 459 461 462 463 464 465 466 467 468 469 472 473 477 478 479 481 482 484 486 487 489 490 491 492 493 494 496 498 499
campaign,reference,500,13-0.75-P,10,208345,378,1 3 4 6 8 9 10 11 12 14 15 16 19 20 21 22 23 24 25 26 27 28 32 33 35 36 37 38 39 42 43 44 45 48 49 50 53 54 56 57 58 60 62 63 64 65 66 68 69 70 71 72 73 74 75 76 78 79 80 81 83 84 86 87 90 92 93 94 96 97 98 99 100 101 102 103 104 107 108 110 111 112 114 115 116 117 119 121 122 123 124 125 126 127 130 131 133 134 135 137 140 141 142 143 144 145 146 147 149 150 151 152 153 154 155 156 157 161 162 164 165 166 167 168 169 170 171 172 173 174 175 176 177 178 179 181 182 183 184 185 186 187 188 190 191 193 194 195 196 197 198 199 200 201 202 204 206 207 208 209 211 212 213 215 216 217 218 219 221 222 223 224 225 227 228 231 232 233 234 236 237 238 239 241 243 244 245 246 247 248 249 250 251 253 254 255 256 257 258 259 260 261 263 264 265 266 267 268 269 272 274 275 276 278 279 280 282 283 284 285 286 287 288 290 291 292 293 295 296 297 298 302 303 304 305 308 309 310 311 313 315 316 318 319 320 321 322 323 324 325 326 327 329 330 331 332 333 334 335 337 338 339 340 341 342 344 345 346 347 349 351 352 353 354 356 357 358 360 365 367 368 370 375 376 377 378 379 380 381 383 385 386 387 388 389 390 391 392 393 395 396 397 398 399 400 402 403 404 405 406 407 408 409 411 413 416 417 419 421 422 424 425 426 427 428 429 430 433 434 435 436 437 438 440 442 443 448 449 451 452 453 455 456 457 458 459 461 462 464 465 466 467 468 469 470 471 472 473 474 477 478 481 482 483 484 486 487 488 489 490 491 492 493 494 495 496 498 499
campaign,reference,500,14-0.75-P,1,215892,378,1 3 4 6 8 9 10 11 12 14 15 19 20 21 23 24 25 26 27 28 30 32 33 35 36 37 38 39 43 44 45 47 49 50 52 53 56 57 58 59 60 62 64 65 66 67 68 69 70 71 72 73 74 76 77 78 79 80 81 83 84 86 87 90 91 92 93 94 96 97 100 101 102 103 104 105 106 107 108 111 112 114 115 116 117 120 121 122 123 124 125 126 127 130 131 133 134 135 137 140 141 143 144 145 146 147 148 149 150 151 153 154 155 156 157 161 162 163 164 165 167 168 169 170 171 172 173 175 176 177 178 179 180 181 182 183 184 185 186 187 188 190 191 192 193 194 195 196 197 198 199 200 202 204 206 207 208 209 211 212 213 214 215 216 217 218 219 221 222 223 226 227 228 229 231 232 233 234 235 236 237 238 239 241 243 244 245 246 249 250 253 255 256 257 260 261 263 264 265 266 267 268 269 272 273 274 275 276 277 278 279 280 281 282 283 284 286 287 288 289 290 291 292 293 294 295 296 297 298 302 303 304 306 308 309 310 311 312 314 315 316 318 319 320 321 322 323 324 325 326 327 329 330 332 333 334 335 337 338 339 340 341 342 344 346 347 349 350 351 352 354 356 357 358 360 365 366 368 370 373 374 375 376 377 379 380 381 382 383 384 385 386 387 388 390 391 392 395 396 398 399 400 402 403 404 405 406 407 408 409 411 413 414 415 416 417 420 421 422 424 425 427 428 429 430 432 433 434 435 436 437 438 440 441 443 446 447 448 451 452 453 454 455 456 457 458 459 460 461 462 463 464 465 467 468 469 472 473 477 478 479 480 481 482 484 486 487 488 489 490 491 492 493 494 495 496 498 499
campaign,reference,500,14-0.75-P,2,215903,378,0 1 3 4 6 8 9 10 11 12 14 15 19 20 21 22 23 24 25 26 27 28 30 32 33 36 37 38 39 40 43 44 45 46 47 48 50 52 53 56 57 58 60 62 63 65 66 67 68 69 70 71 72 73 74 75 76 77 78 79 80 81 83 84 86 87 90 91 92 93 94 95 96 97 100 101 102 103 104 105 106 107 108 110 111 112 113 114 115 116 117 120 121 122 123 124 125 126 127 130 131 133 134 135 137 139 140 141 143 144 145 146 147 148 149 150 151 152 154 155 156 157 161 162 164 165 167 168 169 170 171 172 173 175 176 177 178 179 181 182 183 184 185 186 187 188 190 191 192 193 194 195 196 197 198 199 200 201 204 205 206 207 208 209 211 212 213 214 215 216 217 218 219 221 222 223 226 227 228 229 231 232 234 235 236 237 238 239 241 244 245 246 247 249 250 253 255 256 257 258 260 261 263 264 265 266 267 268 269 271 272 273 274 275 276 277 278 279 281 282 283 284 286 287 288 290 291 292 293 294 295 296 297 298 302 303 304 306 308 309 310 311 312 313 316 318 319 320 321 322 323 324 325 326 327 329 332 333 334 335 337 338 339 340 341 342 344 346 347 349 350 351 352 354 356 357 358 360 361 365 366 367 368 370 372 374 375 376 377 379 380 381 382 384 385 386 387 388 390 391 392 395 396 397 398 399 400 402 403 404 405 406 407 408 409 411 413 414 415 416 417 420 421 422 424 425 426 427 428 429 430 433 434 435 436 437 438 440 443 446 449 451 452 453 455 456 457 458 461 462 463 464 465 467 468 471 472 473 475 477 478 479 480 481 482 484 487 488 489 490 491 492 493 494 495 496 498 499
campaign,reference,500,14-0.75-P,3,215819,378,1 2 3 4 6 8 9 10 11 12 13 14 15 19 20 21 22 23 24 25 26 27 28 30 32 33 36 37 38 39 40 43 44 45 47 48 49 52 53 54 56 57 58 60 62 63 64 65 66 67 68 69 70 71 72 73 74 76 77 78 79 80 81 83 84 86 87 90 91 92 93 94 95 96 97 98 101 102 103 105 106 107 108 112 113 114 115 116 117 120 121 122 123 125 126 127 130 131 133 134 135 136 137 140 141 143 144 145 146 147 148 149 150 151 152 153 154 155 156 157 161 162 163 164 165 167 168 169 170 171 172 173 175 176 177 178 179 180 181 182 183 184 185 186 187 188 190 191 193 194 195 196 197 198 199 200 201 202 204 205 206 207 208 209 211 212 213 214 215 216 217 218 219 221 222 223 226 227 228 229 231 232 233 234 235 236 237 238 239 241 243 244 245 246 249 250 253 255 256 257 258 260 261 263 264 265 266 267 268 269 272 273 274 275 276 277 278 279 281 282 283 284 285 286 287 288 290 291 292 293 295 296 297 298 302 303 304 306 307 308 309 310 311 312 313 316 318 319 320 321 322 323 324 325 326 327 329 332 333 334 335 337 338 339 340 341 342 344 346 347 349 351 352 354 356 357 358 360 365 368 370 374 375 376 377 378 379 380 381 382 383 384 386 387 388 390 391 392 395 396 397 398 399 400 402 403 404 405 406 407 408 409 411 413 414 415 416 417 420 421 422 424 425 426 427 428 429 430 432 433 434 435 436 437 438 440 443 448 449 451 452 453 455 456 457 458 461 462 463 464 465 467 468 469 471 472 473 476 477 478 479 480 481 482 483 484 486 487 488 489 490 491 492 493 494 495 496 499
campaign,reference,500,14-0.75-P,4,215914,378,1 3 4 6 8 9 10 11 12 13 14 15 19 20 21 22 23 24 25 26 27 28 30 31 32 33 35 36 37 38 39 43 44 45 47 49 50 52 53 56 57 58 59 60 62 63 64 65 66 67 68 69 70 71 72 73 74 75 76 77 78 79 80 81 83 84 85 86 87 90 91 92 93 94 96 97 100 101 102 103 105 106 107 108 110 111 112 113 114 116 117 118 120 121 122 123 124 125 126 127 130 131 133 134 135 136 137 140 141 143 144 145 146 147 148 149 150 151 152 153 154 155 156 157 161 162 164 165 166 167 168 169 170 171 172 173 175 176 177 178 179 181 182 183 184 185 186 187 188 190 191 192 193 194 195 196 197 198 199 200 204 207 208 209 211 213 214 215 216 217 218 219 221 222 223 226 227 228 229 230 231 232 233 234 235 236 237 238 239 241 244 245 246 249 250 253 254 255 256 257 258 260 261 263 264 265 266 267 268 269 272 274 275 276 277 278 279 281 282 283 284 285 286 287 288 289 290 291 292 293 294 295 296 297 298 302 303 304 306 308 309 310 311 312 313 315 316 318 319 320 321 322 323 324 325 326 327 329 332 333 334 335 337 338 339 340 341 342 344 346 347 348 349 350 351 352 354 356 357 358 360 365 366 367 368 370 373 374 375 376 377 379 381 382 384 385 386 387 388 389 390 391 392 395 396 397 398 399 402 403 404 405 406 407 408 409 413 414 415 416 417 420 421 422 424 425 426 427 428 429 430 432 433 434 435 436 437 438 440 443 447 448 451 452 453 455 456 457 458 461 462 463 464 465 467 468 469 471 472 473 477 478 479 480 481 482 483 484 487 488 489 490 491 492 493 494 496 499
campaign,reference,500,14-0.75-P,5,215826,378,1 2 3 6 8 9 10 11 12 14 15 19 20 21 23 24 25 26 27 28 30 31 32 33 36 37 38 39 43 44 45 47 48 49 50 52 53 56 57 58 59 60 62 63 64 65 66 67 68 69 70 71 72 73 74 75 76 77 78 79 80 81 83 84 87 90 91 92 93 94 95 96 97 99 100 101 102 103 105 106 107 108 110 111 112 113 114 115 116 117 120 121 122 123 124 125 126 127 130 131 133 134 135 137 141 143 144 145 146 147 148 149 150 151 152 153 154 155 156 157 161 162 164 165 167 168 169 170 171 172 173 175 176 177 178 179 181 182 183 184 185 186 187 188 190 191 193 194 195 196 197 198 199 200 201 202 204 205 206 207 209 211 212 213 214 215 216 217 218 219 221 222 223 226 227 228 229 231 232 234 235 236 237 238 239 241 243 244 245 246 249 250 251 253 254 255 256 257 258 260 261 263 264 265 266 267 268 269 271 272 274 275 276 277 278 279 280 281 282 283 284 286 287 288 290 291 292 293 295 296 297 298 302 303 304 306 307 308 309 310 311 312 313 315 316 318 319 320 321 322 323 324 325 326 327 329 332 333 334 335 337 338 339 340 341 342 343 344 346 347 348 349 350 351 352 354 356 357 358 360 365 367 368 370 371 372 373 374 375 376 377 379 380 381 383 384 385 386 387 388 390 391 392 395 396 397 398 399 400 402 403 404 405 406 407 409 413 414 415 416 417 420 421 422 424 425 426 427 428 429 430 432 433 434 435 436 438 440 441 443 445 448 451 452 453 455 456 457 458 461 462 463 464 465 467 468 469 471 472 473 477 478 479 481 482 483 484 487 488 489 490 491 492 494 495 496 498 499
campaign,reference,500,14-0.75-P,6,215915,378,0 1 2 3 4 6 8 9 10 11 12 14 15 19 20 21 22 23 24 25 26 27 28 30 32 33 36 37 38 39 40 43 44 45 47 48 49 50 52 53 56 57 58 60 62 63 64 65 66 67 68 69 70 71 72 73 74 75 76 77 78 80 81 83 84 86 87 90 91 92 93 94 95 96 97 98 99 100 101 102 103 105 106 107 108 110 111 112 113 114 115 116 117 120 121 122 123 125 126 127 130 131 133 134 135 137 140 141 143 144 145 146 147 148 149 150 151 152 154 155 156 157 161 162 163 164 165 167 168 169 170 171 172 175 176 177 178 179 181 182 183 184 185 186 187 188 190 191 192 194 195 196 197 198 199 200 201 204 205 206 207 208 209 211 212 213 215 216 217 218 219 221 222 223 226 227 228 229 231 232 234 235 236 237 238 239 241 243 244 245 246 247 249 250 253 255 256 257 258 260 261 263 264 265 266 267 268 269 271 272 273 274 275 276 277 278 279 281 282 283 284 285 286 287 288 290 291 292 293 295 296 297 298 302 303 304 306 307 308 309 310 311 312 313 316 318 319 320 321 322 323 324 325 326 327 329 332 333 334 335 337 338 339 340 341 342 344 346 347 349 351 352 354 356 357 358 360 365 366 368 370 372 374 375 376 377 379 380 381 382 383 384 386 387 388 390 391 392 395 396 397 398 399 400 402 403 404 405 406 407 408 409 411 413 414 415 416 417 420 421 422 424 425 426 427 428 429 430 433 434 435 436 437 438 440 443 447 448 449 451 452 453 455 456 457 458 459 460 461 462 463 464 465 467 468 469 471 472 473 476 477 478 479 480 481 482 484 486 487 488 489 490 491 492 494 496 498 499
campaign,reference,500,14-0.75-P,7,215879,378,1 2 3 4 6 8 9 10 11 12 14 15 19 20 21 22 23 24 25 26 27 28 30 32 33 36 37 38 39 43 44 45 47 48 49 50 52 53 56 57 58 60 62 63 64 65 66 67 68 69 70 71 72 73 74 76 77 78 80 81 83 84 86 87 90 91 92 93 94 95 96 97 98 100 101 102 103 106 107 108 110 111 112 114 115 116 117 120 121 122 123 124 125 126 127 130 131 133 134 135 137 140 141 143 144 145 146 147 148 149 150 151 152 153 154 155 156 157 161 162 163 164 165 166 167 168 169 170 171 172 173 175 176 177 178 179 181 182 183 184 185 186 187 188 190 191 193 194 195 196 197 198 199 200 201 204 205 206 207 208 209 211 212 213 214 215 216 217 218 219 221 222 223 226 227 228 229 231 232 233 234 235 236 237 238 239 241 243 244 245 246 247 250 253 254 255 256 257 258 260 261 263 264 265 266 267 268 269 271 272 274 275 276 277 278 279 280 281 282 283 284 285 286 287 288 290 291 292 293 294 295 296 297 298 302 303 304 307 308 309 310 311 312 313 316 318 319 320 321 322 323 324 325 326 327 329 332 333 334 335 337 338 339 340 341 342 344 346 347 349 350 351 352 353 354 356 357 358 360 365 366 368 370 372 373 374 375 376 377 380 381 383 384 386 387 388 390 391 392 395 396 397 398 399 400 402 403 404 405 406 407 408 409 413 414 415 416 417 420 421 422 424 425 427 428 429 430 432 433 434 435 436 438 440 441 443 448 449 451 452 453 455 456 457 458 459 460 461 462 463 464 465 467 468 469 471 472 473 477 478 479 480 481 482 483 484 486 487 488 489 490 491 492 494 495 496 498 499
campaign,reference,500,14-0.75-P,8,215827,378,1 3 6 8 9 10 11 12 14 15 19 20 21 22 23 24 25 26 27 28 30 32 33 36 37 38 39 43 44 45 47 48 49 50 52 53 56 57 58 59 60 62 63 64 65 66 67 68 69 70 71 72 73 74 75 76 77 78 79 80 81 83 84 86 87 89 90 91 92 93 94 96 97 98 100 101 102 103 105 106 107 108 110 112 113 114 115 116 117 120 121 122 123 124 125 126 127 130 131 133 134 137 139 140 141 142 143 144 145 146 147 148 149 150 151 152 153 154 155 156 157 161 162 163 164 165 166 167 168 169 170 171 172 173 175 176 177 178 179 180 181 182 183 184 185 187 188 190 191 193 194 195 196 197 198 199 200 201 202 204 206 207 208 209 211 212 213 214 215 216 217 218 219 221 222 223 224 226 227 228 229 230 231 232 233 234 235 236 237 238 241 243 244 245 246 247 249 250 253 255 256 257 258 260 261 263 264 265 266 267 268 269 271 272 273 274 275 276 277 278 279 282 283 284 285 286 287 288 289 290 291 292 293 295 296 297 298 302 303 304 306 307 308 309 310 311 312 314 315 316 318 319 320 321 322 323 324 325 326 327 329 332 333 334 335 337 338 339 340 341 342 344 346 347 349 351 352 354 356 357 358 360 365 367 368 370 373 374 375 376 377 380 381 382 383 384 386 387 388 390 391 392 395 396 397 398 399 400 402 403 404 405 406 408 409 413 414 415 416 417 420 421 422 424 425 426 427 428 429 430 432 433 434 435 436 438 440 441 443 445 447 448 449 451 452 453 455 456 457 458 459 461 462 463 464 465 467 468 472 473 476 477 478 479 481 482 484 487 488 489 490 491 492 494 495 496 498 499
campaign,reference,500,14-0.75-P,9,215858,378,1 3 6 8 9 10 11 12 14 15 19 20 21 22 23 24 25 26 27 28 30 32 33 36 37 38 39 40 42 43 44 45 47 48 49 50 52 53 56 57 58 59 60 62 63 64 65 66 67 68 69 70 71 72 73 74 75 76 77 78 79 80 81 83 84 86 87 90 91 92 93 94 96 97 99 100 102 103 105 106 107 108 110 112 113 114 115 116 117 120 121 122 123 124 125 126 127 130 131 133 134 135 137 140 141 142 143 144 145 146 147 149 150 151 152 154 155 156 157 161 162 163 164 165 167 168 169 170 171 172 173 175 176 177 178 179 181 182 183 184 185 186 187 188 190 191 192 193 194 195 196 197 198 199 200 201 204 205 206 207 208 209 211 212 213 214 215 216 217 218 219 221 222 223 226 227 228 229 231 232 233 234 235 236 237 239 241 243 244 245 246 247 249 250 253 255 256 257 258 260 261 263 264 265 266 267 268 269 272 274 275 276 277 278 279 281 282 283 284 285 286 287 288 289 290 291 292 293 294 295 296 297 298 302 303 304 306 308 309 310 311 312 313 315 316 318 319 320 321 322 323 324 325 326 327 329 332 333 334 335 337 338 339 340 341 342 344 346 347 349 350 351 352 354 356 357 358 360 365 366 367 368 370 372 373 374 375 376 377 379 380 381 382 383 384 385 386 387 388 390 391 392 395 396 397 398 399 400 402 403 404 405 406 407 408 409 413 414 415 416 417 419 420 421 422 424 425 426 427 428 429 430 432 433 434 435 436 438 440 443 448 451 452 453 455 456 457 458 459 461 462 463 464 465 467 468 472 473 477 478 479 480 481 482 483 484 486 487 488 489 490 491 492 493 494 496 498 499
campaign,reference,500,14-0.75-P,10,215821,378,1 2 3 4 6 8 9 10 11 12 14 15 19 20 21 22 23 24 25 26 27 28 30 32 33 35 36 37 38 39 43 44 45 46 47 48 49 50 52 53 56 57 58 59 60 62 63 64 65 66 67 68 69 70 71 72 73 74 76 77 78 79 80 81 83 84 86 87 90 91 92 93 94 95 96 97 100 101 102 103 105 106 107 108 110 112 113 114 115 116 117 118 120 121 122 123 124 125 126 127 130 131 133 134 135 137 140 141 143 144 145 146 147 148 149 150 151 152 154 155 156 157 161 162 163 164 165 167 168 169 170 171 172 173 175 176 177 178 179 180 181 182 183 184 185 186 187 188 190 191 192 193 194 195 196 197 198 199 200 201 205 206 207 208 209 211 212 213 214 215 216 217 218 219 221 222 223 226 227 228 229 231 232 234 235 236 237 238 239 241 243 244 245 246 247 249 250 253 255 256 257 258 260 261 263 264 265 266 267 268 269 272 273 274 275 276 277 278 279 280 281 282 283 284 286 287 288 290 291 292 293 294 295 296 297 298 302 303 304 306 307 308 309 310 311 312 314 315 316 318 319 320 321 322 323 324 325 326 327 329 332 333 334 335 337 338 339 340 341 342 344 346 347 349 351 352 354 356 357 358 365 366 368 370 372 373 374 375 376 377 379 380 381 382 383 384 386 387 388 390 391 392 395 396 397 398 399 400 402 403 404 405 406 407 408 409 413 414 415 416 417 420 421 422 424 425 426 427 428 429 430 432 433 434 435 436 437 438 440 443 448 449 451 452 453 455 456 457 458 459 460 461 462 463 464 465 467 468 469 472 473 477 478 479 481 482 484 487 488 489 490 491 492 493 494 495 498 499
campaign,reference,500,15-0.75-P,1,194291,377,1 3 6 8 9 10 11 12 13 14 15 16 19 20 21 22 23 24 25 26 27 28 32 33 34 35 36 37 38 39 40 42 43 44 45 48 49 50 53 56 57 58 59 60 62 63 64 65 66 68 69 70 71 72 73 74 75 76 78 80 81 83 84 86 87 90 91 92 93 94 96 97 98 100 101 102 103 104 105 106 107 108 110 111 112 113 114 115 116 117 120 121 122 123 124 125 127 129 131 133 134 135 137 140 141 142 143 144 145 146 147 149 150 151 152 154 155 156 157 161 162 164 165 166 167 168 169 170 171 172 173 174 175 176 177 178 179 181 182 183 184 185 186 187 188 190 191 192 193 194 195 196 197 198 199 201 204 205 206 207 209 211 212 213 214 215 216 217 218 219 220 221 222 223 224 226 227 228 230 231 232 233 234 235 236 237 238 239 241 242 243 244 245 246 249 250 251 253 254 255 256 257 258 260 261 263 264 265 266 267 268 269 271 272 273 274 275 277 278 279 280 281 282 283 284 286 287 288 290 291 292 293 295 296 297 298 302 303 304 306 307 308 309 310 311 312 315 316 317 318 319 320 321 322 323 324 325 326 327 328 329 332 333 334 335 339 340 341 342 344 345 346 347 348 349 351 352 354 355 356 357 358 368 370 374 375 376 377 379 381 383 384 385 386 388 389 390 391 392 395 396 397 398 399 400 402 403 404 405 406 407 408 409 411 413 414 416 417 418 419 421 422 424 425 426 427 428 429 430 431 433 434 435 436 438 440 443 448 450 451 452 453 455 456 457 458 459 460 461 462 464 465 466 467 468 469 472 473 477 478 479 481 482 483 484 486 487 488 489 491 492 493 494 495 497 498 499
campaign,reference,500,15-0.75-P,2,194255,376,1 3 6 8 9 10 11 12 13 14 15 19 20 21 22 23 24 25 26 27 28 32 33 34 35 36 37 38 39 40 42 43 44 45 46 48 49 50 53 56 57 58 59 60 62 63 64 65 66 68 69 70 71 72 73 75 76 77 78 79 80 81 83 84 86 87 88 89 90 91 92 93 94 95 96 97 98 100 101 102 103 104 105 107 108 110 111 112 113 114 115 116 117 120 121 122 123 124 125 126 127 131 133 134 135 137 140 141 143 144 145 146 147 148 149 150 151 152 153 154 155 156 157 158 161 162 164 165 167 168 169 170 171 172 174 175 176 177 178 179 181 182 183 184 185 186 187 188 190 191 193 194 195 196 197 198 199 201 202 203 204 206 207 209 211 212 213 214 215 216 217 218 219 220 221 222 223 224 227 228 230 231 232 233 234 235 236 237 238 239 241 243 244 245 246 249 250 251 253 254 255 256 257 258 260 261 263 264 265 266 267 268 269 271 272 274 275 276 277 278 279 280 282 283 284 285 286 287 288 290 291 292 293 294 295 296 297 298 302 303 304 306 307 308 309 310 311 314 315 316 317 318 319 320 321 322 323 324 325 326 327 328 329 332 333 334 335 338 339 340 341 342 343 344 346 347 349 350 351 352 354 356 357 358 360 366 368 370 374 375 376 377 379 381 383 384 385 386 387 388 390 391 392 395 396 397 398 399 400 402 403 404 405 406 407 408 409 413 416 417 419 421 422 424 425 427 428 429 430 433 434 435 436 438 440 443 450 451 452 453 454 455 456 457 458 459 462 463 464 465 466 467 468 469 472 473 474 477 478 479 481 482 483 484 487 488 489 490 491 492 493 494 496 497 498 499
campaign,reference,500,15-0.75-P,3,194320,377,1 3 6 8 9 10 11 12 14 15 19 20 21 22 23 24 25 26 27 28 32 33 34 35 36 37 38 39 40 42 43 44 45 47 48 49 50 53 56 57 58 60 62 63 64 65 66 68 69 70 71 72 73 75 76 78 80 81 83 84 86 87 89 90 91 92 93 94 96 97 98 99 100 101 102 103 104 105 106 107 108 110 111 112 113 114 115 116 117 120 121 122 123 124 125 126 127 129 131 133 134 137 140 141 142 143 144 145 146 147 149 150 151 152 154 155 156 157 158 161 162 164 165 166 167 168 169 170 171 172 173 174 175 176 177 178 179 181 182 183 184 185 186 187 188 190 191 193 194 195 196 197 198 199 200 201 203 204 206 207 208 209 211 212 213 214 215 216 217 218 219 221 222 223 224 226 227 228 230 231 232 234 236 237 238 239 241 243 244 245 246 249 250 251 253 254 255 256 257 258 260 261 263 264 265 266 267 268 269 272 274 275 277 278 279 280 282 283 284 286 287 288 289 290 291 292 293 295 296 297 298 302 303 304 306 307 308 309 310 311 312 314 315 316 317 318 319 321 322 323 324 325 326 327 328 329 332 333 334 335 339 340 341 342 343 344 345 346 347 348 349 350 351 352 354 355 356 357 358 360 364 365 368 370 374 375 376 377 378 379 381 383 384 385 386 387 388 389 390 391 395 396 397 398 399 400 402 403 404 405 406 407 408 413 415 416 417 419 421 422 424 425 426 427 428 429 430 433 434 435 436 437 438 440 443 447 450 451 452 453 454 455 456 457 458 459 462 463 464 465 466 467 468 469 472 473 477 478 479 481 482 483 484 486 487 488 489 490 491 492 493 494 495 496 497 498 499
campaign,reference,500,15-0.75-P,4,194313,376,1 3 6 8 9 10 11 12 13 14 15 16 19 20 21 22 23 24 25 26 27 28 32 33 34 35 36 37 38 39 42 43 44 45 47 48 49 50 53 56 57 58 60 62 63 64 65 66 68 69 70 71 72 73 74 75 76 77 78 79 80 81 83 84 86 87 89 90 91 92 93 94 96 97 98 99 100 101 102 103 104 105 107 108 110 111 112 113 114 115 116 117 118 120 121 122 123 124 125 126 127 131 133 134 135 137 140 141 143 144 145 146 147 149 150 151 152 153 154 155 156 157 158 162 164 165 167 168 169 170 171 172 173 174 175 176 178 179 180 181 182 183 184 185 186 187 188 190 191 193 194 195 196 197 198 199 200 201 202 203 204 206 207 209 211 212 213 214 215 216 217 218 219 220 221 222 223 224 226 227 228 230 231 232 234 235 236 237 238 239 241 243 244 245 246 249 250 251 253 254 255 256 257 258 260 261 263 264 265 266 267 268 269 271 272 274 275 276 277 278 279 280 282 283 284 285 286 287 288 290 291 292 293 294 295 296 297 298 302 303 304 306 307 308 309 310 311 312 314 315 316 317 318 319 320 321 322 323 324 325 326 327 328 329 332 333 334 335 339 340 341 342 344 345 346 347 348 349 351 352 354 356 357 358 360 366 368 370 371 374 375 376 377 379 381 383 384 385 386 387 388 389 390 391 392 395 396 397 398 399 400 402 403 404 405 406 407 408 409 413 416 417 419 421 422 424 425 426 427 428 429 430 431 433 434 435 436 438 440 443 451 452 453 454 456 457 458 459 461 462 464 465 466 467 468 469 470 472 473 477 478 481 482 484 487 488 489 490 491 492 493 494 496 497 498 499
campaign,reference,500,15-0.75-P,5,194361,377,1 3 6 8 9 10 11 12 13 14 15 19 20 21 22 23 24 25 26 27 28 32 33 34 35 36 37 38 39 40 43 44 45 47 48 49 50 53 56 57 58 60 62 63 64 65 66 68 69 70 71 72 73 75 78 79 80 81 83 84 86 87 89 90 91 92 93 94 96 97 98 99 100 101 102 103 104 105 107 108 110 111 112 113 114 115 116 117 120 121 122 123 124 125 127 129 131 133 134 135 137 140 141 143 144 145 146 147 149 150 151 152 154 155 156 157 158 159 161 162 164 165 166 167 168 169 170 171 172 173 174 175 176 177 178 179 181 182 183 184 185 186 187 188 190 191 192 193 194 195 196 197 198 199 201 204 206 207 209 211 212 213 215 216 217 218 219 220 221 222 223 224 226 227 228 229 230 231 232 233 234 236 237 238 239 241 242 243 244 245 246 249 250 251 253 254 255 256 257 258 260 261 263 264 265 266 267 268 269 271 272 273 274 275 276 277 278 279 280 281 282 283 284 286 287 288 289 290 291 292 293 295 296 297 298 302 303 304 306 307 308 309 310 311 312 315 316 317 318 319 320 321 322 323 324 325 326 327 328 329 330 332 333 334 335 339 340 341 342 344 345 346 347 348 349 351 352 354 355 356 357 358 360 365 368 370 373 374 375 376 377 379 381 383 384 385 386 387 388 389 390 391 392 395 396 397 398 399 400 402 403 404 405 406 407 408 409 413 416 417 419 421 422 424 425 426 427 428 429 430 433 434 435 436 438 440 443 451 452 453 455 456 457 458 459 460 461 462 464 465 466 467 468 469 472 473 475 477 478 479 481 482 483 484 487 488 489 490 491 492 493 494 495 496 497 498 499
campaign,reference,500,15-0.75-P,6,194202,377,1 3 6 8 9 10 11 12 13 14 15 19 20 21 22 23 24 25 26 27 28 32 33 34 35 36 37 38 39 40 42 43 45 48 50 53 56 57 58 60 62 63 64 65 66 68 69 70 71 72 73 74 75 76 77 78 80 81 83 84 86 87 89 90 91 92 93 94 95 96 97 98 99 100 101 102 103 104 105 106 107 110 111 112 113 114 115 116 117 120 121 122 123 124 125 127 129 131 133 134 135 137 140 141 142 143 144 145 146 147 149 150 151 152 154 155 156 157 161 162 163 164 165 167 168 169 170 171 172 173 174 175 176 177 178 179 181 182 183 184 185 186 187 188 190 191 192 193 194 195 196 197 198 199 201 203 204 206 207 209 211 212 213 214 215 216 217 218 219 221 222 223 224 226 227 228 230 231 232 233 234 236 237 238 239 241 242 243 244 245 246 249 250 251 253 254 255 256 257 258 260 261 263 264 265 266 267 268 269 271 272 273 274 275 276 277 278 279 280 282 283 284 286 287 288 289 290 291 292 293 294 295 296 297 298 302 303 304 306 307 308 309 310 311 312 314 315 316 317 318 319 320 321 322 323 324 325 326 327 328 329 332 333 334 335 339 340 341 342 344 345 346 347 348 349 351 352 354 356 357 358 360 364 368 370 374 375 376 377 379 381 384 385 386 387 388 389 390 391 392 395 396 397 398 399 400 402 403 404 405 406 408 409 411 413 414 416 417 419 421 422 424 425 426 427 428 429 430 431 432 433 434 435 436 438 440 443 451 452 453 454 455 456 457 458 459 461 462 464 465 466 467 468 469 472 473 477 478 479 481 482 483 484 486 487 488 489 490 491 492 493 494 495 496 497 498 499
campaign,reference,500,15-0.75-P,7,194328,376,1 3 6 8 9 10 11 12 13 14 15 16 19 20 21 22 23 24 25 26 27 28 32 33 34 35 36 37 38 39 40 42 43 44 45 48 49 50 53 56 57 58 60 62 63 64 65 66 68 69 70 71 72 73 74 75 76 77 78 80 81 83 84 86 87 89 90 91 92 93 94 95 96 97 98 99 100 101 102 103 104 105 107 108 110 111 112 113 114 115 116 117 118 120 121 122 123 124 125 126 127 131 133 134 135 137 140 141 142 143 144 145 146 147 148 149 150 151 152 154 155 156 157 161 162 164 165 167 168 169 170 171 172 173 174 175 176 177 178 179 181 182 183 184 185 186 187 188 190 191 192 193 194 195 196 197 198 199 200 201 204 206 207 208 209 211 212 213 215 216 217 218 219 221 222 223 224 226 227 228 230 231 232 233 234 235 236 237 238 239 241 243 244 245 246 247 249 250 251 253 254 255 256 257 258 260 261 263 264 265 266 267 268 269 272 273 274 275 276 277 278 279 280 282 283 284 286 287 288 289 290 291 292 293 294 295 296 297 298 302 303 304 307 308 309 310 311 312 314 315 316 317 318 319 320 321 322 323 324 325 326 327 328 329 332 333 334 335 339 340 341 342 344 345 346 347 348 349 351 352 354 355 356 357 358 360 365 368 370 374 375 376 377 379 381 383 384 385 386 387 388 389 390 391 392 395 396 397 398 399 400 402 403 404 405 406 407 408 409 413 416 417 419 421 422 424 425 426 427 428 429 430 431 433 434 435 436 438 440 443 449 451 452 453 454 456 457 458 459 462 464 465 466 467 468 469 472 473 477 478 479 481 482 484 487 488 489 490 491 492 493 494 495 496 498 499
campaign,reference,500,15-0.75-P,8,194216,376,1 3 6 8 9 10 11 12 13 14 15 19 21 22 23 24 25 26 27 28 32 33 34 35 36 37 38 39 40 42 43 44 45 46 47 48 49 50 53 56 57 58 60 62 63 64 65 66 68 69 70 71 72 73 74 75 76 77 78 80 81 83 84 86 87 90 91 92 93 94 96 97 98 99 100 101 102 103 104 105 107 108 110 111 112 113 114 115 116 117 120 121 122 123 124 125 127 129 131 133 134 135 137 140 141 142 143 144 145 146 147 149 150 151 152 153 154 155 156 157 161 162 163 164 165 166 167 168 169 170 171 172 173 174 175 176 177 178 179 180 181 182 183 184 185 186 187 188 190 191 192 193 194 195 196 197 198 199 201 203 204 206 207 209 211 212 213 214 215 216 217 218 219 221 222 223 224 226 227 228 230 231 232 233 234 235 236 237 238 239 241 243 244 245 246 249 250 251 253 254 255 256 257 258 260 261 263 264 265 266 267 268 269 272 274 275 276 277 278 279 280 282 283 284 285 286 287 288 290 291 292 293 294 295 296 297 298 302 303 304 306 307 308 309 310 311 313 314 315 316 317 318 319 320 321 322 323 324 325 327 328 329 332 333 334 335 339 340 341 342 343 344 345 346 347 348 349 351 352 354 356 357 358 360 364 368 370 374 375 376 377 379 381 383 384 385 386 388 389 390 391 392 395 396 397 398 399 400 402 403 404 405 406 407 408 409 413 416 417 419 421 422 424 425 427 428 429 430 431 433 434 435 436 438 440 443 448 451 452 453 455 456 457 458 459 461 462 464 465 466 467 468 469 472 473 475 477 478 479 481 482 483 484 486 487 488 489 490 491 492 493 494 496 497 498 499
campaign,reference,500,15-0.75-P,9,194311,377,1 3 6 8 9 10 11 12 14 15 19 20 21 22 23 24 25 26 27 28 32 34 35 36 37 38 39 40 42 43 44 45 48 49 50 53 56 57 58 60 62 63 64 65 66 68 69 70 71 72 73 74 75 76 78 80 81 83 84 86 87 88 89 90 91 92 93 94 96 97 98 100 101 102 103 104 105 106 107 108 110 111 112 113 114 115 116 117 121 122 123 124 125 126 127 131 133 134 135 137 140 141 142 143 144 145 146 147 149 150 151 152 153 154 155 156 157 158 161 162 164 165 167 168 169 170 171 172 173 174 175 176 177 178 179 181 182 183 184 185 186 187 188 190 191 193 194 195 196 197 198 199 200 201 202 203 204 205 206 207 209 211 212 213 214 215 216 217 218 219 220 221 222 223 224 226 227 228 230 231 232 233 234 235 236 237 238 239 241 243 244 245 246 249 250 251 253 254 255 256 257 258 260 261 263 264 265 266 267 268 269 271 272 274 275 276 277 278 279 280 282 283 284 285 286 287 288 289 290 291 292 293 295 296 297 298 302 303 304 306 307 308 309 310 311 312 314 315 316 317 318 319 320 321 322 323 324 325 326 327 328 329 332 333 334 335 339 340 341 342 344 345 346 347 348 349 351 352 354 356 357 358 360 364 367 368 370 374 375 376 377 379 381 383 384 385 386 387 388 389 390 391 392 395 396 397 398 399 400 402 403 404 405 406 407 408 413 414 416 417 419 421 422 424 425 426 427 428 429 430 433 434 435 436 438 440 443 448 450 451 452 453 454 455 456 457 458 459 462 463 464 465 466 467 468 469 470 472 473 477 478 479 481 482 483 484 487 488 489 490 491 492 493 494 497 498 499
campaign,reference,500,15-0.75-P,10,194294,376,1 3 4 6 8 9 10 11 12 13 14 15 16 19 20 21 22 23 24 25 26 27 28 32 33 34 35 36 37 38 39 42 43 44 45 47 48 50 53 56 57 58 60 62 63 64 65 66 68 69 70 71 72 73 74 75 76 77 78 80 81 83 84 86 87 89 90 91 92 93 94 96 97 98 99 100 101 102 103 104 105 106 107 108 110 111 112 113 114 115 116 117 120 121 122 123 124 125 127 129 131 133 134 137 140 141 143 144 145 146 147 149 150 151 152 153 154 155 156 157 158 161 162 164 165 166 167 168 169 170 171 172 173 174 175 176 178 179 181 182 183 184 185 186 187 188 190 191 192 193 194 195 196 197 198 199 200 201 202 204 206 207 208 209 211 212 213 214 215 216 217 218 219 220 221 222 223 224 226 227 228 230 231 232 233 234 235 236 237 238 239 241 243 244 245 246 249 250 251 253 254 255 256 257 258 260 261 263 264 265 266 267 268 269 271 272 273 274 275 276 277 278 279 280 282 283 284 286 287 288 290 291 292 293 295 296 297 298 302 303 304 307 308 309 310 311 312 314 315 316 317 318 319 320 321 322 323 324 325 326 327 328 329 332 333 334 335 339 340 341 342 344 345 346 347 348 349 351 352 354 356 357 358 360 368 370 374 375 376 377 379 381 383 384 385 386 387 388 389 390 391 392 395 396 397 398 399 400 402 403 404 405 406 407 408 409 413 416 417 419 421 422 424 425 426 427 428 429 430 431 433 434 435 436 438 440 443 446 451 452 453 455 456 457 458 459 461 462 464 465 466 467 468 469 470 472 473 477 478 479 481 482 484 487 488 489 490 491 492 493 494 495 496 497 498 499
campaign,reference,500,1-0.25-M,1,51860,127,4 6 12 13 15 17 22 27 30 36 40 44 45 55 65 67 69 78 85 87 89 97 101 107 112 121 129 132 134 135 137 141 150 163 164 165 169 170 172 174 175 191 196 203 206 209 210 216 221 227 229 232 234 236 238 239 240 242 247 249 251 270 278 280 281 282 283 284 290 292 301 303 304 305 312 313 314 319 321 322 323 326 330 336 337 340 341 343 344 345 348 359 360 365 368 371 374 376 383 390 392 394 398 400 403 405 411 414 418 424 426 431 434 435 438 439 442 445 454 466 467 475 476 480 484 485 499
campaign,reference,500,1-0.25-M,2,51876,126,4 6 12 13 17 22 27 40 44 45 55 65 67 69 73 78 85 87 89 97 101 107 112 121 129 132 135 137 141 149 150 163 164 165 167 169 170 172 174 184 186 191 196 197 203 205 206 209 210 216 221 225 227 229 232 233 234 236 238 242 247 249 270 278 280 281 283 284 292 294 301 303 304 305 312 313 318 319 321 323 326 336 337 340 341 343 344 345 348 350 360 368 369 371 374 376 390 392 394 398 400 405 411 414 418 420 424 426 431 434 435 438 439 442 445 448 454 458 466 467 476 480 484 485 487 499
campaign,reference,500,1-0.25-M,3,51781,126,4 6 12 13 17 27 40 43 44 45 55 61 65 67 69 78 85 87 89 93 97 101 107 121 129 132 134 135 137 141 150 158 162 163 164 165 169 170 172 174 175 178 186 191 196 197 203 205 206 209 210 216 221 225 227 229 232 234 236 238 242 247 249 251 270 278 281 282 283 284 292 294 301 303 304 305 312 313 314 318 319 321 322 326 336 337 340 343 344 345 354 360 368 369 371 374 376 390 391 392 394 398 400 403 405 411 414 418 419 424 431 434 435 438 439 441 442 448 454 466 467 476 480 484 485 499
campaign,reference,500,1-0.25-M,4,51860,127,4 6 12 13 17 27 30 40 44 45 55 61 65 67 69 78 85 87 89 93 97 101 107 112 121 129 132 135 137 141 149 150 158 163 164 165 169 170 172 174 184 186 191 196 197 203 205 206 209 210 216 221 227 229 232 233 234 238 239 242 249 251 270 278 280 281 284 285 290 292 301 303 304 305 311 312 313 314 318 321 322 323 336 337 340 341 343 344 345 348 354 357 360 368 371 374 376 383 390 391 394 398 400 403 405 414 418 424 426 431 434 435 438 439 442 445 448 454 466 467 472 476 479 480 484 485 487
campaign,reference,500,1-0.25-M,5,51924,127,4 6 12 13 17 27 36 40 44 45 55 61 65 67 69 78 85 87 89 93 97 101 107 121 129 132 134 135 137 141 149 150 158 162 163 164 165 169 170 172 174 175 191 196 197 203 206 209 210 216 221 225 227 229 232 234 236 238 242 247 249 251 263 274 278 281 282 284 285 290 292 294 301 303 304 305 312 313 314 318 319 321 322 323 326 334 336 337 340 343 344 345 354 357 360 371 374 376 383 390 392 394 398 400 403 405 411 414 418 431 434 435 438 439 442 445 448 454 458 466 467 476 480 484 485 490 499
campaign,reference,500,1-0.25-M,6,51896,127,4 6 12 13 17 27 30 36 40 44 45 55 61 65 67 69 78 85 87 89 97 101 107 112 121 129 132 134 135 141 150 162 163 164 165 167 169 170 172 174 191 196 197 203 205 206 209 210 216 221 227 229 232 234 236 238 240 242 247 249 251 270 278 280 281 282 283 284 292 294 301 303 304 305 312 313 314 318 319 321 322 323 326 336 337 340 341 343 344 345 348 352 359 360 368 371 374 376 383 390 394 398 403 405 411 413 414 418 424 426 431 434 435 438 439 442 448 454 466 467 475 476 480 484 485 487 493
campaign,reference,500,1-0.25-M,7,51825,127,4 6 12 13 22 27 30 40 44 45 55 61 65 67 69 78 85 87 89 93 97 101 107 112 121 129 132 134 135 137 141 150 158 163 164 165 167 169 170 172 174 191 196 197 203 206 209 210 216 221 225 227 229 232 234 236 238 239 240 242 247 249 270 280 281 283 284 290 292 301 303 304 305 312 313 314 318 321 322 323 326 337 340 341 343 344 345 348 354 359 360 365 368 369 371 374 376 383 390 394 398 400 403 405 411 414 418 420 424 426 431 434 435 438 439 442 448 454 466 467 475 480 484 485 491 493 499
campaign,reference,500,1-0.25-M,8,51870,126,4 6 12 13 27 30 40 44 45 55 65 67 69 73 78 87 88 89 97 101 107 112 121 129 132 134 135 137 141 150 163 164 165 167 169 170 172 174 175 186 191 196 197 203 205 206 209 210 216 221 225 227 229 232 233 234 236 238 242 247 249 251 270 278 281 282 283 284 292 301 303 304 305 312 313 314 318 319 321 322 336 337 340 341 343 344 345 348 352 359 360 365 368 369 371 374 376 383 390 392 394 398 400 403 405 411 414 418 420 424 431 434 435 438 439 442 445 448 466 467 472 475 476 484 485 499
campaign,reference,500,1-0.25-M,9,51801,127,4 6 12 13 22 27 30 36 40 44 45 50 55 61 65 67 69 73 78 85 87 89 97 101 107 112 121 129 132 134 135 137 141 150 163 164 165 169 170 172 174 175 191 196 197 203 205 206 209 210 216 221 227 229 232 233 234 236 238 240 242 247 249 251 270 278 280 281 282 283 284 292 301 303 304 305 312 313 314 318 321 322 323 326 336 337 340 341 343 344 345 348 350 360 365 368 371 374 376 383 390 394 398 400 405 411 414 418 424 426 431 434 435 438 439 442 445 448 454 461 466 467 475 484 485 487 499
campaign,reference,500,1-0.25-M,10,51845,126,4 6 12 13 15 22 27 40 44 45 55 61 65 67 69 78 85 87 89 93 97 101 107 112 121 129 132 134 135 137 141 150 158 163 164 165 169 170 172 174 175 184 188 191 196 197 203 205 206 209 210 216 221 225 227 229 232 233 234 236 238 240 242 247 249 251 278 280 281 282 283 284 290 292 301 303 304 305 312 313 314 321 322 323 336 337 340 341 343 344 345 348 354 359 360 365 368 371 374 376 383 390 392 394 398 400 403 405 418 424 426 431 434 435 438 439 442 445 448 454 458 466 467 480 484 499
campaign,reference,500,2-0.25-M,1,50334,126,6 12 13 21 31 36 38 43 44 55 61 65 67 75 78 84 85 89 93 94 95 97 101 107 112 116 122 129 135 137 150 155 162 163 164 165 166 168 169 170 172 173 174 175 184 186 191 196 205 206 209 210 221 225 227 229 232 233 236 238 239 242 247 249 251 261 270 274 280 281 283 284 290 292 294 304 305 311 312 313 318 319 321 323 333 343 344 345 348 350 354 357 359 360 363 368 369 374 375 383 390 394 398 403 405 418 420 424 426 436 439 440 448 454 458 461 466 467 475 476 479 484 490 491 493 499
campaign,reference,500,2-0.25-M,2,50341,126,6 12 13 17 21 31 36 41 43 44 55 61 65 67 69 73 75 78 85 87 89 93 94 95 97 101 107 112 113 116 119 121 129 133 135 141 150 155 162 163 164 165 166 168 169 170 172 173 175 181 184 186 191 196 205 206 209 210 221 225 227 229 232 233 236 242 247 251 261 270 280 283 284 290 292 294 303 305 312 313 318 319 321 323 333 340 343 344 345 348 350 354 357 358 359 360 363 368 369 374 375 383 390 391 394 398 400 405 418 420 426 431 436 439 448 454 458 466 467 476 479 484 490 491 493 499
campaign,reference,500,2-0.25-M,3,50304,126,6 12 13 17 21 31 34 36 38 43 44 55 61 65 66 67 75 78 85 87 89 93 94 95 101 107 112 113 116 129 135 137 141 150 155 162 163 164 165 166 169 170 172 173 175 184 186 191 196 205 206 209 210 221 225 227 229 232 233 236 242 247 249 270 280 281 283 284 290 292 294 303 304 305 312 313 318 319 321 323 334 337 343 344 345 348 350 351 354 357 359 360 363 368 369 374 375 383 390 394 396 398 405 414 418 420 424 426 434 435 436 439 448 454 458 461 466 467 475 476 479 484 490 491 493 499
campaign,reference,500,2-0.25-M,4,50337,126,6 12 13 21 31 36 38 41 43 44 55 61 65 67 73 75 78 84 85 87 89 93 94 95 101 107 112 113 116 119 129 133 141 155 162 163 164 165 166 168 169 170 172 173 174 175 184 186 191 196 206 209 210 221 225 227 229 232 233 236 239 242 247 249 251 270 274 280 281 283 284 290 292 294 305 312 313 318 319 321 323 334 337 343 344 345 348 350 354 357 359 360 363 368 374 375 383 387 390 391 392 394 396 403 405 414 418 420 424 426 434 436 439 448 454 458 461 466 467 475 476 479 484 490 493 499
campaign,reference,500,2-0.25-M,5,50356,126,6 12 17 21 27 31 36 38 40 43 44 55 61 65 67 73 78 87 89 93 94 95 101 107 112 113 116 121 129 135 141 155 162 163 164 165 166 169 170 171 172 173 175 184 186 191 196 206 209 210 221 225 227 229 232 233 236 242 247 249 251 261 270 274 280 281 283 284 290 292 294 304 305 312 313 318 319 321 323 333 334 337 343 344 345 348 350 354 356 357 359 360 363 368 369 374 375 383 390 391 394 396 398 400 403 405 411 414 418 420 424 426 434 439 448 454 458 461 466 467 476 479 484 491 493 499
campaign,reference,500,2-0.25-M,6,50309,126,6 12 13 14 17 21 31 36 38 43 44 55 61 65 67 73 75 78 84 85 89 93 95 97 101 110 113 116 129 135 137 141 155 162 163 164 165 166 169 170 172 174 175 184 186 191 194 196 206 209 210 216 221 225 227 229 232 233 236 239 242 247 249 251 261 270 274 280 283 284 286 290 292 294 300 303 305 312 313 318 319 321 323 343 344 345 348 350 354 356 357 359 360 368 369 374 383 387 390 394 396 398 403 405 414 418 420 426 434 436 439 445 448 454 458 461 466 467 475 476 479 484 490 491 493 499
campaign,reference,500,2-0.25-M,7,50375,126,6 12 13 17 21 31 34 36 38 40 43 44 55 61 65 67 78 85 89 93 94 95 101 110 112 119 129 133 135 137 141 155 162 163 164 165 166 168 169 170 172 173 175 184 186 191 196 205 206 210 216 221 225 227 229 232 233 236 242 247 249 261 270 274 280 281 283 284 286 290 292 294 304 305 312 313 318 319 321 322 323 333 334 337 343 344 345 348 350 354 356 357 359 363 368 369 374 375 383 390 391 394 396 398 405 411 414 418 420 424 426 434 436 439 448 453 454 458 461 466 467 476 484 490 491 493
campaign,reference,500,2-0.25-M,8,50258,126,4 6 12 13 21 31 36 40 43 44 55 65 67 78 84 85 87 89 93 94 95 101 112 113 116 119 121 129 135 137 141 150 155 162 163 164 165 166 169 170 172 173 175 184 186 191 196 205 206 209 210 221 225 227 229 232 233 236 242 247 249 251 270 274 280 281 283 290 292 294 303 304 305 312 313 318 319 321 323 333 334 337 343 344 345 348 350 354 357 359 360 363 368 369 374 375 383 390 391 394 396 398 403 405 414 418 420 424 426 434 436 439 440 448 454 458 461 466 467 475 476 479 484 491 493 499
campaign,reference,500,2-0.25-M,9,50478,126,6 12 13 17 21 31 36 43 44 45 50 55 61 65 67 73 78 84 85 89 93 95 97 101 110 112 113 116 121 122 129 133 135 155 162 163 164 165 166 168 169 170 172 173 175 178 184 186 191 196 205 206 209 210 221 225 227 232 233 236 241 242 249 251 261 270 274 280 281 283 284 290 292 294 305 312 313 318 319 321 323 333 334 337 343 344 345 348 350 354 356 357 359 360 368 374 375 383 390 391 392 394 396 400 403 405 411 414 418 420 426 434 436 439 440 445 448 454 458 466 467 476 479 484 491 499
campaign,reference,500,2-0.25-M,10,50251,125,6 12 13 17 21 31 34 36 38 43 44 50 55 61 65 67 73 78 85 89 93 95 97 101 110 112 116 122 129 135 137 141 155 158 162 163 164 165 166 169 170 172 173 174 175 178 181 184 186 191 196 206 209 210 216 221 225 227 229 232 233 234 236 239 242 247 249 251 261 270 280 283 284 290 292 300 303 305 312 313 316 318 321 323 337 343 344 345 348 350 354 356 357 359 360 368 369 374 390 391 392 394 398 400 405 414 418 420 426 434 436 439 448 453 454 458 466 467 476 479 484 485 490 491 493
campaign,reference,500,3-0.25-M,1,51258,126,4 6 13 17 21 36 38 40 43 44 45 50 55 61 65 67 69 73 75 78 84 85 89 93 97 101 107 129 132 133 137 163 164 165 166 168 169 170 172 174 175 181 184 186 188 191 195 196 205 206 212 216 221 225 227 229 233 234 239 242 247 251 270 278 280 283 284 292 294 303 304 305 311 312 313 321 322 323 334 336 340 341 343 344 345 348 351 357 363 368 371 374 376 388 390 391 392 394 396 398 413 414 418 420 424 426 434 438 439 442 448 453 454 458 466 471 475 476 480 484 485 486 487 488 493 499
campaign,reference,500,3-0.25-M,2,51306,126,4 13 17 21 36 38 40 41 43 44 45 50 55 61 65 67 69 73 75 78 84 85 89 93 97 101 107 121 129 132 137 141 162 163 164 165 166 168 169 170 172 174 175 178 186 188 191 195 196 205 206 209 212 216 221 225 227 229 233 234 239 242 247 251 270 278 280 283 284 286 292 303 304 305 312 313 318 321 322 323 334 336 340 341 343 344 345 348 351 357 363 368 374 388 390 391 392 394 396 398 400 413 414 418 420 424 426 434 435 438 439 442 448 454 466 467 471 475 476 480 484 485 486 488 493 499
campaign,reference,500,3-0.25-M,3,51361,126,13 17 21 34 35 36 38 40 41 43 44 45 48 55 61 67 69 78 84 85 89 93 97 101 107 121 129 131 132 137 162 163 164 165 166 168 169 172 174 175 178 184 186 188 191 195 196 205 206 209 212 216 221 225 227 229 232 233 234 239 242 247 249 251 278 280 283 284 292 303 304 305 311 312 313 318 321 322 323 326 334 336 340 341 343 344 345 348 351 352 357 359 363 368 369 374 390 391 392 394 396 398 400 414 418 420 424 426 431 434 435 436 438 439 445 453 454 458 466 467 475 484 485 486 490 493
campaign,reference,500,3-0.25-M,4,51320,126,4 13 15 17 21 34 36 40 41 43 44 45 50 55 61 65 67 69 73 78 84 85 89 93 97 101 107 121 129 132 137 162 163 164 165 166 167 168 169 170 172 174 175 178 184 186 188 191 195 196 199 205 206 209 212 216 221 225 227 229 232 233 234 239 242 247 251 278 280 283 284 286 292 303 304 305 311 312 313 318 321 322 323 334 336 341 344 345 350 351 352 357 359 363 368 369 374 375 390 391 392 394 398 400 413 414 418 420 424 426 434 435 438 439 453 458 466 467 471 475 484 485 486 488 490 493
campaign,reference,500,3-0.25-M,5,51331,126,4 13 15 17 21 35 36 38 40 41 43 44 45 50 55 65 67 69 73 75 78 84 85 89 93 97 101 107 129 131 132 137 162 163 164 165 166 168 169 170 172 174 175 178 184 186 188 191 195 196 205 206 209 212 221 225 227 229 232 233 234 239 242 247 251 270 278 281 283 284 286 292 303 311 312 313 321 322 323 326 334 341 343 345 348 350 351 352 357 359 363 368 369 374 390 391 392 394 396 398 400 411 413 414 418 420 424 426 434 438 439 445 448 453 454 458 466 467 471 475 476 484 485 488 493 499
campaign,reference,500,3-0.25-M,6,51329,126,13 15 17 21 36 38 40 41 43 44 45 55 61 65 67 73 75 78 84 85 89 93 97 101 107 129 131 132 137 141 162 163 164 165 166 168 169 170 172 174 175 178 184 186 188 191 195 196 205 206 209 212 216 221 225 227 229 232 233 234 239 242 247 251 278 281 283 292 303 304 305 311 312 313 321 322 323 326 334 336 340 341 343 344 345 348 351 352 357 359 363 368 374 375 383 390 391 392 394 398 400 413 414 418 420 424 431 434 435 438 439 442 448 453 454 458 466 467 471 476 484 485 486 488 490 493
campaign,reference,500,3-0.25-M,7,51350,126,4 6 12 13 17 21 36 38 40 41 43 44 45 50 55 61 65 67 69 73 75 78 84 85 89 93 95 97 101 107 121 129 132 137 162 163 164 165 166 167 168 169 170 172 174 175 184 186 188 195 196 205 206 209 212 216 221 225 227 229 233 234 239 242 247 251 270 278 280 281 283 284 292 303 312 313 318 319 321 322 323 334 341 343 345 352 357 360 363 368 371 374 375 376 388 390 391 392 394 396 398 413 414 418 420 424 426 434 435 438 439 453 454 466 467 471 475 476 480 484 485 486 488 491 493 499
campaign,reference,500,3-0.25-M,8,51389,126,4 13 17 21 30 35 36 40 41 43 44 45 50 55 61 65 67 73 75 78 84 85 89 93 95 97 101 107 121 122 129 131 132 137 163 164 165 166 168 169 170 172 174 175 184 186 188 191 195 196 205 206 209 212 216 221 225 227 229 232 233 234 239 242 247 251 270 278 280 281 283 284 286 292 303 304 305 311 312 313 321 322 323 334 340 341 343 344 345 348 351 352 357 359 363 368 374 390 391 392 394 396 400 413 414 418 420 424 426 434 438 439 442 445 448 453 454 458 466 467 471 475 484 485 488 493
campaign,reference,500,3-0.25-M,9,51297,126,4 13 17 21 30 34 36 38 40 41 43 44 45 55 61 65 67 75 78 84 85 89 93 94 95 97 101 107 129 131 132 137 162 163 164 165 168 169 172 174 175 184 191 195 196 205 206 209 212 216 221 225 227 229 232 233 234 239 242 247 251 270 278 280 281 283 284 290 292 303 304 305 311 312 313 318 321 322 323 334 341 343 345 348 349 350 351 352 357 359 363 368 374 375 390 391 392 394 396 398 400 413 414 418 420 424 434 435 438 439 445 448 453 454 466 467 471 475 476 480 484 486 488 490 493 499
campaign,reference,500,3-0.25-M,10,51168,126,4 13 17 21 36 38 40 41 43 44 45 50 55 61 67 69 73 78 84 85 89 93 97 101 107 129 131 132 137 162 163 164 165 168 169 170 172 174 175 176 178 184 186 188 191 195 196 205 206 209 212 216 221 225 227 229 232 233 234 239 242 247 249 251 270 278 280 281 283 284 292 294 301 303 304 305 312 313 318 321 322 323 326 334 341 343 344 345 348 349 352 357 363 368 371 374 375 390 391 392 394 396 400 411 414 418 420 424 434 438 439 445 454 458 466 467 471 475 476 484 485 486 488 490 493 499
campaign,reference,500,4-0.25-M,1,51572,127,4 6 11 12 13 17 22 27 36 38 40 44 45 55 61 65 69 73 75 78 84 85 87 88 89 93 94 95 97 105 107 121 129 131 132 133 141 150 162 163 164 165 166 168 169 175 184 185 186 196 205 206 209 210 216 221 225 227 229 232 233 234 242 247 270 278 281 283 284 288 292 293 303 305 312 313 318 321 323 326 330 333 334 337 340 343 344 345 348 350 352 359 360 368 374 376 380 390 391 392 394 396 398 400 403 405 414 418 419 424 426 438 439 445 453 454 458 461 466 467 476 480 484 485 490 493 499
campaign,reference,500,4-0.25-M,2,51850,127,4 6 11 12 13 17 22 27 34 36 40 44 45 55 65 66 67 69 73 78 85 87 89 93 94 95 107 121 129 131 132 133 141 149 150 163 165 166 168 172 175 184 185 186 194 196 197 205 206 209 210 216 221 225 227 229 232 233 234 238 239 242 247 278 281 283 284 286 288 292 294 303 304 305 312 313 318 321 323 326 330 334 337 343 344 348 350 352 359 360 368 374 376 383 390 391 392 394 396 398 400 403 405 413 414 418 419 424 426 431 434 438 439 442 445 454 458 461 466 467 476 480 484 485 490 491 493
campaign,reference,500,4-0.25-M,3,51793,127,4 6 13 17 27 36 38 40 44 45 50 55 65 66 69 73 78 85 87 89 93 94 95 97 107 121 129 131 132 137 141 149 150 162 163 164 165 166 168 169 170 173 175 184 185 186 191 196 197 205 206 209 210 216 221 225 227 229 233 234 236 238 239 247 249 251 274 281 283 284 288 292 303 304 305 312 313 316 318 321 323 326 330 334 337 343 345 348 350 351 352 354 359 360 368 374 376 383 390 391 392 394 398 400 403 405 414 418 419 426 434 435 436 438 439 442 445 454 458 461 466 467 476 484 485 490 493
campaign,reference,500,4-0.25-M,4,51760,127,4 6 13 17 22 27 34 36 38 40 44 45 55 73 78 84 85 87 89 93 94 95 97 107 121 129 131 132 133 134 141 149 150 162 163 165 166 168 169 172 175 184 186 196 197 205 206 209 210 216 221 225 227 229 232 233 234 238 242 247 251 278 280 281 283 284 286 288 292 303 304 305 312 313 318 319 321 322 323 326 330 333 334 337 340 343 344 348 350 351 352 354 359 360 368 374 376 383 390 391 392 394 396 398 400 403 405 414 418 419 424 426 434 436 438 439 445 454 458 461 466 467 476 484 485 490 493
campaign,reference,500,4-0.25-M,5,51813,127,4 6 11 12 13 17 22 27 34 36 40 44 45 55 65 69 73 78 85 87 89 93 95 97 107 121 122 129 131 132 133 141 150 162 163 164 165 166 168 169 172 174 175 178 184 185 186 194 196 197 203 205 206 209 210 216 221 225 227 229 232 233 234 247 249 274 280 281 283 284 288 292 303 304 305 312 313 318 321 323 326 330 333 334 337 340 343 344 345 348 350 352 354 359 360 368 374 376 383 390 391 394 396 398 400 403 405 413 418 419 426 431 434 436 438 439 442 445 454 458 466 467 476 484 485 490 493
campaign,reference,500,4-0.25-M,6,51791,127,4 6 11 12 13 17 22 27 36 40 43 44 45 50 55 65 69 73 78 85 87 89 93 94 95 97 101 107 121 129 131 133 134 141 150 162 163 165 166 168 169 172 174 175 178 184 186 196 197 205 206 209 210 216 221 225 227 229 232 233 234 238 242 247 249 270 274 280 281 283 284 288 292 294 303 304 305 312 313 318 321 323 326 330 334 337 343 344 348 350 352 359 360 368 374 376 383 390 391 392 396 398 400 403 405 418 419 424 426 431 434 435 436 438 439 442 445 454 458 461 466 467 476 484 485 490 493
campaign,reference,500,4-0.25-M,7,51875,127,4 6 11 12 13 17 22 27 34 36 40 43 44 45 50 55 61 65 69 73 78 85 87 88 89 93 94 95 97 101 107 129 132 133 141 150 162 163 164 165 166 168 169 174 175 184 186 194 196 205 206 209 210 216 221 225 227 229 232 233 234 238 247 270 280 281 283 284 288 292 294 303 304 305 312 313 318 321 323 326 330 333 334 337 340 343 348 350 351 352 359 360 368 374 376 390 391 392 396 398 400 403 405 413 414 418 419 424 426 431 434 435 436 438 439 442 445 454 458 461 466 467 476 484 485 490 493
campaign,reference,500,4-0.25-M,8,51762,127,4 6 11 12 13 17 27 36 40 43 44 45 50 55 65 69 73 78 84 85 87 88 89 93 94 95 107 121 129 132 133 141 150 162 163 165 166 168 170 172 174 175 184 185 186 194 196 197 205 206 209 210 216 221 225 227 229 232 233 234 238 242 247 249 251 274 278 281 283 284 286 292 303 304 305 312 313 316 318 321 323 326 330 333 334 337 343 345 348 350 352 359 360 368 374 376 383 390 391 392 394 396 398 400 403 405 411 414 418 419 424 426 434 438 439 440 445 454 458 461 466 467 476 484 485 488 493
campaign,reference,500,4-0.25-M,9,51767,127,4 6 11 12 13 17 22 27 36 38 40 43 44 45 50 55 65 69 73 78 84 85 87 89 93 94 95 107 129 131 132 133 141 150 162 163 165 166 168 169 170 172 174 175 178 184 186 196 197 205 206 209 210 216 221 225 227 229 232 233 234 238 242 247 249 270 278 280 283 284 286 288 292 303 304 305 312 313 318 319 321 323 326 330 333 334 337 340 343 345 348 350 352 359 360 368 374 376 383 390 391 392 396 398 400 403 405 413 414 418 419 424 426 434 436 438 439 445 454 458 466 467 476 484 485 490 493
campaign,reference,500,4-0.25-M,10,51822,127,4 6 12 13 17 22 27 36 38 40 44 45 50 55 65 73 75 78 84 85 87 89 93 95 97 107 129 131 132 133 137 141 150 162 163 165 166 168 170 172 174 175 184 185 186 196 197 205 206 209 210 216 221 225 227 229 232 233 234 238 242 247 249 270 274 278 281 283 284 286 288 292 294 303 304 305 312 313 321 323 326 330 334 337 340 343 344 348 350 352 359 360 368 369 374 376 390 391 392 394 396 398 400 403 405 414 418 419 424 426 434 436 438 439 442 445 454 458 461 466 467 476 480 484 485 490 493
campaign,reference,500,5-0.25-M,1,52208,128,4 6 12 13 14 22 30 35 38 41 43 44 50 55 65 66 69 75 78 84 89 93 94 107 121 129 131 132 137 141 150 155 163 165 166 168 169 170 174 175 179 184 186 191 195 196 205 206 216 221 227 229 232 233 234 236 242 247 249 251 263 270 274 281 283 284 292 294 303 304 305 312 313 318 321 322 323 324 326 330 334 341 343 344 345 346 348 350 352 354 359 360 365 368 374 376 383 387 391 392 394 398 400 405 411 413 414 418 420 424 426 431 434 435 436 438 439 440 445 448 461 466 476 484 485 488 490 493
campaign,reference,500,5-0.25-M,2,52253,128,4 6 12 13 14 22 30 35 36 38 40 41 43 44 50 55 61 65 67 69 75 78 84 85 89 93 94 107 121 129 131 132 137 139 141 150 155 162 163 165 166 168 169 170 173 174 175 179 184 186 188 191 196 205 206 210 216 221 227 229 232 233 236 238 242 247 249 251 263 270 274 281 283 292 294 303 304 305 312 313 318 319 321 322 323 326 330 341 343 344 345 348 350 352 354 360 363 368 374 387 391 392 394 400 405 413 414 418 420 424 426 431 434 435 436 438 439 440 448 461 466 472 476 484 485 487 490 493
campaign,reference,500,5-0.25-M,3,52199,128,4 6 12 13 14 22 30 35 36 41 43 44 50 55 65 66 69 75 78 84 89 93 94 101 107 121 129 131 132 135 137 141 150 155 163 164 165 166 169 170 174 175 179 184 186 191 195 196 205 206 209 210 216 221 225 227 229 232 236 238 242 247 249 251 263 270 274 281 283 284 292 294 303 304 305 311 312 313 318 321 322 323 324 326 330 334 341 343 344 345 348 350 352 354 359 360 365 368 374 375 387 394 400 405 411 413 414 418 420 424 426 431 434 435 436 438 439 440 445 448 461 466 476 484 485 487 490 493
campaign,reference,500,5-0.25-M,4,52200,128,4 6 12 13 14 21 22 30 35 36 38 41 43 44 50 55 61 65 67 69 73 75 78 84 89 93 94 95 107 116 121 129 131 132 137 141 150 155 163 164 165 166 169 170 174 175 179 184 185 186 191 196 205 206 209 210 216 221 227 229 232 233 236 238 242 247 249 254 263 270 274 281 283 284 292 294 303 304 305 312 313 318 319 321 322 323 330 334 341 343 344 345 348 352 354 359 360 365 368 369 374 376 387 394 400 405 413 414 418 420 426 431 434 435 436 437 438 439 440 448 461 466 476 484 485 487 490 493
campaign,reference,500,5-0.25-M,5,52208,128,4 6 12 13 14 22 30 35 38 41 43 44 50 55 65 66 69 75 78 84 89 93 94 107 121 129 131 132 137 141 150 155 163 165 166 168 169 170 174 175 179 184 186 191 195 196 205 206 216 221 227 229 232 233 234 236 242 247 249 251 263 270 274 281 283 284 292 294 303 304 305 312 313 318 321 322 323 324 326 330 334 341 343 344 345 346 348 350 352 354 359 360 365 368 374 376 383 387 391 392 394 398 400 405 411 413 414 418 420 424 426 431 434 435 436 438 439 440 445 448 461 466 476 484 485 488 490 493
campaign,reference,500,5-0.25-M,6,52285,128,4 6 12 13 14 22 30 36 38 41 43 44 50 55 61 65 66 67 69 75 78 84 89 93 94 107 121 129 131 132 137 141 150 155 162 163 165 166 168 169 170 174 175 179 184 186 191 196 197 205 206 216 221 227 229 232 233 234 236 238 242 247 249 251 263 270 274 281 283 292 294 303 304 305 312 318 319 321 322 323 326 330 334 341 343 344 345 346 348 350 352 354 359 360 363 365 368 374 376 383 387 391 392 394 398 400 405 411 413 414 418 420 424 426 434 435 436 438 439 448 461 466 476 484 485 488 490 493
campaign,reference,500,5-0.25-M,7,52160,128,4 6 12 14 22 36 38 41 43 44 50 55 61 65 67 69 75 78 84 85 89 93 94 101 107 116 121 129 131 132 137 141 150 155 163 164 165 166 169 170 174 175 179 184 186 191 195 196 197 205 206 210 216 221 227 229 232 236 242 247 249 251 263 274 281 283 284 292 294 303 304 305 312 313 318 319 321 322 323 324 326 330 334 341 343 344 345 348 350 352 354 359 360 363 365 368 374 376 387 391 392 394 400 405 411 413 414 418 420 426 431 434 435 436 437 438 439 440 441 445 448 461 466 476 484 485 490 493
campaign,reference,500,5-0.25-M,8,52211,128,4 6 12 13 14 22 30 35 36 41 43 44 50 55 65 69 75 78 84 89 93 94 101 107 121 129 131 132 137 141 150 155 163 164 165 166 169 170 174 175 179 184 186 191 195 196 203 205 206 210 216 221 225 227 229 232 236 238 242 247 249 251 263 270 274 281 283 284 292 294 303 304 305 311 312 313 318 319 321 322 323 324 326 330 334 341 343 344 345 348 350 352 354 359 360 363 365 368 369 374 376 387 394 400 405 411 413 414 418 420 424 426 431 434 435 436 438 439 440 445 448 461 476 484 485 487 490 493
campaign,reference,500,5-0.25-M,9,52211,128,4 6 12 13 14 22 30 35 36 41 43 44 50 55 65 69 75 78 84 89 93 94 101 107 121 129 131 132 137 141 150 155 163 164 165 166 169 170 174 175 179 184 186 191 195 196 203 205 206 210 216 221 225 227 229 232 236 238 242 247 249 251 263 270 274 281 283 284 292 294 303 304 305 311 312 313 318 319 321 322 323 324 326 330 334 341 343 344 345 348 350 352 354 359 360 363 365 368 369 374 376 387 394 400 405 411 413 414 418 420 424 426 431 434 435 436 438 439 440 445 448 461 476 484 485 487 490 493
campaign,reference,500,5-0.25-M,10,52134,128,4 6 12 13 14 22 30 35 36 38 41 44 50 55 65 69 73 75 78 84 89 93 94 101 107 121 129 131 132 137 139 141 150 155 163 164 165 166 169 170 174 175 179 184 191 195 196 203 205 209 216 221 227 229 232 234 236 239 242 247 249 263 270 274 281 283 284 292 294 303 304 305 312 313 318 319 321 322 323 324 326 330 334 341 343 344 345 346 348 350 352 354 359 360 365 368 369 374 376 387 391 394 400 405 411 413 414 418 420 424 426 431 434 435 436 438 439 440 445 448 461 466 476 484 485 487 490 493
campaign,reference,500,6-0.5-M,1,84281,251,1 4 6 10 11 12 13 15 17 21 22 27 30 31 34 35 36 38 40 41 43 44 45 50 53 55 57 61 63 65 66 67 69 73 75 78 84 85 87 89 93 94 95 97 101 102 107 110 116 117 119 121 122 124 129 130 132 133 134 135 136 137 139 141 144 147 149 150 154 155 158 162 163 164 165 166 167 168 169 170 172 173 174 175 176 178 179 184 185 186 188 189 191 194 195 196 197 199 203 204 205 206 209 210 212 216 221 225 227 229 232 233 234 235 236 238 239 240 241 242 247 249 251 254 262 263 270 274 278 280 281 282 283 284 286 288 289 290 292 293 294 295 299 300 301 303 304 305 311 312 313 314 318 319 321 322 323 330 333 334 336 337 339 340 341 343 344 345 346 348 349 350 351 352 353 354 357 358 359 360 363 365 368 369 370 374 375 376 380 381 383 387 390 391 392 393 394 396 398 400 402 403 405 411 413 414 418 420 421 422 423 424 426 431 434 435 436 437 438 439 440 441 442 444 445 446 448 449 453 454 457 458 461 465 466 467 470 471 472 475 476 480 484 485 486 487 488 490 491 493 499
campaign,reference,500,6-0.5-M,2,84160,251,1 4 6 10 12 13 15 17 21 22 27 30 31 34 35 36 38 40 41 43 44 45 50 55 57 61 63 65 66 67 69 73 74 75 78 84 85 87 89 93 94 95 97 101 102 107 110 119 121 122 124 129 130 131 132 133 134 135 137 139 141 142 144 147 148 149 150 154 155 158 162 163 164 165 166 167 168 169 170 172 173 174 175 176 178 179 182 184 185 186 188 190 191 194 195 196 197 199 203 204 205 206 209 210 212 216 221 223 225 227 229 232 233 234 235 236 238 239 240 241 242 247 249 251 254 262 263 270 276 278 280 281 282 283 284 286 288 290 292 293 294 295 299 300 303 304 305 309 311 312 313 314 318 319 321 322 323 326 330 333 334 337 339 340 341 342 343 344 345 348 349 350 351 352 353 354 357 358 359 360 363 365 368 369 370 374 375 376 380 381 383 390 391 392 393 394 396 398 400 402 403 405 411 413 414 418 419 420 421 422 423 424 426 431 434 435 436 437 438 439 440 441 442 444 445 446 448 449 453 454 457 458 461 465 466 467 470 471 472 475 476 480 484 485 486 487 488 490 491 493 499
campaign,reference,500,6-0.5-M,3,84021,251,1 4 6 10 12 13 15 17 21 22 27 30 31 34 35 36 38 40 41 43 44 45 50 53 55 57 61 63 65 66 67 69 73 75 78 84 85 87 89 93 94 95 97 101 102 107 110 114 119 121 122 124 129 130 131 132 133 134 135 136 137 139 140 141 142 144 147 148 149 150 154 155 158 162 163 164 165 166 167 168 169 170 172 173 174 175 176 178 179 182 184 185 186 188 190 191 194 195 196 197 199 203 204 205 206 209 210 212 216 221 225 227 229 232 233 234 235 236 238 239 240 241 242 247 249 251 254 262 263 270 274 276 278 280 281 282 283 284 286 288 290 292 293 294 295 299 300 303 304 305 311 312 313 314 318 319 321 322 323 330 333 334 336 337 338 339 340 343 344 345 346 348 349 350 351 352 353 354 358 359 360 363 365 368 369 370 374 375 376 380 381 383 390 391 392 393 394 398 400 402 403 405 409 411 413 414 418 419 420 421 422 423 424 426 431 434 435 436 437 438 439 440 441 445 446 448 449 453 454 457 458 461 464 465 466 467 470 471 472 475 476 480 484 485 486 487 488 490 491 493 499
campaign,reference,500,6-0.5-M,4,84160,251,1 4 6 10 12 13 15 17 21 22 27 30 31 34 35 36 38 40 41 43 44 45 50 55 57 61 63 65 66 67 69 73 74 75 78 84 85 87 89 93 94 95 97 101 102 107 110 119 121 122 124 129 130 131 132 133 134 135 137 139 141 142 144 147 148 149 150 154 155 158 162 163 164 165 166 167 168 169 170 172 173 174 175 176 178 179 182 184 185 186 188 190 191 194 195 196 197 199 203 204 205 206 209 210 212 216 221 223 225 227 229 232 233 234 235 236 238 239 240 241 242 247 249 251 254 262 263 270 276 278 280 281 282 283 284 286 288 290 292 293 294 295 299 300 303 304 305 309 311 312 313 314 318 319 321 322 323 326 330 333 334 337 339 340 341 342 343 344 345 348 349 350 351 352 353 354 357 358 359 360 363 365 368 369 370 374 375 376 380 381 383 390 391 392 393 394 396 398 400 402 403 405 411 413 414 418 419 420 421 422 423 424 426 431 434 435 436 437 438 439 440 441 442 444 445 446 448 449 453 454 457 458 461 465 466 467 470 471 472 475 476 480 484 485 486 487 488 490 491 493 499
campaign,reference,500,6-0.5-M,5,84113,251,1 4 6 10 11 12 13 15 17 21 22 27 31 34 35 36 38 40 41 43 44 45 50 55 57 61 63 65 66 67 69 73 75 78 84 85 87 89 93 94 95 97 101 107 110 112 114 116 117 121 122 129 130 131 132 133 134 135 136 137 139 140 141 142 144 147 149 150 154 155 158 162 163 164 165 166 167 168 169 172 173 174 175 176 178 179 182 184 185 186 188 190 191 194 195 196 197 199 203 204 205 206 209 210 212 216 221 225 227 229 232 233 234 235 236 238 239 240 241 242 247 249 251 254 262 263 270 274 276 278 280 281 282 283 284 286 290 292 294 295 299 300 303 304 305 309 311 312 313 314 316 318 319 321 322 323 330 333 334 337 338 339 340 341 343 344 345 346 348 349 350 351 352 353 354 357 358 359 360 363 365 368 369 370 374 375 376 380 381 383 390 391 392 393 394 396 398 400 402 403 405 409 411 413 414 418 419 420 421 422 423 424 426 431 434 435 436 437 438 439 440 441 442 445 446 448 449 450 453 454 457 458 461 465 466 467 470 471 472 475 476 480 484 485 486 487 488 490 491 493 499
campaign,reference,500,6-0.5-M,6,84281,251,1 4 6 10 11 12 13 15 17 21 22 27 30 31 34 35 36 38 40 41 43 44 45 50 53 55 57 61 63 65 66 67 69 73 75 78 84 85 87 89 93 94 95 97 101 102 107 110 116 117 119 121 122 124 129 130 132 133 134 135 136 137 139 141 144 147 149 150 154 155 158 162 163 164 165 166 167 168 169 170 172 173 174 175 176 178 179 184 185 186 188 189 191 194 195 196 197 199 203 204 205 206 209 210 212 216 221 225 227 229 232 233 234 235 236 238 239 240 241 242 247 249 251 254 262 263 270 274 278 280 281 282 283 284 286 288 289 290 292 293 294 295 299 300 301 303 304 305 311 312 313 314 318 319 321 322 323 330 333 334 336 337 339 340 341 343 344 345 346 348 349 350 351 352 353 354 357 358 359 360 363 365 368 369 370 374 375 376 380 381 383 387 390 391 392 393 394 396 398 400 402 403 405 411 413 414 418 420 421 422 423 424 426 431 434 435 436 437 438 439 440 441 442 444 445 446 448 449 453 454 457 458 461 465 466 467 470 471 472 475 476 480 484 485 486 487 488 490 491 493 499
campaign,reference,500,6-0.5-M,7,84069,251,1 4 6 8 10 12 13 15 17 21 22 27 30 31 34 35 36 38 40 41 43 44 45 50 55 57 61 63 65 66 67 69 73 75 78 84 85 87 89 93 94 95 97 101 102 104 107 110 112 116 117 119 121 122 124 129 130 131 132 133 134 135 136 137 139 140 141 142 144 147 149 150 154 155 158 162 163 164 165 166 167 168 169 170 172 173 174 175 176 178 179 184 185 186 187 188 191 194 195 196 197 199 203 204 205 206 209 210 212 216 221 225 227 229 232 233 234 235 236 238 239 240 241 242 247 249 251 254 262 263 270 274 275 276 278 280 281 282 283 284 286 290 292 294 295 299 300 303 304 305 311 312 313 314 318 319 321 322 323 330 333 334 337 338 339 340 341 343 344 345 346 348 349 350 351 352 353 354 358 359 360 363 368 369 370 374 375 376 380 381 383 390 391 392 393 394 398 400 402 403 405 409 411 413 414 418 419 420 421 422 423 424 426 431 434 435 436 437 438 439 440 441 442 445 446 448 449 453 454 457 458 461 465 466 467 470 471 472 475 476 480 482 484 485 486 487 488 490 491 493 499
campaign,reference,500,6-0.5-M,8,84052,251,1 4 6 10 12 13 15 17 21 22 27 30 31 34 35 36 38 40 41 43 44 45 50 55 57 61 63 65 66 67 69 73 75 78 84 85 87 89 93 94 95 97 101 102 107 110 112 114 116 117 119 121 122 124 129 130 131 132 133 134 135 136 137 141 142 144 147 148 149 150 154 155 158 162 163 164 165 166 167 168 169 170 172 173 174 175 176 178 179 182 184 185 186 188 191 194 195 196 197 199 203 204 205 206 209 210 211 212 216 221 225 227 229 232 233 234 235 236 238 239 240 241 242 247 249 251 254 263 265 269 270 274 276 280 281 282 283 284 286 288 290 292 293 294 295 299 300 303 304 305 309 311 312 313 314 318 319 321 322 323 330 333 334 337 338 339 340 342 343 344 345 348 349 350 351 352 353 354 358 359 360 363 365 368 369 370 374 375 376 380 381 383 387 390 391 392 394 398 400 402 403 405 409 411 413 414 417 418 419 420 421 422 423 424 426 431 434 435 436 437 438 439 440 441 442 445 446 448 449 453 454 457 458 461 465 466 467 470 471 472 476 480 484 485 486 487 488 490 491 493 499
campaign,reference,500,6-0.5-M,9,84009,251,1 4 6 10 12 13 15 17 21 22 27 30 31 34 35 36 38 40 41 43 44 45 50 55 57 61 63 65 66 67 69 73 74 75 78 84 85 87 89 93 94 95 97 101 107 108 110 112 114 119 121 122 124 129 130 131 132 133 134 135 136 137 140 141 142 144 149 150 154 155 158 162 163 164 165 166 167 168 169 170 172 173 174 175 176 178 179 180 182 184 185 186 188 191 194 195 196 197 199 203 204 205 206 209 210 211 212 216 221 225 227 229 232 233 234 235 236 238 239 240 241 242 247 249 251 254 263 270 274 276 280 281 282 283 284 286 288 290 292 294 295 299 300 303 304 305 311 312 313 314 318 319 321 322 323 330 333 334 336 337 338 339 340 341 343 344 345 346 348 349 350 351 352 353 354 357 358 359 360 363 365 368 369 370 374 375 376 380 381 383 387 390 391 392 393 394 396 398 400 402 403 405 409 411 413 414 418 419 420 421 422 423 424 426 431 434 435 436 437 438 439 440 441 442 445 446 448 449 453 454 457 458 461 465 466 467 471 472 475 476 478 480 484 485 486 487 488 490 491 493 499
campaign,reference,500,6-0.5-M,10,84160,251,1 4 6 10 12 13 15 17 21 22 27 30 31 34 35 36 38 40 41 43 44 45 50 55 57 61 63 65 66 67 69 73 74 75 78 84 85 87 89 93 94 95 97 101 102 107 110 119 121 122 124 129 130 131 132 133 134 135 137 139 141 142 144 147 148 149 150 154 155 158 162 163 164 165 166 167 168 169 170 172 173 174 175 176 178 179 182 184 185 186 188 190 191 194 195 196 197 199 203 204 205 206 209 210 212 216 221 223 225 227 229 232 233 234 235 236 238 239 240 241 242 247 249 251 254 262 263 270 276 278 280 281 282 283 284 286 288 290 292 293 294 295 299 300 303 304 305 309 311 312 313 314 318 319 321 322 323 326 330 333 334 337 339 340 341 342 343 344 345 348 349 350 351 352 353 354 357 358 359 360 363 365 368 369 370 374 375 376 380 381 383 390 391 392 393 394 396 398 400 402 403 405 411 413 414 418 419 420 421 422 423 424 426 431 434 435 436 437 438 439 440 441 442 444 445 446 448 449 453 454 457 458 461 465 466 467 470 471 472 475 476 480 484 485 486 487 488 490 491 493 499
campaign,reference,500,7-0.5-M,1,82895,251,4 6 11 12 13 15 17 21 22 27 34 36 38 39 40 41 42 43 44 45 50 55 61 62 65 66 67 68 69 73 74 75 76 78 84 85 87 88 89 93 94 95 96 97 101 102 103 104 107 110 112 116 119 121 124 125 129 130 131 132 133 135 137 141 142 144 149 150 155 158 159 162 163 164 165 166 167 168 169 170 171 172 173 174 175 176 178 181 184 185 186 189 191 194 195 196 197 199 202 203 205 206 209 210 212 216 221 222 225 227 229 232 233 234 236 239 242 244 247 249 251 254 259 261 263 270 274 276 277 280 281 282 283 284 286 289 290 292 294 299 300 301 303 304 305 309 311 312 313 314 316 318 319 321 322 323 324 327 330 332 333 334 336 337 339 340 343 344 345 346 348 349 350 351 352 353 354 356 357 359 360 363 365 368 369 370 374 376 380 383 387 389 390 391 392 393 394 396 398 400 402 403 405 408 410 411 413 414 418 419 420 423 424 426 431 432 434 435 436 438 439 440 441 442 445 446 448 449 450 453 454 457 458 461 465 466 467 470 472 476 479 480 482 484 485 487 488 490 491 493 499
campaign,reference,500,7-0.5-M,2,83019,251,4 6 12 13 15 17 21 22 27 30 32 34 35 36 38 40 41 42 43 44 45 50 55 61 62 65 66 67 68 69 73 74 75 76 78 79 84 85 87 88 89 93 94 95 96 97 101 102 107 110 112 119 121 124 125 129 131 132 133 135 137 141 144 146 149 150 155 158 162 163 164 165 166 167 168 169 170 171 172 173 174 175 176 177 182 184 185 186 189 191 194 195 196 197 199 202 203 205 206 209 210 211 212 216 221 222 225 227 229 232 233 234 236 239 240 242 244 247 249 251 254 262 263 268 270 274 276 277 280 281 282 283 284 286 289 290 292 294 299 300 301 302 303 304 305 309 312 313 314 316 318 319 321 322 323 324 327 330 333 334 336 337 338 339 340 341 343 344 345 346 348 349 350 351 352 356 357 359 360 363 365 368 369 370 374 376 380 381 383 387 390 391 392 393 394 396 398 400 401 402 403 405 408 411 413 414 416 418 419 420 423 424 426 430 431 432 434 435 436 438 439 440 441 442 445 446 448 449 450 453 454 457 458 461 465 466 467 470 472 476 480 482 484 485 487 488 490 491 493 497 499
campaign,reference,500,7-0.5-M,3,83068,251,4 6 12 13 15 17 21 22 25 31 34 35 36 38 39 40 41 43 44 45 50 53 55 61 62 65 66 67 68 69 73 74 75 76 78 84 85 87 88 89 93 94 95 96 97 101 102 107 110 112 119 121 124 125 129 131 132 133 135 136 137 139 141 142 144 149 150 154 155 158 162 163 164 165 166 167 168 169 170 171 172 173 174 175 176 178 179 184 185 186 189 191 194 195 196 197 199 202 203 205 206 209 210 212 216 221 222 225 227 229 232 233 234 236 239 242 244 247 249 251 254 261 263 265 270 274 276 277 278 280 281 283 284 286 291 292 294 295 299 300 301 302 303 304 305 309 312 313 314 316 318 319 321 322 323 324 327 330 333 334 336 337 339 340 341 343 344 345 346 348 349 350 351 352 353 354 356 357 359 360 363 368 369 370 374 376 380 381 383 387 390 391 392 393 394 396 398 400 402 403 405 408 410 411 413 414 418 420 423 424 426 431 432 434 435 436 438 439 440 441 442 444 445 446 448 449 450 451 453 454 457 458 461 465 466 467 470 472 476 479 480 482 484 485 487 488 490 491 493 497 499
campaign,reference,500,7-0.5-M,4,82888,251,4 6 11 12 13 15 17 21 22 27 30 34 35 36 38 40 41 42 43 44 45 50 55 61 62 65 66 67 68 69 73 75 76 78 82 84 85 87 88 89 93 94 95 97 101 102 107 110 112 121 124 125 129 130 131 132 133 134 135 137 141 144 149 150 155 158 159 162 163 164 165 166 167 168 169 170 171 172 173 174 175 176 178 179 182 184 185 186 189 191 194 195 196 197 199 200 202 203 204 205 206 209 210 212 216 221 222 225 227 229 232 233 234 236 237 239 242 244 247 249 251 254 259 261 263 264 265 268 270 274 276 277 278 280 281 282 283 284 286 292 294 300 301 302 303 304 305 309 312 313 314 316 318 319 321 322 323 327 330 333 334 336 337 338 339 341 343 344 345 346 348 349 350 351 352 356 357 359 360 363 365 368 369 370 374 376 380 381 383 387 390 391 392 393 394 396 398 400 402 403 405 408 411 412 413 414 418 419 420 423 424 426 430 431 432 434 435 436 438 439 440 441 442 445 446 448 449 450 453 454 458 461 465 466 467 470 472 476 479 480 482 484 485 486 487 488 490 491 493 497 499
campaign,reference,500,7-0.5-M,5,82893,251,4 6 11 12 13 15 17 21 22 29 30 34 35 36 38 39 40 41 43 44 45 50 53 55 61 62 65 66 67 68 69 72 73 74 75 76 78 84 85 87 88 89 93 94 95 97 101 102 107 112 116 121 122 124 125 129 130 131 132 133 135 137 141 142 144 149 150 155 158 159 162 163 164 165 166 167 168 169 170 171 172 173 174 175 176 178 182 184 185 186 189 191 194 195 197 199 202 203 205 206 209 210 212 216 221 222 225 227 229 232 233 234 236 239 242 244 247 249 251 254 261 263 268 270 272 274 276 277 278 280 281 282 283 284 286 292 294 300 301 302 303 304 305 309 312 313 314 316 318 319 321 322 323 324 327 330 333 334 336 337 338 339 340 341 343 344 345 346 348 349 350 351 352 356 357 359 360 363 365 368 369 370 374 376 379 380 381 383 387 390 391 392 393 394 396 398 400 402 403 405 408 411 413 414 418 419 420 423 424 426 431 432 434 435 436 437 438 439 440 441 442 445 446 448 449 450 453 454 457 458 461 465 466 467 470 472 473 475 476 479 480 484 485 486 487 488 490 491 493 497 499
campaign,reference,500,7-0.5-M,6,82962,251,4 6 12 13 14 15 17 21 22 25 27 30 31 34 35 36 38 39 40 41 42 43 44 45 50 55 61 62 65 66 67 68 69 70 72 73 74 75 76 78 84 85 87 88 89 93 94 95 97 101 102 107 110 112 119 121 124 125 129 130 131 132 133 135 136 137 141 142 144 149 150 154 155 158 162 163 164 165 166 167 168 169 170 171 172 173 174 175 176 178 184 185 186 189 191 194 195 196 197 199 202 203 205 206 209 210 212 216 221 222 225 227 229 232 233 234 236 237 239 242 244 247 249 251 254 261 263 270 274 276 277 280 281 282 283 284 286 290 292 294 299 300 301 302 303 304 309 312 313 314 316 318 319 321 322 323 327 330 332 334 336 337 338 339 340 341 343 344 345 346 348 349 350 351 352 353 354 356 357 359 360 363 365 368 369 370 374 376 380 381 383 387 390 391 392 393 394 396 398 400 402 403 405 410 411 413 414 416 418 419 420 423 424 426 431 434 435 436 437 438 439 440 441 442 445 446 448 449 453 454 457 458 461 465 466 467 470 472 476 479 480 482 484 485 487 488 490 491 493 497 499
campaign,reference,500,7-0.5-M,7,83048,251,4 6 12 13 15 17 21 22 30 34 35 36 38 39 40 41 42 43 44 45 50 55 61 62 66 67 68 69 72 73 74 75 76 78 84 85 87 88 89 93 94 95 97 101 102 107 110 112 119 121 122 124 125 129 131 132 133 135 136 137 141 142 144 146 149 150 154 155 158 162 163 164 165 166 167 168 169 170 171 172 173 174 175 176 178 181 184 185 186 189 191 194 195 196 199 202 203 204 205 206 208 209 210 212 216 221 222 225 227 229 232 233 234 236 239 240 242 244 247 249 251 254 263 268 270 274 276 277 278 280 281 282 283 284 286 289 290 291 292 294 295 300 301 302 303 304 305 309 312 313 314 316 318 319 321 322 323 324 330 333 334 336 337 338 339 340 341 343 344 345 346 348 349 350 351 352 354 356 357 359 360 363 368 369 370 374 376 381 383 387 390 391 392 393 394 396 398 400 402 403 405 408 411 413 414 418 419 420 423 424 426 430 431 432 434 435 436 437 438 439 440 441 442 445 446 448 449 450 453 454 458 461 465 466 467 470 472 474 476 479 480 482 484 485 487 488 490 491 493 497 499
campaign,reference,500,7-0.5-M,8,83022,251,4 6 12 13 14 15 21 22 30 36 38 39 40 41 42 43 44 45 50 53 55 61 62 65 66 67 68 69 73 74 75 76 78 84 85 87 88 89 93 94 95 97 101 102 104 107 108 110 112 119 121 124 125 129 130 131 132 133 135 137 141 142 144 149 150 154 155 158 159 162 163 164 165 166 167 168 169 170 171 172 173 174 175 176 178 182 184 185 186 189 191 194 195 196 197 199 202 203 205 206 209 210 212 216 221 222 225 227 229 232 233 234 236 237 239 242 244 247 249 251 254 263 264 268 270 274 276 277 278 280 281 282 283 284 286 292 294 295 299 300 301 302 303 304 305 309 312 313 314 316 318 319 321 322 323 324 326 327 330 332 333 334 336 337 338 340 341 343 344 345 346 348 349 350 351 352 354 356 357 359 360 363 365 368 369 370 374 376 380 381 383 387 390 391 392 393 394 396 398 400 402 403 405 408 411 413 414 418 419 420 423 424 426 431 432 434 435 436 438 439 440 441 442 446 448 449 450 453 454 457 458 461 465 466 467 470 472 475 476 479 480 482 484 485 487 488 490 491 493 497 499
campaign,reference,500,7-0.5-M,9,82999,250,4 6 11 12 13 15 17 18 21 22 25 27 30 32 34 35 36 38 40 41 42 43 44 45 48 50 55 57 61 62 65 66 67 68 69 73 74 75 76 78 84 85 87 88 89 93 94 95 97 101 102 107 108 110 112 119 121 122 124 125 129 130 131 132 133 134 135 137 141 144 146 149 150 155 158 162 163 164 165 166 167 168 169 170 171 172 173 174 175 176 178 182 184 185 186 189 191 194 195 197 199 202 203 204 205 206 209 210 212 216 221 222 225 227 229 232 233 234 236 237 239 242 244 247 249 251 254 263 268 270 274 277 278 280 281 283 284 286 290 292 294 295 300 301 302 303 304 305 309 312 313 314 316 318 319 321 322 323 324 327 330 333 334 336 337 339 340 341 343 344 345 346 348 349 350 351 352 353 354 356 357 359 360 363 365 368 369 370 374 376 380 381 383 387 390 391 392 394 396 398 400 402 403 405 408 411 413 414 418 419 420 423 424 426 431 432 434 435 436 438 439 440 441 442 445 446 448 449 450 453 454 457 458 461 465 466 467 470 472 476 480 484 485 487 488 490 491 493 497 499
campaign,reference,500,7-0.5-M,10,82864,250,2 4 6 11 12 13 15 17 21 22 27 31 32 34 35 36 38 40 41 42 43 44 45 48 50 55 61 62 65 66 67 68 69 72 73 74 75 76 78 84 85 87 88 89 93 94 95 96 97 101 102 107 110 112 119 121 124 125 129 131 132 133 135 137 141 142 144 149 154 155 158 162 163 164 165 166 167 168 169 170 171 172 173 174 175 176 178 184 185 186 189 191 194 195 196 197 199 202 203 205 206 209 210 212 216 221 222 225 227 229 232 233 234 236 237 238 239 240 242 244 247 249 251 254 263 264 268 270 274 276 277 278 280 281 282 283 284 286 289 292 294 295 300 301 302 303 304 305 312 313 314 316 318 319 321 322 323 326 330 333 334 336 337 338 339 340 341 343 344 345 346 348 349 350 351 352 353 354 356 357 359 360 362 363 365 368 369 370 374 376 380 381 383 387 390 391 392 393 394 396 398 400 402 403 405 411 413 414 418 419 420 423 424 426 431 432 434 435 436 438 439 440 441 442 445 446 448 449 450 453 454 458 461 465 466 467 470 472 476 480 482 484 485 487 488 490 491 493 497 499
campaign,reference,500,8-0.5-M,1,82779,250,1 4 6 12 13 14 15 17 18 21 22 27 30 31 34 35 36 38 40 41 42 43 44 45 49 50 55 61 65 66 67 69 73 74 75 78 84 85 87 88 89 94 95 97 99 100 101 102 104 105 107 110 112 113 116 117 119 121 122 124 129 130 131 132 133 134 135 137 139 141 142 150 154 155 158 162 163 164 165 166 168 169 170 172 173 174 175 176 178 179 184 185 186 187 188 189 191 194 195 196 197 199 200 201 202 203 204 205 206 209 210 216 221 225 227 229 232 233 234 236 237 238 239 242 247 249 251 254 258 262 263 270 274 277 278 280 281 282 283 284 286 290 291 292 293 294 295 300 301 303 304 305 312 313 314 318 319 321 322 323 326 333 334 336 339 340 341 343 344 345 346 348 349 350 351 354 357 359 360 363 365 368 369 370 371 374 375 376 383 387 388 390 391 392 393 394 396 397 398 400 402 403 405 407 411 412 413 414 418 419 420 423 424 426 431 434 435 436 438 439 440 441 443 445 448 449 450 454 457 458 461 466 467 468 471 472 475 476 479 480 482 484 485 487 488 490 491 492 493 499
campaign,reference,500,8-0.5-M,2,82794,250,1 4 6 8 10 12 13 14 15 17 21 22 27 30 34 35 36 38 40 41 42 43 44 45 49 50 55 61 65 66 67 69 73 74 75 76 78 84 85 87 88 89 93 94 95 97 99 101 102 104 105 107 110 112 113 117 119 121 122 124 129 130 131 132 133 134 135 137 139 141 142 154 155 158 162 163 164 165 166 168 169 170 172 173 174 175 176 178 179 184 186 188 189 191 194 195 196 197 199 200 201 202 203 204 205 206 209 210 212 216 221 225 227 229 232 233 234 236 237 238 239 242 247 249 251 254 258 261 262 263 268 270 274 277 278 280 281 282 283 284 286 290 291 292 293 294 295 300 301 303 304 305 312 313 314 318 319 321 322 323 326 328 333 334 336 339 340 341 343 344 345 346 348 350 351 353 354 357 359 360 363 365 368 369 370 371 374 375 376 378 383 387 390 391 392 393 394 396 397 398 400 402 403 405 407 411 412 413 414 418 419 420 423 424 426 431 434 435 436 438 439 440 441 442 445 448 449 450 454 457 458 461 466 467 468 471 472 475 476 479 480 484 485 487 488 490 491 492 493 499
campaign,reference,500,8-0.5-M,3,82835,251,1 4 6 12 14 15 17 21 22 26 27 30 31 34 35 36 38 40 41 43 44 45 49 50 55 61 65 66 67 69 73 74 75 76 78 84 85 87 88 89 93 94 95 97 99 101 102 104 105 107 110 112 113 116 117 119 121 122 124 125 127 129 130 131 132 133 134 135 137 139 141 142 149 150 155 158 162 163 164 165 166 168 169 170 172 173 174 175 176 178 179 181 184 185 186 189 191 194 195 196 197 199 200 201 202 203 204 205 206 209 210 212 216 221 225 227 229 232 233 234 236 237 238 239 241 242 247 249 251 254 258 261 262 263 268 270 274 277 278 280 281 282 283 284 286 290 291 292 293 294 298 299 300 301 303 304 305 308 312 313 314 316 318 319 321 322 326 334 336 339 340 341 343 344 345 346 348 350 351 354 357 359 360 363 364 365 368 369 370 371 374 375 376 383 387 388 390 391 393 394 397 398 400 402 403 405 407 411 412 413 414 418 419 420 423 424 426 431 434 435 436 438 439 440 441 442 445 448 449 450 453 454 457 458 461 466 467 468 471 472 476 480 484 485 487 488 490 491 492 493 499
campaign,reference,500,8-0.5-M,4,82824,250,1 4 6 12 13 14 15 17 21 22 27 30 31 34 35 36 38 40 41 42 43 44 45 49 50 55 61 65 66 67 69 73 74 75 78 84 85 87 88 89 93 94 95 97 101 102 104 105 107 110 112 113 116 117 119 121 122 124 127 129 130 131 132 133 134 135 137 139 141 142 149 150 154 155 158 159 162 163 164 165 166 168 169 170 171 172 173 174 175 176 178 179 181 184 185 186 187 188 189 191 194 195 196 197 199 202 203 204 205 206 209 210 212 216 221 222 225 227 229 232 233 234 236 237 238 239 242 247 249 251 254 258 262 263 270 274 277 278 280 281 282 283 284 286 290 291 292 293 294 295 301 303 304 305 308 312 313 314 318 319 321 322 323 326 333 334 336 339 340 341 343 344 345 346 348 349 350 352 354 357 359 360 363 365 368 369 370 371 374 375 376 383 387 388 390 391 392 393 394 396 397 398 400 402 403 405 411 412 413 414 418 419 420 423 424 426 431 434 435 436 438 439 440 441 443 445 448 449 454 457 458 461 466 467 468 470 471 472 475 476 479 480 484 485 487 490 491 492 493 499
campaign,reference,500,8-0.5-M,5,82754,250,1 4 6 8 10 12 13 14 15 17 21 22 27 30 31 34 35 36 38 40 41 43 44 45 49 50 55 61 65 66 67 69 73 75 76 78 84 85 87 88 89 93 94 95 97 101 102 104 105 107 110 112 113 116 117 119 121 122 124 125 127 129 130 131 132 133 134 135 137 139 140 141 142 149 150 155 158 162 163 164 165 166 167 168 169 170 172 173 174 175 176 178 179 184 185 186 188 189 191 194 195 196 197 199 200 202 203 204 205 206 209 210 212 216 221 225 227 229 232 233 234 236 237 238 239 240 242 247 249 251 254 258 261 262 263 268 270 274 277 278 280 282 283 284 286 290 291 292 293 294 301 303 304 305 308 312 313 314 318 319 321 322 323 326 328 333 334 336 339 340 341 343 344 345 346 348 349 350 351 353 354 357 360 363 364 365 368 369 370 374 375 376 383 387 388 390 391 392 393 394 396 397 398 400 402 403 405 411 412 413 414 416 418 420 423 424 426 431 434 435 436 438 439 440 441 445 448 449 454 457 458 461 466 467 468 471 472 475 476 479 480 484 485 487 488 490 491 492 493 499
campaign,reference,500,8-0.5-M,6,82778,251,1 4 6 10 12 14 15 17 21 22 26 27 30 32 34 35 36 38 40 41 42 43 44 45 46 49 50 55 61 65 66 67 69 73 74 75 76 78 84 85 87 88 89 93 94 95 97 99 101 102 104 107 110 112 113 116 117 119 121 122 124 127 129 130 131 132 133 134 135 136 137 139 141 142 149 154 155 162 163 164 165 166 167 168 169 170 171 172 173 174 175 176 178 179 182 184 185 186 191 195 196 197 199 200 201 202 203 204 205 206 209 210 212 216 221 225 227 229 232 233 234 236 237 238 239 242 247 249 251 254 258 261 263 270 274 278 280 282 283 284 286 290 291 292 293 294 300 301 303 304 305 308 312 313 314 316 318 319 321 322 323 326 334 336 340 341 343 344 345 346 348 349 350 351 353 354 357 359 360 363 364 365 368 369 370 371 374 375 376 383 387 388 390 391 392 393 394 396 397 398 400 402 403 405 407 411 412 413 414 418 419 420 423 424 426 431 434 435 436 437 438 439 440 441 442 445 448 449 450 453 454 457 458 461 466 467 468 471 472 475 476 479 480 484 485 487 488 490 491 493 499
campaign,reference,500,8-0.5-M,7,82814,251,1 4 6 8 10 12 13 14 15 17 21 22 27 30 31 33 34 36 38 40 41 43 44 45 46 48 49 50 55 61 65 66 67 69 73 75 76 78 84 85 87 88 89 93 94 95 97 101 102 104 107 110 112 113 116 117 119 121 122 124 127 129 130 131 132 133 134 135 137 139 141 142 149 155 158 162 163 164 165 166 168 169 170 172 173 174 175 176 178 179 182 184 185 186 188 189 191 194 195 196 197 199 201 202 203 204 205 206 209 210 212 216 221 225 227 229 232 233 234 236 237 238 239 242 247 249 251 256 258 261 263 268 270 274 278 280 281 282 283 284 286 288 290 291 292 293 294 300 301 303 304 305 308 312 313 314 316 318 319 321 322 323 326 333 334 336 339 340 341 343 344 345 346 348 349 350 351 354 357 360 363 364 365 368 369 370 371 374 375 376 383 387 388 390 391 392 393 394 396 397 398 400 402 403 405 407 411 412 413 414 418 419 420 421 423 424 426 431 434 435 436 438 439 440 441 442 445 448 449 454 458 461 466 467 468 470 471 472 475 476 479 480 484 485 487 488 490 491 492 493 499
campaign,reference,500,8-0.5-M,8,82729,251,4 6 8 10 12 13 14 15 17 21 22 27 30 34 35 36 38 40 41 42 43 44 45 49 50 55 61 65 66 67 69 73 74 75 78 84 85 87 88 89 93 94 95 97 101 102 104 105 107 110 112 113 117 119 121 122 124 129 130 131 132 133 134 135 136 137 139 141 149 150 155 162 163 164 165 166 167 168 169 170 171 172 173 174 175 176 178 179 182 184 185 186 189 191 194 195 196 197 199 200 201 202 203 204 205 206 209 210 212 216 221 225 227 229 232 233 234 236 237 238 239 242 247 249 251 254 258 261 262 263 270 278 280 281 282 283 284 286 290 291 292 293 294 295 299 300 301 303 304 305 308 312 313 314 316 318 319 321 322 323 326 333 334 336 339 340 341 343 344 345 346 348 350 352 353 354 357 360 363 364 365 368 369 370 371 374 375 376 382 383 387 388 390 391 392 393 394 396 398 400 402 403 405 411 412 413 414 418 419 420 423 424 426 431 434 435 436 437 438 439 440 441 442 443 445 448 449 450 454 457 458 461 466 467 468 471 472 475 476 479 480 482 484 485 487 488 490 491 492 493 499
campaign,reference,500,8-0.5-M,9,82801,250,1 4 6 12 13 14 15 17 21 22 27 30 31 34 35 36 38 40 41 43 44 45 49 50 55 61 65 66 67 69 73 74 75 76 78 84 85 87 88 89 93 94 95 97 101 102 104 105 107 110 112 113 117 119 121 122 124 127 129 130 131 132 133 134 135 137 139 141 149 150 155 162 163 164 165 166 168 169 170 172 173 174 175 176 178 179 184 186 188 189 191 194 195 196 197 199 200 201 202 203 204 205 206 209 210 212 216 221 225 227 229 232 233 234 236 237 238 239 242 247 249 251 254 256 258 261 262 263 268 270 274 277 278 280 281 282 283 284 286 288 290 291 292 293 294 295 300 301 303 304 305 308 312 313 314 318 319 321 322 323 326 333 334 336 339 340 341 343 344 345 346 348 349 350 351 352 354 357 360 363 365 368 369 370 371 374 375 376 383 387 388 390 391 392 393 394 396 397 398 400 402 403 405 411 412 413 414 418 419 420 423 424 426 431 434 435 436 438 439 440 441 442 443 445 448 449 454 457 458 461 465 466 467 468 470 471 472 475 476 479 480 484 485 487 488 490 491 492 493 499
campaign,reference,500,8-0.5-M,10,82688,251,1 4 6 12 13 15 17 21 22 27 30 31 34 35 36 38 40 41 42 43 44 45 49 50 53 55 61 65 66 67 69 73 74 75 76 78 84 85 87 88 89 93 94 95 96 97 99 101 102 104 107 110 112 113 116 117 119 121 122 124 127 129 130 131 132 133 134 135 137 139 141 142 149 155 158 162 163 164 165 166 167 168 169 170 171 172 174 175 176 178 179 184 185 186 189 191 194 195 196 197 199 200 201 202 203 204 205 206 209 210 216 221 222 225 227 229 232 233 234 236 237 238 239 241 242 247 249 251 254 258 261 262 263 270 274 278 280 282 283 284 286 288 290 291 292 293 294 295 298 300 301 303 304 305 308 312 313 314 318 319 321 322 326 333 334 336 339 340 341 343 344 345 346 348 350 351 352 354 357 359 360 363 365 368 369 370 371 374 375 376 383 387 390 391 392 393 394 396 397 398 400 402 403 405 407 411 412 413 414 418 419 420 423 424 426 431 434 435 436 437 438 439 440 441 445 448 449 450 454 457 458 461 466 467 468 470 471 472 476 479 480 482 484 485 487 488 490 491 492 493 499
campaign,reference,500,9-0.5-M,1,82817,250,2 3 4 6 12 13 14 15 17 21 22 27 30 34 35 36 38 40 41 43 44 45 49 53 55 61 65 66 67 69 73 75 76 78 82 84 85 87 89 93 94 95 97 101 102 107 110 112 116 121 122 124 129 132 133 134 135 137 139 141 144 148 149 150 155 158 162 163 164 165 166 167 168 169 170 172 173 174 175 179 180 181 182 184 185 186 187 188 189 191 194 196 197 199 201 203 205 206 209 210 212 216 218 221 222 225 227 229 232 233 234 236 237 238 239 242 247 249 251 254 257 262 263 265 270 274 276 277 278 280 281 282 283 284 286 290 291 292 294 295 298 299 301 303 304 305 311 312 313 316 318 319 321 322 323 324 330 333 334 336 337 340 341 343 344 345 346 348 350 351 352 353 354 356 357 359 360 363 365 368 369 370 374 375 376 380 383 387 388 390 391 392 393 394 396 397 398 400 401 402 403 405 407 411 413 414 415 418 419 420 422 423 424 426 431 434 436 437 438 439 440 442 445 446 448 449 454 456 458 461 466 467 470 471 472 475 476 480 482 483 485 487 488 489 490 491 493 494 497 499
campaign,reference,500,9-0.5-M,2,82861,250,2 3 4 6 10 12 13 14 15 17 21 22 27 30 31 34 35 36 38 40 41 43 44 45 49 55 61 65 66 67 69 73 75 76 78 79 84 85 87 89 93 94 95 97 101 102 104 107 110 112 113 116 121 122 124 129 132 133 134 135 136 137 139 141 144 148 149 150 155 158 162 163 164 165 166 167 168 169 170 172 173 174 175 180 181 182 184 186 187 188 189 191 194 196 197 203 205 206 209 210 211 212 216 218 221 222 225 227 229 232 233 234 236 237 239 242 247 249 250 251 254 257 262 263 265 270 274 276 277 278 280 281 282 283 284 286 290 292 294 295 298 299 301 303 304 305 311 312 313 316 318 319 321 322 323 324 330 333 334 336 337 341 343 344 345 346 348 350 351 352 353 354 356 357 359 360 363 365 368 369 370 374 375 376 380 383 387 388 390 391 392 393 394 396 397 398 400 401 402 405 407 411 413 414 415 418 419 420 423 424 426 431 434 435 436 438 439 440 441 442 445 446 448 449 453 454 456 457 458 461 466 467 471 472 475 476 480 482 483 484 485 487 488 489 490 491 493 494 497 499
campaign,reference,500,9-0.5-M,3,82750,250,2 3 4 6 12 13 14 15 17 21 22 27 30 34 35 36 38 40 41 43 44 45 49 55 61 65 66 67 69 73 75 76 78 79 84 85 87 89 93 94 95 97 101 102 107 110 112 116 121 122 129 130 132 133 134 135 137 141 144 148 149 150 155 158 162 163 164 165 166 167 168 169 170 171 172 173 174 175 180 181 184 185 186 187 188 189 191 194 196 197 201 203 205 206 209 210 212 216 218 221 222 225 227 229 232 233 234 236 237 239 242 247 249 250 251 254 257 262 263 265 268 270 274 276 277 278 280 281 282 283 284 286 290 291 292 294 295 298 299 300 301 303 304 305 311 312 313 316 318 319 321 322 323 330 333 334 336 340 341 343 344 345 346 348 350 351 352 353 354 356 357 359 360 362 363 365 368 369 370 374 375 376 380 381 383 387 388 390 391 392 393 394 396 398 400 401 402 405 407 411 413 414 415 416 418 419 420 422 423 424 426 431 434 435 436 438 439 440 442 445 446 448 449 453 454 456 458 461 466 467 470 471 472 475 476 479 480 482 483 484 485 487 488 489 490 491 493 494 497 499
campaign,reference,500,9-0.5-M,4,82928,250,2 3 4 6 10 12 13 14 15 17 21 22 27 30 31 34 35 36 38 40 41 43 44 45 49 55 61 65 66 67 69 73 74 75 76 78 79 84 85 87 88 89 93 94 95 97 101 102 107 110 112 116 121 122 129 130 132 133 134 135 137 139 141 144 148 149 150 151 155 158 162 163 164 165 166 167 168 169 170 171 172 173 174 175 180 181 182 184 185 186 187 188 189 191 194 196 197 201 203 205 206 209 210 212 216 218 221 222 225 227 229 232 233 234 236 237 239 242 247 249 250 251 254 257 262 263 265 270 274 276 277 278 280 281 282 283 284 286 290 292 294 295 298 299 301 303 304 305 311 312 313 316 318 319 321 322 323 330 333 334 336 337 341 343 344 345 346 348 350 351 352 353 354 357 359 360 362 363 365 368 369 370 374 375 376 380 383 387 388 390 391 392 393 394 396 397 398 400 402 405 407 411 413 414 415 418 419 420 423 424 426 431 434 435 436 438 439 440 441 442 445 446 448 449 453 454 456 458 461 466 467 470 471 472 475 476 480 482 483 484 485 487 488 489 490 491 493 494 497 499
campaign,reference,500,9-0.5-M,5,82889,250,3 4 6 12 13 14 15 17 21 22 23 27 30 34 35 36 38 40 41 43 44 45 49 55 57 61 65 66 67 69 73 75 76 78 79 84 85 87 89 93 94 95 97 101 102 104 107 110 112 121 122 124 129 130 132 133 134 135 137 139 141 144 148 149 150 155 158 162 163 164 165 166 167 168 169 170 172 173 174 175 179 181 182 184 185 186 187 188 189 191 196 197 201 203 205 206 209 210 212 216 218 221 222 225 227 229 232 233 234 236 237 239 242 247 249 250 251 254 257 262 263 265 268 270 274 276 277 278 280 281 282 283 284 286 290 291 292 294 298 299 301 303 304 305 311 312 313 314 316 318 319 321 322 323 324 330 333 334 336 341 343 344 345 346 348 350 351 352 353 354 357 359 360 362 363 365 368 369 370 374 375 376 380 381 383 387 388 390 391 392 393 394 396 397 398 400 401 402 403 405 407 411 413 414 415 418 419 420 423 424 426 431 434 435 436 438 439 440 441 442 445 446 448 449 453 454 456 458 461 466 467 470 471 472 475 476 480 482 483 484 485 487 488 489 490 491 493 494 497 499
campaign,reference,500,9-0.5-M,6,82976,250,3 4 6 12 13 14 15 17 21 22 27 30 31 34 35 36 38 40 41 43 44 45 49 53 55 61 65 67 69 73 75 76 78 79 84 85 87 89 93 94 95 96 97 101 102 104 107 110 112 113 116 121 122 124 129 132 133 134 135 136 137 139 141 144 148 149 150 155 158 162 163 164 165 166 167 168 169 170 172 173 174 175 180 181 184 185 186 187 188 189 191 194 196 197 201 203 205 206 209 210 211 212 216 218 221 222 225 227 229 232 233 234 236 237 239 242 247 249 250 251 254 257 262 263 265 270 274 276 277 278 280 281 282 283 284 286 292 294 295 298 299 300 301 303 304 305 311 312 313 316 318 319 321 322 323 324 330 333 334 336 337 340 341 343 344 345 346 348 350 351 352 353 354 357 359 360 362 363 365 368 369 370 374 375 376 380 383 387 388 390 391 392 393 394 396 397 398 400 401 402 404 405 407 411 413 414 418 419 420 423 424 426 431 434 435 436 438 439 440 442 445 446 448 449 453 454 456 458 461 466 467 470 471 472 475 476 480 482 483 484 485 487 488 489 490 491 493 494 497 499
campaign,reference,500,9-0.5-M,7,82802,250,2 3 4 6 10 12 13 14 15 17 21 22 23 27 30 31 34 35 36 38 40 41 43 44 45 49 55 61 65 66 67 69 73 75 76 78 79 82 84 85 87 89 93 94 95 97 101 102 107 110 112 113 116 121 122 129 130 131 132 133 134 135 137 141 144 148 149 150 155 158 162 163 164 165 166 167 168 169 170 172 173 174 175 180 181 182 184 185 186 187 188 189 191 194 196 197 201 203 205 206 209 210 212 216 218 221 222 225 227 229 232 233 234 236 237 239 242 247 249 250 251 254 257 261 262 263 265 270 274 276 277 278 280 281 282 283 284 286 290 291 292 294 298 299 300 301 303 304 305 311 312 313 316 318 319 321 322 323 330 333 334 336 340 341 343 344 345 346 348 350 351 352 353 354 357 358 359 360 362 363 365 368 369 370 374 375 376 380 381 383 387 388 390 391 392 393 394 396 398 400 401 402 405 407 411 413 414 415 418 419 420 423 424 426 431 434 435 436 438 439 442 445 446 448 449 453 454 456 458 461 466 467 471 472 475 476 480 482 483 484 485 487 488 489 490 491 493 494 497 499
campaign,reference,500,9-0.5-M,8,82809,250,2 3 4 6 12 13 14 15 17 21 22 27 30 31 34 35 36 38 40 41 43 44 45 49 50 51 53 55 61 65 66 67 69 73 74 75 76 78 79 84 85 87 89 93 94 95 97 101 102 104 107 110 112 116 119 121 122 124 129 130 131 132 133 134 135 136 137 139 141 144 148 149 150 155 158 162 163 164 165 166 167 168 169 170 171 172 173 174 175 180 181 184 186 187 188 189 191 196 197 203 205 206 209 210 212 216 218 221 222 225 227 229 232 233 234 236 237 239 242 247 249 250 251 254 257 262 263 265 270 274 276 277 278 280 281 282 283 284 286 290 291 292 294 298 299 301 303 304 305 311 312 313 318 319 321 322 323 324 330 334 336 341 343 344 345 346 348 350 351 352 353 354 357 359 360 362 363 365 368 369 370 374 375 376 380 382 383 387 388 390 391 392 393 394 396 397 398 400 402 405 407 411 413 414 415 418 419 420 423 424 426 431 434 435 436 437 438 439 440 441 442 445 446 448 449 453 454 456 458 461 466 467 471 472 475 476 480 482 483 484 485 487 488 489 490 491 493 494 497 499
campaign,reference,500,9-0.5-M,9,82851,250,2 3 4 6 10 12 13 14 15 17 21 22 27 30 31 34 35 36 38 40 41 43 44 45 49 50 55 61 65 66 67 69 73 75 76 78 79 82 84 85 87 89 93 94 95 97 101 102 107 110 112 116 121 122 129 130 131 132 133 134 135 137 139 141 144 148 150 155 158 162 163 164 165 166 167 168 169 170 172 173 174 175 180 181 182 184 185 186 187 188 189 191 194 196 197 201 203 205 206 209 210 212 216 218 221 222 225 227 229 232 233 234 236 237 239 242 247 249 250 251 254 257 262 263 265 270 274 276 277 278 280 281 282 283 284 286 290 291 292 294 295 298 299 300 301 303 304 305 311 312 313 316 318 319 321 322 323 330 333 334 336 341 343 344 345 346 348 350 351 352 353 354 357 359 360 362 363 365 368 369 370 374 375 376 380 381 383 387 388 390 391 392 393 394 396 397 398 400 401 402 405 407 411 413 414 415 418 419 420 423 424 426 431 434 435 436 438 439 440 442 445 446 448 449 453 454 456 458 461 466 467 470 471 472 475 476 480 482 483 484 485 487 488 489 490 491 493 494 497 499
campaign,reference,500,9-0.5-M,10,82705,250,3 4 6 12 13 14 15 17 21 22 23 27 30 34 35 36 38 40 41 43 44 45 49 50 51 55 61 65 66 67 69 73 75 76 78 79 84 85 87 89 93 94 95 97 101 102 104 107 110 112 121 122 129 130 132 133 134 135 137 141 148 149 150 155 158 162 163 164 165 166 167 168 169 170 171 172 173 174 175 180 181 184 185 186 187 188 189 191 196 197 199 201 203 205 206 209 210 212 216 218 221 222 225 227 229 230 232 233 234 236 237 238 239 242 247 249 251 254 257 262 263 265 268 270 274 278 280 281 282 283 284 286 290 291 292 294 295 298 299 300 301 303 304 305 307 311 312 313 316 318 319 321 322 323 330 333 334 336 341 343 344 345 346 348 350 351 352 353 354 357 359 360 362 363 365 368 369 370 374 375 376 380 382 383 387 388 390 391 392 393 394 396 397 398 400 401 402 403 405 407 411 413 414 417 418 419 420 422 423 424 426 431 434 435 436 437 438 439 440 442 445 446 448 449 453 454 456 458 461 466 467 470 472 475 476 479 480 482 483 484 485 487 488 489 490 491 493 494 497 499
campaign,reference,500,10-0.5-M,1,83026,249,0 4 6 9 12 13 14 15 16 17 18 21 22 30 34 35 36 38 40 41 43 44 45 55 61 65 66 67 69 73 74 75 76 77 78 79 84 85 87 89 93 94 95 97 99 101 105 107 110 112 117 119 121 129 131 132 133 134 135 137 141 148 149 150 155 158 161 162 163 164 165 166 167 168 169 170 172 173 174 175 178 179 181 184 185 186 187 191 194 195 196 197 201 203 204 205 206 209 210 212 216 221 225 227 229 232 233 234 236 237 238 239 242 247 249 251 254 257 262 263 265 267 270 272 274 277 278 280 281 282 283 284 286 288 290 292 294 295 300 301 303 304 311 312 313 314 316 318 319 321 323 330 333 334 336 337 340 341 343 344 345 346 348 349 350 351 352 354 357 358 359 360 363 365 368 369 370 371 372 374 375 376 381 383 387 390 391 392 393 394 396 398 400 402 403 405 408 411 413 414 416 417 418 419 420 422 423 424 426 431 434 435 436 437 438 439 440 441 442 445 446 448 449 453 454 456 457 458 460 461 464 466 467 470 472 475 476 479 480 484 485 486 487 488 490 491 493 497 499
campaign,reference,500,10-0.5-M,2,82924,249,4 6 9 12 13 14 15 16 17 18 21 22 30 34 35 36 38 40 41 43 44 45 50 55 65 66 67 69 73 74 75 76 77 78 79 84 85 87 89 93 94 95 97 98 99 101 105 107 110 112 117 119 121 122 124 129 130 131 132 133 134 135 137 141 149 150 155 158 162 163 164 165 166 167 168 169 170 172 173 174 175 178 179 181 184 185 186 191 194 195 196 197 201 203 204 205 206 209 210 212 216 221 225 227 229 232 233 234 236 237 238 239 242 247 249 251 253 254 257 259 261 262 263 267 270 272 274 277 278 280 281 282 283 284 286 288 290 292 294 295 300 301 303 304 305 311 312 313 316 318 319 321 322 323 324 330 333 334 336 337 340 341 343 344 345 346 348 349 350 351 352 354 357 359 360 363 365 368 369 370 371 372 374 375 376 381 383 387 390 391 392 393 394 396 398 400 402 403 405 408 411 413 414 417 418 419 420 422 423 424 426 431 434 435 436 437 438 439 440 442 445 446 448 449 453 454 456 457 458 460 464 466 467 470 474 475 476 479 480 484 485 486 487 488 490 491 493 497 499
campaign,reference,500,10-0.5-M,3,82846,250,4 6 9 12 13 14 15 16 17 18 21 22 30 34 35 36 38 40 41 43 44 45 50 55 65 66 67 69 73 74 75 76 77 78 79 84 85 87 89 93 94 95 97 99 101 104 107 110 112 119 121 129 130 131 132 133 135 137 141 148 149 150 155 158 162 163 164 165 166 167 168 169 170 172 173 174 175 176 178 179 181 182 184 185 186 187 191 194 195 196 197 199 201 203 204 205 206 209 210 212 216 221 225 227 229 232 233 234 236 237 238 239 242 247 249 251 254 256 257 258 261 262 263 265 267 270 272 273 274 277 278 280 281 282 283 284 286 288 290 292 294 295 300 301 303 304 305 311 312 313 314 316 318 321 322 323 324 330 333 334 335 336 337 339 340 341 343 344 345 346 348 349 350 352 354 357 359 360 363 365 368 369 370 371 372 374 375 376 381 383 387 390 391 392 393 394 396 398 400 402 403 405 406 408 411 413 414 417 418 419 420 422 423 424 426 431 434 436 437 438 439 440 442 445 446 448 449 453 454 457 458 464 465 466 467 471 475 476 479 480 484 485 486 487 488 490 491 493 497 499
campaign,reference,500,10-0.5-M,4,82890,249,0 4 6 9 12 13 14 15 16 17 18 21 22 27 30 34 35 36 38 40 41 43 44 45 50 53 55 61 65 66 67 69 73 74 75 76 77 78 84 85 87 89 93 95 97 99 101 107 110 112 117 119 121 124 129 130 131 132 133 135 137 141 149 150 155 158 162 163 164 165 166 167 168 169 170 172 173 174 175 178 179 181 184 185 186 187 191 194 195 196 197 201 203 204 205 206 209 210 212 216 221 225 227 229 232 233 234 237 238 239 242 247 249 251 254 256 257 262 263 265 267 270 272 274 277 278 280 281 282 283 284 286 288 290 292 294 295 300 301 303 304 305 311 312 313 316 318 319 321 322 323 324 330 333 334 336 337 340 341 343 344 345 346 348 349 350 351 352 354 357 359 360 363 365 368 369 370 371 372 374 375 376 380 381 383 387 390 391 392 393 394 396 398 400 402 403 405 408 411 413 414 416 417 418 420 422 423 424 426 431 434 435 436 437 438 439 440 441 442 445 446 448 453 454 456 457 458 460 464 466 467 468 470 472 474 475 476 479 480 484 485 486 487 488 490 491 493 497 499
campaign,reference,500,10-0.5-M,5,82875,249,4 6 9 12 13 14 15 16 17 18 21 22 27 30 34 35 36 38 40 41 43 44 45 50 55 65 66 67 69 73 74 75 76 77 78 79 84 85 87 89 93 94 95 97 99 101 104 105 107 110 112 117 119 121 127 129 130 131 132 133 134 135 137 141 149 150 155 158 162 163 164 165 166 167 168 169 170 172 173 174 175 178 179 181 182 184 185 186 187 191 194 195 196 197 201 203 204 205 206 209 210 212 216 221 225 227 229 232 233 234 236 237 238 239 240 242 247 249 251 253 254 256 257 262 263 265 267 270 272 274 277 278 280 281 282 283 284 286 288 290 292 294 295 300 301 303 304 305 311 312 313 314 316 318 319 321 323 330 334 336 337 339 340 341 343 344 345 346 348 349 350 351 352 357 358 359 360 363 365 368 369 370 371 372 374 375 376 381 383 387 390 391 392 393 394 396 398 400 402 403 405 408 411 413 414 416 417 418 419 420 422 423 424 426 431 434 435 436 437 438 439 441 442 445 446 448 453 454 457 458 464 466 467 470 474 475 476 479 480 484 485 486 487 488 490 491 493 497 499
campaign,reference,500,10-0.5-M,6,82882,249,0 4 6 9 12 13 14 15 16 17 18 21 22 27 30 34 35 36 38 40 41 43 44 45 55 58 61 65 66 67 69 73 74 75 76 77 78 79 84 85 87 89 93 94 95 97 101 104 105 107 110 112 117 119 121 122 129 130 131 132 133 134 135 137 141 148 149 150 155 158 162 163 164 165 166 167 168 169 170 172 173 174 175 176 178 179 181 184 185 186 187 191 194 195 196 197 204 205 206 209 210 212 216 221 225 227 229 232 233 234 236 237 238 239 242 247 249 251 254 257 262 263 265 267 270 272 274 277 278 280 281 282 283 284 286 288 290 292 294 295 300 301 303 304 305 311 312 313 316 318 319 321 323 324 330 333 334 336 337 340 341 343 344 345 346 348 349 350 351 352 354 357 359 360 363 365 368 369 370 371 372 374 375 376 381 383 387 390 391 392 393 394 396 398 400 402 403 405 408 411 413 414 416 417 418 419 420 422 423 424 426 431 434 435 436 437 438 439 440 441 442 445 446 448 453 454 456 457 458 460 464 466 467 470 474 475 476 479 480 484 485 486 487 488 490 491 493 497 499
campaign,reference,500,10-0.5-M,7,82866,249,4 6 9 12 13 14 15 16 17 18 21 22 30 34 35 36 38 40 41 43 44 45 50 55 61 65 66 67 69 73 75 77 78 79 84 85 87 89 93 94 95 97 99 101 103 104 107 110 112 117 119 121 122 124 129 131 132 133 134 135 137 141 149 150 155 158 161 162 163 164 165 166 167 168 169 170 172 173 174 175 176 178 179 181 182 184 185 186 187 191 194 195 196 197 201 203 204 205 206 209 210 212 216 221 225 227 229 232 233 234 236 237 238 239 242 247 249 251 254 257 262 263 267 270 272 273 274 277 278 280 281 282 283 284 286 288 290 292 294 295 300 301 303 304 305 311 312 313 316 318 319 321 322 323 324 330 334 336 337 340 341 343 344 345 346 348 349 350 351 352 354 357 359 360 363 365 368 369 370 371 372 374 375 376 380 381 383 390 391 392 393 394 396 398 400 402 403 405 408 411 413 414 416 417 418 419 420 422 423 424 426 431 434 435 436 437 438 439 440 441 442 445 446 448 453 454 456 457 458 460 464 466 467 468 470 472 474 476 479 480 484 485 486 487 490 491 493 497 499
campaign,reference,500,10-0.5-M,8,82863,249,0 4 6 9 12 13 14 15 17 18 21 22 27 30 34 35 36 38 40 41 43 44 45 50 55 61 65 66 67 69 73 74 75 76 77 78 79 84 85 87 89 93 94 95 97 99 101 104 105 107 110 112 117 119 121 122 124 127 129 131 132 133 134 135 137 141 144 149 150 155 158 161 162 163 164 165 166 167 168 169 170 172 173 174 175 177 178 179 181 184 185 186 187 191 194 195 196 197 201 203 204 205 206 209 210 212 216 221 224 225 227 229 232 233 234 236 237 238 239 242 247 249 251 254 257 262 263 267 270 272 274 277 278 280 281 282 283 284 286 288 290 292 294 295 300 301 303 304 305 311 312 313 316 318 319 321 323 324 330 334 336 337 340 341 343 344 345 346 348 349 350 351 352 354 357 359 360 363 365 368 369 370 371 372 374 375 376 380 383 387 390 391 392 393 394 396 398 400 402 403 405 411 413 414 416 417 418 419 420 422 423 424 426 431 434 435 436 437 438 439 440 441 442 445 446 448 453 454 457 458 460 464 466 467 474 475 476 479 480 484 485 486 487 488 490 491 493 497 499
campaign,reference,500,10-0.5-M,9,82897,249,4 6 9 12 13 14 15 16 17 18 21 22 27 30 34 35 36 38 40 41 43 44 45 50 55 61 65 66 67 69 73 74 75 76 77 78 79 84 85 87 89 93 95 97 98 99 101 105 107 110 112 117 119 121 124 127 129 131 132 133 134 135 137 141 149 150 155 158 161 162 163 164 165 166 167 168 169 170 172 173 174 175 178 179 181 184 185 186 187 191 194 195 196 197 201 203 204 205 206 209 210 212 216 221 225 227 229 232 233 234 236 237 238 239 240 242 247 249 251 254 257 262 263 265 267 270 274 277 278 280 281 282 283 284 286 288 290 292 294 295 300 301 303 304 305 311 312 313 316 318 319 321 322 323 330 334 336 337 340 341 343 344 345 346 348 349 350 351 352 354 357 358 359 360 363 365 368 369 370 371 372 374 375 376 380 381 383 390 391 392 393 394 396 398 400 402 403 405 408 411 413 414 416 417 418 420 422 423 424 426 431 434 435 436 437 438 439 440 441 442 445 446 448 453 454 456 457 458 460 464 466 467 468 472 474 475 476 479 480 484 485 486 487 488 490 491 493 497 499
campaign,reference,500,10-0.5-M,10,82838,249,0 4 6 9 12 13 14 15 16 17 18 21 22 27 30 34 35 36 38 40 41 43 44 45 50 55 65 66 67 69 73 74 75 76 77 78 84 85 87 89 93 94 95 97 99 101 107 110 112 117 119 121 122 124 129 131 132 133 134 135 137 141 148 149 150 155 158 162 163 164 165 166 167 168 169 170 172 173 174 175 178 179 181 184 185 186 187 191 194 195 196 197 201 203 204 205 206 209 210 212 216 221 225 227 229 230 232 233 234 236 237 238 239 242 247 249 251 254 256 262 263 265 267 270 272 274 277 278 280 281 282 283 284 286 288 290 292 294 295 300 301 303 304 305 311 312 313 314 316 318 321 323 324 330 333 334 336 337 340 341 343 344 345 346 349 350 351 352 354 357 359 360 363 365 368 369 370 371 372 374 375 376 381 383 387 390 391 392 393 394 396 398 400 401 402 403 405 408 411 413 414 416 417 418 420 422 423 424 426 431 434 435 436 437 438 439 440 441 442 445 446 448 449 453 454 457 458 460 461 464 466 467 470 472 474 475 476 479 480 484 485 486 487 488 490 491 493 497 499
campaign,reference,500,11-0.75-M,1,88854,374,0 1 2 4 6 10 12 13 14 15 16 17 18 21 22 23 24 25 26 27 28 30 31 32 34 35 36 37 38 40 41 42 43 44 45 46 48 49 50 51 53 55 60 61 62 63 64 65 66 67 69 71 73 74 75 76 77 78 81 84 85 87 88 89 93 94 95 96 97 99 100 101 102 103 104 105 106 107 108 110 111 112 113 116 119 121 122 124 125 128 129 130 131 132 133 134 135 136 137 139 141 142 144 146 147 148 149 150 151 154 155 157 158 161 162 163 164 165 166 167 168 169 170 171 172 173 174 175 176 177 178 179 180 181 182 184 185 186 188 189 191 194 195 196 197 199 201 202 203 204 205 206 208 209 210 211 212 216 218 219 221 222 225 227 228 229 230 231 232 233 234 235 236 238 239 240 241 242 244 246 247 249 250 251 253 254 257 259 261 262 263 264 265 267 268 270 272 274 276 277 278 279 280 281 282 283 284 285 286 287 288 289 290 291 292 293 294 295 296 297 298 299 300 301 303 304 305 306 307 309 311 312 313 314 315 316 318 319 320 321 322 323 324 326 327 328 330 332 333 334 336 337 338 340 341 342 343 344 345 346 348 349 350 351 352 353 354 355 356 357 359 360 362 363 365 368 369 370 371 372 374 375 376 377 378 379 380 381 383 385 387 388 390 391 392 393 394 396 398 400 401 402 403 405 406 409 410 411 413 414 415 416 417 418 419 420 421 423 424 425 426 428 429 430 431 434 435 436 437 438 439 440 441 442 443 444 445 446 447 448 449 450 453 454 456 457 458 461 464 465 466 467 470 471 472 474 475 476 478 479 480 482 483 484 485 486 487 488 490 491 492 493 497 499
campaign,reference,500,11-0.75-M,2,88869,374,0 1 2 4 6 9 10 11 12 13 14 15 16 17 18 21 22 23 25 26 27 28 30 31 32 34 35 36 37 38 40 41 42 43 44 45 46 48 49 50 51 53 55 60 61 63 64 65 66 67 69 70 71 73 74 75 76 77 78 79 81 84 85 87 88 89 92 93 94 95 96 97 99 100 101 102 104 105 106 107 108 110 111 112 113 116 119 121 122 125 128 129 130 131 132 133 134 135 136 137 139 141 142 144 146 147 148 149 150 151 154 155 157 158 161 162 163 164 165 166 167 168 169 170 171 172 173 174 175 176 177 178 179 180 181 182 184 185 186 187 188 189 191 194 195 196 197 199 201 203 204 205 206 207 208 209 210 211 212 216 218 219 221 222 225 227 229 231 232 233 234 235 236 237 238 239 240 241 242 244 247 249 250 251 253 254 257 259 261 262 263 264 265 267 268 270 272 274 276 277 278 279 280 281 282 283 284 285 286 287 288 290 291 292 293 294 295 296 297 298 299 300 301 303 304 305 306 307 309 311 312 313 314 315 316 318 319 320 321 322 323 324 326 327 328 330 332 333 334 336 337 338 340 341 342 343 344 345 346 348 349 350 351 352 353 354 355 356 357 359 360 362 363 365 366 368 369 370 371 372 374 375 376 377 378 379 380 381 382 383 385 387 388 390 391 392 393 394 396 398 400 401 402 403 405 406 409 410 411 413 414 415 416 417 418 419 420 421 423 424 425 426 428 429 430 431 434 435 436 437 438 439 440 441 442 443 444 445 446 448 449 450 453 454 457 458 461 463 464 465 466 467 470 471 472 475 476 478 479 480 481 482 483 484 485 486 487 488 490 491 492 493 497 499
campaign,reference,500,11-0.75-M,3,88869,374,0 1 2 4 6 9 10 11 12 13 14 15 16 17 18 21 22 23 25 26 27 28 30 31 32 34 35 36 37 38 40 41 42 43 44 45 46 48 49 50 51 53 55 60 61 63 64 65 66 67 69 70 71 73 74 75 76 77 78 79 81 84 85 87 88 89 92 93 94 95 96 97 99 100 101 102 104 105 106 107 108 110 111 112 113 116 119 121 122 125 128 129 130 131 132 133 134 135 136 137 139 141 142 144 146 147 148 149 150 151 154 155 157 158 161 162 163 164 165 166 167 168 169 170 171 172 173 174 175 176 177 178 179 180 181 182 184 185 186 187 188 189 191 194 195 196 197 199 201 203 204 205 206 207 208 209 210 211 212 216 218 219 221 222 225 227 229 231 232 233 234 235 236 237 238 239 240 241 242 244 247 249 250 251 253 254 257 259 261 262 263 264 265 267 268 270 272 274 276 277 278 279 280 281 282 283 284 285 286 287 288 290 291 292 293 294 295 296 297 298 299 300 301 303 304 305 306 307 309 311 312 313 314 315 316 318 319 320 321 322 323 324 326 327 328 330 332 333 334 336 337 338 340 341 342 343 344 345 346 348 349 350 351 352 353 354 355 356 357 359 360 362 363 365 366 368 369 370 371 372 374 375 376 377 378 379 380 381 382 383 385 387 388 390 391 392 393 394 396 398 400 401 402 403 405 406 409 410 411 413 414 415 416 417 418 419 420 421 423 424 425 426 428 429 430 431 434 435 436 437 438 439 440 441 442 443 444 445 446 448 449 450 453 454 457 458 461 463 464 465 466 467 470 471 472 475 476 478 479 480 481 482 483 484 485 486 487 488 490 491 492 493 497 499
campaign,reference,500,11-0.75-M,4,88885,374,0 1 2 4 6 10 11 12 13 14 15 16 17 18 21 22 23 25 26 27 28 30 31 32 34 35 36 38 40 41 42 43 44 45 46 48 49 50 51 53 55 57 60 61 62 63 64 65 66 67 69 73 74 75 76 78 79 81 82 84 85 87 88 89 93 94 95 96 97 99 100 101 102 104 105 106 107 108 110 111 112 113 116 119 121 122 125 128 129 130 131 132 133 134 135 136 137 139 141 142 144 146 147 148 149 150 151 154 155 158 161 162 163 164 165 166 167 168 169 170 171 172 173 174 175 176 177 178 179 180 181 182 184 185 186 187 188 189 191 194 195 196 197 199 202 203 204 205 206 207 208 209 210 211 212 216 218 219 221 222 225 227 228 229 230 231 232 233 234 235 236 238 239 240 241 242 244 246 247 248 249 250 251 253 254 257 259 261 262 263 264 265 267 268 270 272 274 276 277 278 279 280 281 282 283 284 285 286 287 288 289 290 291 292 293 294 295 296 297 298 299 300 301 303 304 305 306 307 309 311 312 313 314 315 316 318 319 320 321 322 323 324 326 327 328 330 332 333 334 336 337 338 340 341 342 343 344 345 346 348 349 350 351 352 353 354 355 356 357 359 360 362 363 365 366 368 369 370 371 372 374 375 376 377 378 379 380 381 382 383 385 387 388 390 391 392 393 394 396 398 400 401 402 403 405 406 409 410 411 413 414 415 416 417 418 419 420 421 423 424 426 428 429 430 431 434 435 436 437 438 439 440 441 442 443 444 445 446 447 448 449 450 453 454 456 457 458 461 463 464 465 466 467 470 471 472 474 475 476 478 479 480 482 483 484 485 486 487 488 490 491 492 493 499
campaign,reference,500,11-0.75-M,5,88827,374,0 1 2 4 6 10 12 13 14 15 16 17 18 21 22 23 25 26 27 30 31 32 34 35 36 37 38 40 41 42 43 44 45 46 48 49 50 51 53 55 60 61 62 63 64 65 66 67 69 70 73 74 75 76 77 78 81 82 83 84 85 87 88 89 93 94 95 96 97 99 100 101 102 104 105 106 107 108 110 111 112 113 116 119 121 122 125 128 129 130 131 132 133 134 135 136 137 139 141 142 144 146 147 148 149 150 151 152 154 155 158 159 161 162 163 164 165 166 167 168 169 170 171 172 173 174 175 176 177 178 179 180 181 182 184 185 186 187 188 189 191 194 195 196 197 199 201 203 204 205 206 208 209 210 211 212 216 218 219 221 222 225 227 228 229 230 231 232 233 234 235 236 237 238 239 240 241 242 244 247 248 249 250 251 253 254 257 259 261 262 263 264 265 267 268 270 272 274 276 277 278 279 280 281 282 283 284 285 286 287 288 289 290 291 292 293 294 295 296 297 298 299 300 301 303 304 305 307 309 311 312 313 314 315 316 318 319 320 321 322 323 324 326 327 328 330 332 333 334 336 337 338 340 341 342 343 344 345 346 348 349 350 351 352 353 354 356 357 359 360 362 363 365 366 368 369 370 371 372 374 375 376 377 378 379 380 381 382 383 385 387 388 390 391 392 393 394 396 398 400 401 402 403 405 406 409 410 411 413 414 415 416 417 418 419 420 421 423 424 426 428 429 430 431 434 435 436 437 438 439 440 441 442 443 444 445 446 447 448 449 450 453 454 456 457 458 461 463 464 465 466 467 470 472 474 475 476 478 479 480 482 483 484 485 486 487 488 490 491 492 493 494 497 499
campaign,reference,500,11-0.75-M,6,88762,374,0 1 2 4 6 10 11 12 13 14 15 16 17 18 21 22 23 25 26 27 28 30 31 34 35 36 37 38 40 41 42 43 44 45 46 48 49 50 51 53 55 60 61 62 63 64 65 66 67 69 72 73 74 75 76 77 78 79 81 82 84 85 87 88 89 93 94 95 97 99 100 101 102 104 105 106 107 108 110 111 112 113 116 119 121 122 125 128 129 130 131 132 133 134 135 136 137 139 141 142 144 147 148 149 150 151 154 155 158 159 161 162 163 164 165 166 167 168 169 170 171 172 173 174 175 176 177 178 179 180 181 182 184 185 186 187 188 189 191 194 195 196 197 199 201 203 204 205 206 207 208 209 210 211 212 216 218 219 221 222 225 227 228 229 230 232 233 234 235 236 237 238 239 240 241 242 244 247 249 250 251 253 254 257 261 262 263 264 265 267 268 270 271 272 273 274 276 277 278 279 280 281 282 283 284 285 286 287 288 290 291 292 293 294 295 296 297 298 299 300 301 303 304 305 306 307 309 311 312 313 314 315 316 318 319 320 321 322 323 324 326 327 328 330 332 333 334 336 337 338 339 340 341 342 343 344 345 346 348 349 350 351 352 353 354 356 357 359 360 362 363 365 366 368 369 370 371 372 373 374 375 376 377 378 379 380 381 383 385 387 388 390 391 392 393 394 396 398 400 401 402 403 405 406 409 411 413 414 415 416 417 418 419 420 421 423 424 425 426 428 429 430 431 434 435 436 437 438 439 440 441 442 443 444 445 446 447 448 449 450 453 454 457 458 461 463 464 465 466 467 468 470 471 472 474 475 476 478 479 480 481 482 483 484 485 486 487 488 490 491 492 493 497 499
campaign,reference,500,11-0.75-M,7,88883,374,0 1 2 4 6 10 12 13 14 15 16 17 18 21 22 23 25 26 27 28 30 31 32 34 35 36 37 38 40 41 42 43 44 45 46 48 49 50 51 53 55 57 60 61 63 64 65 66 67 69 70 73 74 75 76 77 78 79 81 84 85 87 88 89 92 93 94 95 96 97 99 100 101 102 104 105 106 107 108 110 111 112 113 116 119 121 122 125 128 129 130 131 132 133 134 135 136 137 139 141 142 144 146 147 148 149 150 151 152 154 155 157 158 161 162 163 164 165 166 167 168 169 170 171 172 173 174 175 176 177 178 179 180 181 182 184 185 186 187 188 189 191 194 195 196 197 199 201 203 204 205 206 208 209 210 211 212 216 218 219 221 222 225 227 228 229 230 232 233 234 235 236 237 238 239 240 241 242 244 247 249 250 251 253 254 257 258 259 261 262 263 264 265 267 268 270 271 272 273 274 276 277 278 279 280 281 282 283 284 285 286 287 288 290 291 292 293 294 295 296 297 298 299 300 301 303 304 305 307 309 310 311 312 313 314 315 316 318 319 320 321 322 323 324 326 327 328 330 332 333 334 336 337 338 340 341 342 343 344 345 346 348 349 350 351 352 353 354 356 357 359 360 362 363 365 366 368 369 370 371 372 374 375 376 377 378 379 380 381 383 385 387 388 390 391 392 393 394 396 398 400 401 402 403 405 406 409 411 413 414 415 416 417 418 419 420 421 423 424 426 428 429 430 431 434 435 436 437 438 439 440 441 442 443 444 445 446 448 449 450 453 454 456 457 458 461 464 465 466 467 470 471 472 473 475 476 478 479 480 481 482 483 484 485 486 487 488 489 490 491 492 493 497 499
campaign,reference,500,11-0.75-M,8,88859,374,0 1 2 4 6 10 11 12 13 14 15 16 17 18 21 22 23 24 26 27 30 31 32 34 35 36 37 38 40 41 42 43 44 45 46 48 49 50 51 53 55 60 61 63 64 65 66 67 69 70 73 74 75 76 78 79 81 84 85 87 88 89 92 93 94 95 96 97 99 100 101 102 104 105 106 107 108 110 111 112 113 116 119 121 122 125 128 129 130 131 132 133 134 135 136 137 139 141 142 144 146 147 148 149 150 151 154 155 157 158 161 162 163 164 165 166 167 168 169 170 171 172 173 174 175 176 177 178 179 180 181 182 184 185 186 187 188 189 191 194 195 196 197 199 201 202 203 204 205 206 208 209 210 211 212 216 218 219 221 222 225 227 229 230 231 232 233 234 235 236 237 238 239 240 241 242 244 247 249 250 251 253 254 257 259 261 262 263 264 265 267 268 270 271 272 273 274 276 277 278 279 280 281 282 283 284 285 286 287 288 290 291 292 293 294 295 296 297 298 299 300 301 303 304 305 306 307 309 310 311 312 313 314 315 316 318 319 320 321 322 323 324 326 327 328 330 332 333 334 336 337 338 340 341 342 343 344 345 346 348 349 350 351 352 353 354 355 356 357 359 360 362 363 365 368 369 370 371 372 374 375 376 379 380 381 382 383 385 387 388 390 391 392 393 394 396 398 400 401 402 403 405 406 409 411 413 414 415 416 417 418 419 420 421 423 424 425 426 428 429 430 431 434 435 436 437 438 439 440 441 442 443 444 445 446 447 448 449 450 453 454 456 457 458 461 463 464 465 466 467 470 471 472 473 474 475 476 478 479 480 482 483 484 485 486 487 488 489 490 491 492 493 497 499
campaign,reference,500,11-0.75-M,9,88883,374,0 1 2 4 6 10 12 13 14 15 16 17 18 21 22 23 25 26 27 28 30 31 32 34 35 36 37 38 40 41 42 43 44 45 46 48 49 50 51 53 55 57 60 61 63 64 65 66 67 69 70 73 74 75 76 77 78 79 81 84 85 87 88 89 92 93 94 95 96 97 99 100 101 102 104 105 106 107 108 110 111 112 113 116 119 121 122 125 128 129 130 131 132 133 134 135 136 137 139 141 142 144 146 147 148 149 150 151 152 154 155 157 158 161 162 163 164 165 166 167 168 169 170 171 172 173 174 175 176 177 178 179 180 181 182 184 185 186 187 188 189 191 194 195 196 197 199 201 203 204 205 206 208 209 210 211 212 216 218 219 221 222 225 227 228 229 230 232 233 234 235 236 237 238 239 240 241 242 244 247 249 250 251 253 254 257 258 259 261 262 263 264 265 267 268 270 271 272 273 274 276 277 278 279 280 281 282 283 284 285 286 287 288 290 291 292 293 294 295 296 297 298 299 300 301 303 304 305 307 309 310 311 312 313 314 315 316 318 319 320 321 322 323 324 326 327 328 330 332 333 334 336 337 338 340 341 342 343 344 345 346 348 349 350 351 352 353 354 356 357 359 360 362 363 365 366 368 369 370 371 372 374 375 376 377 378 379 380 381 383 385 387 388 390 391 392 393 394 396 398 400 401 402 403 405 406 409 411 413 414 415 416 417 418 419 420 421 423 424 426 428 429 430 431 434 435 436 437 438 439 440 441 442 443 444 445 446 448 449 450 453 454 456 457 458 461 464 465 466 467 470 471 472 473 475 476 478 479 480 481 482 483 484 485 486 487 488 489 490 491 492 493 497 499
campaign,reference,500,11-0.75-M,10,88859,374,0 1 2 4 6 10 11 12 13 14 15 16 17 18 21 22 23 24 26 27 30 31 32 34 35 36 37 38 40 41 42 43 44 45 46 48 49 50 51 53 55 60 61 63 64 65 66 67 69 70 73 74 75 76 78 79 81 84 85 87 88 89 92 93 94 95 96 97 99 100 101 102 104 105 106 107 108 110 111 112 113 116 119 121 122 125 128 129 130 131 132 133 134 135 136 137 139 141 142 144 146 147 148 149 150 151 154 155 157 158 161 162 163 164 165 166 167 168 169 170 171 172 173 174 175 176 177 178 179 180 181 182 184 185 186 187 188 189 191 194 195 196 197 199 201 202 203 204 205 206 208 209 210 211 212 216 218 219 221 222 225 227 229 230 231 232 233 234 235 236 237 238 239 240 241 242 244 247 249 250 251 253 254 257 259 261 262 263 264 265 267 268 270 271 272 273 274 276 277 278 279 280 281 282 283 284 285 286 287 288 290 291 292 293 294 295 296 297 298 299 300 301 303 304 305 306 307 309 310 311 312 313 314 315 316 318 319 320 321 322 323 324 326 327 328 330 332 333 334 336 337 338 340 341 342 343 344 345 346 348 349 350 351 352 353 354 355 356 357 359 360 362 363 365 368 369 370 371 372 374 375 376 379 380 381 382 383 385 387 388 390 391 392 393 394 396 398 400 401 402 403 405 406 409 411 413 414 415 416 417 418 419 420 421 423 424 425 426 428 429 430 431 434 435 436 437 438 439 440 441 442 443 444 445 446 447 448 449 450 453 454 456 457 458 461 463 464 465 466 467 470 471 472 473 474 475 476 478 479 480 482 483 484 485 486 487 488 489 490 491 492 493 497 499
campaign,reference,500,12-0.75-M,1,87334,374,0 1 4 6 8 10 12 13 14 15 16 17 18 21 22 24 25 26 27 30 31 32 34 35 36 38 40 41 42 43 44 45 46 48 49 50 53 55 61 62 63 64 65 66 67 69 71 73 74 75 76 77 78 79 84 85 87 88 89 93 94 95 97 98 100 101 104 105 107 108 110 111 112 113 116 117 118 119 121 122 124 128 129 130 131 132 133 134 135 136 137 138 139 140 141 142 144 146 147 148 149 150 152 154 155 157 158 161 162 163 164 165 166 167 168 169 170 171 172 173 174 175 176 177 178 179 180 181 182 184 185 186 187 188 189 190 191 194 195 196 197 199 202 203 204 205 206 208 209 210 211 212 214 216 217 219 221 222 223 224 225 227 228 229 230 231 232 233 234 236 238 239 240 241 242 244 247 249 250 251 253 254 256 257 258 259 261 262 263 265 266 267 268 270 272 273 274 276 277 278 280 281 282 283 284 285 286 288 289 290 291 292 293 294 295 297 298 299 300 301 303 304 305 307 308 309 310 311 312 313 314 315 316 317 318 319 320 321 322 323 324 326 327 328 330 332 333 334 336 337 339 340 341 342 343 344 345 346 348 349 350 351 352 353 354 356 357 359 360 361 363 364 365 366 368 369 370 371 372 374 375 376 378 380 381 383 386 387 388 389 390 391 392 393 394 395 396 397 398 400 401 402 403 404 405 408 409 410 411 412 413 414 416 417 418 419 420 421 422 423 424 426 430 431 434 435 436 437 438 439 440 441 442 443 444 445 446 447 448 449 451 453 454 456 457 458 461 462 464 465 466 467 468 470 471 472 473 475 476 479 480 481 482 483 484 485 486 487 488 490 491 493 497 499
campaign,reference,500,12-0.75-M,2,87394,374,0 1 4 6 10 12 13 14 15 16 17 18 21 22 24 25 26 27 29 30 31 32 34 35 36 38 40 41 42 43 44 45 46 48 49 50 53 55 58 61 62 63 65 66 67 69 71 73 74 75 76 77 78 79 80 83 84 85 87 88 89 93 94 95 97 98 100 101 102 104 105 107 108 109 110 112 116 117 118 119 121 122 123 124 128 129 130 131 132 133 134 135 136 137 138 139 140 141 142 144 146 149 150 152 154 155 157 158 161 162 163 164 165 166 167 168 169 170 171 172 173 174 175 176 177 178 179 180 181 182 184 185 186 187 188 189 190 191 194 195 196 197 199 202 203 204 205 206 208 209 210 211 212 214 216 217 219 221 222 223 224 225 227 228 229 230 231 232 233 234 236 238 239 240 241 242 244 247 249 250 251 253 254 256 257 258 259 261 262 263 265 266 267 268 270 271 272 273 274 276 277 278 280 281 282 283 284 285 286 288 289 290 291 292 293 294 295 297 298 299 300 301 303 304 305 307 308 309 310 311 312 313 314 315 316 317 318 319 320 321 322 323 324 326 327 330 333 334 336 337 338 339 340 341 342 343 344 345 346 348 349 350 351 352 353 354 356 357 359 360 361 363 364 365 366 368 369 370 371 372 374 375 376 378 379 380 381 383 386 387 388 390 391 392 393 394 395 396 397 398 400 401 402 403 404 405 408 409 410 411 412 413 414 416 417 418 419 420 421 422 423 424 426 430 431 434 435 436 437 438 439 440 441 442 443 444 445 446 448 449 453 454 456 457 458 461 462 463 464 465 466 467 468 470 471 472 474 475 476 479 480 481 482 483 484 485 486 487 488 490 491 493 497 499
campaign,reference,500,12-0.75-M,3,87243,374,0 4 6 8 9 10 12 13 14 15 16 17 18 21 22 25 26 27 30 31 32 34 35 36 38 40 41 42 43 44 45 46 48 49 50 51 53 55 60 61 62 63 64 65 66 67 69 71 73 74 75 76 78 79 80 83 84 85 87 88 89 93 94 95 96 97 98 101 102 104 105 107 108 109 110 112 113 116 117 119 121 122 124 125 128 129 130 131 132 133 134 135 136 137 139 140 141 142 144 146 147 148 149 150 152 154 155 157 158 161 162 163 164 165 166 167 168 169 170 171 172 173 174 175 176 177 178 179 180 181 182 184 185 186 187 188 189 190 191 194 195 196 197 199 202 203 204 205 206 209 210 211 212 214 216 217 219 221 222 223 224 225 227 228 229 230 231 232 233 234 236 238 239 240 241 242 244 247 249 250 251 253 254 256 257 258 259 261 262 263 264 265 266 267 268 269 270 273 274 276 277 278 280 281 282 283 284 285 286 288 289 290 291 292 293 294 295 297 298 299 300 301 303 304 305 307 308 309 310 311 312 313 314 315 316 317 318 319 320 321 322 323 324 326 327 330 332 333 334 336 337 338 339 340 341 342 343 344 345 346 348 349 350 351 352 353 354 356 357 359 360 361 363 364 365 366 368 369 370 371 372 374 375 376 378 379 380 381 382 383 386 387 388 390 391 392 393 394 395 396 397 398 400 401 402 403 404 405 408 409 410 411 412 413 414 416 417 418 419 420 421 422 423 424 425 426 431 434 435 436 437 438 439 440 441 442 443 444 445 446 448 449 453 454 455 456 457 458 461 464 465 466 467 468 470 471 472 474 475 476 479 480 481 482 483 484 485 487 488 490 491 493 497 499
campaign,reference,500,12-0.75-M,4,87335,374,0 4 6 8 9 10 12 13 14 15 16 17 18 21 22 24 25 26 27 30 31 32 34 35 36 38 40 41 42 43 44 45 46 48 49 50 53 55 60 61 62 63 64 65 66 67 69 71 73 74 75 76 77 78 79 80 84 85 87 88 89 93 94 95 97 98 100 101 102 104 105 106 107 108 109 110 112 116 117 118 119 121 122 124 128 129 130 131 132 133 134 135 136 137 139 140 141 142 144 146 147 149 150 152 154 155 157 158 159 162 163 164 165 166 167 168 169 170 171 172 173 174 175 176 177 178 179 180 181 182 184 185 186 187 188 189 190 191 194 195 196 197 199 202 203 204 205 206 208 209 210 211 212 214 216 217 219 221 222 223 225 227 228 229 230 232 233 234 236 238 239 240 241 242 244 247 249 250 251 253 254 256 257 258 259 261 262 263 265 266 267 268 269 270 273 274 276 277 278 280 281 282 283 284 285 286 288 289 290 291 292 293 294 295 297 298 299 300 301 303 304 305 307 308 309 310 311 312 313 314 315 316 317 318 319 320 321 322 323 324 326 327 328 330 333 334 336 337 338 339 340 341 342 343 344 345 346 348 349 350 351 352 353 354 356 357 359 360 361 363 364 365 366 368 369 370 371 372 374 375 376 378 379 380 381 382 383 386 387 388 390 391 392 393 394 395 396 397 398 400 401 402 403 404 405 408 409 410 411 412 413 414 416 417 418 419 420 421 422 423 424 426 430 431 434 435 436 437 438 439 440 441 442 443 444 445 446 447 448 449 453 454 456 457 458 461 462 463 464 465 466 467 468 470 471 472 474 475 476 479 480 481 482 483 484 485 486 487 488 490 491 493 497 499
campaign,reference,500,12-0.75-M,5,87313,374,0 4 6 8 9 10 12 13 14 15 16 17 18 21 22 25 26 27 29 30 31 32 34 35 36 38 40 41 42 43 44 45 46 48 49 50 51 53 55 61 62 63 64 65 66 67 68 69 71 73 74 75 76 77 78 79 80 83 84 85 87 88 89 93 94 95 97 98 101 102 104 105 107 108 109 110 112 113 116 117 119 121 122 123 124 128 129 130 131 132 133 134 135 136 137 138 139 140 141 142 144 146 148 149 150 152 153 154 155 157 158 161 162 163 164 165 166 167 168 169 170 171 172 173 174 175 176 177 178 179 180 181 182 184 185 186 187 188 189 190 191 194 195 196 197 199 202 203 204 205 206 208 209 210 211 212 214 216 217 219 221 222 223 224 225 227 228 229 230 232 233 234 236 238 239 240 241 242 244 247 249 250 251 253 254 256 257 258 259 261 262 263 264 265 266 267 268 269 270 273 274 276 277 278 280 281 282 283 284 285 286 288 289 290 291 292 293 294 295 297 298 299 300 301 303 304 305 307 308 309 310 311 312 313 314 315 316 317 318 319 321 322 323 324 326 327 330 333 334 336 337 338 339 340 341 342 343 344 345 346 348 349 350 351 352 353 354 356 357 359 360 361 363 364 365 366 368 369 370 371 372 374 375 376 377 378 379 380 381 383 386 387 388 390 391 392 393 394 395 396 397 398 400 401 402 403 404 405 408 409 410 411 412 413 414 416 417 418 419 420 421 422 423 424 426 430 431 434 435 436 437 438 439 440 441 442 443 444 445 446 448 449 453 454 456 457 458 461 464 465 466 467 468 470 471 472 473 474 475 476 479 480 481 482 483 484 485 487 488 490 491 493 497 499
campaign,reference,500,12-0.75-M,6,87149,374,0 2 4 6 8 9 10 12 13 14 15 16 17 18 20 21 22 24 25 26 27 29 30 31 32 34 35 36 38 40 41 42 43 44 45 46 48 49 50 53 55 60 61 62 63 65 66 67 68 69 71 73 74 75 76 77 78 79 80 83 84 85 87 88 89 90 93 94 95 97 98 100 101 102 104 105 107 108 109 110 112 116 117 118 119 121 122 123 124 128 129 130 131 132 133 134 135 136 137 139 140 141 142 144 146 147 148 149 150 152 154 155 157 158 162 163 164 165 166 167 168 169 170 171 172 173 174 175 176 177 178 179 180 181 182 184 185 186 187 188 189 190 191 194 195 196 197 199 202 203 204 205 206 208 209 210 211 212 214 216 217 219 221 222 223 225 227 228 229 230 232 233 234 236 238 239 240 241 242 244 247 249 250 251 253 254 256 257 258 259 261 262 263 265 266 267 268 270 272 273 274 276 277 278 280 281 282 283 284 285 286 288 289 290 291 292 293 294 295 297 298 299 300 301 302 303 304 305 307 308 309 310 311 312 313 314 315 316 317 318 319 320 321 322 323 324 326 327 328 330 333 334 336 337 338 339 340 341 342 343 344 345 346 348 349 350 351 352 353 354 356 357 359 360 361 363 364 365 366 368 369 370 371 372 374 375 376 377 378 380 381 383 386 387 388 390 391 392 393 394 395 396 397 398 400 401 402 403 404 405 408 409 410 411 412 413 414 416 417 418 419 420 421 422 423 424 426 427 430 431 434 435 436 437 438 439 440 441 442 443 444 445 446 448 449 453 454 456 457 458 461 464 465 466 467 468 470 471 472 475 476 479 480 482 483 484 485 487 488 490 491 493 497 499
campaign,reference,500,12-0.75-M,7,87252,374,0 4 6 8 10 12 13 14 15 16 17 18 21 22 25 26 27 29 30 31 32 34 35 36 38 40 41 42 43 44 45 46 48 49 50 52 53 55 60 61 62 63 65 66 67 69 71 73 74 75 76 78 79 80 82 84 85 87 88 89 93 94 95 97 98 100 101 102 104 105 107 108 109 110 111 112 116 117 118 119 121 122 123 124 128 129 130 131 132 133 134 135 136 137 138 139 140 141 142 144 146 149 150 152 154 155 157 158 161 162 163 164 165 166 167 168 169 170 171 172 173 174 175 176 177 178 179 180 181 182 184 185 186 187 188 189 190 191 194 195 196 197 199 202 203 204 205 206 208 209 210 211 212 214 216 217 219 221 222 223 224 225 227 228 229 230 231 232 233 234 236 238 239 240 241 242 244 247 249 250 251 253 254 256 257 258 259 261 262 263 265 266 267 268 270 272 273 274 276 277 278 280 281 282 283 284 285 286 288 289 290 291 292 293 294 295 297 298 299 300 301 303 304 305 307 308 309 310 311 312 313 314 315 316 317 318 319 320 321 322 323 324 326 327 328 330 333 334 336 337 338 339 340 341 342 343 344 345 346 348 349 350 351 352 353 354 356 357 359 360 363 364 365 366 368 369 370 371 372 374 375 376 378 379 380 381 382 383 386 387 388 389 390 391 392 393 394 395 396 397 398 400 401 402 403 404 405 408 409 410 411 412 413 414 416 417 418 419 420 421 422 423 424 426 430 431 434 435 436 437 438 439 440 441 442 443 444 445 446 447 448 449 453 454 456 457 458 461 464 465 466 467 468 470 471 472 474 475 476 479 480 481 482 483 484 485 486 487 488 490 491 493 497 499
campaign,reference,500,12-0.75-M,8,87308,374,0 4 6 8 9 10 12 13 14 15 16 17 18 21 22 24 25 26 27 30 31 32 34 35 36 38 40 41 42 43 44 45 46 48 49 50 51 53 55 61 62 63 65 66 67 69 71 73 74 75 76 77 78 79 80 83 84 85 87 88 89 93 94 95 97 98 101 102 104 105 107 108 109 110 112 113 116 117 119 121 122 123 124 128 129 130 131 132 133 134 135 136 137 139 140 141 142 144 146 149 150 152 154 155 157 158 161 162 163 164 165 166 167 168 169 170 171 172 173 174 175 176 177 178 179 180 181 182 184 185 186 187 188 189 190 191 194 195 196 197 199 202 203 204 205 206 208 209 210 211 212 214 216 217 219 221 222 223 224 225 227 228 229 230 232 233 234 236 238 239 240 241 242 244 247 249 250 251 253 254 256 257 258 259 261 262 263 265 266 267 268 269 270 272 273 274 276 277 278 280 281 282 283 284 285 286 288 289 290 291 292 293 294 295 297 298 299 300 301 303 304 305 307 308 309 310 311 312 313 314 315 316 317 318 319 321 322 323 324 326 327 328 330 333 334 336 337 338 339 340 341 342 343 344 345 346 348 349 350 351 352 353 354 356 357 359 360 361 363 364 365 366 368 369 370 371 372 374 375 376 377 378 379 380 381 383 386 387 388 390 391 392 393 394 395 396 397 398 399 400 401 402 403 404 405 408 409 410 411 412 413 414 416 417 418 419 420 421 422 423 424 426 430 431 434 435 436 437 438 439 440 441 442 443 444 445 446 447 448 449 453 454 455 456 457 458 461 464 465 466 467 468 470 471 472 474 475 476 479 480 481 482 483 484 485 486 487 488 490 491 493 497 498 499
campaign,reference,500,12-0.75-M,9,87335,374,0 4 6 8 9 10 12 13 14 15 16 17 18 21 22 24 25 26 27 30 31 32 34 35 36 38 40 41 42 43 44 45 46 48 49 50 53 55 60 61 62 63 64 65 66 67 69 71 73 74 75 76 77 78 79 80 84 85 87 88 89 93 94 95 97 98 100 101 102 104 105 106 107 108 109 110 112 116 117 118 119 121 122 124 128 129 130 131 132 133 134 135 136 137 139 140 141 142 144 146 147 149 150 152 154 155 157 158 159 162 163 164 165 166 167 168 169 170 171 172 173 174 175 176 177 178 179 180 181 182 184 185 186 187 188 189 190 191 194 195 196 197 199 202 203 204 205 206 208 209 210 211 212 214 216 217 219 221 222 223 225 227 228 229 230 232 233 234 236 238 239 240 241 242 244 247 249 250 251 253 254 256 257 258 259 261 262 263 265 266 267 268 269 270 273 274 276 277 278 280 281 282 283 284 285 286 288 289 290 291 292 293 294 295 297 298 299 300 301 303 304 305 307 308 309 310 311 312 313 314 315 316 317 318 319 320 321 322 323 324 326 327 328 330 333 334 336 337 338 339 340 341 342 343 344 345 346 348 349 350 351 352 353 354 356 357 359 360 361 363 364 365 366 368 369 370 371 372 374 375 376 378 379 380 381 382 383 386 387 388 390 391 392 393 394 395 396 397 398 400 401 402 403 404 405 408 409 410 411 412 413 414 416 417 418 419 420 421 422 423 424 426 430 431 434 435 436 437 438 439 440 441 442 443 444 445 446 447 448 449 453 454 456 457 458 461 462 463 464 465 466 467 468 470 471 472 474 475 476 479 480 481 482 483 484 485 486 487 488 490 491 493 497 499
campaign,reference,500,12-0.75-M,10,87345,374,0 2 4 6 8 9 10 12 13 14 15 16 17 18 21 22 25 26 27 29 30 31 32 34 35 36 38 40 41 42 43 44 45 46 48 49 50 51 53 55 61 62 63 65 66 67 69 71 73 74 75 76 77 78 79 80 83 84 85 87 88 89 93 94 95 97 98 100 101 102 104 105 107 108 109 110 112 113 116 117 118 119 121 122 124 128 129 130 131 132 133 134 135 136 137 138 139 140 141 142 144 146 149 150 152 154 155 157 158 161 162 163 164 165 166 167 168 169 170 171 172 173 174 175 176 177 178 179 180 181 182 184 185 186 187 188 189 190 191 194 195 196 197 199 202 203 204 205 206 208 209 210 211 212 214 216 219 221 222 223 225 227 228 229 230 232 233 234 236 238 239 240 241 242 244 247 249 250 251 253 254 256 257 258 259 261 262 263 265 266 267 268 270 272 273 274 276 277 278 280 281 282 283 284 285 286 288 289 290 291 292 293 294 295 297 298 299 300 301 303 304 305 307 308 309 310 311 312 313 314 315 316 317 318 319 321 322 323 324 326 327 328 330 333 334 336 337 338 339 340 341 342 343 344 345 346 348 349 350 351 352 353 354 356 357 359 360 361 363 364 365 366 368 369 370 371 372 374 375 376 377 378 379 380 381 382 383 386 387 388 389 390 391 392 393 394 395 396 397 398 399 400 401 402 403 404 405 408 409 410 411 412 413 414 416 417 418 419 420 421 422 423 424 426 430 431 434 435 436 437 438 439 440 441 442 443 444 445 446 447 448 449 453 454 456 457 458 461 464 465 466 467 468 470 471 472 474 475 476 479 480 481 482 483 484 485 486 487 488 490 491 493 497 499
campaign,reference,500,13-0.75-M,1,87180,375,2 4 6 10 11 12 13 14 15 16 17 18 21 22 23 25 26 27 28 30 31 32 34 35 36 37 38 40 41 42 43 44 45 48 49 50 51 52 53 55 57 58 61 62 63 64 65 66 67 69 72 73 74 75 76 77 78 79 80 82 83 84 85 87 88 89 93 94 95 96 97 99 100 101 102 103 104 105 107 108 110 112 113 115 116 117 119 120 121 122 126 128 129 130 131 132 133 134 135 136 137 139 140 141 142 144 146 148 149 150 152 154 155 158 159 162 163 164 165 166 167 168 169 170 171 172 173 174 175 176 178 179 181 182 184 185 186 187 188 189 191 194 195 196 197 199 200 201 202 203 205 206 208 209 210 212 216 219 221 222 223 225 227 229 232 233 234 236 237 238 239 240 241 242 244 247 248 249 250 251 252 253 254 256 258 259 261 262 263 265 266 267 268 269 270 272 273 274 276 277 278 280 281 282 283 284 285 286 288 289 290 291 292 293 294 295 297 298 299 300 301 303 304 305 306 307 309 311 312 313 314 315 316 318 319 320 321 322 323 324 326 327 328 330 332 333 334 336 337 338 339 340 341 343 344 345 346 348 349 350 351 352 353 354 355 356 357 358 359 360 361 362 363 364 365 366 368 369 370 371 372 374 375 376 378 380 381 383 385 387 388 390 391 392 393 394 396 397 398 400 401 402 403 405 406 409 410 411 413 414 416 417 418 419 420 422 423 424 426 427 430 431 434 435 436 437 438 439 440 441 442 443 444 445 446 448 449 450 451 452 453 454 456 457 458 459 461 464 465 466 467 468 469 470 472 474 475 476 478 479 480 481 482 483 484 485 486 487 488 490 491 492 493 497 499
campaign,reference,500,13-0.75-M,2,87241,375,0 2 4 5 6 10 11 12 13 14 15 16 17 18 21 22 23 24 25 26 27 28 30 31 32 34 35 36 37 38 40 41 42 43 44 45 48 49 50 51 52 53 54 55 57 58 60 61 62 63 65 66 67 69 71 73 74 75 76 77 78 80 82 84 85 87 88 89 93 94 95 96 97 99 100 101 102 103 104 105 107 108 110 111 112 113 115 116 117 119 120 121 122 126 128 129 130 131 132 133 134 135 136 137 139 140 141 142 144 146 148 149 150 154 155 158 159 162 163 164 165 166 167 168 169 170 171 172 173 174 175 176 178 179 181 182 184 185 186 187 188 189 191 194 195 196 197 199 200 201 202 203 205 206 208 209 210 212 215 216 219 221 222 223 224 225 227 229 232 233 234 236 237 238 239 240 241 242 244 247 249 250 251 252 253 254 256 257 259 261 262 263 265 266 268 269 270 272 273 274 276 277 278 280 281 282 283 284 285 286 288 289 290 291 292 293 294 295 297 298 299 300 301 303 304 305 306 307 309 311 312 313 314 315 316 318 319 321 322 323 324 326 327 328 330 332 333 334 336 337 338 339 340 341 343 344 345 346 348 349 350 351 352 353 354 355 356 357 358 359 360 361 362 363 364 365 366 368 369 370 371 372 374 375 376 378 380 381 383 385 387 388 390 391 392 393 394 396 397 398 400 401 402 403 405 406 409 410 411 413 414 416 417 418 419 420 422 423 424 426 427 431 434 435 436 437 438 439 440 441 442 443 444 445 446 448 449 450 451 453 454 457 458 459 461 462 464 465 466 467 468 469 470 472 474 475 476 478 479 480 481 482 483 484 485 486 487 488 490 491 492 493 494 497 499
campaign,reference,500,13-0.75-M,3,87300,375,0 2 4 6 10 11 12 13 14 15 16 17 18 21 22 23 24 25 26 27 28 29 30 31 32 34 35 36 37 38 40 41 42 43 44 45 48 49 50 51 52 53 54 55 57 58 60 61 62 63 65 66 67 69 71 73 74 75 76 77 78 79 80 82 84 85 87 88 89 93 94 95 96 97 99 100 101 102 103 104 105 107 108 110 112 113 115 116 117 119 120 121 122 126 128 129 130 131 132 133 134 135 136 137 139 140 141 142 144 146 148 149 150 154 155 158 159 162 163 164 165 166 167 168 169 170 171 172 173 174 175 176 177 178 179 181 182 184 185 186 187 188 189 191 194 195 196 197 198 199 200 201 202 203 204 205 206 207 208 209 210 212 216 219 221 222 225 227 229 232 233 234 236 237 238 239 240 241 242 244 247 248 249 250 251 252 253 254 256 259 261 262 263 265 266 268 269 270 272 273 274 276 277 278 280 281 282 283 284 285 286 288 289 290 291 292 293 294 295 297 298 299 300 301 303 304 305 306 307 309 311 312 313 314 315 316 318 319 321 322 323 324 326 327 328 330 333 334 336 337 338 339 340 341 343 344 345 346 348 349 350 351 352 353 354 355 356 357 358 359 360 361 362 363 364 365 366 368 369 370 371 372 374 375 376 377 378 380 381 383 385 387 388 390 391 392 393 394 396 397 398 400 401 402 403 405 409 410 411 413 414 416 417 418 419 420 422 423 424 426 427 431 434 435 436 437 438 439 440 441 442 443 444 445 446 448 449 450 451 453 454 457 458 459 461 464 465 466 467 468 469 470 471 472 474 475 476 478 479 480 481 482 483 484 485 486 487 488 490 491 492 493 494 497 499
campaign,reference,500,13-0.75-M,4,87257,374,0 2 4 6 8 9 10 11 12 13 14 15 16 17 18 21 22 23 25 26 27 28 29 30 31 32 34 35 36 37 38 40 41 42 43 44 45 46 49 50 51 52 53 55 57 58 60 61 62 63 65 66 67 69 71 72 73 74 75 76 77 78 80 82 84 85 87 88 89 93 94 95 96 97 99 100 101 102 103 104 105 107 108 110 112 113 115 116 117 119 120 121 122 124 126 128 129 130 131 132 133 134 135 136 137 139 140 141 142 144 146 148 149 150 152 154 155 158 159 162 163 164 165 166 167 168 169 170 171 172 173 174 175 176 177 178 179 181 182 184 185 186 187 188 189 191 194 195 196 197 199 200 201 202 203 205 206 207 209 210 212 216 219 221 222 223 225 227 229 232 233 234 236 237 238 239 240 241 242 244 247 249 250 251 252 253 254 256 259 261 262 263 265 267 268 270 273 274 276 277 278 280 281 282 283 284 285 286 288 289 290 291 292 293 294 295 297 298 299 300 301 302 303 304 305 306 307 309 310 311 312 313 314 315 316 318 319 321 322 323 324 326 327 328 330 332 333 334 336 337 338 339 340 341 343 344 345 346 348 349 350 351 352 353 354 355 356 357 358 359 360 361 362 363 364 365 366 368 369 370 371 372 374 375 376 378 380 381 383 385 387 388 390 391 392 393 394 396 397 398 400 401 402 403 405 406 409 411 413 414 415 416 417 418 419 420 422 423 424 426 427 430 431 434 435 436 437 438 439 440 441 442 443 444 445 446 448 449 450 451 453 454 457 458 459 461 463 464 465 466 467 468 469 470 472 474 475 476 478 479 480 482 483 484 485 486 487 488 490 491 492 493 497 499
campaign,reference,500,13-0.75-M,5,87257,374,0 2 4 6 8 9 10 11 12 13 14 15 16 17 18 21 22 23 25 26 27 28 29 30 31 32 34 35 36 37 38 40 41 42 43 44 45 46 49 50 51 52 53 55 57 58 60 61 62 63 65 66 67 69 71 72 73 74 75 76 77 78 80 82 84 85 87 88 89 93 94 95 96 97 99 100 101 102 103 104 105 107 108 110 112 113 115 116 117 119 120 121 122 124 126 128 129 130 131 132 133 134 135 136 137 139 140 141 142 144 146 148 149 150 152 154 155 158 159 162 163 164 165 166 167 168 169 170 171 172 173 174 175 176 177 178 179 181 182 184 185 186 187 188 189 191 194 195 196 197 199 200 201 202 203 205 206 207 209 210 212 216 219 221 222 223 225 227 229 232 233 234 236 237 238 239 240 241 242 244 247 249 250 251 252 253 254 256 259 261 262 263 265 267 268 270 273 274 276 277 278 280 281 282 283 284 285 286 288 289 290 291 292 293 294 295 297 298 299 300 301 302 303 304 305 306 307 309 310 311 312 313 314 315 316 318 319 321 322 323 324 326 327 328 330 332 333 334 336 337 338 339 340 341 343 344 345 346 348 349 350 351 352 353 354 355 356 357 358 359 360 361 362 363 364 365 366 368 369 370 371 372 374 375 376 378 380 381 383 385 387 388 390 391 392 393 394 396 397 398 400 401 402 403 405 406 409 411 413 414 415 416 417 418 419 420 422 423 424 426 427 430 431 434 435 436 437 438 439 440 441 442 443 444 445 446 448 449 450 451 453 454 457 458 459 461 463 464 465 466 467 468 469 470 472 474 475 476 478 479 480 482 483 484 485 486 487 488 490 491 492 493 497 499
campaign,reference,500,13-0.75-M,6,87188,375,0 2 4 6 7 9 10 11 12 13 14 15 16 17 18 21 22 23 24 25 26 27 28 30 31 32 34 35 36 37 38 40 41 42 43 44 45 48 49 50 51 52 53 54 55 57 60 61 62 63 65 66 67 69 71 73 74 75 76 77 78 80 84 85 87 88 89 93 94 95 96 97 99 100 101 102 103 104 105 107 108 110 112 113 115 116 117 119 120 121 122 126 128 129 130 131 132 133 134 135 136 137 139 140 141 142 144 146 148 149 150 154 155 158 162 163 164 165 166 167 168 169 170 171 172 173 174 175 176 178 179 181 182 184 185 186 187 188 189 191 194 195 196 197 199 200 201 202 203 204 205 206 208 209 210 212 216 219 221 222 224 225 227 229 232 233 234 236 237 238 239 240 241 242 244 247 248 249 250 251 252 253 254 256 259 261 262 263 265 266 267 268 269 270 272 273 274 276 277 278 280 281 282 283 284 285 286 288 289 290 291 292 293 294 295 297 298 299 300 301 303 304 305 306 307 309 310 311 312 313 314 315 316 318 319 321 322 323 324 326 327 328 330 332 333 334 336 337 338 339 340 341 343 344 345 346 348 349 350 351 352 353 354 355 356 357 358 359 360 361 362 363 364 365 366 368 369 370 371 372 374 375 376 378 380 381 383 385 387 388 390 391 392 393 394 396 397 398 400 401 402 403 405 406 409 410 411 413 414 415 416 417 418 419 420 422 423 424 426 427 430 431 434 435 436 437 438 439 440 441 442 443 444 445 446 448 449 450 451 453 454 457 458 459 461 463 464 465 466 467 468 469 470 471 472 474 475 476 478 479 480 481 482 483 484 485 486 487 488 490 491 492 493 497 499
campaign,reference,500,13-0.75-M,7,87244,374,0 2 4 6 8 10 12 13 14 15 16 17 21 22 23 25 26 27 28 30 31 32 34 35 36 37 38 40 41 42 43 44 45 46 48 49 50 51 52 53 54 55 57 58 61 62 63 65 66 67 69 70 71 72 73 74 75 76 77 78 80 82 84 85 87 88 89 93 94 95 96 97 99 100 101 102 104 105 107 108 110 111 112 113 116 117 119 120 121 122 124 125 126 128 129 130 131 132 133 134 135 136 137 139 140 141 142 144 146 148 149 150 154 155 158 162 163 164 165 166 167 168 169 170 171 172 173 174 175 176 177 178 179 181 182 184 185 186 187 188 189 190 191 192 194 195 196 197 199 200 201 202 203 204 205 206 207 208 209 210 212 216 219 221 222 224 225 227 229 232 233 234 236 237 238 239 240 241 242 244 247 249 250 251 252 253 254 256 259 261 262 263 265 267 268 270 272 273 274 276 277 278 280 281 282 283 284 285 286 288 289 290 291 292 293 294 295 297 298 299 300 301 303 304 305 306 307 309 310 311 312 313 314 315 316 318 319 320 321 322 323 324 326 327 330 332 333 334 336 337 338 339 340 341 343 344 345 346 348 349 350 351 352 353 354 355 356 357 358 359 360 361 362 363 364 365 366 368 369 370 371 372 374 375 376 378 380 381 383 385 387 388 390 391 392 393 394 396 397 398 400 401 402 403 405 406 409 410 411 413 414 415 416 417 418 419 420 422 423 424 426 430 431 434 435 436 437 438 439 440 441 442 443 444 445 446 448 449 450 451 453 454 457 458 459 461 464 465 466 467 468 469 470 471 472 474 475 476 479 480 481 482 483 484 485 486 487 488 490 491 492 493 497 499
campaign,reference,500,13-0.75-M,8,87254,374,0 2 4 6 10 11 12 13 14 15 16 17 18 21 22 23 25 26 27 28 29 30 31 32 34 35 36 37 38 40 41 42 43 44 45 48 49 50 51 52 53 55 57 58 61 62 63 64 65 66 67 69 70 71 72 73 74 75 76 77 78 80 82 84 85 87 88 89 93 94 95 97 99 100 101 102 103 104 105 107 108 110 112 113 115 116 117 119 120 121 122 124 125 126 128 129 130 131 132 133 134 135 136 137 139 140 141 142 144 146 148 149 150 152 155 158 159 162 163 164 165 166 167 168 169 170 171 172 173 174 175 176 177 178 179 181 182 184 185 186 187 188 189 190 191 194 195 196 197 199 200 201 202 203 205 206 207 208 209 210 212 216 219 221 222 223 225 227 229 232 233 234 236 237 238 239 240 241 242 244 247 249 250 251 252 253 254 256 259 261 262 263 265 267 268 270 272 273 274 276 277 278 280 281 282 283 284 285 286 288 289 290 291 292 293 294 295 297 298 299 300 301 302 303 304 305 306 307 309 310 311 312 313 314 315 316 318 319 321 322 323 324 326 327 328 330 332 333 334 336 337 338 339 340 341 343 344 345 346 348 349 350 351 352 353 354 355 356 357 358 359 360 361 362 363 364 365 366 368 369 370 371 372 374 375 376 377 378 380 381 383 385 387 388 390 391 392 393 394 396 397 398 400 401 402 403 405 406 409 410 411 413 414 416 417 418 419 420 422 423 424 426 427 430 431 434 435 436 437 438 439 440 441 442 443 444 445 446 448 449 450 451 453 454 457 458 459 461 464 465 466 467 468 469 470 472 474 475 476 479 480 482 483 484 485 486 487 488 490 491 492 493 497 499
campaign,reference,500,13-0.75-M,9,87241,375,0 2 4 6 8 10 11 12 13 14 15 16 17 18 21 22 23 24 25 26 27 28 30 31 32 34 35 36 37 38 40 41 42 43 44 45 48 49 50 51 52 53 55 57 58 60 61 62 63 65 66 67 69 73 74 75 76 77 78 80 82 84 85 87 88 89 93 94 95 96 97 99 100 101 102 103 104 105 107 108 110 112 113 115 116 117 119 120 121 122 126 128 129 130 131 132 133 134 135 136 137 139 140 141 142 144 146 148 149 150 152 154 155 158 159 162 163 164 165 166 167 168 169 170 171 172 173 174 175 176 178 179 181 182 184 185 186 187 188 189 191 194 195 196 197 199 200 201 202 203 205 206 208 209 210 212 215 216 219 221 222 224 225 227 229 232 233 234 236 237 238 239 240 241 242 244 247 248 249 250 251 252 253 254 256 259 261 262 263 265 266 267 268 269 270 272 273 274 276 277 278 280 281 282 283 284 285 286 288 289 290 291 292 293 294 295 297 298 299 300 301 303 304 305 306 307 309 311 312 313 314 315 316 318 319 321 322 323 324 326 327 328 330 332 333 334 336 337 338 339 340 341 343 344 345 346 348 349 350 351 352 353 354 355 356 357 358 359 360 361 362 363 364 365 366 368 369 370 371 372 374 375 376 378 380 381 383 385 387 388 390 391 392 393 394 396 397 398 400 401 402 403 405 406 409 410 411 413 414 415 416 417 418 419 420 422 423 424 426 427 430 431 434 435 436 437 438 439 440 441 442 443 444 445 446 448 449 450 451 453 454 456 457 458 459 461 462 464 465 466 467 468 469 470 472 474 475 476 478 479 480 481 482 483 484 485 486 487 488 490 491 492 493 497 499
campaign,reference,500,13-0.75-M,10,87257,374,0 2 4 6 8 9 10 11 12 13 14 15 16 17 18 21 22 23 25 26 27 28 29 30 31 32 34 35 36 37 38 40 41 42 43 44 45 46 49 50 51 52 53 55 57 58 60 61 62 63 65 66 67 69 71 72 73 74 75 76 77 78 80 82 84 85 87 88 89 93 94 95 96 97 99 100 101 102 103 104 105 107 108 110 112 113 115 116 117 119 120 121 122 124 126 128 129 130 131 132 133 134 135 136 137 139 140 141 142 144 146 148 149 150 152 154 155 158 159 162 163 164 165 166 167 168 169 170 171 172 173 174 175 176 177 178 179 181 182 184 185 186 187 188 189 191 194 195 196 197 199 200 201 202 203 205 206 207 209 210 212 216 219 221 222 223 225 227 229 232 233 234 236 237 238 239 240 241 242 244 247 249 250 251 252 253 254 256 259 261 262 263 265 267 268 270 273 274 276 277 278 280 281 282 283 284 285 286 288 289 290 291 292 293 294 295 297 298 299 300 301 302 303 304 305 306 307 309 310 311 312 313 314 315 316 318 319 321 322 323 324 326 327 328 330 332 333 334 336 337 338 339 340 341 343 344 345 346 348 349 350 351 352 353 354 355 356 357 358 359 360 361 362 363 364 365 366 368 369 370 371 372 374 375 376 378 380 381 383 385 387 388 390 391 392 393 394 396 397 398 400 401 402 403 405 406 409 411 413 414 415 416 417 418 419 420 422 423 424 426 427 430 431 434 435 436 437 438 439 440 441 442 443 444 445 446 448 449 450 451 453 454 457 458 459 461 463 464 465 466 467 468 469 470 472 474 475 476 478 479 480 482 483 484 485 486 487 488 490 491 492 493 497 499
campaign,reference,500,14-0.75-M,1,87671,373,0 1 2 4 6 8 10 11 12 13 14 15 16 17 18 21 22 25 26 27 30 31 32 34 35 36 38 40 41 42 43 44 45 46 48 49 50 53 54 55 57 58 60 61 62 64 65 66 67 69 70 72 73 74 75 76 78 82 84 85 87 88 89 93 94 95 96 97 98 99 100 101 102 103 104 105 107 108 110 111 112 113 114 116 117 119 121 122 124 125 126 127 128 129 130 131 132 133 134 135 136 137 139 141 143 144 146 147 148 149 150 151 155 157 158 159 161 162 163 164 165 166 167 168 169 170 171 172 173 174 175 176 177 178 179 180 181 182 184 185 186 187 188 189 190 191 192 194 195 196 197 199 202 203 204 205 206 207 208 209 210 212 216 217 218 221 222 223 225 227 228 229 230 232 233 234 235 236 237 238 239 240 241 242 243 244 245 247 249 251 252 253 254 256 257 258 259 261 262 263 264 265 266 267 268 270 272 273 274 276 277 278 280 281 282 283 284 285 286 288 289 290 291 292 294 295 297 298 299 300 301 302 303 304 305 307 309 311 312 313 314 315 316 318 319 321 322 323 324 326 327 328 330 333 334 336 337 338 340 341 342 343 344 345 346 348 349 350 351 352 353 354 355 357 358 359 360 361 362 363 365 366 368 369 370 371 374 375 376 378 379 380 381 382 383 385 386 387 390 391 392 393 394 396 398 400 401 402 403 404 405 408 409 410 411 413 414 415 416 417 418 419 420 422 423 424 426 430 431 434 435 436 437 438 439 440 441 442 443 444 445 446 448 449 450 453 454 457 458 461 463 465 466 467 468 470 472 475 476 479 480 482 484 485 486 487 488 490 491 492 493 497 499
campaign,reference,500,14-0.75-M,2,87632,373,0 1 2 4 6 8 10 11 12 13 14 15 17 18 21 22 25 26 27 29 30 31 34 35 36 38 40 41 42 43 44 45 46 48 49 50 51 52 53 55 58 60 61 62 64 65 66 67 69 70 72 73 74 75 76 78 84 85 87 88 89 92 93 94 95 97 98 99 101 102 104 105 107 108 110 111 112 113 116 117 118 119 121 122 124 125 126 127 128 129 130 131 132 133 134 135 136 137 139 141 142 143 144 146 147 148 149 150 151 155 157 158 159 161 162 163 164 165 166 167 168 169 170 171 172 173 174 175 176 177 178 179 180 181 182 184 185 186 187 188 189 190 191 192 194 195 196 197 199 202 203 204 205 206 207 208 209 210 211 212 216 217 218 221 222 223 225 226 227 228 229 230 232 233 234 235 236 237 238 239 240 241 242 243 244 247 249 251 252 253 254 256 257 259 261 262 263 265 267 268 270 272 273 274 276 277 278 279 280 281 282 283 284 285 286 288 289 290 291 292 293 294 295 297 298 299 300 301 302 303 304 305 307 309 311 312 313 314 315 316 318 319 321 322 323 326 327 328 330 333 334 336 337 338 340 341 342 343 344 345 346 348 349 350 351 352 353 354 356 357 358 359 360 361 362 363 365 366 368 369 370 371 374 375 376 378 379 380 381 382 383 385 387 390 391 392 393 394 396 397 398 400 401 402 403 404 405 408 409 410 411 413 414 415 416 417 418 419 420 422 423 424 426 430 431 434 435 436 437 438 439 440 441 442 443 444 445 446 448 449 450 453 454 457 458 461 462 464 465 466 467 468 470 471 472 475 476 479 480 481 482 484 485 486 487 488 490 491 492 493 495 497 499
campaign,reference,500,14-0.75-M,3,87660,374,0 1 4 6 8 10 11 12 13 14 15 16 17 18 21 22 25 26 27 29 30 31 34 35 36 38 39 40 41 42 43 44 45 48 49 50 51 53 55 57 58 60 61 62 64 65 66 67 69 70 72 73 74 75 76 78 82 84 85 87 88 89 93 94 95 96 97 99 100 101 102 104 105 107 108 110 111 112 113 114 116 117 119 121 122 124 125 126 127 128 129 130 131 132 133 134 135 136 137 138 139 141 142 143 144 146 147 148 149 150 151 155 157 158 159 161 162 163 164 165 166 167 168 169 170 171 172 173 174 175 176 177 178 179 181 182 184 185 186 187 188 189 190 191 192 194 195 196 197 199 202 203 204 205 206 207 208 209 210 212 216 217 218 221 222 223 225 227 228 229 230 232 233 234 235 236 237 238 239 240 241 242 243 244 245 247 249 251 252 253 254 256 257 258 259 261 262 263 265 266 267 268 270 272 273 274 276 277 278 279 280 281 282 283 284 285 286 288 289 290 291 292 293 294 295 297 298 299 300 301 302 303 304 305 307 309 311 312 313 314 315 316 318 319 321 322 323 324 326 327 328 330 333 334 336 337 338 340 341 342 343 344 345 346 348 349 350 351 352 353 354 355 356 357 358 359 360 361 362 363 365 366 368 369 370 371 374 375 376 378 380 381 382 383 385 387 390 391 392 393 394 395 396 398 400 401 402 403 404 405 408 409 410 411 413 414 415 416 417 418 419 420 422 423 424 426 430 431 434 435 436 437 438 439 440 441 442 443 444 445 446 448 449 450 453 454 456 457 458 461 462 463 464 465 466 467 468 472 475 476 479 480 481 484 485 486 487 488 490 491 492 493 497 499
campaign,reference,500,14-0.75-M,4,87654,374,0 1 2 4 6 8 10 11 12 13 14 15 16 17 18 21 22 25 26 27 30 31 34 35 36 38 40 41 42 43 44 45 48 49 50 53 55 60 61 62 64 65 66 67 69 72 73 74 75 76 78 82 84 85 87 88 89 92 93 94 95 96 97 98 99 101 102 103 104 105 107 110 111 112 113 115 116 117 118 119 121 122 124 125 126 127 129 130 131 132 133 134 135 136 137 139 141 142 143 144 146 147 148 149 150 151 154 155 157 158 159 161 162 163 164 165 166 167 168 169 170 171 172 173 174 175 176 177 178 179 180 181 182 184 185 186 187 188 189 190 191 192 194 195 196 197 199 200 202 203 204 205 206 207 208 209 210 212 216 217 218 219 221 222 223 225 226 227 228 229 230 232 233 234 235 236 237 238 239 240 241 242 243 244 245 246 247 249 251 252 253 254 256 257 259 261 262 263 265 266 267 268 270 272 273 274 276 277 278 280 281 282 283 284 285 286 288 289 290 291 292 293 294 295 297 298 299 300 301 302 303 304 305 307 309 311 312 313 314 315 316 318 319 321 322 323 324 326 327 328 330 333 334 336 337 338 340 341 342 343 344 345 346 348 349 350 351 352 353 354 356 357 358 359 360 361 362 363 365 366 368 369 370 371 374 375 376 378 380 381 382 383 385 387 389 390 391 392 393 394 395 396 398 400 401 402 403 404 405 408 409 410 411 413 414 415 416 417 418 419 420 422 423 424 426 430 431 434 435 436 437 438 439 440 441 442 443 444 445 446 448 449 450 453 454 457 458 461 462 463 464 465 466 467 468 470 472 475 476 479 480 481 482 484 485 486 487 488 490 491 492 493 497 499
campaign,reference,500,14-0.75-M,5,87603,374,0 1 2 4 6 8 10 11 12 13 14 15 16 17 18 21 22 24 25 26 27 30 31 34 35 36 38 39 40 41 42 43 44 45 48 49 50 52 53 55 57 58 60 61 62 64 65 66 67 69 72 73 74 75 76 78 84 85 87 88 89 92 93 94 95 96 97 98 99 101 102 103 104 105 107 108 110 112 113 116 117 119 121 122 124 125 126 127 129 130 131 132 133 134 135 136 137 139 141 142 143 144 146 147 148 149 150 151 155 157 158 159 161 162 163 164 165 166 167 168 169 170 171 172 173 174 175 176 177 178 179 180 181 182 184 185 186 187 188 189 191 192 194 195 196 197 199 202 203 204 205 206 207 208 209 210 212 216 217 218 221 222 223 225 227 228 229 230 231 232 233 234 235 236 237 238 239 240 241 242 243 244 245 247 249 251 252 253 254 256 257 259 261 262 263 265 266 267 268 270 272 273 274 276 277 278 279 280 281 282 283 284 285 286 288 289 290 291 292 293 294 295 297 298 299 300 301 302 303 304 305 307 309 311 312 313 314 315 316 318 319 321 322 323 324 326 327 328 330 333 334 336 337 338 339 340 341 342 343 344 345 346 348 349 350 351 352 353 354 356 357 358 359 360 361 362 363 365 366 368 369 370 371 374 375 376 378 380 381 382 383 385 387 390 391 392 393 394 395 396 397 398 400 401 402 403 404 405 408 409 410 411 413 414 415 416 417 418 419 420 422 423 424 426 430 431 434 435 436 437 438 439 440 441 442 443 444 445 446 448 449 450 453 454 457 458 461 462 463 464 465 466 467 468 470 472 475 476 479 480 481 482 484 485 486 487 488 490 491 492 493 494 497 499
campaign,reference,500,14-0.75-M,6,87619,373,0 1 2 4 6 8 10 11 12 13 14 15 16 17 18 21 22 25 26 27 28 29 30 31 34 35 36 37 38 39 40 41 42 43 44 45 48 49 50 51 53 55 58 60 61 62 64 65 66 67 69 70 72 73 74 75 76 78 82 84 85 87 88 89 92 93 94 95 97 99 101 102 103 104 105 107 110 111 112 113 116 117 119 121 122 124 125 126 127 128 129 130 131 132 133 134 135 136 137 139 141 142 143 144 146 147 148 149 150 151 154 155 157 158 159 161 162 163 164 165 166 167 168 169 170 171 172 173 174 175 176 177 178 179 180 181 182 184 185 186 187 188 189 191 192 194 195 196 197 199 202 203 204 205 206 207 208 209 210 211 212 216 217 218 221 222 223 225 227 229 230 232 233 234 235 236 237 238 239 240 241 242 243 244 245 247 249 251 252 253 254 256 257 258 259 261 262 263 265 267 268 270 272 273 274 276 277 278 279 280 281 282 283 284 285 286 288 289 290 291 292 293 294 295 297 298 299 300 301 302 303 304 305 307 309 311 312 313 314 315 316 318 319 321 322 323 324 326 327 328 330 333 334 336 337 338 340 341 342 343 344 345 346 348 349 350 351 352 353 354 356 357 358 359 360 361 362 363 365 366 368 369 370 371 374 375 376 378 380 381 382 383 385 387 390 391 392 393 394 395 396 398 400 401 402 403 404 405 408 409 410 411 413 414 415 416 417 418 419 420 422 423 424 426 430 431 434 435 436 437 438 439 440 441 442 443 444 445 446 448 449 450 453 454 457 458 461 462 463 464 465 466 467 468 470 472 475 476 479 480 481 482 484 485 486 487 488 490 491 492 493 497 499
campaign,reference,500,14-0.75-M,7,87619,373,0 1 2 4 6 8 10 11 12 13 14 15 16 17 18 21 22 25 26 27 28 29 30 31 34 35 36 37 38 39 40 41 42 43 44 45 48 49 50 51 53 55 58 60 61 62 64 65 66 67 69 70 72 73 74 75 76 78 82 84 85 87 88 89 92 93 94 95 97 99 101 102 103 104 105 107 110 111 112 113 116 117 119 121 122 124 125 126 127 128 129 130 131 132 133 134 135 136 137 139 141 142 143 144 146 147 148 149 150 151 154 155 157 158 159 161 162 163 164 165 166 167 168 169 170 171 172 173 174 175 176 177 178 179 180 181 182 184 185 186 187 188 189 191 192 194 195 196 197 199 202 203 204 205 206 207 208 209 210 211 212 216 217 218 221 222 223 225 227 229 230 232 233 234 235 236 237 238 239 240 241 242 243 244 245 247 249 251 252 253 254 256 257 258 259 261 262 263 265 267 268 270 272 273 274 276 277 278 279 280 281 282 283 284 285 286 288 289 290 291 292 293 294 295 297 298 299 300 301 302 303 304 305 307 309 311 312 313 314 315 316 318 319 321 322 323 324 326 327 328 330 333 334 336 337 338 340 341 342 343 344 345 346 348 349 350 351 352 353 354 356 357 358 359 360 361 362 363 365 366 368 369 370 371 374 375 376 378 380 381 382 383 385 387 390 391 392 393 394 395 396 398 400 401 402 403 404 405 408 409 410 411 413 414 415 416 417 418 419 420 422 423 424 426 430 431 434 435 436 437 438 439 440 441 442 443 444 445 446 448 449 450 453 454 457 458 461 462 463 464 465 466 467 468 470 472 475 476 479 480 481 482 484 485 486 487 488 490 491 492 493 497 499
campaign,reference,500,14-0.75-M,8,87646,374,0 1 2 4 6 8 10 11 12 13 14 15 16 17 18 21 22 25 26 27 30 31 34 35 36 38 40 41 42 43 44 45 48 49 50 52 53 54 55 57 58 60 61 62 64 65 66 67 69 72 73 74 75 76 78 82 84 85 87 88 89 93 94 95 96 97 98 99 101 102 104 105 107 108 110 111 112 113 114 116 117 118 119 121 122 124 125 126 127 129 130 131 132 133 134 135 136 137 138 139 141 143 144 146 147 148 149 150 151 155 158 159 161 162 163 164 165 166 167 168 169 170 171 172 173 174 175 176 177 178 179 181 182 184 185 186 187 188 189 190 191 192 194 195 196 197 199 200 202 203 204 205 206 207 208 209 210 212 216 217 218 221 222 223 225 227 228 229 230 232 233 234 235 236 237 238 239 240 241 242 243 244 245 247 249 251 252 253 254 256 257 259 261 262 263 264 265 266 267 268 270 272 273 274 276 277 278 279 280 281 282 283 284 285 286 288 289 290 291 292 293 294 295 297 298 299 300 301 302 303 304 305 307 309 311 312 313 314 315 316 318 319 321 322 323 324 326 327 328 330 333 334 336 337 338 340 341 342 343 344 345 346 348 349 350 351 352 353 354 355 356 357 358 359 360 361 362 363 365 366 368 369 370 371 374 375 376 378 380 381 382 383 385 387 390 391 392 393 394 395 396 397 398 400 401 402 403 404 405 408 409 410 411 413 414 415 416 417 418 419 420 422 423 424 426 430 431 434 435 436 437 438 439 440 441 442 443 444 445 446 448 449 450 453 454 457 458 461 463 464 465 466 467 468 470 471 472 475 476 479 480 481 482 484 485 486 487 488 490 491 492 493 497 499
campaign,reference,500,14-0.75-M,9,87605,374,0 1 2 4 6 8 10 11 12 13 14 15 17 18 21 22 25 26 27 30 31 34 35 36 38 40 41 42 43 44 45 46 48 49 50 52 53 55 57 58 60 61 62 64 65 66 67 69 70 72 73 74 75 76 78 82 84 85 87 88 89 92 93 94 95 96 97 99 100 101 102 104 105 107 108 110 111 112 113 116 117 118 119 121 122 124 125 126 127 129 130 131 132 133 134 135 136 137 139 141 142 143 144 146 147 148 149 150 151 155 157 158 159 161 162 163 164 165 166 167 168 169 170 171 172 173 174 175 176 177 178 179 181 182 184 185 186 187 188 189 190 191 192 194 195 196 197 199 202 203 204 205 206 207 208 209 210 212 216 217 218 221 222 223 225 227 228 229 230 231 232 233 234 235 236 237 238 239 240 241 242 243 244 245 247 249 251 252 253 254 256 257 259 261 262 263 265 266 267 268 270 272 273 274 276 277 278 279 280 281 282 283 284 285 286 288 289 290 291 292 293 294 295 297 298 299 300 301 302 303 304 305 307 309 311 312 313 314 315 316 318 319 321 322 323 324 326 327 328 330 333 334 336 337 338 339 340 341 342 343 344 345 346 348 349 350 351 352 353 354 356 357 358 359 360 361 362 363 365 366 368 369 370 371 374 375 376 378 380 381 382 383 385 387 390 391 392 393 394 395 396 397 398 400 401 402 403 404 405 408 409 410 411 413 414 415 416 417 418 419 420 422 423 424 426 430 431 434 435 436 437 438 439 440 441 442 443 444 445 446 448 449 450 453 454 457 458 461 462 463 464 465 466 467 468 471 472 475 476 479 480 481 484 485 486 487 488 490 491 492 493 494 497 499
campaign,reference,500,14-0.75-M,10,87636,374,0 1 2 4 6 8 10 11 12 13 14 15 17 18 21 22 25 26 27 30 31 34 35 36 38 40 41 42 43 44 45 46 48 49 50 51 52 53 54 55 58 60 61 62 64 65 66 67 69 70 72 73 74 75 76 77 78 82 84 85 87 88 89 92 93 94 95 96 97 98 99 101 102 104 105 107 108 110 112 113 116 117 119 121 122 124 125 126 127 129 130 131 132 133 134 135 136 137 139 141 142 143 144 146 147 148 149 150 151 155 157 158 159 161 162 163 164 165 166 167 168 169 170 171 172 173 174 175 176 177 178 179 180 181 182 184 185 186 187 188 189 191 192 194 195 196 197 199 202 203 204 205 206 207 208 209 210 211 212 216 217 218 221 222 223 225 227 228 229 230 232 233 234 235 236 237 238 239 240 241 242 243 244 245 247 248 249 251 252 253 254 256 259 261 262 263 264 265 266 267 268 270 272 273 274 276 277 278 279 280 281 282 283 284 285 286 288 289 290 291 292 293 294 295 297 298 299 300 301 303 304 305 307 309 311 312 313 314 315 316 318 319 321 322 323 324 326 327 328 330 333 334 336 337 338 339 340 341 342 343 344 345 346 348 349 350 351 352 353 354 356 357 358 359 360 361 362 363 365 366 368 369 370 371 374 375 376 378 379 380 381 382 383 385 387 390 391 392 393 394 395 396 398 400 401 402 403 404 405 408 409 410 411 413 414 415 416 417 418 419 420 422 423 424 426 430 431 434 435 436 437 438 439 440 441 442 443 444 445 446 448 449 450 453 454 457 458 461 464 465 466 467 468 470 471 472 473 475 476 479 480 481 482 484 485 486 487 488 490 491 492 493 497 499
campaign,reference,500,15-0.75-M,1,87857,374,0 2 4 6 8 10 11 12 13 14 15 16 17 18 19 21 22 23 24 25 26 27 28 30 31 32 34 35 36 37 38 40 41 42 43 44 45 46 48 49 50 52 53 55 57 61 62 64 65 66 67 68 69 70 72 73 74 75 76 78 83 84 85 87 88 89 93 94 95 97 99 101 102 103 104 105 107 108 110 111 112 113 114 116 117 119 121 122 125 126 127 128 129 130 131 132 133 134 135 136 137 139 140 141 142 144 146 147 148 149 150 151 154 155 156 158 162 163 164 165 166 167 168 169 170 171 172 173 174 175 176 178 179 181 182 184 185 186 188 189 190 191 193 194 195 196 197 199 200 203 204 205 206 208 209 210 211 212 214 216 221 222 223 225 226 227 228 229 230 232 233 234 235 236 237 238 239 240 241 242 244 247 249 250 251 252 253 254 257 259 261 262 263 265 267 268 269 270 272 273 274 276 277 278 280 281 282 283 284 285 286 288 289 290 292 293 294 295 296 297 298 299 300 301 303 304 305 307 309 310 311 312 313 314 315 316 318 319 321 322 323 324 326 327 328 330 333 334 336 337 338 339 340 341 342 343 344 345 346 348 349 350 351 352 353 354 355 356 357 359 360 361 363 364 365 368 369 370 371 372 374 375 376 377 379 380 381 382 383 387 388 389 390 391 392 393 394 396 398 399 400 401 402 403 404 405 406 408 411 413 414 416 417 418 419 420 422 423 424 426 429 430 431 434 435 436 437 438 439 440 441 442 444 445 446 448 449 450 453 454 456 457 458 459 461 464 465 466 467 468 470 471 472 474 475 476 478 479 480 481 482 484 485 486 487 488 490 491 492 493 494 495 497 499
campaign,reference,500,15-0.75-M,2,87976,374,0 2 4 6 7 8 10 11 12 13 14 15 16 17 18 19 21 22 23 25 26 27 30 31 32 34 35 36 37 38 40 41 42 43 44 45 48 49 50 51 52 53 55 57 61 62 64 65 66 67 68 69 70 72 73 74 75 76 77 78 83 84 85 87 88 89 93 94 95 97 99 101 102 103 105 107 108 110 111 112 113 114 116 117 118 119 121 122 125 126 127 128 129 130 131 132 133 134 135 136 137 139 140 141 142 144 146 147 148 149 150 151 154 155 156 158 159 162 163 164 165 166 167 168 169 170 171 172 173 174 175 176 178 179 181 182 184 185 186 187 188 189 191 193 194 195 196 197 199 200 203 204 205 206 208 209 210 211 212 214 216 221 222 223 225 227 228 229 230 232 233 234 235 236 237 238 239 240 241 242 244 247 249 250 251 252 253 254 257 259 261 262 263 265 267 268 269 270 272 273 274 276 277 278 280 281 282 283 284 285 286 288 289 290 291 292 293 294 295 296 297 298 299 300 301 303 304 305 307 309 310 311 312 313 314 315 316 318 319 321 322 323 326 327 328 330 333 334 336 337 338 339 340 341 342 343 344 345 346 348 349 350 351 352 354 356 357 359 360 361 363 364 365 366 368 369 370 371 372 374 375 376 379 380 381 382 383 385 387 388 389 390 391 392 393 394 396 398 400 401 402 403 404 405 406 408 411 413 414 416 417 418 419 420 422 423 424 426 429 430 431 434 435 436 437 438 439 440 441 442 443 444 445 446 448 449 450 452 453 454 456 457 458 459 461 462 464 465 466 467 468 470 472 474 475 476 478 479 480 481 482 484 485 486 487 488 490 491 492 493 494 495 497 499
campaign,reference,500,15-0.75-M,3,87965,374,0 2 4 6 7 10 12 13 14 15 16 17 18 19 21 22 23 24 25 26 27 28 30 31 32 34 35 36 37 38 40 41 42 43 44 45 46 48 49 50 51 53 55 57 61 62 64 65 66 67 68 69 72 73 74 75 76 78 83 84 85 87 88 89 93 94 95 96 97 99 101 102 103 104 105 107 108 110 111 112 114 116 117 119 121 122 125 126 127 128 129 130 131 132 133 134 135 136 137 139 140 141 142 144 146 147 148 149 150 151 152 154 155 156 158 159 162 163 164 165 166 167 168 169 170 171 172 173 174 175 176 178 179 181 182 184 185 186 187 188 189 191 193 194 195 196 197 199 200 202 203 204 205 206 208 209 210 211 212 216 221 222 223 225 226 227 228 229 230 232 233 234 235 236 237 238 239 240 241 242 244 247 249 250 251 252 253 254 257 259 261 262 263 265 267 268 269 270 272 273 274 276 277 278 280 281 282 283 284 285 286 287 288 289 290 291 292 293 294 295 296 297 298 299 301 303 304 305 307 309 310 311 312 313 314 315 316 318 319 321 322 323 324 326 327 328 330 332 333 334 336 337 338 339 340 341 342 343 344 345 346 348 349 350 351 352 353 354 355 356 357 359 360 363 364 365 366 368 369 370 371 374 375 376 379 380 381 382 383 387 388 389 390 391 392 393 394 396 398 400 401 402 403 404 405 406 408 409 411 413 414 416 417 418 419 420 422 423 424 426 429 430 431 434 435 436 437 438 439 440 441 442 443 444 445 446 448 449 450 453 454 456 457 458 459 461 462 464 465 466 467 468 470 472 474 475 476 478 479 480 481 482 484 485 486 487 488 490 491 492 493 495 497 499
campaign,reference,500,15-0.75-M,4,87932,374,0 2 4 6 10 11 12 13 14 15 16 17 18 19 21 22 23 24 25 26 27 30 31 32 34 35 36 37 38 40 41 42 43 44 45 48 49 50 51 53 55 57 58 60 61 62 64 65 66 67 68 69 70 72 73 74 75 76 78 83 84 85 87 88 89 93 94 95 96 97 99 101 102 103 104 105 107 108 110 111 112 114 116 117 118 119 121 122 125 126 127 128 129 130 131 132 133 134 135 136 137 139 140 141 142 144 146 147 148 149 150 151 152 153 154 155 156 158 159 162 163 164 165 166 167 168 169 170 171 172 173 174 175 176 178 179 181 182 184 185 186 188 189 191 193 194 195 196 197 199 200 203 204 205 206 208 209 210 211 212 214 216 217 221 222 223 224 225 226 227 228 229 230 232 233 234 235 236 237 238 239 240 241 242 244 247 249 250 251 253 254 257 259 261 262 263 265 267 268 269 270 272 273 274 276 277 278 280 281 282 283 284 285 286 288 289 290 291 292 293 294 295 296 297 298 299 301 303 304 305 307 309 311 312 313 314 316 318 319 321 322 323 324 326 327 328 330 333 334 336 337 338 339 340 341 342 343 344 345 346 348 349 350 351 352 353 354 355 356 357 359 360 363 364 365 366 368 369 370 371 372 374 375 376 379 380 381 382 383 385 387 388 389 390 391 392 393 394 396 398 400 401 402 403 404 405 406 408 411 413 414 416 417 418 419 420 422 423 424 426 429 430 431 434 435 436 437 438 439 440 441 442 443 444 445 446 448 449 450 452 453 454 456 457 458 459 461 464 465 466 467 468 470 472 474 475 476 478 479 480 481 482 484 485 486 487 488 490 491 492 493 495 497 499
campaign,reference,500,15-0.75-M,5,87945,374,0 2 4 6 7 8 10 12 13 14 15 17 18 19 21 22 23 25 26 27 28 30 31 32 34 35 36 37 38 40 41 42 43 44 45 48 49 50 52 53 55 57 60 61 64 65 66 67 68 69 70 73 74 75 76 77 78 83 84 85 87 88 89 93 94 95 97 99 100 101 102 105 107 108 110 112 113 114 116 117 118 119 121 122 124 125 126 127 128 129 130 131 132 133 134 135 136 137 139 140 141 142 144 146 147 148 149 150 151 152 154 155 156 158 159 162 163 164 165 166 167 168 169 170 171 172 173 174 175 176 178 179 181 182 184 185 186 187 188 189 191 193 194 195 196 197 199 200 203 204 205 206 208 209 210 211 212 214 216 221 222 223 225 226 227 228 229 230 232 233 234 235 236 237 238 239 240 241 242 244 247 249 250 251 253 254 257 259 261 262 263 265 267 268 269 270 272 273 274 276 277 278 280 281 282 283 284 285 286 287 288 289 290 291 292 293 294 295 296 297 298 299 301 303 304 305 307 309 310 311 312 313 314 315 316 318 319 321 322 323 324 326 327 328 330 333 334 336 337 338 339 340 341 342 343 344 345 346 348 349 350 351 352 353 354 356 357 359 360 361 363 364 365 366 368 369 370 371 374 375 376 378 379 380 381 382 383 385 387 388 389 390 391 392 393 394 396 397 398 400 401 402 403 404 405 406 408 411 413 414 415 416 417 418 419 420 422 423 424 426 429 430 431 434 435 436 437 438 439 440 441 442 443 444 445 446 448 449 450 452 453 454 456 457 458 459 461 462 464 465 466 467 468 470 472 474 475 476 478 479 480 482 484 485 486 487 488 490 491 492 493 494 495 499
campaign,reference,500,15-0.75-M,6,88002,374,0 2 4 6 7 10 11 12 13 14 15 17 18 19 21 22 23 25 26 27 28 30 31 32 34 35 36 37 38 40 41 42 43 44 45 46 48 49 50 53 55 57 61 62 64 65 66 67 68 69 70 72 73 74 75 76 77 78 83 84 85 87 88 89 93 94 95 96 97 99 100 101 102 104 105 107 108 110 112 113 114 116 117 119 121 122 124 125 126 127 128 129 130 131 132 133 134 135 136 137 139 140 141 142 144 146 147 148 149 150 151 152 154 155 156 158 159 162 163 164 165 166 167 168 169 170 171 172 173 174 175 176 178 179 181 182 184 185 186 188 189 190 191 193 194 195 196 197 199 200 203 204 205 206 208 209 210 211 212 216 221 222 223 225 226 227 228 229 230 232 233 234 235 236 237 238 239 240 241 242 244 247 249 250 251 253 254 257 259 261 262 263 265 267 268 270 272 273 274 276 277 278 280 281 282 283 284 285 286 288 289 290 291 292 293 294 295 296 297 298 299 301 303 304 305 307 309 310 311 312 313 314 315 316 318 319 320 321 322 323 324 326 327 328 330 332 333 334 336 337 338 339 340 341 342 343 344 345 346 348 349 350 351 352 353 354 355 356 357 359 360 361 363 364 365 366 368 369 370 371 374 375 376 377 378 379 380 381 382 383 387 388 389 390 391 392 393 394 396 398 399 400 401 402 403 404 405 406 408 411 413 414 416 417 418 419 420 422 423 424 426 429 430 431 434 435 436 437 438 439 440 441 442 443 444 445 446 448 449 450 452 453 454 456 457 458 459 461 462 464 465 466 467 468 470 472 474 475 476 478 479 480 482 484 485 486 487 488 490 491 492 493 495 499
campaign,reference,500,15-0.75-M,7,87967,374,0 2 4 6 7 8 10 11 12 13 14 15 16 17 18 19 21 22 23 25 26 27 30 31 32 34 35 36 37 38 40 41 42 43 44 45 46 48 49 50 53 55 57 58 61 62 65 66 67 68 69 70 72 73 74 75 76 77 78 83 84 85 87 88 89 93 94 95 97 99 101 102 103 105 107 108 110 111 112 113 114 116 117 118 119 121 122 125 126 127 128 129 130 131 132 133 134 135 136 137 139 140 141 142 144 146 147 148 149 150 151 152 153 154 155 156 158 159 162 163 164 165 166 167 168 169 170 171 172 173 174 175 176 178 179 181 182 184 185 186 187 188 189 191 193 194 195 196 197 199 200 202 203 204 205 206 208 209 210 211 212 216 221 222 223 225 226 227 228 229 230 232 233 234 235 236 237 238 239 240 241 242 244 247 249 250 251 252 253 254 257 259 261 262 263 265 267 268 269 270 272 273 274 276 277 278 280 281 282 283 284 285 286 288 289 290 291 292 293 294 295 296 297 298 299 301 303 304 305 307 309 310 311 312 313 314 315 316 318 319 321 322 323 324 326 327 328 330 333 334 336 337 339 340 341 342 343 344 345 346 348 349 350 351 352 353 354 355 356 357 359 360 363 364 365 366 368 369 370 371 374 375 376 379 380 381 382 383 385 387 388 389 390 391 392 393 394 396 398 400 401 402 403 404 405 406 408 409 411 413 414 416 417 418 419 420 422 423 424 426 427 429 431 434 435 436 437 438 439 440 441 442 444 445 446 448 449 450 452 453 454 456 457 458 459 461 465 466 467 468 470 471 472 474 475 476 478 479 480 481 482 484 485 486 487 488 490 491 492 493 494 495 497 499
campaign,reference,500,15-0.75-M,8,87966,374,0 2 4 6 10 11 12 13 14 15 16 17 18 19 21 22 23 24 25 26 27 30 31 32 34 35 36 37 38 40 41 42 43 44 45 46 48 49 50 52 53 55 57 60 61 62 64 65 66 67 68 69 70 72 73 74 75 76 77 78 83 84 85 87 88 89 93 94 95 96 97 99 100 101 102 104 105 107 108 110 111 112 113 114 116 117 118 119 121 122 125 127 128 129 130 131 132 133 134 135 136 137 139 140 141 142 144 146 147 148 149 150 151 152 154 155 156 158 159 162 163 164 165 166 167 168 169 170 171 172 173 174 175 176 178 179 181 182 184 185 186 188 189 191 193 194 195 196 197 199 200 203 204 205 206 208 209 210 211 212 216 221 222 223 225 226 227 228 229 230 232 233 234 235 236 237 238 239 240 241 242 244 247 249 250 251 252 253 254 257 259 261 262 263 265 267 268 269 270 272 273 274 276 277 278 280 281 282 283 284 285 286 288 289 290 292 293 294 295 296 297 298 299 300 301 303 304 305 307 309 311 312 313 314 315 316 318 319 321 322 323 324 326 327 328 330 333 334 336 337 338 339 340 341 342 343 344 345 346 348 349 350 351 352 353 354 355 356 357 359 360 363 364 365 368 369 370 371 374 375 376 377 379 380 381 382 383 387 388 389 390 391 392 393 394 396 398 399 400 401 402 403 404 405 406 408 411 413 414 416 418 419 420 422 423 424 426 427 429 430 431 434 435 436 437 438 439 440 441 442 443 444 445 446 448 449 450 452 453 454 456 457 458 459 461 464 465 466 467 468 470 471 472 474 475 476 478 479 480 481 482 484 485 486 487 488 490 491 492 493 494 495 497 499
campaign,reference,500,15-0.75-M,9,87933,374,0 2 4 6 10 11 12 13 14 15 16 17 18 19 20 21 22 23 24 25 26 27 30 31 32 34 35 36 37 38 40 41 42 43 44 45 46 48 49 50 52 53 55 57 61 62 64 65 66 67 68 69 70 72 73 74 75 76 78 83 84 85 87 88 89 93 94 95 96 97 99 101 102 105 107 108 110 111 112 113 114 116 117 118 119 121 122 124 125 126 127 128 129 130 131 132 133 134 135 136 137 139 140 141 142 144 146 147 148 149 150 151 152 154 155 156 158 159 162 163 164 165 166 167 168 169 170 171 172 173 174 175 176 178 179 181 182 184 185 186 188 189 191 193 194 195 196 197 199 200 203 204 205 206 208 209 210 211 212 214 216 221 222 223 225 226 227 228 229 230 232 233 234 235 236 237 238 239 240 241 242 244 247 249 250 251 252 253 254 257 259 261 262 263 265 267 268 269 270 272 273 274 276 277 278 280 281 282 283 284 285 286 287 288 289 290 291 292 293 294 295 296 297 298 299 300 301 303 304 305 307 309 310 311 312 313 314 316 318 319 321 322 323 324 326 327 328 330 333 334 336 337 338 339 340 341 342 343 344 345 346 348 349 350 351 352 353 354 355 356 357 359 360 363 364 365 368 369 370 371 374 375 376 379 380 381 382 383 387 388 389 390 391 392 393 394 396 398 399 400 401 402 403 405 406 408 411 412 413 414 416 417 418 419 420 422 423 424 426 429 430 431 434 435 436 437 438 439 440 441 442 443 444 445 446 448 449 450 452 453 454 456 457 458 459 461 464 465 466 467 468 470 472 474 475 476 478 479 480 481 482 484 485 486 487 488 490 491 492 493 494 495 497 499
campaign,reference,500,15-0.75-M,10,87975,373,0 2 4 6 8 10 11 12 13 14 15 16 17 18 19 21 22 23 24 25 26 27 28 30 31 32 34 35 36 38 40 41 42 43 44 45 46 48 49 50 52 53 55 57 58 60 61 62 65 66 67 68 69 70 73 74 75 76 77 78 83 84 85 87 88 89 93 94 95 97 99 101 102 104 105 107 108 110 112 113 114 116 117 118 119 121 122 125 126 127 128 129 130 131 132 133 134 135 136 137 139 140 141 142 144 146 147 148 149 150 151 152 154 155 156 158 159 162 163 164 165 166 167 168 169 170 171 172 173 174 175 176 178 179 181 182 184 185 186 188 189 191 193 194 195 196 197 199 200 203 204 205 206 208 209 210 211 212 216 217 221 222 223 225 226 227 228 229 232 233 234 235 236 237 238 239 240 241 242 244 247 249 250 251 252 253 254 257 259 261 262 263 265 267 270 272 273 274 276 277 278 280 281 282 283 284 285 286 288 289 290 291 292 293 294 295 296 297 298 299 300 301 303 304 305 306 307 309 311 312 313 314 315 316 318 319 321 322 323 324 326 327 328 330 333 334 336 337 338 339 340 341 342 343 344 345 346 348 349 350 351 352 353 354 355 356 357 359 360 363 364 365 366 368 369 370 371 374 375 376 377 379 380 381 382 383 385 387 388 389 390 391 392 393 394 396 398 399 400 401 402 403 404 405 406 408 411 413 414 415 416 417 418 419 420 422 423 424 426 429 430 431 434 435 436 438 439 440 441 442 443 444 445 446 448 449 450 453 454 456 457 458 459 461 462 463 464 465 466 467 468 470 472 474 475 476 478 479 480 481 482 484 485 486 487 488 490 491 492 493 494 495 499
campaign,reference,1000,1-0.25-P,1,161527,251,0 2 6 8 16 17 18 19 21 23 25 50 55 56 62 64 69 70 74 76 77 81 85 92 98 99 102 113 114 118 121 122 125 126 130 135 145 147 148 154 158 159 167 168 177 179 180 188 191 195 198 199 200 206 208 209 213 219 226 229 233 240 241 242 245 254 261 262 268 278 282 283 286 302 304 309 316 317 321 329 332 333 334 337 345 349 350 351 353 358 363 365 373 375 380 385 387 389 390 392 396 399 401 402 413 417 422 424 427 428 431 432 437 440 445 452 455 457 460 463 466 471 475 476 480 483 492 501 507 512 513 515 516 523 531 535 536 538 539 540 543 552 570 572 574 582 585 589 591 606 608 614 622 623 626 627 631 633 634 645 646 650 655 661 664 671 673 686 695 699 700 702 704 707 709 720 728 732 742 745 748 749 756 760 761 765 770 776 780 785 787 793 798 800 801 804 806 807 808 812 823 828 836 837 838 841 842 852 855 857 858 866 867 869 871 874 878 881 882 891 897 899 901 903 904 905 908 911 913 917 919 926 933 940 942 950 951 954 958 959 961 962 971 973 977 980 981 984 987 988 999
campaign,reference,1000,1-0.25-P,2,161811,252,0 6 8 10 15 18 21 23 24 25 29 44 50 55 56 58 62 64 68 69 74 77 78 81 85 92 98 99 101 102 106 114 118 121 125 130 135 138 147 148 151 154 156 158 162 163 166 167 168 178 179 188 189 195 198 199 206 207 208 209 213 219 221 226 229 240 241 242 245 256 262 268 278 280 282 283 302 304 309 316 317 321 332 333 334 337 339 345 349 350 351 353 363 365 373 375 380 386 387 389 390 392 396 401 402 413 417 422 424 427 428 431 439 440 446 447 452 455 457 460 463 466 475 476 494 501 503 507 512 513 515 516 518 523 525 531 535 536 538 540 543 552 559 570 572 574 585 589 591 602 614 620 622 623 626 627 631 633 634 645 646 650 655 661 664 671 673 686 695 699 700 702 705 707 709 720 724 727 730 732 738 742 745 748 749 756 760 761 765 768 770 776 780 785 787 792 798 800 801 804 806 807 808 812 819 823 825 828 836 837 841 842 847 852 855 858 866 867 869 871 874 878 881 882 883 891 897 899 901 903 904 905 908 911 917 919 926 933 940 942 950 951 958 959 961 962 971 973 977 984 988 999
campaign,reference,1000,1-0.25-P,3,161955,252,0 6 8 10 15 17 21 23 24 25 29 50 55 56 59 64 68 69 74 76 77 78 85 92 98 99 101 102 113 114 118 121 122 125 126 130 135 138 145 147 148 154 156 158 163 167 168 172 177 178 179 180 188 191 195 199 206 208 209 213 218 219 221 226 229 240 241 242 245 249 254 256 262 268 280 282 283 293 302 304 308 309 317 321 332 333 334 337 345 349 350 351 353 358 363 365 373 375 378 380 385 389 390 392 396 401 402 413 417 422 424 427 431 432 440 452 455 457 460 463 466 475 476 494 501 503 507 512 513 515 516 523 525 531 535 536 538 540 543 552 570 572 574 585 589 591 602 606 608 614 620 622 623 626 627 631 633 634 645 646 650 655 661 664 668 671 673 686 687 695 699 700 702 705 707 709 720 727 728 732 738 742 745 748 749 756 760 761 768 770 776 780 785 787 792 793 800 801 806 807 808 812 823 825 828 836 838 841 842 852 855 858 866 867 869 871 874 878 881 882 891 897 898 899 901 902 903 904 905 908 911 913 917 919 926 932 933 940 942 950 951 958 959 961 962 971 973 977 984 987 988 999
campaign,reference,1000,1-0.25-P,4,161863,252,0 6 8 15 16 19 21 23 24 25 29 50 55 56 59 62 63 64 68 69 74 76 77 78 80 81 88 98 102 114 118 121 122 125 126 130 135 147 148 150 154 158 167 168 172 177 179 180 189 191 195 198 199 208 209 213 218 219 221 226 229 233 240 241 242 245 249 256 261 262 268 278 280 283 288 290 302 304 309 316 317 319 321 331 332 333 334 337 339 345 349 350 351 353 363 365 373 375 380 385 387 389 390 392 396 401 402 403 413 417 424 427 428 431 440 442 447 452 455 457 460 463 466 475 476 480 483 489 492 493 507 512 513 515 516 523 525 531 535 536 538 540 543 552 570 572 574 585 589 591 606 614 620 622 623 626 627 631 633 634 645 646 650 655 661 664 671 673 686 695 699 700 702 707 709 717 720 728 730 732 738 742 745 748 756 760 761 765 768 770 776 780 785 786 787 792 798 800 801 804 806 808 812 823 828 836 837 838 841 852 855 858 866 867 869 871 874 878 881 882 883 891 897 898 899 900 902 903 904 908 911 917 919 926 932 933 939 940 942 950 951 958 959 961 971 973 977 980 984 987 988 999
campaign,reference,1000,1-0.25-P,5,161703,251,0 8 15 16 18 19 21 23 25 29 43 50 55 56 62 63 64 69 70 74 76 77 81 85 88 92 98 99 102 103 114 118 121 122 125 126 130 135 145 147 148 154 158 159 167 168 172 178 179 180 188 191 195 198 199 206 208 209 213 219 226 229 233 240 241 242 245 249 254 261 262 268 278 280 283 302 304 309 313 316 317 321 332 337 345 349 350 351 353 358 365 373 375 380 387 389 390 392 396 401 402 413 417 422 424 428 431 440 442 445 452 455 457 460 463 466 475 476 480 489 493 501 512 513 515 516 523 525 531 535 536 538 539 540 543 556 559 560 570 572 574 585 589 591 602 608 612 614 620 622 623 626 627 631 633 634 645 646 650 655 661 664 671 673 685 686 695 699 700 702 707 709 716 717 720 728 730 732 738 742 745 748 749 760 761 765 768 770 776 780 785 787 792 793 798 800 801 804 806 807 808 812 823 828 836 837 838 841 852 855 858 866 867 869 871 874 878 881 882 887 891 897 898 899 900 901 903 904 905 908 911 913 919 926 933 939 940 950 951 958 959 961 962 971 973 977 980 984 987 988 999
campaign,reference,1000,2-0.25-P,1,135501,252,8 10 13 18 23 37 40 46 47 56 62 66 71 73 75 76 83 85 86 98 102 108 109 111 115 117 121 124 128 135 146 148 152 154 161 166 168 176 178 179 181 190 191 201 208 211 215 217 227 233 240 243 246 253 257 259 262 263 268 277 279 281 283 290 292 299 300 305 306 310 316 319 320 321 322 329 349 352 357 358 361 365 372 376 378 379 388 389 390 401 402 406 411 415 418 419 421 424 425 428 429 456 466 470 471 472 473 493 494 500 501 511 514 515 516 520 524 530 533 535 548 556 558 559 560 561 563 566 574 582 583 585 590 599 600 602 607 611 612 619 620 623 628 631 637 640 649 650 654 659 670 674 678 687 694 705 707 709 712 724 725 727 732 738 739 746 747 748 754 755 759 760 768 769 770 771 776 777 779 780 782 791 794 795 796 797 802 803 804 811 813 814 816 821 822 823 824 827 838 841 842 843 848 849 850 854 856 865 867 872 882 885 886 891 900 901 905 908 910 911 917 920 921 922 923 924 928 930 931 934 941 948 952 956 962 963 966 967 969 970 971 973 974 977 981 983 988 990 991 994 997 998
campaign,reference,1000,2-0.25-P,2,135588,252,10 11 13 16 23 36 37 39 44 47 54 56 60 62 65 66 70 71 73 75 76 83 88 95 102 109 111 117 121 124 128 132 135 144 146 148 152 154 155 160 161 166 168 176 179 186 187 190 191 192 199 201 208 209 215 217 223 224 227 233 240 242 243 246 253 257 259 262 263 268 277 281 283 290 292 299 300 305 306 316 320 321 322 329 334 349 352 357 358 361 376 378 384 385 386 388 389 390 401 402 403 406 411 418 419 421 428 429 431 441 454 456 460 462 466 470 471 472 494 500 501 510 511 514 515 516 520 524 525 530 535 548 551 558 559 563 566 574 581 582 583 585 590 596 599 600 607 611 612 624 626 628 631 640 649 650 654 659 670 677 678 687 701 703 707 709 724 725 727 728 730 731 732 738 739 741 748 754 755 759 760 767 768 769 770 771 774 776 777 778 779 782 785 791 794 795 797 803 804 808 814 816 821 822 827 838 841 842 843 849 851 854 856 867 872 882 885 886 891 900 905 911 914 917 919 920 921 922 923 929 930 931 934 941 948 962 963 966 970 973 974 977 978 981 984 985 988 990 991 994 997 998
campaign,reference,1000,2-0.25-P,3,135485,252,10 11 13 16 18 23 36 37 40 41 46 47 50 54 56 62 66 70 73 75 76 102 108 111 117 118 121 124 132 135 146 148 152 154 160 161 166 168 176 179 186 187 190 200 201 209 211 215 217 223 227 231 232 233 237 240 243 246 253 257 259 262 263 268 276 277 281 283 286 290 292 296 298 300 305 306 309 316 320 321 322 329 349 352 357 358 361 365 372 376 378 384 385 386 388 389 390 401 402 406 411 418 419 421 425 426 428 429 431 434 439 454 456 466 470 471 472 493 494 500 511 514 515 516 518 520 530 533 535 545 548 549 550 558 559 560 563 566 574 582 583 585 590 596 599 607 611 612 619 624 628 631 637 640 649 650 659 664 670 674 677 678 687 696 707 709 712 714 724 725 727 730 731 732 739 747 748 754 755 759 760 763 767 768 769 770 771 774 776 777 779 782 791 794 795 796 797 799 802 804 813 821 822 824 835 838 841 842 843 848 854 856 859 867 872 882 885 886 890 891 900 905 908 911 914 917 920 921 922 923 924 930 931 934 941 948 962 963 964 966 967 970 971 973 977 982 988 990 991 994 997 998
campaign,reference,1000,2-0.25-P,4,135579,252,5 10 18 23 37 39 40 44 46 47 56 62 65 66 70 71 73 75 76 83 86 102 108 109 110 111 117 121 124 127 132 135 144 146 148 152 154 156 160 161 166 168 176 179 186 187 190 201 208 209 211 215 217 223 227 231 233 240 242 243 246 253 257 259 262 263 268 276 277 278 279 281 283 290 292 296 300 305 306 316 319 320 321 322 323 329 334 352 356 357 358 361 365 372 376 378 384 386 388 389 390 402 406 418 419 421 424 425 426 428 429 431 439 441 454 456 460 466 471 472 473 493 494 495 500 501 511 514 515 516 518 520 524 530 533 535 545 548 549 551 558 559 563 566 567 574 582 583 585 590 596 599 600 602 607 611 612 628 629 631 637 640 649 650 654 659 661 670 678 687 694 707 709 724 725 727 730 732 738 739 741 747 748 754 755 759 760 768 769 770 771 774 776 777 779 780 782 791 792 794 795 796 797 803 804 808 813 821 822 823 838 841 842 843 849 850 854 856 858 865 867 876 882 885 886 891 899 900 905 911 917 920 922 923 930 931 934 962 963 966 970 971 973 974 977 981 988 990 991 994 997 998
campaign,reference,1000,2-0.25-P,5,135728,253,10 11 13 16 18 23 37 39 40 46 47 56 62 70 73 75 76 83 85 86 102 108 109 111 117 121 124 128 132 135 144 146 148 152 154 159 160 161 166 168 176 179 187 190 191 193 201 208 209 211 215 217 223 227 231 233 235 240 243 248 253 257 259 262 263 268 277 279 281 283 290 292 296 300 305 306 316 320 321 322 329 340 349 352 357 358 361 365 376 378 379 386 388 389 390 401 402 403 406 418 419 421 424 426 429 454 456 462 466 470 471 472 493 494 500 511 514 515 516 520 524 525 530 535 548 551 558 559 563 566 574 575 576 582 583 585 586 590 596 600 602 607 611 612 620 628 629 631 637 640 649 650 654 659 664 670 674 677 678 687 693 698 707 709 724 725 727 732 738 739 746 748 754 755 759 760 762 767 768 769 770 771 774 776 777 779 782 785 789 791 794 795 796 797 803 804 806 811 814 816 821 822 824 838 841 842 843 849 854 856 862 865 867 869 872 882 885 886 890 891 894 900 905 911 917 920 921 922 928 930 931 934 941 948 949 962 963 964 966 967 970 971 973 974 977 981 985 988 990 991 994 997 998
campaign,reference,1000,3-0.25-P,1,149458,252,4 14 17 21 25 27 31 37 39 53 55 57 59 60 62 63 67 69 70 71 75 76 90 100 104 109 115 116 117 125 127 129 132 137 150 151 155 157 172 176 177 178 179 187 188 189 190 192 199 200 216 219 222 224 228 230 235 237 240 244 248 251 252 254 260 262 263 264 272 276 278 281 284 291 293 299 301 303 309 331 345 352 353 357 365 369 374 376 381 384 385 393 397 402 407 408 409 418 423 425 430 431 444 451 452 454 456 460 462 464 465 479 483 500 502 504 510 516 526 529 533 535 536 547 549 551 558 560 563 572 573 577 581 583 586 599 601 604 605 615 618 619 625 629 632 638 643 646 647 656 666 669 671 674 680 686 689 692 696 698 702 703 704 710 712 714 715 725 731 733 737 738 739 746 748 753 754 756 758 760 762 763 764 766 771 772 773 776 777 781 791 794 798 803 804 815 819 820 828 831 833 835 840 841 843 846 852 856 857 863 867 870 872 873 874 881 885 886 891 894 899 903 904 906 910 913 915 916 918 920 923 928 929 931 932 937 945 946 956 959 960 966 969 974 979 980 985 993 994 996 997 999
campaign,reference,1000,3-0.25-P,2,149329,252,4 14 17 21 25 27 31 36 37 39 40 55 57 59 60 62 63 67 69 70 75 77 78 85 90 95 104 115 116 117 123 125 127 129 144 151 155 158 159 177 178 179 185 188 189 190 192 199 200 216 219 222 224 228 230 235 237 239 240 244 248 252 254 260 262 263 272 276 278 281 282 284 289 293 299 300 301 303 309 331 345 353 357 369 374 376 381 382 384 385 393 396 397 398 401 402 407 408 409 418 423 425 431 432 444 445 451 452 454 456 458 460 462 464 465 469 479 483 487 502 504 526 529 533 535 536 549 551 558 560 563 566 573 581 583 589 591 599 601 604 605 611 615 618 625 628 629 632 638 642 644 646 647 656 666 674 680 689 692 698 703 704 710 712 714 715 719 721 725 731 733 737 738 739 746 747 753 754 756 758 760 762 763 764 766 772 773 776 781 794 796 798 804 815 819 820 824 828 831 833 835 840 843 848 856 857 863 866 867 870 872 874 881 885 886 887 890 892 894 896 899 903 904 906 913 915 916 918 920 923 925 928 929 931 932 937 939 945 946 956 960 966 969 974 977 979 983 985 991 993 994 999
campaign,reference,1000,3-0.25-P,3,149052,251,4 14 17 25 27 31 36 39 43 55 57 59 60 62 63 67 69 70 71 75 76 77 90 100 104 115 116 117 123 125 127 129 137 151 155 158 172 177 178 179 188 189 190 192 199 210 216 219 222 224 228 230 235 237 238 239 240 244 248 251 254 260 262 263 264 265 272 278 279 281 282 293 299 301 303 305 309 331 344 345 352 353 357 369 374 376 378 381 382 384 385 393 396 397 398 402 407 408 409 418 420 423 425 430 431 444 451 452 456 458 460 462 464 465 469 480 483 487 502 504 516 526 531 533 535 536 549 551 552 558 560 563 566 573 577 581 583 587 599 601 604 605 611 615 618 625 628 632 638 642 646 647 656 666 674 680 686 689 692 696 698 703 714 719 721 722 725 731 733 738 739 746 747 748 753 754 756 758 760 762 763 764 766 771 772 773 776 777 780 781 791 794 798 803 804 815 819 820 828 831 833 835 840 841 843 852 856 857 863 867 870 872 874 885 886 887 892 894 896 903 904 906 913 915 916 920 923 927 928 929 931 937 939 944 945 946 956 960 965 966 969 974 979 980 985 991 993 994 996 997 999
campaign,reference,1000,3-0.25-P,4,149186,251,4 14 17 25 31 33 37 39 53 57 59 60 61 62 63 67 69 70 71 75 76 77 100 104 115 116 117 125 127 129 132 137 151 155 158 159 166 172 176 177 178 179 185 186 189 190 192 199 200 216 219 222 224 230 235 237 239 240 244 248 251 252 253 254 257 262 263 272 274 276 278 281 282 284 293 299 301 303 309 331 334 345 349 353 357 361 365 369 376 381 382 385 389 393 397 398 402 407 408 409 413 418 423 427 431 432 444 445 451 452 456 458 460 464 465 469 479 483 487 502 504 505 516 526 529 533 535 549 551 558 560 573 581 583 587 599 601 603 604 605 611 615 618 625 628 632 638 642 643 644 646 647 656 666 671 674 680 686 691 692 696 703 704 710 714 719 721 725 731 733 737 738 739 746 747 753 754 756 760 762 763 764 766 771 772 773 776 777 780 781 794 796 798 803 804 815 819 820 824 831 833 835 840 841 843 846 847 852 856 857 863 866 867 870 872 873 874 881 885 886 887 891 894 899 903 904 906 909 913 915 916 918 920 923 928 931 932 939 945 946 956 960 969 974 975 979 980 983 985 997 999
campaign,reference,1000,3-0.25-P,5,149413,252,4 14 17 21 25 27 31 33 37 39 57 59 60 61 62 63 66 67 69 70 71 75 77 90 95 100 104 115 116 117 125 127 129 132 151 158 172 177 179 188 189 190 192 199 216 219 222 224 228 230 235 237 239 240 244 248 251 252 254 260 262 263 272 276 278 281 282 291 293 299 301 303 309 331 345 352 353 357 369 371 376 381 382 384 385 393 396 397 398 401 402 407 408 409 418 423 425 430 431 442 444 451 452 456 458 460 464 465 469 470 479 483 502 504 516 526 529 535 536 543 549 551 552 558 560 563 566 573 577 581 583 586 587 591 599 601 604 605 615 618 625 628 629 632 638 642 644 646 656 666 671 674 680 688 689 692 698 702 703 710 712 714 721 722 725 731 733 737 738 739 742 746 747 753 754 756 758 760 762 763 764 766 772 773 776 777 781 791 794 798 800 803 804 815 819 820 828 831 833 840 841 843 846 852 854 856 857 863 866 870 872 873 874 881 885 886 887 891 894 896 899 903 904 906 910 913 915 916 918 920 923 925 928 929 931 932 945 946 956 960 966 969 974 977 979 980 983 985 993 994 997 999
campaign,reference,1000,4-0.25-P,1,137824,251,0 2 5 12 15 22 25 27 29 35 44 45 48 51 58 63 65 68 70 71 75 82 90 91 95 97 100 102 110 113 126 128 144 148 150 156 159 160 178 186 190 191 192 200 201 208 210 212 213 215 223 224 225 229 233 235 237 238 241 244 262 267 269 271 278 279 281 285 286 288 298 302 303 305 306 307 309 320 323 326 329 330 332 334 341 342 351 352 354 357 361 367 371 372 377 379 381 383 387 389 390 392 393 396 398 400 402 404 408 409 411 416 418 421 423 424 426 429 430 434 436 452 460 461 462 464 465 472 486 495 496 497 500 509 513 515 519 520 523 526 527 529 535 542 544 549 555 556 557 559 561 564 566 572 573 577 581 582 586 591 592 593 595 606 610 616 620 623 624 633 646 650 651 652 654 661 662 663 666 667 668 677 678 682 689 696 697 699 701 704 716 719 720 721 722 724 740 745 747 753 760 767 769 776 787 791 793 816 818 828 831 833 835 836 839 840 849 852 862 873 874 882 884 888 891 894 896 897 902 904 915 918 920 924 927 929 931 940 946 948 950 952 954 955 963 964 972 980 984 990 992
campaign,reference,1000,4-0.25-P,2,137310,251,0 2 5 15 22 27 29 35 44 48 51 58 63 68 70 71 75 82 91 95 97 100 102 110 113 126 128 129 144 148 150 159 160 178 189 190 191 192 200 201 208 212 213 215 224 225 229 233 234 235 237 238 239 244 262 267 269 271 278 279 285 286 288 302 303 306 307 309 320 326 329 330 332 334 335 341 342 344 351 353 361 367 371 372 377 379 381 383 387 389 390 392 393 394 396 398 400 402 404 409 410 416 418 423 424 426 429 430 434 436 459 461 462 464 472 486 495 496 497 499 500 501 509 513 519 520 522 523 526 529 535 542 544 555 556 557 564 566 572 573 577 578 581 582 584 586 587 591 592 593 595 600 606 610 616 620 623 624 633 646 650 651 652 654 662 663 666 667 668 669 677 678 682 683 689 691 693 696 697 699 712 716 720 721 722 724 727 730 735 740 745 747 748 752 755 760 761 767 769 776 785 787 791 793 807 816 818 820 828 831 833 835 836 839 840 849 852 862 867 873 874 882 891 894 896 897 902 904 910 915 918 920 921 924 931 936 937 940 946 948 950 952 954 955 963 972 980 984 990 992 996
campaign,reference,1000,4-0.25-P,3,137467,251,0 2 5 12 15 22 27 29 31 35 42 44 48 51 58 63 65 68 70 71 75 84 91 95 97 100 102 110 113 126 129 148 156 159 160 162 178 181 190 191 192 196 200 201 208 210 213 215 223 224 225 227 229 234 235 237 238 239 241 244 249 262 267 269 271 278 279 285 286 288 291 302 303 305 306 307 309 315 320 326 330 332 334 335 341 342 351 353 354 361 367 369 371 377 379 381 383 387 389 390 392 393 396 398 400 402 404 405 411 412 417 423 429 430 434 436 452 459 460 461 462 464 472 476 495 496 497 499 500 501 505 509 513 515 519 520 522 523 526 527 529 535 542 544 549 550 555 556 557 559 561 564 566 572 575 577 581 582 586 591 593 595 600 602 606 610 616 620 623 633 651 654 661 662 666 668 677 678 682 683 689 693 696 697 699 712 716 720 721 722 724 728 730 735 740 745 747 748 755 769 776 780 785 787 791 793 799 816 818 828 831 833 835 839 840 849 852 862 867 873 874 884 888 891 894 896 897 902 915 918 920 924 927 929 931 933 940 946 948 950 952 954 963 964 972 980 984 989 990 992 994
campaign,reference,1000,4-0.25-P,4,137584,251,0 2 5 8 12 15 22 25 27 29 35 44 45 48 51 58 63 65 68 70 71 75 82 91 95 97 100 102 105 110 113 126 148 150 156 160 178 180 190 191 192 194 196 200 208 210 212 213 215 223 224 225 229 233 234 235 237 238 239 241 244 262 267 269 271 278 279 280 285 286 288 298 301 302 303 306 307 309 320 326 329 330 332 334 341 342 351 353 354 367 372 377 379 381 383 387 389 390 392 393 396 398 400 402 404 409 410 411 416 422 423 424 426 430 434 436 452 459 461 462 464 472 496 497 500 509 513 515 519 520 523 526 527 529 532 535 542 544 550 555 556 557 559 561 564 566 572 577 578 581 582 586 591 593 595 600 606 609 610 613 616 620 623 624 633 646 650 651 654 661 662 663 666 667 668 669 677 678 682 689 693 696 697 699 702 704 709 712 716 718 720 721 722 724 725 728 735 740 745 747 748 760 767 769 776 787 789 791 796 797 818 828 831 833 835 836 839 840 849 852 862 867 873 874 882 891 894 897 899 902 915 918 920 924 927 931 933 940 946 948 950 952 954 955 963 964 972 980 984 992 995
campaign,reference,1000,4-0.25-P,5,137463,251,2 5 12 15 22 25 26 27 29 35 44 45 48 51 55 58 63 65 68 70 71 75 82 83 91 97 100 102 105 110 113 126 150 156 159 160 162 164 178 180 185 190 191 192 194 200 201 208 213 215 223 224 225 229 233 235 237 239 244 262 267 269 278 279 281 285 286 288 298 302 306 307 309 320 326 329 330 332 334 341 342 344 351 353 354 367 371 372 377 379 381 383 387 389 390 392 393 396 398 400 402 404 409 416 417 422 423 424 426 430 434 436 444 452 459 461 462 464 472 495 496 497 500 501 509 513 515 519 520 522 523 526 527 529 535 542 544 549 550 555 556 557 559 561 564 566 572 577 578 581 582 586 591 592 593 595 600 606 610 620 623 624 633 650 651 652 654 661 665 666 667 668 677 678 682 689 691 693 696 697 699 704 712 716 720 721 722 724 725 727 728 730 735 740 745 747 748 753 755 760 767 769 776 787 793 796 818 827 828 831 833 835 836 839 840 849 852 862 873 874 882 884 888 891 894 897 910 915 918 920 924 927 929 931 933 937 940 946 950 952 954 955 963 964 972 980 984 989 992 994 997
campaign,reference,1000,5-0.25-P,1,145224,253,10 17 18 30 34 36 48 56 58 61 66 69 70 71 82 86 87 90 92 93 99 100 101 109 110 112 116 118 122 123 125 134 135 138 140 141 146 150 153 156 157 158 159 166 173 174 178 186 188 194 198 204 205 207 208 212 215 223 226 228 231 232 236 240 247 254 258 259 261 262 278 281 292 297 300 301 304 306 307 308 309 314 316 317 318 324 328 329 331 335 336 338 340 341 344 353 354 357 359 360 370 388 391 395 400 402 403 406 411 412 413 423 424 427 430 432 438 439 446 448 450 453 460 461 463 464 469 471 482 485 487 491 496 497 498 499 505 506 513 514 515 517 519 535 536 544 545 546 550 553 558 579 584 585 587 588 608 613 616 618 620 624 625 626 629 630 631 632 639 644 645 660 668 669 677 680 686 687 688 693 696 708 709 710 725 732 735 736 739 740 748 749 750 754 758 764 768 771 773 777 782 783 793 797 802 803 806 807 810 812 821 823 825 835 842 843 850 851 854 855 856 860 867 871 872 878 880 882 885 890 895 896 898 904 906 908 931 936 947 948 951 953 954 957 966 970 971 973 982 992 993 996 999
campaign,reference,1000,5-0.25-P,2,144916,252,10 17 18 30 34 36 46 55 56 60 61 66 69 70 71 86 87 90 92 93 99 100 101 109 110 112 116 118 122 123 125 134 135 138 140 141 146 150 153 156 157 158 159 160 166 171 173 174 178 186 188 194 205 207 208 215 226 228 232 236 240 243 247 254 258 259 262 267 268 278 283 284 291 292 295 297 298 300 301 304 306 308 309 314 316 317 318 324 328 329 335 336 338 340 341 353 354 359 360 370 378 380 391 395 400 402 403 406 411 412 422 423 424 427 438 446 453 460 461 463 464 469 471 479 482 485 487 491 493 496 497 498 499 500 505 506 514 515 517 519 520 527 528 531 535 544 545 546 550 551 553 558 559 567 579 584 585 587 588 607 608 609 616 618 620 625 626 629 631 632 639 644 645 656 660 669 677 687 688 693 694 704 708 709 710 724 725 732 735 736 738 739 740 748 749 750 754 764 768 773 776 777 780 783 793 797 802 803 806 807 810 812 821 823 825 826 835 842 850 851 852 854 855 856 860 867 872 875 878 880 882 885 890 896 898 904 906 908 924 931 936 947 948 951 953 957 966 970 971 979 993 994
campaign,reference,1000,5-0.25-P,3,144940,252,10 17 18 30 34 36 38 46 48 55 56 60 61 69 70 71 86 87 90 92 93 99 100 101 109 110 112 116 118 125 134 135 138 140 146 150 153 156 157 158 159 161 178 186 188 191 204 205 207 215 223 226 228 232 236 240 243 247 254 258 259 261 267 268 278 292 297 300 301 304 306 309 314 316 317 318 324 328 329 334 335 336 338 340 341 344 354 355 357 359 360 370 378 388 391 395 397 400 402 403 406 411 412 423 424 427 436 438 439 453 459 460 461 463 464 469 471 472 477 479 482 485 487 491 496 497 499 505 513 514 515 517 519 527 528 531 535 536 544 545 546 550 551 553 558 559 579 585 587 588 607 608 613 616 620 624 625 626 629 631 632 644 645 656 660 668 669 677 680 686 687 688 693 696 704 706 707 708 709 710 724 725 732 735 736 739 740 748 749 750 751 754 764 765 768 771 773 777 783 793 802 803 806 807 810 812 821 823 825 826 829 831 835 842 843 850 851 854 856 859 860 867 870 872 875 878 880 882 885 890 895 898 904 906 908 909 931 936 947 948 951 953 957 966 970 971 972 979 982 992 993 999
campaign,reference,1000,5-0.25-P,4,145017,252,10 17 18 30 34 36 46 48 55 56 60 61 66 69 70 71 86 87 90 92 93 99 100 101 109 110 112 116 125 134 135 138 140 141 146 150 153 156 157 158 159 164 166 173 174 178 186 188 204 205 207 212 215 223 226 228 232 236 240 243 247 254 258 259 261 262 278 281 284 291 292 297 300 301 306 308 309 314 316 317 318 324 325 328 329 335 336 338 340 341 344 353 354 359 360 370 374 378 388 391 397 400 402 403 406 411 412 422 424 427 430 432 438 446 453 459 460 461 463 469 471 472 478 479 482 485 486 487 491 493 494 496 497 498 499 505 506 514 515 519 520 535 536 544 545 550 553 558 559 563 567 579 584 585 587 588 607 608 609 616 618 620 625 626 629 630 631 632 639 644 645 649 660 668 669 677 679 687 688 693 696 708 709 710 725 732 735 738 739 740 749 750 751 754 758 764 768 771 773 776 777 780 782 783 793 802 803 806 807 810 812 821 823 825 826 831 835 842 843 850 851 852 854 860 867 872 878 880 882 885 887 890 895 898 904 906 908 917 931 936 938 947 948 953 957 966 970 971 982 993 994 996
campaign,reference,1000,5-0.25-P,5,144932,252,10 17 18 30 34 36 46 48 56 61 69 70 71 86 87 90 92 93 99 100 101 109 110 112 116 118 123 125 134 135 138 140 146 150 153 156 157 158 159 160 164 173 174 178 186 188 191 205 207 208 212 215 223 226 228 231 232 240 247 254 258 259 261 262 267 278 284 291 292 297 299 300 301 306 307 308 309 314 316 317 318 324 328 329 331 335 336 338 340 341 344 353 354 359 360 370 373 381 388 391 397 400 402 403 406 411 412 423 424 427 430 450 453 459 460 461 463 464 469 472 479 485 487 491 496 497 498 499 505 506 513 514 515 519 520 525 527 528 535 544 545 550 553 558 567 579 584 585 587 588 608 609 616 618 625 626 629 631 632 639 644 645 660 669 677 687 688 690 693 694 696 704 708 709 710 724 725 729 732 735 739 740 742 748 749 750 754 758 764 768 769 771 773 777 780 782 783 793 797 802 803 806 807 810 812 821 823 825 826 829 831 835 842 843 850 851 853 854 856 860 867 870 872 878 882 885 890 894 895 898 904 906 908 909 917 922 931 936 947 948 951 953 957 966 970 971 982 992 993 994 996 999
campaign,reference,1000,6-0.25-P,1,147570,253,2 4 8 12 33 36 37 39 43 44 48 54 57 65 69 71 73 77 82 83 84 91 96 98 103 104 114 122 127 129 130 132 138 139 144 148 158 159 162 163 185 189 193 207 210 215 219 221 224 229 233 243 248 249 250 252 255 258 267 268 269 270 271 273 280 283 285 287 288 294 299 301 302 306 307 312 323 327 330 338 341 342 346 351 360 361 363 366 367 369 376 380 381 382 385 390 398 399 401 403 404 410 412 417 421 426 427 428 429 437 441 442 448 449 450 457 458 459 460 462 466 467 468 470 476 478 482 483 484 489 490 491 493 496 497 502 517 519 523 526 531 539 540 544 545 547 557 566 571 584 589 593 594 599 605 606 618 619 622 625 629 630 631 646 649 656 657 658 659 664 665 668 672 674 675 685 688 690 696 698 700 701 703 706 712 717 721 725 728 732 734 735 739 741 746 748 753 760 768 771 774 779 780 786 796 803 805 806 811 816 819 825 827 832 835 844 845 846 850 851 853 859 862 864 867 873 874 878 894 901 903 907 908 913 918 923 937 938 944 945 949 950 951 966 967 968 969 970 976 978 982 986 998
campaign,reference,1000,6-0.25-P,2,147478,253,2 4 8 12 33 36 37 39 43 44 48 52 57 61 65 69 71 73 77 79 82 83 84 91 96 103 104 114 118 121 122 127 129 130 132 138 144 148 158 159 162 168 177 185 189 193 207 215 219 221 224 233 243 248 249 250 252 255 258 264 267 268 269 270 271 280 285 287 288 297 299 301 302 306 307 323 327 330 338 341 342 344 346 360 361 363 365 367 369 376 380 382 385 390 403 404 410 412 417 421 427 428 429 437 441 442 444 448 449 450 452 457 458 460 466 470 476 478 484 489 490 491 493 496 497 500 501 502 506 508 512 517 519 523 526 530 531 538 540 544 545 547 561 566 571 584 589 593 594 599 605 606 618 619 622 625 628 629 631 646 649 656 658 659 664 665 672 675 679 680 685 688 689 690 696 698 700 701 703 704 706 717 721 725 728 732 734 741 746 747 748 760 768 771 774 775 776 778 780 786 789 791 796 799 803 804 806 812 815 816 819 825 827 832 835 844 846 850 851 853 862 864 866 867 869 874 876 878 894 901 903 907 908 913 918 920 931 937 938 945 950 951 954 966 967 968 972 976 977 978 982 986 998
campaign,reference,1000,6-0.25-P,3,147361,252,2 4 8 12 33 36 37 39 43 44 48 49 54 55 57 65 71 75 79 82 83 84 91 103 104 114 121 132 138 139 144 148 158 159 162 185 189 193 207 210 215 219 221 224 226 227 231 233 239 243 248 249 250 252 261 264 267 268 269 270 271 273 280 287 288 289 296 297 301 302 306 307 323 324 327 330 338 341 342 344 346 360 361 363 366 367 369 376 380 382 385 390 401 404 410 412 417 418 421 423 426 427 428 429 433 437 441 442 444 450 452 457 458 459 460 463 466 468 470 475 476 478 482 484 489 490 491 493 494 496 497 498 502 508 517 519 523 526 531 538 539 540 544 545 547 557 561 566 571 584 589 593 594 599 605 606 618 619 622 628 631 646 649 656 658 659 664 668 672 674 675 679 685 688 690 696 698 700 703 704 717 721 725 728 732 734 741 746 747 748 753 754 755 768 774 778 786 789 796 799 803 804 806 816 819 822 825 827 828 834 835 844 845 846 850 851 853 859 862 864 873 874 878 894 901 903 908 913 918 920 937 938 940 944 945 950 951 965 966 967 968 969 970 972 976 977 978 982 986 988 995 998
campaign,reference,1000,6-0.25-P,4,147380,252,2 4 8 12 34 36 37 39 44 48 54 57 65 69 71 73 75 77 79 83 84 91 96 100 103 104 114 122 127 132 138 139 144 148 158 159 162 167 185 189 193 200 207 210 215 219 221 224 227 231 233 239 243 248 249 250 252 258 261 264 268 269 270 271 280 283 285 287 288 297 299 301 302 306 307 324 327 330 338 341 342 344 346 351 359 360 361 365 369 380 382 385 390 394 404 410 417 421 423 427 428 429 433 437 441 442 444 448 449 452 457 458 459 460 466 468 470 476 478 482 484 489 490 491 493 496 497 501 502 506 508 512 517 519 523 526 531 532 538 539 540 545 547 559 561 566 571 584 589 594 599 605 606 618 619 622 625 628 629 642 646 656 659 664 672 674 675 679 688 690 698 700 703 712 717 721 725 728 732 734 735 736 741 746 748 753 754 759 760 768 774 776 778 779 780 786 791 795 796 799 803 804 805 806 816 819 822 825 827 828 832 834 835 844 846 850 851 853 859 862 864 866 867 873 874 876 878 894 896 900 901 903 908 913 918 920 937 940 941 944 945 950 951 967 969 970 976 977 982 986 988 998
campaign,reference,1000,6-0.25-P,5,147555,253,2 4 8 12 33 36 37 39 44 48 54 55 57 65 69 71 73 75 79 82 83 84 91 96 98 103 104 114 118 122 127 132 138 139 144 148 158 160 162 172 189 193 207 215 219 224 226 227 231 233 239 243 248 249 250 252 258 262 267 268 269 270 271 273 280 285 287 288 298 301 302 306 307 312 323 324 327 330 338 341 342 346 351 358 359 360 361 363 365 367 369 376 380 382 385 390 394 401 403 404 410 412 417 421 427 428 429 437 441 442 448 449 450 457 458 459 460 466 470 476 478 484 489 490 491 493 496 497 501 502 508 517 519 523 526 531 532 538 539 540 544 545 547 561 566 584 589 593 594 599 605 606 608 618 619 622 625 628 629 630 631 642 646 656 658 659 664 672 674 675 679 685 688 690 696 697 698 700 703 704 706 712 714 717 721 725 728 732 734 741 746 748 753 760 768 774 778 780 786 789 796 799 803 804 805 806 812 816 819 825 827 832 835 844 846 850 851 853 862 864 866 867 868 869 873 874 876 878 894 901 903 908 913 914 918 920 931 937 938 944 945 949 950 951 954 967 968 976 977 978 982 992 995
campaign,reference,1000,7-0.25-P,1,149430,252,11 15 16 17 20 21 23 26 33 37 38 62 66 72 73 82 85 87 88 92 106 119 121 125 127 128 137 138 140 142 144 155 156 159 160 161 175 176 181 183 194 196 200 201 203 209 216 222 223 224 232 241 246 247 250 251 253 254 255 261 262 265 268 270 292 295 300 304 305 307 311 313 327 329 332 333 336 340 344 356 363 364 367 370 371 372 375 380 383 384 385 389 395 398 401 402 403 427 428 434 439 442 443 444 446 448 449 450 458 461 465 466 468 472 487 488 489 504 508 511 514 515 516 518 519 520 522 524 533 538 544 547 549 551 552 562 563 565 566 568 570 579 581 592 594 597 600 605 613 614 616 617 621 624 628 630 632 633 634 636 644 648 650 651 662 667 673 674 675 677 679 681 685 690 694 700 706 711 715 718 724 728 733 736 745 747 750 761 764 777 780 781 784 788 789 793 796 799 800 805 813 820 826 828 830 833 837 838 841 844 850 851 853 867 872 873 876 880 882 883 884 886 887 894 895 896 901 902 904 906 908 909 910 913 914 919 922 923 929 931 934 956 958 959 961 965 976 982 984 986 988 995
campaign,reference,1000,7-0.25-P,2,149387,252,11 15 16 23 26 33 37 43 50 62 72 73 82 85 87 88 103 104 106 111 112 119 125 127 136 137 138 140 142 144 155 156 159 160 161 168 175 176 181 183 196 200 204 208 209 216 217 222 224 232 239 241 246 247 250 251 253 254 255 261 262 265 268 269 270 285 292 294 300 301 305 311 313 326 327 329 332 333 336 340 344 356 362 363 364 366 367 368 369 372 375 380 383 384 385 386 389 395 398 401 402 403 427 428 431 433 442 443 444 446 447 450 451 458 461 462 465 466 472 487 488 489 494 504 508 511 514 515 516 518 519 520 522 524 525 533 538 544 547 549 552 555 562 563 565 566 568 579 581 588 592 594 600 605 613 614 616 621 624 630 632 633 634 636 644 648 650 651 654 662 673 674 675 677 679 681 685 691 694 700 701 706 711 712 715 718 728 733 736 737 745 747 750 761 762 764 776 777 780 781 784 793 796 799 813 824 826 828 830 833 837 838 844 847 850 851 853 864 867 872 873 876 880 882 884 885 886 894 895 896 900 901 904 906 908 909 910 914 922 923 924 931 934 939 958 959 964 976 982 984 986 991
campaign,reference,1000,7-0.25-P,3,149514,253,11 13 15 16 21 23 26 33 37 38 62 66 72 73 82 87 88 98 106 111 119 121 125 127 128 137 138 140 142 144 155 156 159 160 161 168 175 176 181 183 194 196 200 201 208 209 216 222 223 224 228 232 241 246 247 251 253 254 255 261 262 265 268 269 270 292 300 301 305 311 313 315 326 329 332 333 336 340 344 356 360 363 364 367 368 369 372 375 380 383 385 389 395 398 401 402 403 422 427 428 434 437 439 442 444 446 449 450 451 455 458 461 462 465 466 472 487 488 489 504 508 509 511 514 515 516 518 519 520 522 524 532 533 538 544 547 549 552 555 562 563 565 566 568 570 574 579 581 586 588 592 594 597 605 613 614 616 617 619 621 624 628 630 633 634 636 644 648 650 651 654 662 673 674 675 677 679 681 685 694 700 706 711 712 715 718 728 733 736 745 747 750 751 761 762 764 777 780 781 784 793 796 799 800 813 826 828 830 833 837 838 844 847 850 851 853 867 872 873 876 880 882 883 884 886 887 894 895 896 900 901 904 906 908 910 914 919 922 923 924 934 938 949 958 963 965 974 976 982 984 986 988 991
campaign,reference,1000,7-0.25-P,4,149500,252,11 13 15 16 21 23 26 33 37 38 47 62 72 73 82 85 87 88 103 104 106 111 119 121 125 127 128 132 136 137 138 140 142 144 155 156 159 160 161 175 176 181 183 194 196 200 201 208 209 222 224 228 232 241 246 247 250 251 254 255 261 265 268 269 270 300 301 304 305 311 313 326 332 333 336 340 344 356 360 364 367 368 372 375 380 383 385 386 389 395 398 401 402 403 413 422 427 428 431 433 442 444 446 447 449 450 451 455 458 462 465 466 468 472 487 488 489 504 508 509 511 514 515 516 518 519 520 522 524 533 538 540 544 547 549 552 555 560 562 563 565 566 568 570 579 581 592 594 597 600 613 614 616 617 621 624 630 632 633 634 636 644 648 650 651 654 662 673 674 675 677 679 681 685 690 691 694 700 701 706 711 714 715 718 723 728 733 736 745 747 750 761 764 777 780 781 789 792 793 796 799 800 805 811 813 826 828 830 833 837 838 844 847 850 851 853 867 872 873 876 880 882 884 885 886 887 895 896 901 904 906 908 909 910 914 919 922 923 931 934 952 956 958 959 961 965 974 976 982 984 986 988
campaign,reference,1000,7-0.25-P,5,149356,252,11 15 16 17 21 23 26 33 37 38 47 62 66 72 73 82 85 87 88 106 111 119 121 125 127 137 140 141 142 144 155 156 160 161 175 176 180 181 182 183 194 196 200 201 203 208 209 222 224 228 232 241 246 250 251 254 255 257 261 262 265 269 270 292 300 301 304 313 320 326 327 332 333 336 340 344 356 357 363 364 367 368 370 372 375 380 383 384 385 395 398 401 402 403 404 413 427 428 430 442 444 446 447 449 450 451 458 462 465 466 468 472 484 487 488 489 504 508 509 511 514 515 516 519 520 522 525 533 538 544 547 549 552 560 563 565 566 568 570 574 579 581 588 592 594 597 600 605 613 614 616 619 621 624 628 630 632 633 634 636 644 648 650 651 654 662 673 674 675 677 679 681 685 694 700 703 706 712 714 715 718 724 728 733 736 745 750 761 762 764 777 780 781 784 788 789 793 796 800 805 813 826 828 830 833 837 838 844 847 850 851 853 867 872 873 876 880 882 883 884 886 887 895 896 900 901 904 906 908 909 910 913 914 919 922 923 924 931 934 939 949 959 961 964 965 974 976 982 984 986 988 991
campaign,reference,1000,8-0.25-P,1,150551,251,2 9 13 14 15 19 25 31 33 38 39 43 48 50 55 56 63 65 66 68 71 73 74 79 82 84 87 89 90 95 98 101 106 111 114 116 119 120 121 124 135 137 140 148 149 155 157 159 164 169 172 177 185 186 187 193 202 208 211 213 218 219 220 222 225 235 241 246 253 262 264 268 272 273 278 285 286 291 302 306 321 329 337 338 350 351 353 357 358 359 362 363 366 378 387 401 407 410 413 416 418 419 420 421 424 426 427 431 432 436 438 440 447 448 456 460 472 474 479 485 486 488 491 493 494 496 497 500 505 506 508 513 514 515 519 524 525 529 530 540 546 550 556 558 560 566 567 569 572 575 576 577 583 589 596 606 610 615 616 618 638 642 643 646 651 653 658 661 666 673 680 681 684 685 686 687 688 690 692 695 706 707 714 717 718 720 721 723 725 727 729 731 739 766 769 771 773 776 777 780 781 785 788 789 794 797 802 804 805 807 814 815 823 824 830 833 834 837 838 843 849 852 854 858 860 865 867 874 880 882 883 896 898 901 907 911 914 916 926 941 945 949 952 953 957 959 962 976 982 989 994
campaign,reference,1000,8-0.25-P,2,150665,251,9 13 14 15 19 23 25 31 33 38 39 48 50 55 56 63 65 66 73 74 79 82 84 87 88 89 90 95 96 98 101 106 111 114 116 119 120 121 124 135 137 140 148 153 155 157 159 164 173 177 185 186 193 194 198 202 208 209 211 213 218 219 220 221 222 225 235 241 253 260 262 264 273 278 285 286 296 302 303 306 328 329 337 346 350 351 353 357 358 359 360 362 363 366 378 387 401 407 410 413 416 418 419 420 421 424 426 427 431 432 436 440 445 447 448 456 460 468 472 474 476 479 485 486 488 493 494 496 497 500 505 508 513 515 519 524 525 529 530 540 541 550 556 558 563 567 569 574 575 576 577 582 583 589 595 606 607 610 615 616 618 638 639 643 646 651 653 657 661 671 673 679 680 684 685 686 687 688 690 692 695 706 707 714 717 718 721 722 725 727 729 731 748 760 769 771 773 776 777 781 785 788 789 793 794 797 802 807 808 823 824 830 833 834 836 837 838 843 844 852 854 858 860 865 867 874 880 882 883 886 892 896 898 901 907 910 911 914 924 925 926 928 941 945 952 959 961 973 976 982 994
campaign,reference,1000,8-0.25-P,3,150972,252,0 2 9 13 15 19 25 31 33 36 38 39 43 48 50 55 56 59 63 65 66 68 71 73 74 79 82 84 87 88 89 90 98 99 101 103 111 114 116 119 120 121 124 135 137 140 148 155 157 158 159 164 172 177 185 186 198 202 203 208 211 213 218 219 220 221 225 235 241 253 262 264 265 273 285 286 291 296 303 306 321 329 337 346 350 351 353 358 359 362 363 366 378 387 401 410 413 414 418 419 421 424 426 427 431 436 438 440 447 448 456 468 472 474 476 477 479 485 486 488 493 494 496 497 500 505 508 513 519 524 525 529 531 540 541 546 550 554 556 558 560 563 566 567 569 574 575 577 582 583 595 606 607 610 615 616 618 638 643 646 651 653 657 658 661 662 666 671 673 679 684 685 686 688 690 691 692 695 702 706 707 710 713 714 717 718 720 721 725 727 729 731 760 766 769 771 773 776 777 780 781 785 789 794 797 802 807 814 823 824 830 833 834 836 837 838 852 854 855 858 860 865 867 874 880 882 883 892 896 898 901 909 910 911 914 918 925 928 933 938 941 945 949 953 959 961 962 976 980 989 994 998
campaign,reference,1000,8-0.25-P,4,150949,252,9 13 14 19 23 25 31 33 38 39 48 50 55 56 63 65 66 68 71 73 74 79 84 87 88 89 90 96 101 103 106 114 115 116 119 120 121 124 135 137 140 141 148 155 157 159 164 185 186 187 193 198 199 202 208 213 217 218 219 220 222 224 225 233 235 241 242 245 253 260 262 264 265 273 282 285 286 291 296 303 306 321 329 337 338 346 350 351 353 357 358 359 360 362 363 366 378 401 410 413 414 416 418 419 420 421 424 425 426 427 431 436 438 440 447 448 456 460 472 474 477 479 485 486 488 493 494 496 497 500 505 506 508 513 515 519 524 525 528 529 530 531 540 541 546 550 556 558 560 566 567 575 576 577 583 589 595 606 607 610 615 616 617 618 636 638 643 646 651 653 658 661 673 679 681 684 685 686 687 688 690 691 692 695 702 706 707 709 714 717 718 720 721 723 725 729 731 760 766 769 771 773 776 777 781 785 789 794 797 802 807 823 824 830 833 834 837 838 843 852 854 858 860 867 874 875 880 882 883 892 896 898 901 910 911 914 925 926 928 933 941 945 949 953 959 961 970 976 980 982 994 998
campaign,reference,1000,8-0.25-P,5,150675,251,2 9 13 14 15 19 25 31 33 38 39 50 55 56 63 65 66 73 74 79 82 84 87 89 90 96 98 101 106 111 114 116 119 120 121 124 135 137 140 148 155 157 158 159 164 169 173 177 185 186 187 193 198 202 209 211 213 218 219 220 221 222 225 233 235 238 241 253 262 264 265 273 278 285 286 291 303 306 325 329 337 338 350 351 353 357 358 359 360 362 363 364 366 378 387 401 410 413 414 416 418 420 421 424 425 426 427 431 436 440 445 447 448 456 460 472 474 477 485 486 488 493 494 496 497 500 506 508 513 515 519 524 525 529 530 540 541 550 556 558 560 567 569 575 576 577 582 583 589 595 607 610 615 616 618 636 638 642 643 646 651 653 657 658 661 666 673 679 680 684 685 686 687 688 690 691 692 695 700 706 714 717 718 720 721 725 729 731 760 766 769 770 771 773 776 777 780 781 784 785 788 789 794 797 802 804 807 814 823 824 830 833 834 837 838 843 852 854 858 860 862 865 867 874 880 882 883 892 898 901 907 909 910 911 914 916 918 925 926 928 941 945 949 952 953 961 970 976 982 989 994
campaign,reference,1000,9-0.25-P,1,138447,252,0 3 5 6 13 19 20 23 29 30 31 35 36 41 56 60 65 66 76 82 83 85 89 94 96 102 104 111 120 121 125 127 132 135 138 157 159 162 168 175 187 190 191 194 197 198 220 222 229 232 237 254 264 270 272 278 279 280 289 291 294 302 317 319 321 322 324 325 327 328 331 333 337 339 352 356 360 363 366 367 370 374 387 394 399 400 402 404 408 409 414 417 422 425 428 430 431 433 436 437 439 440 443 445 448 450 451 457 464 465 474 477 480 485 496 502 506 507 508 513 519 520 527 534 538 540 543 546 555 557 562 564 565 568 570 571 576 577 580 583 587 588 590 595 597 599 600 601 605 606 607 609 613 617 624 630 636 638 639 646 649 653 654 656 658 669 677 684 689 691 697 701 702 704 705 707 710 714 719 723 725 732 735 737 739 742 750 751 752 754 757 758 768 771 779 782 784 785 788 789 790 800 801 806 813 832 833 834 837 838 843 845 847 848 859 860 870 874 880 883 887 890 892 895 896 904 907 915 917 927 928 932 935 936 937 939 944 948 949 950 951 954 958 967 969 971 983 986 991 993 994 996
campaign,reference,1000,9-0.25-P,2,138399,253,0 3 5 6 13 19 20 23 29 30 31 36 41 56 60 65 66 67 76 77 83 85 89 94 95 96 102 111 120 121 125 132 135 138 157 159 162 168 173 175 187 190 191 194 198 210 220 229 232 237 238 248 258 262 264 270 272 273 279 289 291 294 302 317 319 321 322 324 325 327 328 331 333 337 339 352 354 356 360 363 366 367 368 370 399 400 402 403 408 409 411 414 417 422 425 428 430 431 433 436 437 439 440 443 445 448 450 451 457 464 465 474 477 480 485 496 506 507 508 513 519 520 534 538 543 546 555 557 562 564 565 568 570 571 573 576 577 580 587 588 590 597 599 600 605 607 609 613 617 630 635 636 638 639 644 646 649 653 654 656 658 661 669 671 672 677 678 684 691 697 701 702 704 705 707 710 711 714 723 725 735 737 739 742 750 751 752 754 757 758 767 768 771 779 782 784 788 789 790 801 806 813 823 832 833 834 835 837 838 843 845 847 848 849 859 860 868 880 887 890 892 895 896 904 905 907 915 917 927 928 930 932 936 937 939 944 946 948 950 951 954 958 966 967 968 969 971 983 986 991 993 994 996
campaign,reference,1000,9-0.25-P,3,138327,252,0 3 5 6 13 19 20 22 23 29 30 31 36 37 41 56 58 60 65 67 76 82 83 85 86 89 94 96 102 111 120 121 125 132 135 138 144 157 159 162 168 175 176 187 190 191 193 194 197 198 220 229 232 237 248 258 264 270 272 279 289 294 302 317 319 321 322 324 325 327 328 331 333 337 339 352 354 356 360 363 367 370 374 394 399 400 402 403 404 408 409 411 414 417 422 425 427 428 430 431 433 437 439 440 443 445 448 451 457 464 465 468 474 477 480 485 496 500 506 507 508 513 519 520 527 533 534 538 540 543 546 547 555 562 564 565 571 576 577 580 583 587 588 590 597 599 600 601 604 605 607 609 613 624 630 631 637 638 639 649 653 654 656 658 661 669 672 681 684 691 697 701 702 704 705 707 710 714 725 732 735 737 739 742 748 751 752 754 757 758 761 767 768 771 773 779 782 785 788 789 794 806 813 832 833 834 837 838 843 845 848 849 854 859 860 863 874 880 883 887 890 892 896 904 905 907 915 917 927 928 932 936 937 939 940 944 946 949 950 951 952 958 967 968 969 971 983 986 991 993 994 996
campaign,reference,1000,9-0.25-P,4,138402,252,0 3 5 6 13 19 20 23 29 30 31 35 36 37 41 56 58 60 65 66 67 76 77 82 83 85 86 89 94 96 102 120 121 125 127 132 135 138 157 159 162 165 168 175 176 187 190 191 194 197 198 199 224 229 231 232 237 248 258 264 270 272 273 279 289 291 302 317 319 321 324 325 327 328 331 333 337 339 352 355 356 360 363 367 368 370 374 387 394 399 400 402 404 409 411 414 417 422 425 428 430 431 433 437 440 443 445 448 451 457 464 465 474 477 480 485 496 507 508 513 515 520 527 534 543 546 555 557 562 564 565 568 570 571 576 577 580 587 588 590 595 597 599 600 601 604 605 609 613 630 638 639 644 653 658 669 672 678 681 684 689 691 697 701 702 704 705 706 707 710 714 719 723 724 725 732 737 739 742 750 751 752 754 758 767 768 771 773 779 782 784 785 788 789 794 800 801 806 808 813 823 832 833 834 835 837 838 842 843 845 848 849 859 860 868 870 874 883 887 890 892 895 896 904 907 915 917 927 928 932 935 936 937 939 940 944 946 949 950 951 957 958 966 967 969 971 983 986 991 993 994 996
campaign,reference,1000,9-0.25-P,5,138418,253,0 3 5 6 13 14 19 20 22 23 29 30 31 35 36 37 41 56 60 65 67 76 77 82 83 85 89 94 96 102 120 121 125 132 135 138 144 157 159 162 168 175 187 190 191 194 198 220 222 223 229 232 237 248 258 262 264 270 272 273 278 279 289 291 302 317 321 322 324 327 328 331 333 337 339 352 354 355 356 360 363 366 367 368 370 376 399 400 402 403 404 408 409 411 414 417 422 425 427 428 430 431 433 437 439 440 443 445 448 451 457 464 465 474 477 485 488 507 508 513 519 520 527 529 534 540 543 546 555 557 558 559 562 565 570 571 576 577 583 587 588 590 595 597 599 600 601 604 605 607 609 613 624 630 637 638 639 644 646 649 653 654 658 669 672 677 678 681 684 689 691 697 701 704 705 707 708 710 714 719 723 725 732 735 737 739 742 751 752 754 757 758 764 768 771 776 779 782 785 788 789 794 800 801 806 813 823 830 832 834 835 837 838 843 845 859 860 863 880 883 887 890 892 896 904 907 915 917 927 928 932 936 937 939 940 944 946 948 949 950 951 954 958 967 968 971 975 983 986 991 993 994 996
campaign,reference,1000,10-0.25-P,1,150738,253,9 12 19 23 24 28 35 40 47 60 61 62 64 70 75 83 91 99 102 105 106 110 113 115 117 121 123 128 132 149 153 160 163 165 176 179 181 187 196 199 202 205 208 220 226 228 233 235 236 237 239 243 245 248 249 251 252 255 256 262 265 270 271 276 278 282 284 289 291 292 293 295 297 300 311 315 317 318 323 324 326 328 334 340 349 352 354 355 359 360 363 367 376 385 390 392 393 397 405 406 408 409 410 411 415 416 418 420 422 427 429 437 439 448 449 455 456 457 459 461 465 472 474 482 486 494 500 501 503 505 506 507 509 510 514 521 525 526 533 534 541 542 550 555 556 557 558 559 561 567 573 575 577 582 586 592 593 597 604 633 636 637 639 650 652 653 655 657 662 672 674 677 679 681 682 686 698 699 707 710 715 716 723 728 736 740 741 745 747 748 749 752 755 756 759 762 764 766 770 772 773 774 777 778 780 785 789 797 798 799 801 805 808 812 818 821 829 830 835 839 846 850 855 868 870 872 874 880 885 889 899 908 911 914 918 919 920 936 941 949 951 957 962 963 968 978 980 983 984 988 990 994 999
campaign,reference,1000,10-0.25-P,2,150633,253,9 12 23 24 35 40 47 51 60 61 62 64 70 90 91 99 102 105 110 121 123 132 140 147 153 160 161 163 165 171 176 179 181 187 196 199 202 205 206 208 220 226 228 233 235 237 239 243 245 251 252 255 256 262 265 270 271 272 276 278 282 284 291 292 293 295 297 300 311 315 317 318 321 323 324 326 328 334 335 340 345 348 354 355 359 360 363 367 376 383 385 389 392 393 405 406 408 409 410 411 415 416 420 422 429 437 443 447 448 449 455 456 457 459 461 462 465 468 472 474 482 486 494 499 500 501 503 505 506 507 509 510 514 519 521 525 533 534 541 542 550 553 556 557 558 559 561 567 571 573 575 576 577 578 586 592 593 597 604 615 629 633 636 637 639 650 652 655 657 662 672 679 682 686 699 707 709 710 716 718 721 728 729 736 740 741 745 747 748 749 752 756 759 760 762 764 766 768 770 772 773 774 777 778 779 780 786 789 798 799 801 808 812 821 829 830 835 839 850 857 868 870 872 874 880 885 889 899 908 911 913 914 918 919 920 924 925 936 941 949 955 962 963 967 968 978 980 983 986 988 994 995 999
campaign,reference,1000,10-0.25-P,3,150505,252,9 12 23 24 35 40 42 47 53 57 60 61 62 64 70 72 75 82 83 91 99 102 105 106 110 117 121 123 128 132 136 140 147 149 159 160 161 163 165 176 179 181 183 187 196 202 205 208 220 226 228 233 235 236 237 239 245 248 251 252 256 265 270 276 278 282 284 289 291 292 295 297 300 311 317 320 321 323 324 325 326 328 334 340 348 354 355 359 360 363 367 376 385 387 392 393 397 399 406 408 409 410 411 415 416 418 422 425 427 429 437 439 443 448 455 456 457 461 465 472 474 482 486 493 494 500 501 503 506 507 510 514 521 526 533 534 538 541 542 550 556 557 558 559 561 567 571 572 573 575 576 577 582 586 592 593 597 598 604 615 633 636 637 639 650 652 653 657 660 662 672 677 679 682 686 698 699 707 710 716 720 721 723 724 728 729 736 740 741 745 748 749 756 759 760 762 764 768 770 772 773 774 777 778 780 785 789 798 799 805 808 821 829 835 837 838 839 846 847 850 856 868 870 874 880 885 888 899 906 908 913 914 918 919 924 925 933 936 940 941 949 951 963 965 968 978 980 983 986 993 994 999
campaign,reference,1000,10-0.25-P,4,150767,253,9 12 23 24 40 47 50 51 55 57 60 61 62 64 70 72 75 91 99 102 105 106 110 113 117 121 123 128 132 136 140 149 159 160 161 163 164 165 174 176 179 181 187 196 199 202 205 208 212 217 221 226 228 233 235 237 243 245 249 251 252 256 262 265 270 271 272 276 278 282 284 289 291 292 293 295 297 300 311 315 317 321 323 324 325 326 328 334 335 348 351 354 355 359 360 362 363 367 376 389 392 393 397 406 408 410 411 415 416 418 420 421 422 425 429 435 437 447 448 449 456 457 459 461 462 465 472 474 482 486 500 501 503 506 507 509 510 514 521 526 533 534 538 541 542 550 556 557 558 559 561 562 567 571 572 573 575 577 578 586 592 593 597 598 615 629 633 636 637 639 650 652 653 655 657 662 672 679 681 682 686 698 699 707 709 710 716 721 728 736 740 741 745 747 748 749 756 759 762 764 769 770 772 773 774 776 777 778 780 786 789 798 804 808 821 829 830 835 839 850 855 856 857 868 870 872 874 880 885 888 889 899 908 912 914 915 918 919 924 936 940 949 962 967 968 978 980 983 984 986 988 994 999
campaign,reference,1000,10-0.25-P,5,150764,253,7 9 12 23 24 40 47 50 51 55 60 61 62 64 70 75 82 83 91 99 102 105 106 121 123 128 132 139 140 149 153 159 160 163 165 179 181 187 191 199 202 205 208 226 228 232 233 235 243 245 251 252 256 262 265 270 276 278 282 284 289 292 293 295 297 300 315 317 321 323 324 325 326 328 334 340 349 351 354 355 359 360 362 363 367 369 376 377 383 385 386 392 393 399 405 406 408 409 410 411 415 416 418 422 425 427 429 437 439 447 448 449 455 456 457 459 461 465 472 474 475 482 486 494 500 503 505 506 507 509 510 514 521 525 526 534 538 541 542 543 550 556 557 558 559 561 562 567 571 572 573 575 576 577 586 592 593 597 604 615 627 629 633 636 637 639 640 650 652 653 655 657 660 662 672 679 682 686 698 699 707 709 710 716 721 728 736 740 741 745 747 749 752 756 759 761 762 764 766 770 773 774 777 778 779 780 785 786 789 798 804 805 808 812 821 830 835 839 850 856 857 868 870 872 874 880 885 888 889 899 908 913 914 915 918 919 922 924 925 936 940 941 949 951 963 968 978 980 983 984 988 994 999
campaign,reference,1000,1-0.25-M,1,37315,250,1 4 5 15 16 18 22 26 28 33 34 40 42 43 45 46 47 51 58 63 77 81 91 92 101 102 106 107 109 110 112 113 114 121 124 128 133 136 137 149 150 153 155 158 160 162 164 169 179 181 182 184 190 196 201 204 208 210 212 218 222 243 254 258 265 267 270 276 279 282 288 289 293 296 301 308 323 331 335 336 338 342 343 347 352 359 362 366 367 374 377 379 385 394 405 408 417 418 425 427 428 441 444 446 447 448 450 451 452 455 461 468 469 470 477 478 487 489 491 493 501 502 504 507 508 511 516 517 519 520 522 527 530 541 542 547 548 550 552 555 556 571 575 577 587 589 593 617 619 627 628 629 632 637 639 645 648 650 654 657 660 667 670 671 676 678 679 685 691 692 697 700 703 719 721 725 730 731 733 737 739 741 748 754 757 762 763 765 772 773 775 777 781 789 790 796 798 799 806 808 809 817 819 821 824 827 828 830 831 836 839 844 846 847 848 852 853 854 860 861 865 868 869 872 878 885 891 892 896 898 902 903 913 921 926 927 930 933 936 943 944 951 957 959 961 964 975 981 990 994
campaign,reference,1000,1-0.25-M,2,37396,250,1 4 5 12 15 16 18 22 24 27 28 33 34 40 42 43 45 46 47 51 54 58 60 63 77 81 83 84 91 93 101 102 106 107 110 112 114 115 121 128 130 133 136 137 139 149 150 153 155 158 160 162 164 166 169 171 179 182 184 190 198 201 204 210 212 218 222 224 240 252 254 258 265 267 270 279 282 289 293 301 306 308 323 331 336 338 342 343 347 352 359 363 366 367 372 374 377 384 385 408 412 417 427 428 441 443 444 446 447 448 450 451 452 453 455 461 468 469 477 478 487 491 501 504 507 508 511 516 517 519 522 527 530 535 541 542 547 548 550 555 556 571 575 577 587 589 593 596 600 617 619 627 628 629 632 637 645 650 657 667 670 671 676 678 685 686 687 691 692 697 700 703 707 719 721 725 731 733 737 739 741 748 754 757 762 763 765 772 775 777 781 790 796 798 799 806 808 809 813 815 817 821 824 827 828 830 831 836 837 839 844 847 848 852 853 854 857 860 861 865 868 869 872 877 878 885 891 892 902 903 913 916 927 930 931 936 943 944 949 951 957 959 961 962 964 968 975 981 984 994
campaign,reference,1000,1-0.25-M,3,37459,250,1 4 5 12 15 16 18 22 24 27 31 33 34 40 42 43 45 46 47 51 58 68 77 81 83 91 92 101 102 106 110 112 113 114 121 124 128 129 130 133 136 137 139 149 150 153 155 158 160 162 164 166 169 179 181 182 184 190 194 198 201 204 209 210 212 218 240 242 252 254 258 265 267 270 282 289 293 296 297 301 306 308 311 323 331 336 338 342 343 347 351 352 358 359 361 363 366 367 374 377 379 385 408 414 417 427 428 441 444 446 447 448 450 451 452 453 455 463 468 469 470 477 478 487 491 501 504 507 508 511 516 517 519 522 530 541 542 547 548 550 555 556 571 575 577 587 589 593 596 600 617 619 627 628 629 632 637 639 645 650 654 657 660 667 670 671 676 678 685 686 691 697 700 703 719 721 725 730 731 733 734 737 739 741 744 754 757 763 765 772 775 781 790 796 798 799 802 805 806 807 808 809 813 815 817 819 821 824 827 828 830 831 836 837 839 844 846 847 848 852 853 854 857 861 865 868 872 878 891 902 903 913 916 921 927 930 936 943 944 949 951 957 961 964 972 975 981 983 984 990
campaign,reference,1000,1-0.25-M,4,37434,250,1 4 5 12 15 16 18 22 28 33 34 40 41 42 43 45 46 47 51 58 63 77 81 91 92 93 101 106 110 112 113 114 121 128 133 136 137 139 149 150 153 155 158 162 166 169 182 184 190 198 201 204 210 212 218 222 226 240 249 254 258 262 265 267 270 279 280 282 289 293 301 308 315 323 331 336 338 342 343 347 352 356 358 359 362 367 374 376 377 379 394 408 412 417 427 441 443 444 446 447 448 450 451 452 453 455 461 468 469 470 477 478 487 491 493 501 502 504 505 507 508 511 516 517 519 520 522 527 530 536 541 547 548 550 551 555 556 571 575 577 587 589 593 596 600 617 619 627 629 632 637 645 650 654 657 659 667 670 676 678 685 686 691 697 700 703 705 719 721 725 730 731 733 737 739 741 744 745 748 754 757 762 763 765 772 775 781 790 796 799 806 807 809 813 815 817 819 821 824 827 828 830 831 836 837 839 844 847 848 852 853 854 857 860 861 865 868 869 872 878 885 886 890 891 892 902 903 916 921 926 927 930 931 933 936 943 944 949 951 957 961 962 964 971 972 975 981 983 990 994
campaign,reference,1000,1-0.25-M,5,37462,250,4 5 12 15 16 18 22 24 26 30 33 34 40 42 43 45 46 47 51 54 58 77 81 83 84 91 92 101 106 110 112 113 114 115 121 128 133 136 137 139 149 150 153 155 158 160 162 164 166 169 179 181 182 184 190 194 196 201 204 210 212 218 222 240 254 255 258 265 267 270 275 280 282 289 293 301 308 315 323 331 338 342 343 347 352 358 359 361 366 367 372 374 377 379 385 394 408 428 434 443 444 446 448 450 451 452 453 455 461 468 469 470 475 476 478 487 491 501 504 505 507 508 511 517 519 520 522 527 530 541 542 547 548 550 555 556 571 575 577 587 593 596 600 617 619 627 629 632 637 639 645 650 654 657 660 667 670 671 676 678 685 686 691 692 700 703 705 719 721 725 730 731 733 737 739 741 744 754 757 762 763 765 770 772 775 781 789 790 796 799 805 806 808 809 813 817 819 821 824 827 828 830 831 836 837 839 847 848 852 853 854 860 861 865 868 869 870 872 876 877 878 882 885 886 891 892 902 903 914 921 926 927 930 933 936 943 944 949 951 957 959 961 964 968 972 975 981 983 990 994
campaign,reference,1000,2-0.25-M,1,38237,249,0 3 6 7 9 11 12 13 26 28 32 34 35 36 37 38 45 49 57 65 72 79 80 82 83 94 96 97 98 104 105 106 109 114 115 121 124 137 138 139 140 142 145 146 149 151 154 156 167 174 178 179 180 182 184 189 190 191 192 199 202 203 205 209 219 222 224 233 238 241 244 245 247 250 255 256 259 262 264 275 279 282 288 297 300 302 303 308 309 311 322 324 329 332 334 336 338 340 341 358 365 366 369 371 386 389 396 405 409 411 414 416 420 422 428 433 437 440 446 448 451 452 464 475 476 483 494 495 496 499 505 506 516 517 519 534 540 541 543 548 550 556 558 564 569 574 578 580 588 590 596 604 607 608 609 614 618 619 627 630 636 638 641 642 664 671 681 686 699 712 716 717 718 720 722 723 735 736 739 751 753 757 761 762 763 764 765 776 786 788 792 793 794 798 803 813 819 821 823 824 825 827 828 831 833 839 840 845 846 853 855 856 859 864 868 869 871 874 875 878 879 890 891 901 905 911 916 919 920 922 928 940 945 957 958 959 960 963 965 967 969 973 974 979 980 981 987 989 991
campaign,reference,1000,2-0.25-M,2,37911,250,0 6 7 9 11 12 13 20 26 28 32 35 36 37 38 45 49 57 65 75 79 80 82 83 94 96 97 98 104 105 106 109 114 115 121 124 138 140 142 145 146 149 151 154 161 165 167 174 175 178 179 180 184 188 189 190 191 192 199 201 202 203 205 207 209 219 224 233 236 238 244 245 253 255 256 257 259 262 272 277 279 282 288 289 297 299 302 303 308 309 311 322 324 329 334 336 338 339 340 341 358 366 386 389 396 397 405 409 411 413 414 420 422 424 428 433 437 440 446 448 449 452 464 465 475 476 483 495 499 504 505 506 516 519 534 540 541 543 547 548 550 556 558 564 568 573 576 578 580 588 590 596 597 604 607 608 618 619 623 627 630 636 638 641 642 652 664 667 671 682 690 695 699 712 716 717 718 720 722 723 736 739 743 751 753 757 761 762 763 765 771 774 776 786 788 792 793 798 803 813 821 823 827 828 831 833 834 836 839 840 845 846 852 853 856 859 864 868 874 875 878 879 887 891 904 905 906 910 911 919 920 922 923 928 940 945 947 957 958 959 963 967 969 974 979 980 981 983 987 991
campaign,reference,1000,2-0.25-M,3,37979,250,0 3 7 9 11 12 13 20 28 32 35 37 38 45 49 51 57 60 65 72 79 80 82 83 94 96 97 98 104 105 106 109 114 115 121 124 126 138 140 142 145 146 149 151 154 157 161 165 167 174 175 177 178 179 180 184 188 189 190 191 192 199 201 202 203 205 211 218 219 222 233 238 244 245 250 255 256 259 262 272 275 279 282 283 287 288 297 302 303 308 311 321 322 324 329 332 336 337 338 339 340 341 358 365 366 369 371 380 386 389 396 405 409 411 413 414 415 420 433 437 440 446 449 451 464 465 475 476 482 483 496 504 505 506 516 519 534 540 541 543 547 548 556 558 564 569 575 576 578 580 588 597 607 609 614 618 619 627 630 638 641 642 664 667 671 681 699 712 716 717 718 720 722 723 732 736 739 743 751 753 757 761 762 763 764 765 774 776 786 788 793 794 798 803 813 819 821 823 824 827 828 830 831 833 834 839 845 846 853 855 856 859 864 868 874 875 878 879 887 890 891 904 905 906 911 919 920 922 923 928 934 940 945 953 957 958 959 960 963 965 967 969 974 979 980 981 983 987 989 991
campaign,reference,1000,2-0.25-M,4,38028,250,0 7 9 11 13 28 32 34 35 38 45 57 65 79 80 94 96 97 98 104 105 106 109 114 115 121 124 126 138 140 142 145 146 151 154 157 161 167 175 177 178 179 180 182 184 189 190 191 199 203 205 207 219 222 224 233 236 238 245 247 250 253 255 257 262 279 282 288 289 299 302 303 308 311 314 321 322 324 327 329 332 334 336 337 338 339 341 348 358 365 366 369 381 386 388 393 396 397 405 409 411 413 414 415 416 420 422 428 433 440 446 448 449 451 452 465 475 476 483 486 494 495 499 504 505 516 519 534 540 541 543 547 548 550 556 558 564 574 576 578 580 588 590 597 604 607 609 613 614 618 619 627 630 636 638 641 642 664 667 671 673 678 682 695 698 705 712 714 716 717 718 720 722 723 736 739 743 751 753 757 761 762 764 765 771 776 781 788 792 794 798 803 813 814 819 821 823 824 825 827 828 830 831 833 834 839 840 845 846 853 855 856 859 864 866 867 868 874 875 876 878 887 891 901 904 905 911 916 919 920 922 923 928 940 945 953 958 959 963 967 969 973 974 979 980 981 983 987 989 991
campaign,reference,1000,2-0.25-M,5,37970,250,0 3 7 9 11 13 20 27 28 35 38 39 45 49 51 57 65 75 79 80 94 96 97 98 104 105 106 109 114 115 121 124 137 138 139 140 142 145 146 149 151 154 156 157 158 165 167 175 180 182 184 189 190 191 199 202 203 205 209 218 219 222 224 233 236 238 245 247 250 253 255 256 257 262 264 272 279 282 289 297 299 300 302 303 308 309 311 322 324 329 332 336 338 339 340 341 342 366 369 386 388 396 405 409 411 413 414 416 420 422 424 428 433 440 446 449 451 453 475 476 480 483 486 495 496 499 505 510 516 519 534 541 547 548 550 556 558 564 574 576 578 580 588 590 593 597 602 607 608 609 613 614 618 619 627 630 638 641 642 656 664 667 671 673 678 682 690 699 712 717 718 720 722 723 736 739 743 751 753 757 761 762 763 765 774 776 786 788 792 793 794 798 803 813 819 821 823 827 828 831 833 834 839 840 845 852 853 855 856 859 864 865 867 871 873 874 875 876 878 879 890 891 904 905 911 916 919 922 923 928 934 940 945 953 958 959 963 964 965 967 969 973 974 979 980 981 983 987 989 991
campaign,reference,1000,3-0.25-M,1,38451,249,6 9 15 17 19 23 26 38 42 44 53 55 56 57 59 60 62 64 65 72 76 77 80 84 86 87 93 94 96 101 105 107 110 121 125 127 128 156 160 164 168 172 174 176 179 180 181 184 186 193 195 197 198 199 201 215 223 227 232 233 237 238 242 243 248 254 255 256 258 268 278 284 294 295 299 307 320 326 332 336 343 345 348 349 355 356 357 362 371 375 376 379 382 383 393 394 395 398 399 403 404 406 411 424 440 445 452 461 462 464 467 469 472 478 484 486 491 492 493 503 507 508 509 510 517 519 521 525 527 532 535 539 544 547 551 553 555 567 569 571 572 574 585 589 590 592 593 595 600 601 605 607 611 614 618 632 636 638 640 649 658 661 666 667 671 675 682 684 685 686 699 701 704 706 715 717 719 733 734 736 748 749 750 752 756 765 766 772 776 781 782 796 797 798 808 810 813 815 826 830 831 839 842 846 847 848 849 852 853 860 870 872 876 877 879 880 882 892 893 895 897 898 901 905 906 908 912 914 923 928 932 933 935 937 938 939 946 956 962 964 965 969 972 978 981 985 990 992 997
campaign,reference,1000,3-0.25-M,2,38543,249,6 9 15 19 23 26 36 38 39 42 44 53 56 57 59 60 62 64 72 76 77 80 82 84 86 87 93 94 96 101 105 107 110 121 125 127 128 156 160 164 172 174 176 179 180 181 182 183 184 186 188 191 193 197 199 208 215 222 223 227 232 233 237 238 242 248 254 255 256 258 268 278 284 294 295 299 307 320 326 329 332 333 335 336 342 343 345 348 355 356 357 362 363 370 371 375 376 379 387 388 393 394 398 399 403 404 406 411 424 429 445 452 462 465 467 469 470 472 478 484 486 491 492 493 498 507 508 510 518 519 520 521 525 527 532 539 544 551 553 555 566 567 571 574 577 580 585 589 590 593 595 601 607 611 614 618 619 623 632 640 658 661 666 671 672 675 684 685 686 699 701 706 715 716 717 719 725 733 734 736 740 748 749 750 752 754 755 756 765 766 772 776 781 782 796 797 798 810 813 815 823 826 830 831 836 839 842 846 848 849 853 855 860 870 872 876 877 879 880 882 893 895 897 898 901 905 906 908 912 928 935 937 938 939 946 947 954 962 964 965 969 972 981 982 983 985 990 992 997
campaign,reference,1000,3-0.25-M,3,38697,249,6 9 15 19 23 26 36 38 39 42 44 53 54 55 56 57 59 60 64 66 72 76 77 84 86 87 93 94 96 101 105 107 110 121 125 127 128 156 160 164 166 168 172 174 176 179 180 181 182 183 184 186 188 191 193 195 197 198 199 215 221 223 227 232 233 237 238 242 248 254 255 256 258 261 268 278 284 294 295 307 318 320 326 332 333 336 342 343 345 348 351 355 356 357 362 370 371 375 376 387 392 393 394 395 398 403 404 411 420 424 429 452 453 462 464 467 469 472 478 484 486 491 492 493 503 507 508 509 510 514 521 525 527 532 539 544 551 553 555 566 567 570 571 572 574 577 580 585 589 590 592 593 595 600 601 607 611 614 618 619 623 632 638 640 658 661 666 671 672 675 682 684 685 686 699 701 702 706 716 717 719 736 740 748 749 750 752 754 763 765 766 772 781 782 786 796 797 798 810 813 815 826 836 839 842 846 848 849 853 854 855 860 870 872 876 877 879 880 882 893 895 897 898 905 906 908 910 912 927 928 932 937 938 939 946 947 962 964 965 969 972 978 981 982 983 985 990 992 997
campaign,reference,1000,3-0.25-M,4,38508,249,1 6 9 17 19 23 26 36 38 39 42 43 44 48 53 56 57 59 60 64 65 66 72 76 77 80 86 87 93 94 96 101 105 110 121 125 127 128 129 134 156 158 162 164 168 172 174 176 179 180 181 182 184 186 188 191 193 195 197 198 199 206 215 223 227 232 233 237 238 242 248 254 255 256 258 261 268 278 284 292 294 295 299 307 320 326 332 336 345 348 349 355 356 357 358 362 371 375 376 383 387 388 393 394 398 399 403 404 406 411 424 429 445 452 461 462 464 465 467 469 472 478 482 484 486 492 493 498 503 508 509 510 516 517 520 521 525 527 532 539 544 547 551 553 566 567 571 572 574 580 585 589 590 592 593 595 600 601 607 611 614 618 619 632 638 640 649 658 661 662 666 667 671 682 684 685 686 699 701 706 717 719 733 736 748 749 750 752 754 756 763 765 766 772 776 781 782 796 797 798 810 813 815 823 826 830 836 839 846 848 849 853 855 870 872 876 877 880 882 893 895 897 898 905 906 908 910 912 919 923 928 933 935 937 938 939 946 954 962 964 965 969 972 978 981 985 990 992 997
campaign,reference,1000,3-0.25-M,5,38505,249,6 9 15 19 23 26 36 37 39 42 44 48 53 54 56 57 59 60 64 66 72 76 77 80 84 86 93 94 96 101 105 107 110 121 125 127 128 137 156 160 166 168 172 174 176 179 181 182 183 184 186 193 195 197 198 199 201 206 215 221 223 227 232 233 237 238 242 248 254 255 256 258 261 268 270 278 284 288 294 295 307 318 320 326 332 336 343 345 348 349 351 355 356 357 358 362 371 375 376 383 393 394 395 398 399 403 404 406 411 424 427 429 440 452 458 464 467 470 472 478 484 486 491 492 493 507 508 509 510 517 520 521 525 527 532 539 547 551 553 555 563 567 571 572 574 580 585 589 590 592 593 595 600 601 607 611 614 618 619 623 632 634 638 640 658 661 666 682 684 685 686 699 701 702 706 716 717 719 733 734 748 749 750 752 754 756 763 765 772 776 781 782 796 797 798 810 815 823 826 828 830 842 846 847 848 849 853 854 855 870 872 876 877 879 880 882 893 895 897 898 901 905 906 908 910 912 913 919 923 927 928 933 935 938 939 946 954 956 962 964 965 969 972 978 981 982 985 990 992
campaign,reference,1000,4-0.25-M,1,37813,251,0 1 3 5 10 12 15 21 22 27 31 39 40 46 52 54 56 58 63 64 67 69 76 81 82 83 85 89 94 99 100 106 112 115 117 118 119 122 127 133 143 145 154 162 168 175 176 180 186 191 196 201 207 216 217 221 228 239 240 245 255 257 262 264 267 271 277 285 291 292 293 294 306 307 309 312 313 318 324 331 334 335 336 337 342 345 347 354 364 368 373 375 379 382 385 390 392 397 402 414 417 421 424 432 433 439 441 447 448 451 452 453 467 470 472 473 477 483 486 487 488 489 490 494 499 500 505 519 522 526 534 537 539 541 560 566 567 572 579 581 589 597 602 603 604 609 613 614 617 621 622 625 630 633 637 642 643 645 653 654 659 660 661 668 670 671 673 674 681 682 686 687 688 692 693 701 714 716 718 721 722 724 726 728 742 743 744 745 748 750 751 752 754 755 761 764 765 779 782 784 788 796 805 808 811 813 817 819 820 825 826 827 828 830 832 834 846 848 850 851 854 858 863 869 883 884 887 890 891 894 902 907 911 914 915 923 924 925 944 946 950 954 960 968 971 978 980 982 985 994 997
campaign,reference,1000,4-0.25-M,2,37845,250,0 1 3 5 8 10 12 21 22 24 27 31 54 56 57 58 59 60 64 67 76 82 83 85 89 92 93 100 106 112 114 115 117 118 119 122 127 133 143 145 151 154 162 165 168 176 180 185 186 191 196 201 208 216 217 221 223 228 239 240 241 255 257 262 264 267 271 274 277 279 285 292 294 306 307 309 311 312 313 318 320 324 328 331 334 335 336 339 342 347 350 354 364 368 372 373 379 381 382 390 392 397 402 414 424 432 433 436 439 441 448 451 452 453 467 468 470 472 473 477 481 483 485 486 488 489 490 494 499 500 505 507 511 522 526 534 537 539 560 566 567 572 578 579 589 597 602 604 606 609 614 617 621 622 625 630 633 637 642 643 645 646 653 654 655 659 660 668 670 671 674 681 682 688 692 693 695 697 701 706 708 709 716 719 721 722 724 726 728 739 743 744 745 748 751 752 754 755 761 765 779 782 784 788 796 805 808 812 813 819 820 821 825 826 827 828 830 834 847 848 850 851 858 863 864 869 883 884 887 890 894 902 907 911 915 923 924 944 946 950 953 954 960 968 971 974 980 985 994 997
campaign,reference,1000,4-0.25-M,3,37977,251,0 1 3 5 8 10 12 15 21 24 27 31 39 46 49 53 54 56 58 59 60 64 67 76 81 82 83 85 89 94 99 100 106 112 113 115 117 118 119 122 127 133 141 143 145 162 168 175 176 180 185 186 191 207 208 216 217 221 223 231 239 241 245 255 267 271 277 278 285 286 291 292 293 306 307 309 311 312 313 318 324 328 330 331 334 335 336 338 342 350 354 364 366 368 372 379 382 390 392 397 402 406 414 417 421 424 427 428 432 436 439 441 447 448 451 453 455 461 467 468 470 473 477 481 483 485 486 487 488 489 490 494 499 505 522 523 526 534 537 539 556 560 566 572 573 578 579 589 597 602 603 604 609 612 613 615 617 621 622 625 630 633 637 642 643 645 646 653 654 655 659 660 664 668 670 671 674 681 682 686 688 692 693 697 701 709 716 719 721 722 726 728 742 743 744 748 751 752 754 755 761 765 780 782 784 788 796 805 808 812 819 820 825 826 827 828 830 832 838 846 848 850 852 858 863 869 884 890 894 902 907 911 912 914 915 923 924 925 940 944 946 950 953 954 960 968 978 980 985 994 997
campaign,reference,1000,4-0.25-M,4,37783,250,0 1 3 5 8 12 14 21 27 39 40 54 56 57 58 60 63 64 67 76 81 82 83 85 89 94 95 99 100 114 115 117 118 119 122 127 133 143 145 151 154 159 162 168 175 176 180 185 186 196 201 208 216 217 221 223 228 239 240 241 245 255 257 264 267 271 274 277 278 283 285 286 288 291 294 306 307 309 311 313 324 327 328 331 334 335 336 337 338 342 354 360 372 373 379 381 382 385 390 397 402 417 421 424 432 433 436 439 441 448 451 452 453 467 468 470 472 473 477 481 483 485 486 489 490 494 505 507 519 522 523 526 534 536 539 541 560 572 573 575 578 579 589 597 602 609 613 614 617 621 622 625 630 633 637 642 643 645 653 654 659 660 661 664 668 670 671 674 682 686 688 692 693 695 701 706 708 709 716 719 721 722 724 726 728 736 742 743 744 745 748 751 752 754 755 761 764 765 780 782 784 788 796 805 808 812 813 819 820 821 826 828 830 832 846 847 848 850 851 858 863 867 869 883 887 890 894 902 907 911 912 914 915 921 923 924 944 946 950 953 954 968 971 976 978 980 985 994 997 999
campaign,reference,1000,4-0.25-M,5,37899,250,0 3 5 12 15 21 22 27 29 31 46 54 56 58 60 63 64 81 82 83 85 89 92 94 99 100 106 112 114 115 117 118 122 127 133 143 145 154 159 162 165 168 175 176 180 185 186 196 201 207 208 216 217 221 223 227 228 239 241 245 255 257 264 267 271 274 277 285 286 287 291 292 293 294 302 306 307 309 311 312 313 318 324 328 331 334 336 338 342 347 350 354 363 364 372 373 375 379 382 392 397 402 414 417 421 424 432 433 436 439 441 447 448 451 452 453 455 467 468 470 473 477 483 485 486 488 489 490 494 505 507 511 522 523 526 529 534 537 541 543 560 566 567 572 573 578 579 581 589 594 596 597 601 602 603 606 609 614 617 621 622 625 630 633 637 642 643 646 653 654 659 661 668 670 671 674 681 682 684 688 692 693 695 701 706 709 716 719 721 722 724 726 728 743 748 750 751 754 755 761 765 782 784 788 796 805 808 812 813 819 820 825 826 827 828 830 833 847 848 850 851 852 854 858 863 869 875 880 883 884 887 890 894 902 908 911 914 915 923 924 926 940 944 950 954 968 980 985 994 997
campaign,reference,1000,5-0.25-M,1,35479,249,2 3 4 10 17 19 20 35 38 41 46 47 48 49 57 58 60 65 69 76 77 80 83 85 90 93 97 103 106 112 116 122 127 131 141 147 150 154 160 161 174 175 177 178 181 184 192 197 203 205 223 225 226 230 233 234 237 238 243 245 246 249 257 264 268 271 276 277 283 289 290 293 299 300 301 302 303 305 306 308 316 324 326 334 340 343 348 349 350 351 357 362 366 368 369 370 380 386 387 391 399 402 412 416 418 424 427 428 430 440 444 448 451 452 453 454 459 466 469 473 476 480 485 486 495 497 501 503 507 511 518 519 521 522 525 526 540 541 544 550 553 554 567 585 586 587 594 601 602 605 606 609 616 617 630 632 633 635 637 641 645 646 648 655 657 674 678 681 687 688 690 693 695 698 699 702 706 712 720 722 725 729 730 738 740 741 745 746 749 752 753 756 759 765 769 773 774 775 783 784 785 789 793 797 801 802 804 808 810 813 814 840 841 844 846 850 853 854 857 868 869 878 880 881 883 884 885 886 897 900 903 905 907 921 927 928 931 934 940 942 947 953 967 981 983 986 989 990 994
campaign,reference,1000,5-0.25-M,2,35619,249,2 15 17 19 20 35 38 41 46 47 48 49 57 58 60 61 64 65 69 77 82 85 90 93 97 103 106 108 112 116 122 131 141 142 147 150 160 161 174 175 177 178 181 184 192 195 197 213 223 230 233 234 237 238 243 245 246 249 257 264 268 271 277 283 289 290 293 299 300 301 302 303 305 311 316 324 326 338 339 340 348 349 350 351 357 362 366 369 370 380 386 389 391 402 411 412 415 416 418 422 424 427 428 430 431 440 444 448 451 453 454 459 466 469 470 473 480 486 495 497 501 503 507 511 514 518 519 525 527 540 541 544 550 553 555 556 567 585 586 587 594 600 605 606 609 615 617 628 630 632 633 635 637 641 645 646 655 657 674 681 686 687 688 689 690 693 695 698 699 702 708 712 715 720 722 725 726 727 729 730 740 741 746 749 752 753 756 759 765 769 774 775 783 785 789 793 797 802 804 806 808 810 813 814 817 822 823 827 838 841 844 846 850 854 857 878 880 883 884 886 896 897 900 903 905 907 921 922 924 925 927 928 931 932 937 940 942 947 953 960 963 967 981 983 986 988 989 990 994
campaign,reference,1000,5-0.25-M,3,35523,249,2 4 17 19 20 22 35 38 41 46 57 58 60 64 65 69 71 82 83 85 90 93 94 96 97 103 104 106 108 116 122 131 141 147 150 154 160 161 172 174 175 177 178 181 184 192 197 203 205 207 213 223 226 230 233 234 237 243 245 246 249 254 257 264 268 271 276 283 289 290 293 295 300 303 305 306 310 312 316 320 324 326 334 338 339 340 343 348 349 351 357 366 368 369 370 380 386 387 389 391 401 402 412 415 416 418 422 423 427 428 430 440 444 446 448 451 453 459 466 469 473 476 480 482 486 497 503 507 511 518 519 521 525 526 540 541 544 550 553 556 567 585 586 587 602 605 606 609 615 617 628 630 632 634 635 637 641 644 645 646 648 655 657 661 668 674 678 681 687 688 689 690 692 693 695 698 702 712 715 725 729 738 740 741 745 746 749 752 753 754 756 759 764 765 769 775 783 785 789 793 797 802 808 810 813 814 817 827 838 841 844 846 848 850 854 857 866 868 869 878 883 884 885 886 891 896 897 900 902 903 905 907 921 927 928 931 932 934 940 942 947 953 963 967 981 983 986 989 994
campaign,reference,1000,5-0.25-M,4,35483,250,2 4 15 17 19 20 22 35 38 41 46 47 49 57 58 60 64 65 69 77 80 82 83 85 90 96 97 103 106 108 116 122 131 141 147 150 154 160 161 174 175 177 178 181 184 191 192 197 205 207 213 218 223 230 234 237 238 243 245 246 249 250 254 257 264 268 271 272 276 283 289 290 293 299 300 301 302 305 306 310 311 312 316 324 326 338 339 340 343 348 349 351 357 362 366 369 370 380 386 389 391 401 402 411 412 416 418 422 427 428 430 431 440 444 446 448 451 452 453 454 469 473 476 480 486 497 501 503 507 511 518 519 525 527 540 541 544 548 550 553 554 556 567 586 587 594 601 605 606 609 615 628 632 633 635 637 641 645 646 655 657 668 674 677 681 687 688 689 690 691 693 695 698 702 706 722 725 727 729 730 738 740 741 745 746 747 749 752 753 756 759 764 765 769 774 785 789 793 797 801 802 808 810 813 814 817 822 827 828 838 841 844 846 850 854 857 868 869 878 880 881 883 884 886 897 903 907 909 921 922 927 928 931 932 934 937 940 942 947 953 960 963 967 981 983 986 988 989 990 994
campaign,reference,1000,5-0.25-M,5,35423,249,2 4 17 19 20 22 28 35 38 41 46 48 49 57 58 60 64 65 69 71 74 77 82 83 85 90 93 96 97 103 106 108 112 116 122 127 131 141 147 149 150 154 160 173 174 175 177 181 184 191 192 197 203 205 207 213 223 226 230 233 234 236 237 238 243 245 246 249 254 257 261 264 267 268 271 283 289 290 293 299 300 301 302 303 312 316 324 326 330 338 339 340 343 348 349 350 351 362 366 368 369 370 380 386 387 389 391 401 412 415 416 418 422 424 427 430 431 440 444 448 451 453 454 466 469 476 480 485 486 495 497 501 503 507 511 514 518 519 525 540 541 544 550 553 554 556 567 570 586 587 601 602 606 609 615 628 633 635 637 645 646 648 655 657 668 671 674 681 687 688 690 693 695 698 702 712 715 720 722 725 729 730 738 740 741 745 746 747 749 752 753 756 759 765 774 775 783 785 789 793 797 799 802 806 810 813 814 817 822 838 840 841 844 846 849 850 854 857 860 868 878 880 881 883 884 886 897 902 903 905 907 921 925 927 928 931 932 940 942 947 953 967 981 983 986 988 989 990 994
campaign,reference,1000,6-0.25-M,1,40492,251,3 5 12 17 18 25 29 32 38 54 59 63 69 74 80 92 95 99 100 103 107 109 111 115 118 119 121 125 126 135 138 139 140 145 146 147 155 161 172 190 193 195 196 202 212 218 219 225 227 229 231 232 237 238 241 245 250 259 263 265 268 275 276 278 280 294 300 307 309 310 311 315 322 329 334 337 338 342 346 351 353 354 357 359 361 363 364 365 366 367 368 380 383 384 386 387 388 390 391 395 401 405 407 408 409 414 421 422 423 425 431 438 439 444 445 447 452 455 464 466 468 472 474 478 481 482 483 486 489 491 492 493 502 511 514 519 523 530 531 538 540 544 547 549 557 558 564 567 572 573 576 578 581 591 592 594 599 603 612 615 616 619 630 639 640 655 661 662 663 665 666 667 672 674 680 687 689 694 695 698 699 701 703 711 714 715 716 734 750 754 758 763 765 772 773 778 782 783 786 790 794 796 801 803 812 813 815 817 821 827 828 833 839 840 848 856 860 862 864 867 878 888 889 891 893 895 896 898 899 911 913 914 938 940 942 944 948 953 956 960 961 972 973 977 983 984 986 989 991 992 998
campaign,reference,1000,6-0.25-M,2,40805,251,3 5 12 14 17 18 23 25 29 32 41 43 54 59 67 69 74 80 89 90 92 95 97 99 100 103 107 109 111 118 121 125 126 139 140 145 146 155 161 190 193 195 204 212 218 219 222 225 227 229 232 237 238 245 250 259 263 268 275 280 287 294 297 300 309 310 311 312 315 316 322 329 333 334 337 338 342 351 353 354 357 359 361 363 364 365 366 367 368 371 380 381 384 386 387 388 390 395 401 405 407 409 414 421 423 425 428 429 431 433 438 439 444 445 450 452 453 455 464 468 472 478 481 482 483 486 489 491 492 500 502 511 519 523 530 531 538 547 549 557 558 564 567 572 573 578 580 581 591 594 595 602 603 615 619 630 639 640 648 652 655 661 663 665 666 667 674 680 687 688 694 695 698 699 701 702 703 709 715 734 747 752 754 758 763 765 768 772 773 774 778 782 783 790 793 794 795 796 800 801 803 812 813 817 821 827 828 835 839 840 848 851 856 860 862 864 867 878 884 887 888 889 891 893 896 898 899 901 911 914 922 925 930 938 940 942 948 953 954 956 960 972 973 977 983 986 989 991 992 996 998
campaign,reference,1000,6-0.25-M,3,40944,251,3 5 12 17 18 25 29 32 40 43 50 54 59 67 69 74 79 80 89 92 95 97 99 100 103 107 111 121 125 126 138 139 140 141 145 146 155 161 190 193 195 196 204 212 216 218 219 222 225 227 229 232 237 238 250 259 268 275 278 280 287 294 300 309 310 311 315 322 334 337 338 342 351 353 357 359 361 363 364 365 366 367 368 380 384 386 387 388 390 391 395 401 402 405 407 409 414 421 423 425 428 431 433 438 439 444 450 452 455 458 466 468 470 472 478 481 482 483 486 489 491 492 493 500 502 507 511 519 523 530 531 538 544 547 549 557 558 564 567 572 573 576 578 580 581 591 592 595 602 603 612 615 616 619 625 633 639 640 652 653 655 661 663 664 666 672 674 680 684 687 689 694 695 698 699 701 703 711 716 723 732 747 754 763 765 768 772 773 774 778 782 783 786 790 793 794 796 797 800 801 803 812 813 815 817 827 828 835 839 840 848 856 860 862 864 865 867 878 879 884 887 888 889 891 896 898 899 913 914 917 922 930 935 938 940 942 944 948 953 956 960 961 962 972 977 983 986 991 992 996 998
campaign,reference,1000,6-0.25-M,4,40506,251,5 12 14 17 18 29 32 40 41 43 59 63 67 69 74 80 92 95 97 99 100 103 107 109 111 118 121 125 126 139 140 146 155 161 172 184 190 193 195 201 204 205 216 218 219 227 229 232 237 238 241 248 250 259 263 268 275 280 287 294 297 300 309 310 311 312 315 322 333 334 337 338 342 351 353 357 359 361 363 364 365 366 367 379 380 381 384 386 387 388 390 395 401 405 407 409 414 415 417 421 423 429 431 433 438 439 444 445 447 450 452 455 466 468 472 474 478 479 481 482 483 486 489 491 492 493 500 502 507 511 519 523 530 531 538 544 547 548 557 558 564 565 567 572 573 576 581 591 592 594 595 602 603 612 615 616 619 630 633 639 640 648 655 661 664 665 666 674 680 684 687 694 695 698 699 701 703 709 710 711 716 723 754 763 765 772 773 774 778 782 783 786 790 793 794 796 800 801 803 812 813 815 817 821 823 827 828 833 839 840 848 851 856 860 862 864 867 878 879 884 887 888 896 898 899 901 913 914 917 930 935 938 940 942 948 953 956 960 961 962 969 972 973 977 983 986 989 991 992 996 998
campaign,reference,1000,6-0.25-M,5,40611,251,5 6 11 12 14 17 18 23 25 29 32 38 40 41 50 59 63 67 69 74 80 89 90 92 95 99 100 103 107 109 111 118 121 125 126 135 138 139 140 145 146 155 161 190 193 195 196 201 205 212 218 219 222 225 227 229 232 237 238 241 259 265 268 275 280 294 300 309 310 311 313 315 322 329 333 334 337 338 342 351 357 359 361 363 364 365 366 367 380 384 386 387 388 390 395 401 405 407 409 414 419 421 423 425 428 433 438 444 445 447 450 452 453 455 464 468 472 478 479 481 482 483 486 489 491 492 493 500 502 511 519 523 530 531 538 544 547 548 549 557 558 561 564 565 567 573 576 581 591 594 602 603 612 615 616 619 630 639 640 652 653 655 661 664 665 666 680 687 694 695 698 699 701 703 709 710 711 714 715 716 723 730 734 747 754 758 763 765 768 772 773 778 782 783 786 790 794 796 797 801 803 812 813 817 821 823 827 828 835 839 840 848 856 859 860 862 864 867 878 884 887 888 891 896 899 901 911 914 917 930 938 940 942 944 948 953 956 960 961 962 969 972 977 983 984 986 989 991 992 996 998
campaign,reference,1000,7-0.25-M,1,39121,249,2 9 21 28 31 35 49 52 59 70 74 79 80 81 84 87 89 91 101 104 112 113 114 116 117 122 124 132 135 143 144 147 148 150 151 154 155 156 158 160 164 178 182 183 191 192 193 213 228 231 233 249 252 263 264 267 269 270 271 275 276 278 286 290 292 299 300 304 307 310 311 312 319 324 326 328 334 339 340 344 345 352 353 358 363 368 379 381 392 398 401 403 404 409 414 420 424 430 433 434 439 441 444 446 452 455 464 466 469 472 474 475 476 477 489 490 494 495 496 500 510 516 517 519 520 530 532 535 536 537 542 544 547 552 558 563 571 572 579 580 584 585 592 593 597 601 613 615 618 622 629 630 632 633 637 645 649 650 653 654 655 668 669 670 674 677 679 680 684 685 686 689 699 700 701 704 705 707 708 710 718 721 722 726 728 731 732 742 745 747 749 750 757 765 771 773 783 786 789 791 805 806 810 820 827 834 835 840 846 851 854 863 865 872 873 877 894 895 898 901 903 905 906 911 912 914 919 926 927 933 935 941 943 949 950 952 953 954 958 960 964 974 976 981 984 987 988 990 999
campaign,reference,1000,7-0.25-M,2,39417,250,2 9 16 21 28 31 32 35 43 49 59 74 76 79 81 84 87 89 101 102 104 110 112 113 114 116 117 122 124 125 128 132 135 136 143 144 147 148 150 151 154 155 156 158 160 162 164 178 182 183 191 193 204 228 233 249 252 254 256 263 264 267 269 270 271 275 276 286 299 300 304 310 311 312 314 319 324 326 328 339 340 344 345 348 353 358 363 368 379 381 387 392 398 401 403 404 407 409 414 416 420 424 430 433 434 441 444 446 452 455 464 466 469 472 474 475 476 477 489 490 494 496 500 510 516 517 519 520 523 530 532 535 536 537 542 544 547 558 560 563 572 574 579 580 584 592 593 594 597 601 613 615 618 622 629 630 632 633 634 635 637 641 645 653 654 655 659 668 669 670 674 677 680 685 686 689 699 701 703 704 705 707 708 710 718 721 722 726 728 731 732 737 745 750 757 762 765 771 773 786 789 805 806 810 820 827 828 834 839 840 842 846 854 863 865 872 873 877 883 894 895 898 900 903 905 906 911 912 914 919 924 926 933 940 941 943 944 949 950 952 953 958 960 964 974 981 984 987 988 990
campaign,reference,1000,7-0.25-M,3,39129,249,2 8 16 22 25 28 32 35 59 74 77 79 80 81 87 91 101 104 105 110 112 113 114 116 117 118 122 124 125 132 135 143 144 147 148 150 151 154 155 156 158 160 162 164 178 182 183 189 192 193 204 214 228 233 249 251 252 254 263 264 269 270 271 275 286 290 291 295 299 300 304 307 310 311 312 314 316 319 324 326 328 334 339 340 344 345 352 353 358 363 368 379 381 389 392 397 398 404 407 408 409 414 416 420 424 430 433 434 441 444 446 452 455 460 464 466 469 472 474 476 477 483 489 490 494 496 500 510 516 517 519 520 523 530 532 535 536 537 542 544 547 558 560 563 571 574 579 580 584 592 593 594 597 599 600 601 613 615 618 622 629 630 632 633 645 653 657 659 668 669 670 674 677 679 680 684 685 686 689 699 703 704 705 707 708 718 721 722 726 728 732 739 742 749 750 757 758 765 771 773 783 786 789 803 805 806 810 820 827 832 834 839 846 863 865 873 877 883 895 900 903 905 906 911 912 914 917 919 924 926 933 935 940 941 943 944 949 950 952 953 960 963 964 981 984 987 988 990 999
campaign,reference,1000,7-0.25-M,4,39228,250,2 9 22 25 28 31 35 40 55 59 70 74 79 80 81 84 87 89 91 101 104 108 113 114 116 117 122 124 125 132 135 136 143 147 150 151 154 155 156 158 160 164 178 182 183 189 192 203 204 213 214 228 233 249 251 252 263 264 267 269 270 271 275 276 286 290 291 292 299 300 304 307 310 311 312 319 322 324 326 339 340 344 345 348 353 357 358 368 379 381 383 392 398 401 404 407 408 409 413 414 416 420 424 425 430 433 434 444 446 449 452 455 460 461 464 466 469 472 475 476 477 483 489 494 496 500 506 510 516 517 519 520 522 523 530 532 535 536 542 544 547 558 560 563 571 574 579 580 584 592 593 594 597 600 601 615 618 622 629 630 632 633 637 645 649 650 653 655 659 668 669 670 674 677 680 684 685 686 689 699 700 701 703 704 705 707 708 710 718 721 722 726 728 732 745 747 749 750 757 762 765 771 773 786 789 805 806 809 810 820 822 827 828 833 834 840 846 851 854 863 865 877 883 889 894 895 898 900 903 905 906 911 912 914 924 926 933 941 943 949 952 953 960 964 974 979 981 984 987 990
campaign,reference,1000,7-0.25-M,5,39088,249,2 16 22 28 31 33 35 40 43 48 52 59 70 71 74 75 79 80 81 84 87 89 91 98 101 103 104 105 108 112 113 114 116 117 122 124 125 132 135 136 143 144 147 150 151 155 156 158 160 164 182 183 189 204 213 214 228 233 249 252 254 263 264 267 269 270 271 275 276 286 290 299 300 304 307 310 311 312 319 322 324 326 334 340 344 345 348 352 353 355 358 363 368 379 381 392 398 401 404 407 408 409 414 416 420 424 430 433 434 441 444 449 452 455 464 465 466 469 472 474 475 476 477 483 489 494 496 500 510 516 517 519 520 522 523 530 532 535 536 542 544 545 547 558 560 563 569 571 579 580 584 592 593 594 597 600 601 615 618 629 630 632 633 637 645 653 655 659 668 670 677 680 684 685 686 689 699 703 704 705 707 708 710 711 718 721 722 726 732 745 747 749 757 765 771 773 786 789 805 806 809 810 820 827 828 834 835 838 839 840 846 851 854 863 865 877 883 894 895 900 903 905 911 912 914 917 919 924 926 933 940 941 942 943 944 949 950 952 953 958 960 963 964 974 981 984 987 988 990
campaign,reference,1000,8-0.25-M,1,41602,251,1 3 7 13 21 25 29 34 35 39 41 50 55 61 64 67 73 75 76 78 82 84 86 87 90 91 97 101 109 114 115 127 134 135 136 137 140 141 143 144 145 150 156 166 169 179 180 184 185 195 199 202 208 209 214 227 230 239 240 241 253 254 255 258 261 267 268 273 281 283 285 290 292 295 296 297 299 303 305 315 317 320 322 327 329 335 347 353 355 356 365 366 369 370 373 376 385 386 390 407 412 416 417 422 426 427 429 430 441 445 446 448 449 452 457 459 466 470 472 474 480 484 485 491 493 496 497 514 516 517 519 520 527 528 537 540 541 542 544 545 546 550 557 561 567 569 572 580 587 588 591 603 608 610 612 614 615 616 621 623 630 643 645 648 651 653 654 655 656 662 664 669 678 680 682 693 699 703 705 711 712 719 722 725 726 731 740 745 746 748 749 757 758 762 765 770 777 785 787 789 791 799 801 803 804 808 814 831 837 839 840 842 844 850 851 857 858 859 863 866 867 876 882 883 886 895 909 915 917 918 921 932 933 934 936 940 947 948 953 958 965 971 972 974 978 980 985 988 989 998 999
campaign,reference,1000,8-0.25-M,2,41469,251,1 3 5 7 13 21 25 27 29 34 35 39 40 41 50 55 58 64 67 73 75 76 78 81 82 84 87 90 91 99 101 102 109 113 114 115 134 135 136 137 140 141 143 144 145 156 164 166 169 179 184 185 195 208 209 214 227 228 230 239 240 241 253 254 255 258 261 267 268 281 285 292 295 297 299 305 315 320 322 328 329 335 346 347 353 355 356 358 365 366 369 370 373 376 379 385 386 390 391 399 406 407 417 422 425 427 429 430 441 446 448 449 450 452 457 470 472 474 480 482 484 485 491 493 496 497 514 516 517 519 520 527 528 537 540 541 542 544 545 546 550 557 561 567 569 572 582 587 588 591 597 603 610 612 614 615 616 619 623 627 630 643 645 648 653 654 655 656 662 664 678 682 693 699 703 711 712 719 725 726 731 739 740 743 745 746 749 750 755 757 758 765 775 776 777 784 785 789 795 799 801 803 814 827 830 831 837 839 840 842 844 848 850 851 855 858 859 863 866 867 872 876 881 882 883 895 909 913 915 917 921 932 933 934 936 940 948 951 953 958 962 971 972 974 978 982 985 988 996 998 999
campaign,reference,1000,8-0.25-M,3,41554,251,1 3 5 7 13 18 21 25 34 35 39 41 50 55 61 64 70 73 75 78 81 82 84 86 87 90 91 97 99 101 102 105 109 112 114 115 127 134 135 137 140 141 143 144 145 156 164 166 179 180 185 195 199 208 209 214 227 228 230 236 239 240 241 253 254 258 261 262 267 268 276 285 290 292 295 296 297 303 315 317 319 320 327 328 329 335 347 353 356 358 365 369 370 373 376 385 386 388 390 399 406 407 417 422 425 426 427 429 430 441 446 447 448 449 450 452 459 466 470 472 474 479 480 482 484 485 491 493 496 497 498 514 516 517 519 520 526 527 528 537 540 541 542 544 546 550 552 557 561 567 569 572 587 588 591 603 610 614 616 623 630 642 643 645 648 651 653 654 655 656 662 664 677 678 680 682 693 699 703 711 712 719 720 725 726 731 739 740 743 745 746 749 750 756 757 758 762 765 776 777 785 787 789 791 795 799 801 803 804 808 830 831 837 839 840 842 844 850 851 858 866 867 872 876 882 883 886 895 898 909 913 915 917 921 932 933 934 936 940 948 951 958 965 971 974 978 985 988 989 997 998
campaign,reference,1000,8-0.25-M,4,41688,250,1 2 3 5 7 13 21 25 34 35 39 41 50 55 64 70 73 75 76 78 81 82 84 86 87 91 97 99 101 102 109 112 114 119 134 135 136 137 140 141 143 144 145 150 156 164 166 179 184 185 195 199 202 208 209 213 227 228 230 239 240 241 253 254 255 258 261 267 268 273 285 290 292 295 297 299 303 312 320 328 335 355 356 358 365 366 369 370 373 379 385 386 390 391 399 406 407 412 416 422 426 427 429 430 441 445 446 447 448 449 457 459 472 474 479 480 482 484 485 491 493 496 497 516 517 519 520 526 527 528 531 532 537 540 541 542 544 546 550 552 557 561 572 591 597 603 610 612 614 615 616 619 621 623 627 630 640 642 643 645 648 651 653 654 655 656 662 664 677 678 682 693 694 699 703 705 711 719 720 725 726 730 731 739 740 745 746 749 755 756 757 758 762 765 777 785 787 789 791 795 801 803 804 808 814 830 831 837 839 840 844 849 850 851 855 857 858 859 863 866 867 872 876 882 883 886 909 915 917 921 932 933 934 936 940 947 948 951 952 958 962 965 971 972 974 978 985 988 998 999
campaign,reference,1000,8-0.25-M,5,41527,250,1 2 7 13 18 21 25 34 35 40 41 50 55 64 70 73 75 76 78 81 82 84 87 91 99 101 109 112 114 115 127 134 135 136 137 140 141 143 144 145 156 164 166 169 179 184 185 195 199 208 209 227 230 239 240 253 254 255 258 261 262 267 268 272 281 285 290 292 295 297 303 305 312 315 317 320 328 335 347 353 356 358 365 366 369 370 373 379 385 386 390 399 406 407 422 425 427 429 430 441 446 447 448 449 450 452 457 459 466 470 472 474 479 480 482 484 485 491 493 494 496 497 514 516 517 519 520 526 527 528 537 540 541 542 544 545 546 550 557 561 569 572 576 587 588 591 597 603 610 614 615 616 619 623 630 643 645 648 651 654 655 656 662 664 677 678 680 682 693 694 699 703 711 712 719 722 725 726 731 738 739 745 746 749 752 755 756 757 758 762 765 767 770 775 776 777 785 787 789 791 795 801 803 804 808 814 815 824 827 830 831 837 839 840 842 844 850 851 855 858 866 867 872 882 883 886 895 909 913 915 917 921 922 932 933 934 936 940 947 948 958 962 971 972 974 978 980 985 998 999
campaign,reference,1000,9-0.25-M,1,37514,250,0 10 12 13 17 20 21 23 24 25 27 29 33 39 47 54 63 67 72 76 83 84 86 92 102 103 110 111 116 118 121 124 126 127 135 144 168 169 175 179 182 188 193 194 197 198 199 205 209 212 217 220 223 224 225 229 233 234 238 240 244 252 253 258 263 278 281 282 287 289 294 299 309 313 314 317 319 333 334 343 347 352 361 362 366 368 371 374 376 381 382 384 387 390 392 396 397 399 403 405 412 413 414 418 422 423 434 438 440 442 445 449 460 461 466 470 474 477 478 479 481 483 484 485 490 492 496 497 499 500 502 506 512 516 527 530 536 539 549 569 571 577 578 579 581 585 594 596 601 603 606 609 620 624 627 629 630 631 633 634 635 637 646 648 664 667 668 684 692 695 706 707 714 718 719 724 727 729 731 732 734 735 739 743 746 748 756 758 761 765 768 769 770 771 778 787 788 791 795 801 807 809 812 814 816 823 825 827 830 834 835 837 839 858 863 865 873 874 876 878 881 887 889 892 897 900 906 911 912 915 916 917 922 924 925 929 930 935 936 943 948 952 957 959 965 983 990 991 992 996
campaign,reference,1000,9-0.25-M,2,37454,250,0 7 10 12 17 20 21 23 24 25 27 29 33 39 54 63 64 66 72 76 83 84 86 102 103 110 111 116 117 121 124 126 127 135 144 158 169 175 179 182 183 192 193 194 197 198 199 205 209 212 217 220 223 224 225 229 233 234 238 244 245 252 253 254 258 263 278 282 289 294 299 309 313 317 319 333 334 338 343 347 350 352 354 361 362 368 370 371 374 381 382 384 387 388 395 396 397 399 403 405 409 412 413 418 422 423 429 434 440 442 445 449 457 460 461 466 468 470 473 474 477 478 479 481 487 490 496 497 502 503 504 506 512 515 516 527 530 539 549 569 571 577 578 579 581 585 587 594 595 596 601 603 606 609 613 620 624 629 630 631 633 634 638 646 648 651 655 664 667 668 670 684 692 694 695 697 700 705 706 707 714 718 719 724 727 729 731 732 740 741 743 745 746 756 761 765 768 778 780 787 788 795 796 807 812 816 822 823 825 827 830 834 835 839 848 849 857 858 873 874 876 881 886 887 897 900 906 911 914 915 917 924 925 927 929 930 933 936 948 952 957 965 968 969 971 983 985 990 991 992
campaign,reference,1000,9-0.25-M,3,37437,250,0 5 7 8 10 12 13 17 21 23 24 25 27 29 33 39 54 63 66 72 82 84 86 102 103 111 114 116 121 124 126 127 135 143 144 145 158 169 175 179 183 188 192 193 195 197 199 205 209 211 217 220 223 224 225 229 231 233 234 238 239 240 244 245 249 252 254 258 263 278 282 283 285 287 291 294 299 309 314 317 319 333 334 343 347 352 354 361 368 370 371 374 381 387 388 396 397 403 405 412 413 414 418 422 423 429 434 438 440 442 445 449 457 460 461 466 468 470 473 474 477 478 481 483 485 487 490 496 497 499 500 502 503 506 509 512 513 518 527 530 536 539 569 571 577 578 579 585 587 594 596 599 601 606 609 620 624 630 633 634 637 642 646 648 651 655 667 668 679 684 687 690 691 706 707 714 718 719 720 727 729 731 732 739 743 745 746 756 758 761 765 768 770 775 778 780 787 788 792 793 795 799 807 809 812 814 816 823 827 830 834 835 839 848 865 870 873 874 876 881 887 889 892 900 906 911 914 915 916 917 925 929 930 931 933 935 936 943 952 957 959 965 968 971 983 985 990 991 992 996
campaign,reference,1000,9-0.25-M,4,37668,250,0 5 10 12 17 20 21 23 24 25 27 29 32 33 39 53 54 63 72 76 83 84 86 102 103 111 116 121 124 126 127 135 144 145 169 175 179 182 183 188 192 193 194 197 205 209 212 217 220 223 224 225 229 231 233 234 238 244 252 258 263 276 278 282 289 294 299 317 319 333 334 343 347 352 354 361 362 368 370 371 374 377 381 382 384 387 396 397 399 403 405 413 414 418 422 423 429 434 438 440 442 445 449 457 460 461 466 468 470 473 474 478 479 481 483 485 487 490 492 496 497 499 502 503 504 506 509 512 516 527 530 531 536 539 549 569 571 577 578 579 581 585 587 594 601 606 609 620 624 629 630 631 632 633 634 637 646 648 653 667 668 684 690 697 706 707 710 714 718 719 720 724 731 732 734 739 741 743 745 746 756 761 765 768 770 771 778 780 784 787 788 791 793 795 807 809 812 814 816 823 827 830 834 835 839 848 860 865 869 873 874 876 878 881 886 887 889 897 900 906 911 912 913 914 915 916 917 922 924 925 929 930 931 933 935 936 943 948 952 957 965 968 971 983 985 986 990 991 992 996
campaign,reference,1000,9-0.25-M,5,37633,250,0 5 10 12 17 20 21 23 24 25 27 29 33 39 54 63 64 72 73 76 83 84 86 102 111 114 116 121 124 126 127 135 143 144 145 158 175 179 182 183 193 194 197 199 205 209 212 217 220 223 224 225 229 231 233 234 238 244 245 249 253 254 256 258 263 276 278 283 287 289 294 299 309 314 317 319 333 334 337 343 347 352 361 368 370 371 374 381 384 387 388 395 396 397 399 403 405 409 412 413 414 418 422 423 429 434 438 440 442 445 449 459 460 461 468 470 473 474 478 479 481 485 487 490 496 497 502 503 506 512 513 515 516 527 530 531 536 539 549 569 571 577 578 579 581 585 587 594 595 601 603 606 609 620 624 629 630 631 633 634 637 646 648 660 667 668 677 684 690 691 695 697 706 707 714 718 719 724 727 729 731 732 743 745 748 756 761 765 768 770 771 775 787 788 795 807 809 812 814 816 822 823 825 827 830 834 835 839 848 860 863 865 870 873 876 878 881 886 887 889 897 900 906 911 913 914 915 916 917 922 925 929 930 931 932 935 936 943 952 957 959 965 968 971 983 985 987 991 992 996
campaign,reference,1000,10-0.25-M,1,41094,251,7 16 20 26 32 41 42 46 56 61 62 66 70 75 76 78 85 93 96 100 101 106 112 113 114 123 131 134 135 136 142 145 148 150 157 161 163 166 167 176 178 179 182 188 192 193 203 206 208 211 213 214 215 216 217 218 219 223 225 226 234 235 241 265 266 269 270 271 274 281 282 286 293 295 299 306 307 308 311 315 317 325 327 331 333 334 336 338 340 348 350 353 362 366 367 371 372 373 375 385 389 390 391 393 394 396 399 400 405 408 411 416 419 427 430 431 450 452 461 462 465 466 476 477 480 482 489 492 498 502 505 506 509 511 512 513 520 522 525 527 544 546 550 558 566 568 573 581 582 584 588 592 593 597 600 604 606 620 622 623 626 627 629 631 638 641 643 647 648 649 650 651 655 657 664 675 679 683 686 687 689 690 693 698 699 700 701 706 711 715 717 721 728 730 738 741 746 749 753 764 765 770 776 795 800 810 814 815 821 824 827 830 835 836 837 838 851 852 855 857 860 867 879 880 881 885 892 894 898 907 909 917 926 931 933 934 939 944 946 947 952 956 957 958 964 965 976 979 982 994 996
campaign,reference,1000,10-0.25-M,2,41163,251,7 15 16 20 26 28 46 61 66 70 73 75 77 78 82 85 96 99 100 101 106 112 114 117 123 131 134 135 136 139 142 144 145 148 150 157 161 163 167 178 179 182 188 192 193 195 201 203 206 207 208 211 213 214 215 216 217 218 219 223 225 226 234 235 241 247 257 265 266 269 270 271 274 281 282 290 299 307 308 311 313 315 317 325 327 331 333 334 336 340 348 353 357 362 364 366 367 371 372 373 375 385 388 389 390 391 393 396 400 405 408 411 416 419 430 431 446 450 452 461 462 465 466 476 477 478 482 489 492 495 498 502 505 506 509 510 511 512 513 520 522 525 546 550 552 555 558 560 568 573 582 584 588 592 593 597 600 604 606 612 617 620 622 623 625 626 627 629 631 638 647 648 650 651 657 662 664 675 683 686 687 689 690 693 698 700 706 711 715 717 721 723 728 730 737 741 746 749 753 761 762 765 770 772 785 795 814 821 824 830 835 837 838 851 852 855 857 867 879 880 881 885 887 892 894 898 907 909 917 924 926 931 933 934 939 944 946 947 952 956 957 958 964 965 971 976 979 982 990 994 996
campaign,reference,1000,10-0.25-M,3,41144,250,7 13 15 16 20 26 41 46 56 61 66 70 73 75 78 79 90 101 106 112 117 123 129 131 134 135 136 142 144 145 148 150 154 157 158 161 163 164 166 167 172 176 178 179 182 188 192 195 203 206 207 213 215 216 217 218 219 223 225 226 234 235 241 247 254 257 265 266 269 270 271 274 281 282 294 295 299 307 308 311 315 317 325 331 333 334 336 340 348 353 362 366 367 371 372 373 385 388 390 391 393 394 396 400 401 405 408 411 416 419 427 430 431 447 450 452 457 459 461 462 465 466 476 477 482 489 492 498 502 505 506 509 510 511 512 520 522 525 541 544 546 550 555 558 560 561 566 568 581 582 584 588 592 597 600 606 611 614 617 620 622 623 625 626 627 629 631 638 643 647 648 650 651 653 657 664 675 679 683 686 687 689 690 698 700 706 711 715 717 721 723 730 741 746 749 753 764 765 770 772 776 795 800 810 814 815 816 821 824 830 835 837 838 852 855 857 860 867 879 880 881 892 893 894 907 909 910 917 926 931 933 934 935 939 944 946 947 952 956 957 958 963 964 965 976 977 979 990 994 996
campaign,reference,1000,10-0.25-M,4,40906,251,7 13 15 16 20 26 32 42 46 61 62 66 70 73 75 78 79 85 96 100 101 106 112 123 129 131 134 135 142 143 145 148 150 154 156 157 161 163 166 167 172 178 179 182 188 192 193 195 199 203 206 211 213 214 215 216 217 218 219 223 225 226 234 235 241 257 265 266 269 270 271 274 281 282 286 299 306 307 308 311 315 317 325 327 333 334 336 338 340 348 353 357 362 366 367 371 372 373 375 377 385 388 389 390 393 396 399 400 405 408 411 416 419 428 430 431 447 450 452 457 461 462 465 466 477 482 489 492 495 498 502 505 506 507 510 511 512 513 520 522 525 531 532 541 544 546 550 555 558 560 566 568 581 582 584 588 592 593 600 606 611 613 617 620 622 623 625 626 627 629 631 641 644 648 650 651 657 664 675 683 686 687 689 690 693 698 700 706 711 715 717 721 722 723 728 730 741 746 749 753 765 770 772 776 795 814 815 820 821 824 825 830 835 837 838 851 852 855 857 860 864 867 879 881 885 892 894 898 907 909 917 923 926 931 933 939 944 946 947 952 956 957 958 964 965 976 977 979 982 994 996
campaign,reference,1000,10-0.25-M,5,41229,251,7 15 16 26 27 32 44 66 70 73 75 76 78 85 93 96 100 101 106 112 120 131 134 135 136 142 145 148 150 157 167 178 179 182 188 192 193 195 203 206 207 208 211 213 214 215 216 217 218 219 223 225 226 234 235 241 247 254 257 260 265 266 269 270 271 274 281 282 290 295 299 306 307 308 311 315 317 325 327 331 333 334 336 338 340 348 350 353 357 361 362 366 367 371 372 373 375 385 389 390 391 396 400 405 408 411 416 419 430 431 438 442 446 450 452 457 459 461 462 466 476 477 480 482 489 492 498 502 505 506 509 510 512 520 522 525 531 546 550 555 558 568 582 584 588 592 593 597 600 604 606 610 612 614 617 620 622 623 625 626 627 629 631 638 641 647 648 650 651 657 662 664 675 683 684 686 687 689 690 693 698 699 700 701 706 711 715 722 728 730 731 737 741 746 749 753 764 765 770 772 776 795 814 815 821 824 830 835 836 837 838 851 852 855 856 857 860 867 879 880 881 885 892 894 898 899 907 909 910 912 917 923 926 931 933 934 939 944 946 947 952 956 957 958 964 965 972 975 976 994 996
campaign,reference,1000,1-0.5-P,1,271392,502,0 1 2 5 6 9 10 11 13 14 18 22 23 24 25 26 27 30 31 32 33 34 35 36 39 40 44 45 49 50 53 54 57 63 70 73 76 77 82 84 86 88 90 93 94 95 97 100 101 106 109 110 111 112 114 116 117 118 119 123 125 128 129 131 132 133 134 136 137 138 139 140 142 144 145 146 148 149 150 156 157 164 165 166 167 170 171 173 178 179 182 184 185 186 188 189 191 192 193 195 198 200 204 213 214 215 216 218 219 220 221 222 224 225 228 234 235 236 239 241 242 243 246 247 248 251 253 256 259 263 266 267 268 269 274 277 278 281 282 283 284 285 286 288 290 292 294 295 296 297 298 300 302 303 304 305 306 307 309 312 313 314 315 316 319 320 322 323 326 328 329 333 336 337 339 340 342 343 349 350 354 358 359 362 364 365 369 371 372 373 374 375 376 377 379 380 381 383 384 387 391 393 395 396 397 398 399 403 404 406 413 414 418 421 422 423 424 425 426 427 430 431 432 433 434 435 437 439 440 444 446 447 452 458 459 460 462 465 466 467 469 473 476 478 481 482 484 487 488 489 492 493 494 498 499 500 503 505 506 507 509 512 513 514 518 520 521 524 525 529 531 532 533 535 536 537 541 545 547 548 550 551 553 554 555 562 566 567 570 571 575 578 580 581 583 585 586 587 588 592 593 595 596 597 598 599 600 602 603 608 611 612 613 614 615 617 621 627 628 629 630 633 635 636 640 641 642 643 647 648 650 652 653 655 660 661 666 667 668 670 671 672 674 677 682 683 685 689 691 692 693 696 697 700 704 705 707 712 713 715 717 719 720 723 726 727 728 729 730 736 740 741 742 743 744 745 746 747 749 750 753 754 758 759 766 767 768 769 771 773 774 779 782 784 785 786 787 788 791 792 793 797 798 799 801 805 806 808 810 812 815 817 821 822 825 826 829 830 832 833 835 837 838 839 841 845 849 853 855 856 857 858 860 861 864 870 871 873 874 875 879 881 882 886 887 890 891 892 895 896 897 898 901 902 903 904 905 916 918 919 922 923 924 926 927 928 933 936 938 939 940 941 945 947 948 949 954 956 957 958 959 961 962 964 966 967 969 971 973 975 976 977 979 980 981 982 983 989 992 995 997 998
campaign,reference,1000,1-0.5-P,2,271368,501,0 1 2 5 6 10 11 13 14 18 23 24 25 26 27 30 31 32 33 34 35 39 40 44 45 49 50 53 54 57 63 64 65 70 73 76 77 82 84 86 87 88 90 93 94 95 97 100 101 106 108 109 110 111 112 114 115 116 118 123 125 128 129 131 132 133 136 137 138 139 140 142 144 145 146 148 149 150 153 157 159 162 164 165 167 170 171 173 179 182 184 185 186 188 191 192 193 195 198 200 204 213 214 216 218 219 221 222 224 225 226 227 228 234 235 239 241 242 243 245 246 247 248 251 253 254 256 257 263 266 267 268 269 274 277 278 281 283 284 285 288 292 294 295 297 298 299 300 303 305 306 307 309 312 313 314 315 316 319 320 321 322 323 326 328 337 339 340 341 342 343 344 349 350 354 357 358 359 362 364 365 369 371 372 374 375 376 377 378 379 380 381 383 387 391 393 395 396 397 398 399 400 404 406 407 412 413 414 421 422 423 424 425 426 427 428 430 433 435 437 439 440 443 444 446 447 449 450 451 458 459 460 466 467 469 473 476 478 481 482 484 486 487 488 489 492 493 494 498 499 500 503 505 506 507 509 512 513 514 518 519 520 521 524 525 526 529 531 532 533 535 536 537 541 542 545 547 548 550 551 553 554 555 562 564 566 567 570 575 578 580 581 582 583 585 586 587 588 589 592 595 596 597 598 600 602 603 608 611 612 613 614 615 617 619 621 627 628 633 635 636 640 641 642 643 647 648 650 652 653 655 660 661 664 666 667 668 670 671 672 673 674 677 682 683 685 689 691 692 693 696 697 700 704 705 707 712 713 715 717 719 720 721 723 726 727 728 729 730 736 740 742 743 744 745 746 747 749 750 752 753 754 758 759 762 764 766 768 769 771 773 774 777 779 782 784 785 786 787 792 793 797 799 801 805 806 808 810 815 817 821 822 825 826 827 829 832 833 834 835 837 839 841 845 849 850 853 855 856 857 858 860 864 871 873 874 875 879 880 881 882 886 887 890 891 892 895 896 897 898 901 902 903 904 905 916 918 919 920 922 923 924 926 927 928 932 933 936 938 939 940 941 945 947 948 949 954 955 956 957 958 959 961 962 964 965 966 969 971 973 975 977 979 980 981 983 989 992 995 997 998
campaign,reference,1000,1-0.5-P,3,271120,501,0 1 2 5 9 10 11 13 14 18 22 23 25 26 27 30 31 32 33 35 36 39 40 44 45 49 50 53 54 57 63 65 70 73 76 77 82 83 84 86 87 88 89 90 93 94 95 97 100 101 106 107 108 109 110 111 112 114 115 116 118 120 125 128 129 131 132 133 136 137 138 139 140 142 144 145 146 149 150 153 157 159 161 162 164 165 167 170 171 173 178 179 182 184 185 186 188 189 191 192 193 195 198 200 204 213 214 215 216 218 219 220 221 222 224 225 228 230 234 235 239 241 242 243 246 247 248 253 256 257 266 267 268 269 271 274 277 278 281 283 284 285 288 292 294 295 297 298 299 300 303 304 305 306 307 309 312 313 314 315 316 319 320 321 322 323 326 328 329 334 337 339 340 342 343 344 349 354 357 358 359 362 364 365 369 371 372 373 374 375 376 379 380 381 383 387 388 391 393 395 396 397 398 399 400 404 406 410 412 413 418 421 422 423 424 425 426 427 428 430 431 433 435 437 439 440 444 446 447 450 451 458 459 460 465 466 467 469 470 473 476 478 481 482 484 486 487 488 489 492 493 494 498 499 500 503 505 506 507 509 512 513 514 518 519 520 521 524 532 533 535 536 537 541 542 545 547 548 550 551 553 554 555 562 564 566 567 570 575 578 580 581 582 583 585 586 587 588 592 593 595 596 597 598 600 602 603 608 611 613 614 615 617 619 621 627 628 630 633 635 636 640 641 642 643 647 648 650 652 653 655 660 661 664 666 667 668 670 671 672 674 677 682 683 685 689 691 692 693 696 697 700 704 705 707 712 713 715 717 719 720 723 726 727 728 729 730 736 740 742 743 744 745 746 747 749 750 751 752 753 754 758 759 764 766 767 768 769 771 773 774 775 779 782 784 785 786 787 791 792 793 795 797 799 801 805 806 808 810 814 815 817 822 825 826 829 832 833 835 837 838 839 841 845 849 855 856 857 858 860 864 871 873 874 875 879 881 882 886 887 889 890 891 892 895 896 897 898 901 902 903 904 905 915 916 918 919 922 923 924 926 927 928 933 938 939 940 941 945 947 948 949 954 955 957 958 959 960 961 962 964 965 966 969 971 973 975 976 977 979 980 981 982 983 986 989 992 994 995 997 998
campaign,reference,1000,1-0.5-P,4,271452,502,0 1 2 5 6 9 10 11 13 14 18 23 25 26 27 30 31 32 33 34 35 36 39 40 44 45 49 50 53 54 57 63 70 73 76 77 79 82 83 84 86 87 88 89 93 94 95 97 100 101 106 107 108 109 110 111 112 114 115 116 118 124 125 128 131 132 133 134 136 137 138 139 140 142 144 145 146 148 149 150 153 156 157 159 162 164 165 167 170 171 173 179 182 184 186 188 189 191 192 193 195 198 199 200 204 213 214 215 216 218 219 220 222 223 224 225 228 234 235 239 241 242 243 246 247 248 256 263 266 267 268 269 274 277 278 281 283 284 285 286 288 290 292 294 295 297 298 303 305 306 307 309 312 313 314 315 316 319 320 322 323 326 328 333 337 339 342 343 349 357 358 359 362 364 365 369 371 372 373 374 375 376 378 379 380 381 383 384 385 387 391 393 395 396 397 398 399 400 403 404 406 413 414 418 421 422 423 424 425 426 427 428 430 431 432 433 435 437 439 440 443 444 446 447 449 450 452 458 459 460 465 466 467 469 473 476 478 479 481 482 484 486 487 488 489 492 493 494 498 499 500 503 505 506 507 509 512 513 514 518 519 520 524 525 529 531 532 533 535 536 537 541 542 545 547 548 550 551 553 554 555 562 564 566 567 570 571 575 578 579 581 582 583 585 586 587 588 592 595 596 597 598 599 600 602 603 608 611 612 613 614 615 617 620 621 627 628 629 630 633 635 636 640 641 642 643 647 648 650 652 653 655 660 661 664 666 667 668 670 671 672 673 674 677 681 682 683 685 689 691 692 693 696 697 700 704 705 707 712 713 715 717 719 720 723 726 727 729 730 736 740 741 742 743 744 745 746 747 749 750 752 753 754 758 759 762 764 766 768 769 771 772 773 774 777 779 782 783 784 785 786 787 788 791 792 793 795 797 798 799 801 805 806 808 810 812 815 821 822 825 826 829 830 832 833 834 835 836 837 839 841 845 849 853 855 856 857 858 860 864 871 873 874 875 879 881 882 886 887 890 892 895 896 897 898 901 903 904 905 916 918 919 922 923 924 926 927 928 933 936 938 939 940 941 945 947 948 949 954 957 958 959 961 962 964 966 967 969 971 973 975 977 979 980 981 983 987 989 992 995 997 998
campaign,reference,1000,1-0.5-P,5,271421,501,0 1 2 3 5 6 9 10 11 13 14 22 23 24 25 26 27 30 31 32 33 34 35 36 39 40 44 45 49 50 53 54 57 63 64 65 70 73 76 77 82 83 84 86 87 88 90 93 94 95 100 101 106 108 109 110 111 112 114 116 118 119 123 125 128 129 132 133 134 136 137 138 139 140 142 144 145 146 148 149 150 153 157 159 161 162 164 165 167 170 171 173 178 179 182 184 185 186 188 191 192 193 195 198 200 204 213 214 216 218 219 220 222 223 224 225 226 228 234 235 239 241 242 243 245 246 247 248 251 254 256 259 266 267 268 269 271 274 277 278 281 282 283 284 285 286 288 290 292 294 295 297 298 300 303 304 305 306 307 309 312 313 314 315 316 319 320 321 322 323 326 328 336 337 339 340 342 343 349 354 358 362 364 365 369 371 372 374 375 376 377 378 381 383 385 387 391 393 395 396 397 398 399 400 404 406 407 412 413 414 418 421 422 423 424 425 426 427 428 430 431 433 435 437 439 440 444 446 447 449 450 451 458 459 460 465 467 469 473 476 478 481 482 484 486 487 488 489 492 493 494 498 499 500 503 505 506 507 509 512 513 518 519 520 521 524 525 529 531 532 533 535 536 538 541 542 545 547 548 550 551 553 554 555 562 564 566 570 575 578 580 581 582 583 585 586 587 588 592 595 596 597 598 599 600 602 603 608 611 612 613 614 615 617 621 627 628 630 633 635 636 640 641 642 643 647 648 650 652 653 655 660 661 662 664 666 667 668 671 672 674 677 681 682 683 685 689 691 692 693 696 697 700 704 705 707 712 713 715 717 719 720 723 726 727 728 729 730 732 736 740 741 742 743 744 745 746 747 749 750 752 753 754 756 758 759 764 766 767 768 769 771 773 774 777 779 782 784 785 786 787 791 792 793 795 797 798 799 801 805 806 808 810 815 817 821 822 825 826 829 830 832 833 835 837 839 841 844 845 849 853 855 856 857 860 864 871 873 874 875 879 880 881 882 886 887 890 892 895 896 897 898 901 902 903 904 905 916 918 919 923 924 926 927 928 933 936 938 939 940 941 945 947 948 949 954 956 957 958 959 961 962 964 966 967 969 971 973 975 976 977 979 980 981 983 989 992 994 995 997 998
campaign,reference,1000,2-0.5-P,1,276924,501,1 7 8 9 10 14 24 26 30 33 35 38 39 40 41 44 45 46 55 56 58 59 61 62 64 66 67 68 69 72 73 75 76 78 79 82 83 85 86 87 93 94 95 99 100 104 105 106 107 109 111 115 116 119 122 124 125 128 129 130 132 133 134 136 138 140 141 142 144 145 146 148 149 150 151 152 153 159 160 165 167 169 171 172 177 178 180 182 183 184 185 189 193 196 198 200 201 202 205 206 207 208 209 210 212 214 216 219 220 222 225 229 230 231 232 233 234 241 245 246 248 250 258 262 264 265 266 267 268 269 274 275 277 279 281 283 285 289 294 299 301 304 306 308 309 310 311 312 313 314 316 317 319 321 322 323 327 328 329 333 337 338 339 342 343 345 346 348 349 352 353 358 364 371 374 378 379 380 381 382 383 385 386 387 388 389 393 396 399 400 401 402 404 406 411 412 413 415 416 420 422 423 424 427 428 430 431 433 436 438 439 440 442 443 445 447 451 452 454 455 456 457 458 460 461 462 464 466 470 472 475 476 478 479 480 481 482 485 487 489 492 496 499 501 502 504 506 507 508 510 512 514 515 516 519 520 523 525 527 528 529 530 532 533 535 537 538 539 540 545 546 548 549 551 552 553 555 557 559 561 562 563 564 565 566 572 574 576 579 580 581 584 585 589 591 597 598 603 606 607 609 610 611 617 618 620 621 625 627 628 629 632 633 634 636 638 639 640 642 643 644 645 646 647 648 650 653 654 656 659 660 663 664 665 670 672 674 677 678 679 682 683 685 686 688 690 696 699 701 702 704 706 707 710 712 716 718 719 720 722 723 725 729 731 733 736 738 741 743 748 749 752 756 759 760 762 763 765 766 767 769 772 781 782 783 784 785 786 788 792 793 795 798 799 800 801 803 804 805 806 807 810 816 818 819 823 828 830 832 833 834 835 836 837 839 840 842 843 846 848 849 853 854 855 859 860 862 863 864 865 866 867 869 870 872 874 875 876 879 880 883 884 885 886 887 888 890 891 893 894 897 899 902 903 905 906 909 911 912 917 919 921 922 924 926 927 930 931 932 934 935 936 937 940 943 944 947 948 949 950 953 954 956 959 966 969 972 973 976 977 981 984 986 987 989 990 991 993 995 997 998
campaign,reference,1000,2-0.5-P,2,277326,502,1 2 7 9 10 14 16 22 24 26 30 35 37 38 39 40 41 43 44 45 46 47 55 56 57 58 59 61 62 64 66 68 69 72 73 75 76 78 79 82 83 85 86 87 93 94 95 99 100 107 109 111 113 115 116 119 122 124 125 128 129 130 132 133 134 136 137 138 140 142 144 145 146 148 149 150 152 153 154 159 160 165 167 169 171 172 177 178 180 182 183 184 185 189 192 193 196 197 198 200 201 202 205 206 207 208 209 210 212 214 216 219 220 222 225 229 230 231 232 234 241 246 248 250 251 264 265 266 267 268 269 274 275 276 277 283 285 289 294 299 301 304 306 308 309 310 311 313 314 316 317 319 321 323 327 328 329 330 333 337 338 342 343 345 346 347 349 352 353 356 358 364 369 371 374 378 379 380 381 382 383 385 386 387 388 389 393 400 401 402 404 406 411 412 413 416 420 423 424 427 428 430 431 433 436 437 438 439 440 442 443 445 447 451 452 454 455 456 457 458 459 460 461 462 464 466 470 472 473 475 476 478 479 480 481 482 483 484 485 487 488 489 490 496 499 501 502 504 507 508 510 512 513 514 515 516 519 520 523 528 529 530 532 533 535 537 538 539 540 542 545 546 548 549 551 552 553 555 557 559 561 562 563 565 566 572 574 576 578 580 581 584 585 586 588 589 591 597 598 603 606 607 609 611 617 618 620 621 622 625 627 628 629 632 633 634 636 638 639 640 643 644 645 646 647 648 650 652 653 654 656 660 663 664 670 674 677 678 679 682 683 685 686 688 690 693 695 696 699 700 701 702 704 706 707 712 713 716 718 719 720 723 725 729 731 733 734 735 736 741 743 748 749 750 752 756 759 760 762 763 765 766 767 769 772 781 782 784 785 788 792 793 795 798 799 800 801 803 804 805 806 807 810 818 819 823 828 830 832 833 834 835 836 837 840 842 843 846 847 848 849 853 855 859 860 862 863 864 865 866 869 872 874 875 876 878 879 880 883 884 885 886 887 888 889 890 891 893 894 895 897 899 902 903 905 906 907 911 912 916 917 919 921 922 924 927 930 931 932 934 935 936 937 940 943 944 947 948 949 950 953 956 959 960 965 966 969 972 973 976 977 981 984 987 989 990 991 993 994 995 997 998
campaign,reference,1000,2-0.5-P,3,277016,501,1 2 7 8 9 10 12 14 17 24 26 30 33 35 38 39 40 41 43 44 45 46 47 54 55 56 57 58 59 61 62 64 66 68 69 72 73 75 76 78 79 82 83 85 86 87 93 94 95 96 99 100 106 107 109 111 113 115 116 119 122 125 128 129 130 132 133 134 136 137 138 140 142 144 145 146 147 148 149 150 151 152 153 159 160 165 167 169 171 172 177 178 180 182 183 184 185 189 192 196 198 200 201 202 205 207 208 209 210 211 212 214 216 219 220 221 222 225 229 230 231 232 233 234 241 245 246 248 250 264 265 266 267 268 269 274 275 276 277 283 285 289 294 295 299 301 304 306 308 309 310 311 312 313 314 316 317 319 321 322 323 327 328 329 330 333 337 338 339 342 343 345 346 347 348 349 352 353 358 364 365 369 371 374 378 379 380 381 382 383 385 386 387 388 389 393 395 399 400 401 402 404 406 411 412 413 416 420 423 424 425 427 428 430 431 433 436 437 438 439 440 443 445 447 451 452 454 455 456 457 458 460 461 462 464 466 470 472 475 478 479 480 481 482 484 485 487 489 496 499 501 502 504 506 507 508 511 512 513 514 515 516 519 523 528 529 530 532 533 535 538 540 545 546 549 551 552 553 555 557 559 561 562 563 564 565 566 572 574 576 578 580 581 582 584 585 589 591 597 598 603 606 607 610 611 618 619 620 621 625 627 628 629 632 633 634 636 638 639 640 643 644 645 646 647 648 650 652 653 654 656 659 660 663 664 669 670 673 674 677 678 679 682 683 685 686 688 690 696 699 700 701 702 704 707 712 718 719 720 723 725 729 731 733 734 735 736 738 741 743 748 749 750 752 756 758 759 760 762 763 765 766 767 769 772 781 782 784 785 788 792 793 795 798 799 800 801 802 803 804 805 806 807 810 816 818 819 823 828 830 832 833 834 835 836 837 840 842 843 846 847 848 849 853 854 855 859 860 862 863 864 865 866 869 872 874 875 876 879 880 883 884 885 886 887 888 889 890 891 893 894 897 899 902 903 905 906 911 912 917 918 919 921 922 924 926 927 930 931 932 934 935 936 937 940 943 946 947 948 949 953 954 956 959 960 966 969 972 973 976 977 981 984 987 990 991 993 994 995 997 998
campaign,reference,1000,2-0.5-P,4,276957,501,1 7 8 9 10 14 15 24 26 29 35 37 38 39 40 43 44 45 47 55 56 58 59 60 61 62 64 67 68 69 72 75 76 78 79 81 82 83 85 86 87 94 95 96 99 100 104 107 109 111 113 115 119 122 124 125 128 129 132 133 134 136 137 138 140 142 144 145 146 148 149 150 152 153 154 156 157 159 165 167 169 171 172 177 178 180 182 183 184 185 189 193 196 198 200 201 202 205 207 208 209 210 212 214 216 219 220 225 229 230 231 232 233 234 241 246 248 250 258 264 265 266 267 268 269 275 276 277 281 283 285 289 294 297 299 301 304 305 306 308 309 310 311 312 313 314 316 317 318 319 321 322 323 327 328 329 330 333 337 338 339 342 343 345 346 348 349 352 353 357 358 364 369 371 374 378 379 380 381 382 383 385 386 387 388 389 393 400 401 402 404 406 411 412 413 416 420 422 423 424 427 428 430 431 433 436 438 439 440 442 443 445 447 451 452 454 455 456 457 458 459 460 461 462 464 466 468 470 472 475 478 479 480 481 482 483 485 486 487 489 490 496 499 501 502 504 506 507 508 510 511 512 514 515 516 520 521 523 528 529 530 532 533 537 538 539 540 545 546 547 548 549 551 552 553 555 557 559 561 562 563 564 565 566 572 574 576 579 580 581 584 585 589 590 591 597 598 603 606 607 609 611 618 620 621 625 627 628 629 631 632 633 634 636 638 639 640 643 644 645 646 647 648 650 653 654 656 659 660 662 663 664 670 674 677 678 679 680 682 683 685 686 687 688 690 695 696 699 700 701 702 704 706 707 710 712 713 716 718 719 720 723 725 729 731 733 735 736 738 741 743 748 749 750 752 756 758 761 762 763 765 766 767 768 769 771 772 781 782 784 785 788 792 793 795 798 799 800 801 803 804 805 806 807 810 815 818 819 823 828 830 832 833 834 835 836 837 840 842 846 848 849 853 855 857 859 860 862 863 864 865 866 867 869 870 872 874 875 876 879 880 883 884 885 886 888 890 891 894 897 899 901 902 903 905 907 912 915 916 917 919 921 922 924 927 930 931 932 934 935 936 937 940 943 944 948 949 950 953 954 956 959 960 963 965 966 969 972 973 976 977 981 984 987 989 990 991 993 994 995 997
campaign,reference,1000,2-0.5-P,5,277183,502,1 2 7 8 9 12 14 24 26 29 35 37 38 39 40 41 43 44 45 47 48 55 56 57 58 59 61 62 64 66 68 69 72 73 75 76 78 79 82 83 85 86 87 93 94 95 96 99 100 106 107 109 111 113 115 116 119 122 125 129 130 132 133 134 136 137 138 140 142 144 145 146 147 148 149 150 152 153 154 157 159 160 165 167 169 171 172 177 178 180 182 183 184 189 193 196 197 198 200 201 202 205 207 208 209 210 212 214 219 220 222 225 229 230 231 232 233 234 240 241 246 248 250 258 264 265 266 267 268 269 274 275 277 281 283 284 285 289 294 299 301 304 306 308 309 310 311 312 313 314 316 317 319 321 323 327 328 329 330 333 337 338 339 342 343 345 346 349 351 352 353 358 364 365 369 371 374 378 379 380 381 382 383 385 386 387 388 389 393 399 400 401 402 404 406 411 412 413 416 418 420 422 423 424 427 428 430 431 433 436 437 438 439 440 442 443 445 446 447 451 452 454 455 456 457 458 459 460 461 462 463 464 466 470 472 475 478 479 480 481 482 483 484 485 486 487 489 493 496 501 502 504 506 507 508 511 512 514 515 516 519 523 527 528 529 530 532 533 537 538 539 540 542 545 546 547 549 551 552 553 555 557 559 561 562 563 564 566 572 574 576 579 580 581 584 585 586 588 589 590 591 595 597 598 603 606 607 609 611 618 620 621 625 627 629 634 636 638 639 640 642 643 644 645 646 647 648 650 653 654 656 659 660 663 664 670 674 677 678 679 680 682 683 685 686 688 690 696 699 700 701 702 704 707 710 712 713 716 718 719 720 723 725 729 731 733 734 735 736 738 739 741 743 748 749 750 752 756 758 759 760 761 762 763 765 766 767 768 769 772 781 782 784 785 788 792 793 795 798 799 800 801 803 804 805 806 807 810 816 818 819 823 828 830 832 833 834 835 836 837 840 842 843 846 848 849 853 855 859 860 862 863 864 865 866 869 870 872 874 875 876 879 880 884 885 886 887 888 890 891 894 897 899 901 902 903 905 907 909 912 915 916 917 919 921 922 924 926 927 930 931 932 934 935 936 937 940 943 944 948 949 950 953 954 956 959 960 966 969 972 973 976 977 981 984 987 990 991 993 995 997 998
campaign,reference,1000,3-0.5-P,1,274415,502,1 2 3 5 7 10 14 15 17 18 19 20 21 23 24 25 28 31 32 36 39 40 42 44 45 46 47 49 50 51 53 54 56 58 61 62 64 65 69 71 72 74 75 76 78 81 82 84 85 88 91 93 95 97 99 102 103 104 105 107 108 109 113 115 116 117 119 120 125 126 127 128 130 131 134 137 140 141 142 146 150 156 158 160 161 163 164 165 167 168 170 173 174 175 176 178 181 182 183 184 189 190 191 196 198 202 203 204 209 213 214 215 216 221 224 227 228 229 231 233 234 236 237 240 242 244 245 248 249 250 259 260 265 266 270 273 279 280 282 283 284 285 288 292 293 294 298 299 300 301 304 305 307 309 310 311 312 315 316 319 321 322 323 324 326 328 329 331 332 333 334 336 339 340 341 342 343 344 345 346 348 350 351 352 360 362 363 364 367 368 375 380 381 382 384 385 387 388 390 391 392 393 394 396 397 399 400 401 404 405 412 413 414 416 417 418 421 423 424 425 426 427 429 432 434 436 438 440 442 444 447 453 454 460 461 462 463 464 465 470 477 478 480 483 486 487 489 490 492 493 495 497 499 505 506 507 509 510 511 517 520 523 525 527 528 530 533 535 536 537 540 541 542 544 545 550 552 556 557 558 564 566 567 568 570 571 572 573 574 576 578 579 582 584 585 587 590 591 598 599 602 605 607 611 612 613 614 616 622 624 626 629 630 634 640 642 644 648 649 652 653 656 657 659 662 664 665 667 669 670 671 672 673 674 680 683 684 690 693 694 695 696 697 698 699 701 702 705 706 707 709 710 711 712 713 714 715 719 720 722 723 726 727 729 730 731 733 734 737 738 742 743 744 747 748 750 756 757 759 761 762 763 765 767 768 771 772 773 775 777 779 780 784 785 792 793 794 795 796 797 799 800 801 803 805 806 807 808 810 811 812 816 819 820 821 822 824 826 837 839 840 841 843 844 848 853 855 856 861 862 865 868 872 874 878 879 880 881 885 886 887 888 889 891 892 894 895 899 901 903 904 905 906 907 908 910 911 913 916 919 920 921 926 930 931 934 935 939 940 941 942 944 946 949 950 951 952 954 958 963 965 970 973 974 975 976 978 979 980 981 983 984 986 991 992 993 994 995 996 997 998 999
campaign,reference,1000,3-0.5-P,2,274575,502,1 2 3 5 7 10 14 15 17 18 19 20 21 23 24 25 28 30 31 32 34 39 42 43 44 45 46 47 49 50 53 54 56 62 64 65 69 72 74 76 78 81 82 84 85 88 89 90 91 93 95 97 99 101 102 103 104 107 108 109 111 113 115 116 117 119 120 125 126 127 128 129 130 132 134 140 141 142 146 149 150 152 156 158 160 161 164 165 167 168 170 172 173 174 175 176 178 181 182 183 184 189 190 191 198 202 203 204 209 210 211 213 214 216 218 221 224 227 228 229 231 233 234 236 240 242 244 245 249 250 256 259 260 265 266 273 276 279 280 282 285 287 290 292 293 294 295 299 300 301 304 305 307 309 310 311 312 315 316 319 321 322 323 324 326 328 329 331 332 333 334 336 339 341 343 344 345 346 348 350 351 352 353 354 360 362 363 367 375 380 382 384 385 388 390 391 392 393 396 397 399 400 401 404 405 412 413 414 416 417 418 421 422 423 424 425 426 427 429 431 432 434 436 438 442 443 444 447 448 453 454 460 461 463 464 465 475 477 478 479 480 487 489 490 492 493 495 499 505 506 507 509 510 511 517 520 523 525 527 528 533 535 536 537 540 542 544 545 550 556 557 558 562 564 566 568 570 571 572 573 574 578 579 582 584 585 587 588 590 591 592 598 599 602 604 605 607 608 611 612 613 614 616 624 626 629 630 632 634 640 642 644 646 648 649 652 653 656 657 659 662 664 665 666 667 669 670 671 673 674 680 683 684 690 693 694 695 696 697 698 699 701 702 705 706 707 709 710 711 712 713 714 715 719 720 722 723 726 727 729 730 731 733 734 737 738 742 743 744 747 748 750 756 757 759 761 762 763 764 765 767 768 771 772 773 775 777 779 780 792 793 794 795 796 797 799 801 803 805 806 807 808 810 811 812 814 816 818 819 821 822 823 824 826 834 839 840 841 843 844 847 848 853 855 856 861 862 865 868 872 874 878 879 880 881 885 886 887 888 889 891 892 894 895 901 904 905 906 907 908 910 911 913 916 919 920 921 926 929 930 931 934 935 939 940 941 942 944 946 949 950 951 952 954 955 958 959 961 963 965 970 972 973 974 975 976 978 979 980 981 983 984 986 991 992 993 994 995 996 997 998 999
campaign,reference,1000,3-0.5-P,3,274388,502,1 2 3 4 5 7 9 10 14 15 17 18 20 21 23 24 25 28 31 32 36 39 44 45 46 47 49 50 51 53 54 56 58 61 62 64 65 69 71 72 74 76 78 81 82 84 85 88 89 91 92 93 95 97 99 101 102 103 104 105 107 108 109 111 113 114 115 116 117 119 120 125 126 127 128 129 130 134 140 141 142 146 149 150 156 158 160 161 164 165 167 168 170 172 173 174 175 176 178 181 182 183 184 189 190 191 196 198 202 203 204 210 211 213 214 216 221 227 228 229 231 233 234 236 240 242 244 245 249 250 254 256 259 260 265 266 273 276 279 280 282 283 287 290 292 293 294 295 298 299 301 304 307 309 310 311 312 315 319 321 322 323 324 325 326 328 329 331 332 333 334 336 339 340 341 343 344 345 348 350 351 352 353 354 360 362 363 367 368 375 380 382 384 385 387 388 390 391 392 393 394 395 396 397 399 400 401 404 405 412 413 414 416 417 418 421 423 424 425 426 427 429 431 432 433 434 436 438 442 443 444 447 448 453 454 458 460 461 463 464 465 470 475 478 480 483 487 489 492 493 495 497 499 505 506 507 509 510 511 517 520 523 525 526 527 528 530 533 535 536 537 540 542 544 550 552 556 557 558 563 564 566 568 570 571 572 573 574 578 579 584 585 587 588 590 591 592 593 598 599 602 604 605 607 608 611 612 613 614 616 622 624 626 629 630 634 640 642 644 646 648 649 652 653 656 657 659 662 664 665 667 669 670 671 673 674 675 679 680 683 684 690 693 694 695 696 697 698 699 701 702 705 707 709 710 711 712 714 715 719 720 722 723 726 727 730 731 733 734 737 738 742 743 744 747 748 750 756 757 759 761 762 763 765 767 771 772 773 777 779 780 784 790 792 793 794 795 796 797 799 800 801 803 805 806 807 808 810 811 812 814 818 819 820 821 822 823 824 826 837 839 840 841 843 844 845 847 848 853 855 856 861 865 867 868 872 874 879 880 881 885 886 887 888 889 891 892 894 895 901 904 905 906 907 908 910 911 913 916 919 920 921 926 931 934 935 939 940 941 942 944 946 949 950 952 954 958 961 963 965 970 971 973 974 975 976 978 979 981 983 984 986 988 991 992 993 994 995 996 997 998 999
campaign,reference,1000,3-0.5-P,4,274516,503,1 2 3 5 7 10 14 15 17 18 19 20 21 23 24 28 30 31 32 39 42 43 44 45 46 47 49 50 53 54 56 58 61 62 64 65 69 71 74 76 78 81 82 84 85 88 89 91 93 95 97 99 102 103 104 105 107 108 109 111 113 115 116 117 119 120 125 126 127 128 129 130 134 140 141 142 146 149 150 156 158 160 161 163 164 165 167 168 170 173 174 175 176 178 181 182 183 184 189 190 191 198 202 203 204 209 210 213 214 216 218 221 227 228 229 231 233 234 236 240 242 244 248 249 250 256 258 259 260 265 266 270 273 276 277 279 280 282 283 284 285 288 292 293 294 295 297 298 299 300 301 302 304 305 307 309 310 311 312 315 316 321 322 323 324 326 328 329 331 332 333 334 336 339 340 341 343 344 345 348 350 351 352 353 360 362 363 367 375 378 380 381 382 384 385 388 390 391 392 393 394 396 397 399 400 401 404 405 412 413 414 416 417 418 421 422 423 424 425 426 427 429 432 434 436 438 442 443 444 447 453 454 458 460 461 463 464 465 470 474 475 477 478 480 483 487 489 490 492 493 495 497 499 506 507 509 510 511 517 519 520 523 525 527 528 530 533 536 537 540 541 542 544 545 550 552 556 558 562 564 566 568 570 571 572 573 574 578 579 584 585 587 588 590 591 592 593 598 599 602 604 605 607 608 611 613 614 622 623 624 626 629 630 634 640 642 644 646 649 652 653 656 657 659 660 662 664 665 666 667 669 670 671 672 673 674 680 683 684 690 693 694 695 696 697 698 699 701 702 705 706 707 709 710 711 712 714 715 719 720 722 723 726 729 730 731 732 733 734 737 738 742 743 744 745 747 748 750 756 757 759 761 762 763 765 767 771 772 773 777 779 784 785 792 793 794 795 796 797 799 801 803 805 807 810 811 812 818 819 821 822 824 826 837 839 840 841 843 844 845 847 848 852 853 855 856 861 862 865 868 872 874 878 879 880 881 885 886 887 888 889 891 892 894 895 901 904 906 907 908 910 911 913 916 919 920 921 926 930 931 934 935 937 939 940 941 942 944 946 949 950 951 952 954 956 958 959 961 963 965 967 970 972 973 974 975 976 978 979 980 981 983 986 989 991 992 993 994 995 996 997 998 999
campaign,reference,1000,3-0.5-P,5,274569,502,1 2 3 5 7 10 14 15 17 18 19 20 21 23 24 28 30 32 34 39 42 43 44 45 46 47 49 50 51 53 54 56 58 62 64 65 69 71 72 74 76 78 81 82 84 85 88 89 91 93 95 97 99 101 102 103 104 105 106 107 108 109 111 113 114 115 116 117 119 120 125 126 127 128 129 130 134 140 141 142 146 149 150 152 156 158 160 161 163 164 165 167 168 170 172 173 175 176 178 181 182 183 184 189 190 191 196 198 202 203 204 209 210 211 213 214 216 221 227 228 229 233 234 236 240 242 244 249 250 256 259 260 265 266 270 273 275 276 279 280 282 283 285 290 292 293 294 295 299 300 301 302 304 305 307 309 310 311 312 315 316 319 321 322 323 324 326 328 329 331 332 333 334 336 339 340 341 343 344 345 348 350 351 352 360 362 363 364 367 368 370 375 380 381 382 384 385 388 390 391 392 393 394 396 397 399 400 401 404 405 412 413 414 416 417 418 421 422 423 424 425 426 427 429 432 434 436 438 440 442 443 444 447 448 453 454 461 463 464 465 470 475 477 478 480 483 487 489 490 492 493 495 497 499 506 507 509 510 511 514 517 518 520 523 525 527 528 530 533 535 536 537 540 542 544 550 552 556 558 562 564 566 568 570 571 572 573 574 578 579 582 584 585 587 590 591 595 598 599 602 605 607 611 612 613 614 616 622 624 626 629 630 634 640 642 644 652 653 656 657 659 660 662 664 665 666 667 669 670 671 672 673 680 683 684 690 693 694 695 696 697 698 699 701 702 705 706 707 709 710 711 712 714 715 716 719 720 722 723 727 730 731 733 734 737 738 740 742 743 744 747 748 750 756 757 759 761 762 763 765 767 768 771 772 773 777 779 780 784 785 790 792 793 794 795 796 797 799 800 801 802 803 805 806 807 808 810 811 812 816 818 819 820 821 822 823 824 832 837 839 840 841 843 844 845 847 848 853 855 856 861 863 865 867 868 872 874 879 880 885 886 887 888 889 891 892 894 895 901 904 905 906 907 908 911 913 919 920 921 926 930 931 934 935 939 941 942 943 944 946 949 950 951 952 954 956 958 959 961 963 965 970 971 972 973 974 975 976 978 979 980 981 983 986 991 992 994 995 996 997 998 999
campaign,reference,1000,4-0.5-P,1,263448,501,0 1 8 10 12 13 14 17 18 20 22 23 24 25 33 35 36 39 43 44 46 48 51 54 55 56 57 58 59 62 64 66 67 68 71 73 74 75 77 78 79 82 83 84 85 86 90 91 92 94 96 99 102 103 104 106 109 114 115 117 118 122 123 124 125 127 130 131 132 134 136 138 140 142 144 148 149 151 152 153 155 156 162 163 164 165 167 170 171 172 173 176 177 178 184 185 187 188 189 190 195 197 199 201 202 203 206 207 209 210 211 212 215 217 218 219 223 226 229 230 232 233 237 238 239 240 241 242 243 245 248 249 252 253 254 255 257 259 261 263 264 265 266 268 269 273 277 278 279 282 283 286 289 290 291 296 297 301 303 306 307 308 310 313 314 315 318 319 324 326 327 328 332 334 336 338 340 342 344 345 346 352 354 355 360 362 367 368 369 370 372 374 378 380 385 386 387 388 393 394 395 400 401 402 404 405 407 409 411 414 417 418 420 423 425 430 432 434 435 437 440 442 448 449 450 451 453 454 456 457 458 460 461 463 464 465 467 468 469 475 482 484 486 488 490 491 496 500 501 504 505 506 509 510 511 512 513 517 521 522 523 525 527 532 534 535 537 541 542 543 544 547 548 549 552 553 554 555 556 557 559 560 562 564 567 571 573 576 582 584 585 586 587 589 590 592 594 595 596 598 599 601 602 604 605 606 608 611 612 614 616 618 622 623 625 628 630 632 633 634 637 639 640 643 644 645 649 650 652 653 654 657 660 661 662 663 664 666 667 669 674 675 677 684 688 689 690 696 699 703 704 705 707 708 709 712 715 716 717 721 722 723 724 726 727 730 731 732 733 734 735 736 737 738 739 743 745 746 747 749 750 752 755 758 759 760 763 765 767 768 771 774 775 778 779 782 783 784 787 792 793 794 796 797 798 802 805 808 809 811 812 816 824 825 827 831 832 836 837 841 842 845 847 850 853 856 857 859 862 865 868 869 873 874 878 879 880 882 883 884 886 887 888 890 892 894 896 899 900 901 902 903 905 907 908 910 912 917 918 921 923 924 925 926 929 930 931 932 933 938 939 940 941 942 945 946 947 949 951 952 955 956 957 960 964 966 969 972 974 975 976 981 983 985 986 987 990 991 994 995 999
campaign,reference,1000,4-0.5-P,2,263419,502,0 1 8 10 12 13 14 18 20 21 22 23 24 25 33 35 36 39 43 46 48 51 55 57 58 59 62 64 66 67 68 71 73 74 75 77 78 79 82 83 85 90 91 92 94 96 99 100 102 103 104 106 107 109 114 115 118 122 123 124 125 126 127 130 131 132 134 136 138 140 142 144 148 149 151 152 153 155 156 158 162 163 164 165 167 169 170 171 172 173 176 177 178 181 185 188 190 195 197 199 202 203 207 209 210 211 212 215 217 218 219 223 226 229 232 237 238 240 242 243 248 249 252 253 254 255 257 259 260 261 263 264 265 266 268 270 271 273 277 278 279 281 282 283 286 287 289 290 291 292 294 296 297 299 301 303 304 307 308 310 313 314 315 318 319 324 326 328 332 334 336 340 342 344 345 346 349 352 354 355 356 360 362 363 367 368 369 370 372 374 378 380 383 385 386 387 388 393 394 395 400 401 402 404 405 407 409 411 414 417 418 420 423 425 430 432 434 435 437 442 448 449 450 451 453 454 457 458 460 461 463 464 465 468 469 475 482 484 487 488 490 491 496 500 501 504 505 506 509 510 511 512 513 517 521 522 523 525 526 527 531 533 534 535 536 537 541 542 543 544 547 548 549 552 553 554 555 557 559 560 562 563 564 567 571 573 576 579 582 584 585 586 587 589 590 592 594 595 596 598 601 602 604 605 606 608 612 614 618 622 623 625 628 630 632 633 634 635 637 638 639 640 643 644 645 647 649 650 652 653 657 660 661 662 663 664 666 669 674 675 677 683 684 685 689 690 691 695 696 699 703 705 707 708 709 712 715 716 717 721 722 723 724 726 727 729 730 732 734 735 736 737 739 740 741 743 745 746 747 749 750 753 755 758 759 760 763 765 767 768 771 774 775 778 782 783 784 787 793 797 798 802 805 808 809 811 812 816 817 818 824 825 827 831 832 834 836 837 841 842 845 847 850 853 856 857 859 862 865 868 869 871 873 874 877 878 879 880 882 883 884 886 887 888 890 892 894 896 899 900 901 902 903 905 907 908 910 912 917 918 921 923 924 925 929 930 931 932 933 938 939 940 941 942 944 946 947 949 951 952 955 956 957 958 966 969 972 974 975 976 981 983 985 986 987 989 990 991 994 995 996 999
campaign,reference,1000,4-0.5-P,3,263625,502,0 1 8 10 12 13 14 18 19 20 21 22 24 25 33 35 36 37 39 43 44 46 47 51 55 57 58 59 62 64 66 67 68 71 73 74 75 78 79 82 83 84 85 90 91 92 94 96 99 100 102 103 104 106 107 109 115 118 122 123 124 125 126 127 130 131 132 134 136 138 140 142 148 149 151 152 153 155 156 162 163 164 165 167 170 171 172 173 176 177 178 184 185 187 188 189 190 191 195 197 199 201 202 203 207 209 210 211 212 215 217 218 219 223 226 229 232 233 234 237 238 239 240 241 242 243 245 248 249 250 252 253 254 255 257 259 260 261 263 264 265 266 268 269 270 271 273 277 278 279 281 282 283 286 287 289 290 291 295 296 297 301 303 304 306 307 308 310 313 314 315 318 319 324 326 332 334 336 338 340 342 344 345 346 352 354 355 360 362 367 368 369 370 371 372 374 378 385 388 393 395 400 402 404 405 407 409 411 414 417 418 420 425 430 432 434 435 440 442 448 449 450 453 454 456 457 458 460 461 463 464 465 467 468 469 475 482 484 486 488 489 490 491 496 500 504 505 506 509 510 511 512 513 516 517 518 521 522 523 524 525 527 532 534 535 537 541 542 543 544 547 548 549 551 552 553 554 555 557 559 560 562 563 564 567 571 573 576 577 579 582 584 585 586 587 589 590 592 594 595 596 598 601 602 604 605 606 608 611 612 614 616 618 623 625 628 630 632 633 634 637 639 640 643 644 645 647 649 650 652 653 657 660 661 662 664 666 669 670 674 677 684 685 689 690 691 696 699 703 705 707 708 709 712 715 716 717 721 722 723 724 725 726 727 729 730 732 735 736 737 739 740 743 745 746 747 749 750 755 758 759 760 763 765 767 768 771 774 775 778 779 782 783 784 787 793 794 797 798 802 805 806 808 809 811 812 816 817 818 824 825 827 831 832 834 836 837 838 841 842 845 847 849 850 853 854 856 857 859 862 865 868 869 874 878 879 880 882 883 884 886 887 888 890 892 894 896 899 900 901 902 903 905 907 910 912 917 918 921 923 924 925 929 930 931 932 933 938 939 940 941 942 943 945 946 947 949 951 952 955 956 957 960 964 966 969 972 974 975 976 978 981 983 985 986 987 990 991 992 994 995 999
campaign,reference,1000,4-0.5-P,4,263613,501,0 1 8 10 12 14 17 18 20 22 24 25 27 33 35 36 39 43 46 48 51 55 57 58 59 62 64 66 67 68 71 73 74 75 77 78 79 82 83 86 90 91 92 94 96 100 102 103 104 106 107 109 115 118 122 123 124 126 127 130 131 132 134 136 138 140 142 144 148 149 151 152 153 155 156 162 163 164 165 167 170 171 172 173 176 177 178 181 184 185 187 188 190 195 197 199 202 203 207 209 210 211 212 215 218 219 223 226 229 232 233 237 238 240 241 242 245 248 249 252 253 254 255 257 261 263 264 265 266 268 269 270 271 273 277 278 279 282 283 286 287 289 290 291 295 296 297 299 301 303 304 307 308 310 313 314 315 318 319 324 326 332 334 336 338 340 342 344 345 346 352 353 354 355 360 362 363 367 368 369 370 372 374 378 380 383 384 385 386 387 388 393 394 395 398 400 402 404 405 407 409 411 414 415 417 418 420 423 430 432 434 435 437 440 442 448 449 451 453 454 456 457 458 460 461 463 464 465 467 468 469 475 482 484 486 488 490 491 496 500 501 504 505 506 509 510 511 512 513 517 518 522 523 525 527 534 535 536 537 541 542 543 544 547 548 549 550 552 553 554 555 557 559 560 562 563 564 567 571 573 576 579 582 584 585 586 587 589 590 592 594 595 596 598 601 602 604 605 606 608 612 614 616 618 621 622 623 625 628 630 632 633 634 637 639 640 642 643 644 645 647 649 650 652 653 657 660 661 662 663 664 666 669 672 674 677 683 684 685 688 689 690 696 699 703 705 707 708 709 712 715 716 717 718 722 723 724 726 727 729 730 732 734 735 736 737 739 745 746 747 749 750 752 753 755 758 759 760 763 765 767 768 770 771 774 775 778 779 782 783 787 793 797 798 802 806 808 809 811 816 818 819 821 824 825 827 831 832 834 836 837 838 841 842 845 847 849 850 853 856 857 859 862 865 868 869 873 874 878 879 880 882 883 884 885 886 887 888 890 892 894 896 898 899 900 901 903 905 907 908 910 912 917 918 921 923 924 925 926 929 930 931 932 933 938 939 940 942 943 944 945 946 947 949 951 952 955 956 957 958 964 966 969 972 974 975 976 978 979 981 983 985 986 987 989 990 991 994 995 996 999
campaign,reference,1000,4-0.5-P,5,263439,501,0 1 8 10 12 13 14 17 18 19 20 22 23 24 25 33 35 36 39 44 46 51 55 57 58 59 62 64 66 67 68 71 73 74 75 78 79 82 83 86 90 91 92 94 96 99 100 102 103 104 106 107 109 115 117 118 122 123 124 125 126 127 130 131 132 134 136 138 140 142 144 148 149 151 152 153 155 156 162 163 164 165 167 169 170 171 172 173 176 177 178 180 184 185 187 188 190 195 197 199 202 203 207 208 209 210 211 212 215 218 219 223 226 229 232 233 237 238 240 241 242 243 245 248 249 252 253 254 255 257 261 263 264 265 266 268 269 270 271 273 277 278 279 282 283 286 289 290 291 294 295 296 297 299 301 303 304 306 307 308 310 313 314 315 318 319 324 326 332 334 336 340 342 344 345 346 352 354 356 360 362 363 367 368 369 370 372 374 378 380 385 388 393 394 395 398 399 400 402 404 405 407 409 411 417 418 420 423 430 432 434 435 437 442 448 449 451 453 454 456 457 458 460 461 463 464 465 467 468 469 475 478 482 484 486 487 488 490 491 496 500 501 504 505 506 509 510 511 512 513 517 518 521 522 523 524 525 527 531 534 535 537 541 542 543 544 547 548 549 551 552 553 554 555 557 559 560 562 563 564 566 567 571 573 576 579 582 584 585 586 589 590 592 594 595 596 598 600 601 602 604 605 606 608 611 612 616 621 622 623 625 628 630 632 633 634 637 639 640 643 644 645 647 649 650 652 653 654 657 660 661 662 663 664 666 669 670 674 675 677 683 684 685 686 689 690 696 699 703 704 705 707 708 709 712 715 716 717 721 722 723 724 726 727 729 730 732 735 736 737 739 740 743 745 746 747 750 753 755 759 760 762 763 765 767 768 770 771 774 775 778 779 782 783 787 793 794 796 797 798 802 805 806 808 809 811 812 816 818 824 825 827 829 831 832 834 836 837 841 842 845 847 849 850 853 856 857 859 862 865 868 869 871 873 874 877 878 879 880 882 883 884 886 887 888 890 892 894 896 899 900 901 902 903 905 907 910 917 918 921 923 924 925 926 929 931 932 933 938 939 940 941 942 946 947 949 951 952 955 956 957 959 960 964 966 969 974 975 976 978 979 981 985 987 989 990 991 992 995 996 999
campaign,reference,1000,5-0.5-P,1,273866,502,2 3 6 10 11 14 16 17 20 21 22 24 25 26 29 30 31 32 33 34 35 38 39 40 41 43 47 49 53 54 55 59 60 61 62 64 65 66 67 68 69 77 78 79 81 82 83 85 86 87 91 93 94 96 106 107 109 114 115 117 122 124 125 126 130 131 132 134 136 138 139 140 141 142 144 146 147 148 155 157 158 165 166 168 169 172 174 175 176 178 179 182 183 184 186 190 192 196 197 199 200 201 202 205 207 208 209 211 213 214 215 216 221 222 224 225 226 229 230 233 235 237 238 239 240 241 242 243 245 247 248 250 251 252 253 254 256 257 259 260 261 263 266 268 269 270 272 274 276 278 280 282 287 288 289 293 294 296 297 299 300 301 302 304 305 306 310 311 313 314 315 319 325 328 329 332 334 338 341 343 344 345 354 357 360 361 363 365 366 367 368 370 371 377 379 381 384 385 386 387 390 391 396 397 400 403 407 408 409 412 417 421 424 425 426 428 433 438 439 443 444 445 446 448 450 451 452 453 454 455 456 457 458 459 460 461 462 465 466 467 469 472 473 474 475 478 479 480 481 482 483 485 486 487 491 492 494 496 498 500 502 505 506 512 514 515 516 519 520 521 524 526 532 534 535 537 538 540 543 544 545 546 547 549 550 552 553 554 555 558 560 562 567 569 570 573 574 575 577 578 579 583 584 586 587 588 592 593 594 595 599 600 601 607 612 613 614 615 616 618 619 620 621 625 626 628 630 633 641 644 645 646 647 652 653 654 655 656 658 661 662 664 665 668 669 670 671 672 673 674 675 676 679 680 682 683 691 692 695 696 702 703 704 705 707 708 711 712 716 717 718 723 725 729 731 733 735 736 740 742 743 747 749 751 752 755 756 759 762 764 767 768 769 770 772 782 783 786 794 796 800 803 805 806 807 808 811 813 815 816 817 822 823 826 828 831 834 837 840 841 844 846 847 848 850 852 853 854 858 860 865 866 868 869 870 872 876 879 880 881 882 884 885 887 888 889 890 892 899 901 902 903 904 905 907 908 911 912 914 915 917 920 921 922 923 926 928 931 932 934 937 939 941 945 946 949 950 952 953 954 955 957 959 966 967 968 969 971 974 976 978 980 981 983 984 985 988 990 992 994 998 999
campaign,reference,1000,5-0.5-P,2,273923,503,2 3 6 10 11 12 13 14 16 17 20 21 22 24 25 26 29 30 31 32 33 34 38 39 40 47 49 53 54 55 59 60 61 62 64 65 66 67 69 77 78 79 80 81 82 83 85 86 87 91 93 94 96 106 107 109 113 114 115 117 122 125 130 131 132 134 136 138 139 140 141 146 147 148 155 157 160 165 166 168 169 172 174 175 176 177 178 179 182 183 184 185 186 190 191 192 196 197 199 200 202 205 207 208 209 211 213 214 215 216 221 222 224 225 226 227 229 230 232 233 235 237 238 239 240 241 242 243 245 247 248 250 251 252 253 254 256 257 259 260 261 263 266 269 270 272 274 275 276 278 280 282 287 288 289 293 294 296 297 298 299 300 301 302 304 305 306 310 311 313 314 317 319 325 327 328 329 332 334 338 341 343 344 345 354 357 360 361 363 365 366 367 368 370 371 377 379 384 386 387 390 391 393 396 400 403 407 409 410 412 416 417 421 424 425 426 428 433 438 439 443 444 445 446 448 450 452 453 454 455 456 457 458 459 460 461 465 466 467 469 472 473 474 475 478 479 480 481 482 483 485 486 487 491 492 494 496 500 502 505 506 512 514 515 519 520 521 524 526 532 534 535 537 538 540 543 544 546 547 549 550 552 553 554 555 558 560 562 570 573 574 575 577 578 579 583 584 586 587 588 591 592 593 595 600 601 607 612 613 614 615 616 618 619 620 621 625 626 628 630 632 633 641 644 645 646 647 652 653 654 655 656 661 662 664 665 668 669 670 672 673 674 675 676 679 680 682 683 691 692 695 696 697 702 703 704 705 707 711 712 716 717 718 719 723 725 726 729 731 733 735 736 743 747 749 751 752 755 756 759 762 764 767 768 769 770 772 781 782 783 786 794 796 798 800 803 804 805 806 807 808 809 813 815 816 820 822 823 826 828 831 834 835 837 838 840 841 844 846 847 848 850 852 853 854 858 860 865 866 868 869 870 871 872 874 876 877 879 880 881 882 884 885 887 888 892 897 899 901 902 903 904 905 907 908 911 912 914 915 917 920 921 922 923 926 928 931 932 934 937 939 941 945 946 949 950 952 953 954 955 957 959 966 967 968 969 971 974 976 978 980 981 982 983 984 985 987 988 990 992 994 998 999
campaign,reference,1000,5-0.5-P,3,273699,502,2 3 6 10 11 13 14 16 17 20 21 22 24 25 26 29 30 31 32 33 34 35 39 40 47 49 53 54 55 59 60 61 62 64 65 66 67 69 77 78 79 80 81 82 83 85 86 87 91 93 94 96 103 106 107 109 114 115 117 122 125 130 131 132 134 136 138 139 140 141 146 147 148 155 157 158 160 164 165 166 168 169 172 174 175 176 177 178 179 183 184 185 186 190 191 192 196 197 199 200 202 207 208 209 211 214 215 216 221 222 224 225 226 229 230 233 235 237 238 239 240 241 242 243 245 247 248 250 251 252 253 254 256 257 259 260 261 263 266 269 270 272 274 275 276 278 280 282 287 288 289 293 294 296 297 298 299 300 302 304 305 306 310 311 313 315 319 325 328 329 330 331 332 334 335 338 339 341 343 344 345 354 357 360 361 363 365 366 368 370 371 375 377 379 384 385 386 387 390 391 396 400 403 407 408 409 410 412 417 421 424 425 426 428 433 438 439 442 443 444 445 446 448 450 452 453 454 455 456 457 458 459 460 461 462 465 466 467 469 472 473 474 475 478 479 480 481 482 483 485 486 487 491 492 494 496 498 500 502 505 512 514 515 516 519 520 521 524 526 532 534 535 537 538 540 543 544 545 546 547 549 550 552 554 555 558 560 562 564 567 570 573 574 575 577 578 579 583 584 586 587 588 591 592 593 594 595 600 601 602 603 607 612 613 614 615 616 618 620 621 624 626 628 630 633 641 644 645 646 647 652 653 654 655 656 661 662 663 664 665 668 669 670 671 672 673 674 675 676 677 679 680 683 685 691 692 695 696 702 703 704 705 707 711 712 716 717 718 719 723 725 729 735 736 738 740 743 747 749 751 752 755 756 759 764 767 768 769 770 772 782 783 786 792 794 795 800 803 804 805 806 807 809 811 813 815 816 822 823 826 828 831 834 835 837 840 844 845 846 847 848 850 852 853 854 857 858 860 865 866 868 869 870 872 874 876 878 879 880 881 882 884 885 887 888 890 892 895 897 899 901 902 903 904 905 907 911 912 914 915 917 920 921 922 923 926 928 931 932 934 937 939 941 943 945 946 949 950 952 953 954 955 957 959 966 967 968 969 971 974 976 978 981 982 983 984 985 988 992 994 998 999
campaign,reference,1000,5-0.5-P,4,273766,502,2 3 6 10 11 12 13 14 16 17 20 21 22 24 25 26 29 30 32 33 34 37 38 39 40 41 43 47 49 53 54 55 59 60 61 62 64 65 66 67 69 71 77 78 79 80 81 82 83 85 86 87 88 91 93 94 96 106 107 109 114 115 117 122 125 130 131 132 134 136 138 139 140 141 142 144 146 147 148 155 157 158 160 165 166 169 172 174 175 176 177 178 183 184 186 190 191 192 196 197 199 200 202 205 207 208 209 211 214 215 216 221 222 224 225 226 229 230 233 235 237 238 239 240 241 242 243 245 247 248 250 251 252 253 254 256 257 259 261 263 266 268 269 270 272 274 275 276 278 280 282 288 289 293 294 296 297 298 299 300 301 302 304 305 306 311 313 314 315 319 325 328 329 332 334 335 338 339 341 343 344 345 354 360 361 363 365 366 367 368 370 371 373 377 379 384 385 386 387 390 391 396 400 403 407 408 409 410 412 416 417 421 422 424 425 426 428 433 437 438 439 442 443 444 445 446 448 450 452 453 454 455 456 457 458 459 460 461 465 466 467 469 472 473 474 475 478 479 480 482 483 485 486 487 491 492 493 494 496 498 500 502 505 506 512 514 515 516 519 520 521 524 526 532 535 537 538 540 543 544 546 547 549 550 552 553 554 555 558 560 562 570 573 575 577 578 579 583 584 586 587 588 592 593 595 600 601 602 603 606 607 612 613 614 615 616 618 619 620 621 625 626 630 641 645 646 647 652 653 654 655 656 661 662 664 665 668 669 670 671 672 674 675 676 677 679 680 681 682 683 685 691 692 698 702 703 704 705 707 708 711 712 716 717 718 723 725 729 731 736 740 742 743 747 749 751 752 755 756 759 762 764 767 768 769 770 772 781 782 783 786 794 800 803 805 806 807 808 809 811 813 815 816 821 822 823 826 827 828 831 832 834 835 837 840 841 844 846 847 848 850 852 853 854 857 858 860 861 865 866 868 869 870 872 874 876 878 879 880 881 882 884 885 887 888 890 892 899 901 902 903 904 905 907 908 911 912 914 915 917 918 920 921 922 923 926 928 931 932 935 937 939 941 945 946 949 950 952 953 955 956 957 959 966 967 968 969 971 974 976 978 981 982 983 984 985 988 990 992 994 998 999
campaign,reference,1000,5-0.5-P,5,273902,503,2 3 6 10 11 12 13 14 16 17 20 21 22 24 25 26 29 30 31 32 33 34 39 40 47 49 53 54 55 59 60 61 62 64 65 66 67 68 69 77 78 79 80 81 82 83 85 86 87 91 93 94 96 103 106 107 109 114 115 117 122 124 125 130 131 132 134 136 138 139 140 141 144 146 147 148 155 157 158 160 165 166 168 169 172 174 175 176 177 178 179 183 184 185 186 190 191 192 196 199 200 202 205 207 208 209 211 214 215 216 221 222 224 225 226 227 229 230 233 235 237 238 239 240 241 242 243 245 247 248 250 251 252 253 254 256 257 259 260 261 263 266 268 269 270 272 274 275 276 278 280 282 287 288 289 293 294 296 297 299 300 301 302 304 305 306 311 313 314 315 319 325 328 329 332 334 335 338 339 341 343 344 345 354 357 360 361 363 365 366 367 368 370 371 373 377 379 384 386 387 390 391 396 400 403 406 408 409 412 417 421 422 424 425 426 428 430 433 438 439 443 444 445 446 448 449 450 452 453 454 455 456 457 458 459 460 461 465 466 467 469 472 473 474 475 478 479 480 481 482 483 485 486 487 491 492 494 496 498 500 502 505 506 512 514 515 516 520 524 526 532 534 535 537 538 540 544 546 547 549 550 552 553 554 558 560 562 570 573 575 577 578 579 583 584 586 587 588 591 592 593 595 599 600 601 603 606 607 613 614 615 616 618 619 620 621 624 626 628 630 633 641 645 646 647 652 653 654 655 656 661 662 665 668 669 670 671 672 673 674 675 676 679 680 683 685 691 692 695 696 702 703 704 705 707 708 711 712 716 717 718 719 723 725 728 729 731 733 735 736 740 743 747 749 751 752 754 755 756 759 762 764 767 768 769 770 772 782 783 786 792 794 796 798 800 803 804 805 806 807 809 811 813 815 816 820 822 823 826 828 831 832 834 835 837 840 841 844 846 847 848 850 852 853 854 858 860 862 865 866 868 869 870 871 872 874 875 876 878 879 880 881 882 884 885 887 888 890 892 899 901 902 903 904 905 907 908 911 912 914 915 917 918 920 921 922 923 926 928 931 932 935 937 939 941 943 946 949 950 952 953 955 956 957 959 966 967 968 969 971 974 976 978 980 981 983 984 985 988 992 994 998 999
campaign,reference,1000,6-0.5-P,1,263146,501,0 3 4 5 6 8 14 16 18 19 20 23 28 32 33 35 36 37 38 39 44 46 47 49 50 51 52 53 56 60 62 66 67 75 78 81 84 87 88 89 91 92 94 95 97 99 101 105 107 108 109 112 115 116 118 119 123 124 126 127 128 129 130 132 134 135 137 139 141 142 144 146 147 148 149 150 152 153 156 157 158 160 161 162 163 165 167 170 171 173 174 175 176 179 180 181 182 184 185 186 188 189 190 193 197 199 201 204 208 210 211 213 214 215 216 219 220 221 224 225 228 232 239 240 243 244 245 246 248 249 251 253 254 258 259 260 261 266 268 270 271 272 277 278 280 282 284 286 288 292 293 294 296 297 298 299 302 303 305 306 308 309 310 311 312 314 315 316 317 318 319 320 322 324 325 328 330 332 334 335 336 340 341 342 346 349 350 351 354 355 356 358 359 362 363 367 368 371 373 374 375 378 379 382 383 385 386 387 388 391 395 399 401 402 404 406 407 408 409 410 411 413 414 417 418 420 422 424 429 430 432 434 436 438 439 442 445 447 448 449 450 454 457 460 462 464 466 467 469 473 474 475 476 477 480 481 484 486 489 490 491 493 494 497 498 499 501 502 504 506 510 515 516 517 522 527 528 529 531 535 536 537 538 542 544 546 548 553 556 559 560 561 563 565 566 567 569 570 575 576 577 579 580 583 590 591 595 596 597 598 601 602 603 605 609 612 613 614 617 620 623 626 629 630 634 637 639 643 644 645 647 655 656 659 661 662 664 667 668 670 673 674 675 676 677 679 681 682 683 686 687 688 689 695 696 697 699 700 701 703 704 706 707 709 713 717 719 720 723 724 726 727 728 729 730 734 738 739 741 742 743 748 749 750 752 753 755 758 760 761 766 768 769 770 772 773 775 777 778 780 781 786 790 791 794 795 796 798 799 801 803 804 805 807 811 816 820 821 826 827 828 829 830 831 832 833 834 835 836 839 842 844 847 848 849 852 853 855 856 858 861 862 863 864 868 871 874 875 876 879 880 881 883 887 889 890 892 894 897 898 907 912 913 914 915 916 918 919 921 923 924 925 926 927 928 930 931 943 947 948 949 950 953 954 955 962 964 965 968 970 974 976 977 981 984 985 987 991 993 995 999
campaign,reference,1000,6-0.5-P,2,263227,501,0 3 4 5 6 8 14 16 18 19 20 22 23 27 32 33 35 36 37 38 39 44 46 47 49 50 51 52 53 54 56 57 60 62 66 67 72 75 78 81 83 84 87 88 89 91 92 95 99 101 105 107 108 109 112 113 115 116 118 119 123 124 126 127 128 129 132 135 136 137 139 141 142 144 146 147 148 149 150 152 153 156 157 158 160 161 162 163 165 167 170 171 173 174 175 176 179 180 181 182 184 186 188 189 190 192 193 197 199 201 204 210 211 213 214 215 216 219 220 221 224 227 228 232 239 240 243 244 245 246 248 249 251 253 254 258 259 260 261 262 266 268 270 271 272 277 278 280 286 288 292 293 294 296 297 298 299 302 303 305 306 308 309 310 311 312 314 315 316 317 318 320 322 324 325 326 328 330 332 335 336 340 341 342 346 349 350 354 355 356 358 359 360 362 363 366 367 368 371 373 374 375 376 379 382 383 385 386 387 388 391 395 399 402 404 407 408 409 413 414 417 418 420 422 424 429 430 432 436 439 442 445 446 447 448 449 450 454 455 456 457 460 462 464 466 467 469 470 474 475 476 477 480 481 484 486 489 491 493 494 496 497 498 501 503 504 506 510 515 517 522 526 527 528 529 531 535 536 537 538 540 542 544 546 548 553 556 559 560 561 563 566 567 569 570 575 576 577 579 580 583 590 591 595 597 598 599 601 602 605 607 609 612 614 616 617 620 623 625 626 629 630 634 637 638 639 644 647 653 655 656 657 659 661 662 664 667 668 670 673 674 675 676 677 679 682 683 685 686 687 688 689 696 697 698 699 700 701 703 704 706 707 709 713 717 719 720 721 723 724 726 728 729 730 734 738 739 741 742 743 748 749 750 752 755 758 760 761 762 763 766 769 770 772 773 775 777 778 780 781 783 790 791 794 795 796 798 799 801 803 804 805 807 811 812 814 816 819 820 821 823 826 827 828 829 830 831 832 833 834 835 836 839 842 846 847 848 849 852 853 855 856 858 861 862 863 864 868 871 874 876 879 880 881 883 887 889 890 892 894 897 907 912 913 914 915 916 918 919 921 925 926 927 928 930 931 943 947 948 949 950 953 954 956 961 962 964 965 968 970 974 976 977 981 984 985 987 991 993 995 999
campaign,reference,1000,6-0.5-P,3,263350,502,0 3 4 5 6 8 16 19 20 22 23 27 32 33 35 36 37 38 39 44 46 47 49 50 51 52 53 54 55 56 58 60 62 66 67 74 75 78 81 83 84 87 88 89 91 92 95 97 99 105 107 108 109 112 113 115 116 118 119 123 124 126 127 128 132 135 136 137 139 141 142 144 146 147 148 149 150 152 153 156 157 158 160 161 162 163 165 167 170 171 173 174 175 176 179 180 181 182 184 186 188 189 190 192 193 196 197 199 201 204 205 207 210 211 213 214 215 216 219 221 224 225 227 228 232 236 239 240 243 244 245 246 248 249 251 253 254 258 260 261 262 266 268 270 271 272 275 277 278 284 286 287 288 292 293 294 296 297 298 299 302 303 305 306 308 309 310 311 314 315 317 318 319 320 322 324 325 326 328 330 332 335 336 340 341 342 346 349 350 351 354 355 356 358 359 360 362 363 366 367 368 371 373 374 376 379 382 383 385 386 387 388 395 399 402 404 407 408 409 411 413 414 416 417 418 420 422 424 428 429 430 432 434 436 439 442 444 447 448 449 450 456 457 460 462 464 466 467 469 474 475 476 477 480 484 486 489 490 491 493 494 497 498 500 501 504 506 510 515 517 521 522 527 528 529 531 535 537 538 542 544 546 548 553 556 559 560 561 563 565 566 567 569 570 575 576 577 579 580 583 590 591 595 596 598 601 602 603 605 607 612 614 616 617 620 623 625 626 629 630 634 637 638 639 643 644 647 655 656 657 659 661 662 664 667 668 670 673 674 675 676 677 679 681 682 683 686 687 688 689 696 697 699 700 701 703 704 706 707 709 713 717 719 720 721 723 724 725 726 727 728 730 734 735 738 739 741 742 743 748 749 752 753 755 758 760 766 768 770 772 773 775 777 778 780 781 783 790 791 794 795 796 798 799 801 803 804 805 807 809 811 814 816 817 819 820 821 823 826 827 828 829 830 831 832 833 834 835 836 839 842 844 846 847 849 852 853 855 856 858 861 862 863 864 868 871 874 875 876 879 880 881 883 887 889 890 892 894 897 898 907 912 913 914 915 916 918 919 921 923 925 926 927 928 930 931 943 947 948 949 950 953 954 955 956 961 962 964 966 968 970 976 977 981 982 983 985 987 991 993 995 999
campaign,reference,1000,6-0.5-P,4,263263,502,0 4 5 6 8 13 16 19 20 27 28 31 32 33 35 36 37 39 44 46 47 49 50 51 52 54 56 60 62 66 67 75 78 81 84 88 89 91 92 95 99 101 105 107 108 109 112 113 115 118 119 123 124 126 127 128 129 132 135 136 137 139 141 142 144 146 147 148 149 150 152 153 156 157 158 160 161 162 163 165 167 170 171 173 174 175 176 179 180 181 182 184 188 189 190 192 193 197 199 201 204 210 211 213 214 215 216 219 220 221 224 225 227 228 229 232 237 239 240 243 244 245 246 248 253 254 259 260 261 266 268 270 271 272 275 277 278 280 282 284 286 288 292 293 294 296 297 298 299 302 303 305 306 308 309 310 311 312 314 315 316 317 318 319 320 322 324 325 326 327 328 330 332 334 335 336 340 341 342 346 349 350 351 354 355 356 358 359 360 362 363 366 367 368 371 373 374 376 378 379 382 383 385 386 387 388 391 395 399 401 402 404 407 408 409 411 413 414 417 418 420 422 424 428 429 430 432 434 436 439 442 444 448 449 450 456 457 460 462 464 466 467 469 471 474 475 476 477 478 480 481 484 489 491 493 494 497 498 499 501 502 503 504 505 506 510 515 517 522 523 527 528 529 531 535 536 537 538 540 542 544 546 548 553 556 559 560 561 563 566 567 569 570 575 576 577 579 580 583 590 591 595 596 598 599 601 602 605 609 612 614 616 617 620 623 625 626 629 630 634 637 638 639 644 647 652 655 656 657 659 661 662 664 666 667 668 670 673 674 675 676 677 679 681 682 683 685 686 687 688 689 696 697 699 700 701 703 704 706 707 709 713 715 717 719 720 723 724 726 727 728 729 730 733 734 735 738 739 741 742 743 744 748 749 750 752 755 758 760 762 766 768 772 773 775 777 780 781 783 786 790 791 792 794 795 796 798 799 801 803 804 805 807 809 811 812 814 816 817 818 819 820 821 823 826 827 828 829 830 831 832 833 834 835 836 839 842 844 846 847 848 849 852 853 855 858 861 862 864 868 871 874 876 879 880 881 883 887 889 890 892 894 898 907 912 913 914 915 916 918 919 921 923 925 926 927 928 930 931 943 947 948 949 950 953 954 956 962 964 968 970 974 976 977 981 985 987 988 991 993 995 999
campaign,reference,1000,6-0.5-P,5,263503,502,0 4 5 6 8 16 19 20 28 32 33 35 36 37 38 39 44 46 47 49 50 51 52 53 54 56 57 60 62 66 67 72 75 76 78 81 83 84 87 88 89 91 92 95 96 99 101 105 107 108 109 112 113 115 116 118 119 123 125 126 127 128 132 135 137 139 141 142 144 146 147 148 149 150 152 153 156 157 158 160 161 162 163 165 167 170 171 173 174 175 176 179 180 181 182 184 186 187 188 189 190 193 197 199 201 204 210 211 213 214 215 216 219 220 221 224 225 228 232 239 240 243 244 245 246 248 253 254 260 261 266 268 270 271 272 275 277 278 280 284 286 288 292 293 294 296 297 298 299 302 303 304 306 308 309 310 311 313 314 315 317 318 319 320 321 322 324 325 326 328 330 332 335 336 340 341 342 346 349 350 354 355 356 358 359 360 362 363 367 368 371 373 374 379 382 383 385 386 387 388 391 395 399 400 402 404 407 408 409 411 413 414 416 417 418 420 422 424 425 428 429 430 432 434 436 439 442 443 446 447 448 449 450 456 457 460 462 464 466 467 469 474 475 476 477 480 481 484 486 489 490 491 492 493 494 496 497 498 499 500 501 504 506 510 515 517 521 522 527 528 529 531 535 536 537 538 542 544 546 548 553 556 559 560 561 563 564 565 566 567 569 570 572 575 576 577 579 580 583 588 590 591 595 596 597 598 601 602 603 605 612 614 616 617 620 623 626 629 630 631 634 637 638 639 643 644 647 655 656 657 659 661 662 664 667 670 673 674 675 676 677 679 681 682 683 685 686 687 688 689 695 696 697 699 700 701 703 704 706 707 709 713 717 719 720 721 723 724 725 726 727 728 729 730 734 735 738 739 741 742 743 748 749 750 752 755 758 760 761 766 768 770 772 773 775 777 778 780 781 783 790 791 792 794 795 796 798 799 801 803 804 805 807 811 814 816 817 820 821 823 826 827 828 829 830 831 832 833 834 835 836 839 842 844 847 848 849 852 853 855 856 858 861 862 863 864 868 871 874 875 876 879 880 881 883 887 889 890 892 894 897 898 907 912 913 914 915 916 918 919 921 923 924 925 926 927 928 930 931 934 943 947 948 949 950 953 954 955 961 962 964 968 970 976 977 981 985 987 991 993 995 999
campaign,reference,1000,7-0.5-P,1,266427,500,0 1 2 3 6 7 10 13 15 19 20 21 24 27 28 29 31 32 35 36 38 45 51 53 55 56 57 58 60 61 63 65 66 68 69 72 74 78 79 81 83 86 87 88 90 96 97 99 101 104 109 112 113 114 115 118 121 125 127 129 130 131 133 134 135 136 137 138 140 144 147 148 149 150 153 154 156 157 158 163 166 167 168 169 170 171 172 173 175 176 177 179 182 184 186 187 190 191 192 193 194 195 196 197 199 201 202 203 204 206 207 211 213 217 218 222 226 228 229 230 233 234 236 237 239 242 244 245 246 247 248 249 251 253 254 256 263 264 265 266 270 271 272 273 274 276 278 281 286 289 293 294 295 298 299 300 303 306 307 308 309 310 313 314 315 316 317 319 320 321 324 325 331 332 337 339 340 342 343 348 350 351 354 358 360 364 367 369 372 374 375 376 378 381 382 384 385 388 390 394 397 399 400 401 403 405 407 408 410 411 412 416 422 423 424 426 428 433 434 435 436 437 439 440 441 443 445 448 452 453 454 455 460 462 463 467 468 469 470 471 472 474 479 480 481 483 484 486 492 494 497 499 501 503 504 507 509 510 511 513 516 517 518 522 523 526 527 530 537 539 542 544 545 547 548 549 552 553 555 556 557 559 563 564 565 566 567 568 572 573 574 575 578 582 586 588 590 592 593 595 600 601 602 603 604 605 606 607 609 614 615 616 617 618 622 624 629 631 632 633 634 637 643 644 645 646 648 650 651 653 654 655 657 665 668 670 673 676 677 679 681 683 687 688 694 695 698 699 703 706 709 712 715 718 719 722 723 730 732 734 738 740 742 745 746 747 748 751 755 756 758 762 763 764 768 769 770 771 772 776 778 779 780 781 783 787 788 791 792 794 795 796 797 801 802 803 804 806 807 813 814 816 817 818 819 821 822 823 824 825 826 828 830 832 833 834 835 836 839 841 843 844 845 846 852 853 857 861 863 868 869 870 871 872 873 878 882 883 885 887 894 898 903 904 906 907 909 914 915 916 918 921 922 924 925 927 929 930 931 932 934 936 937 939 940 941 943 944 945 946 947 948 949 950 952 953 958 961 963 964 965 969 970 972 973 975 976 977 978 979 981 982 985 989 991 992 993 995 997 999
campaign,reference,1000,7-0.5-P,2,266472,500,0 1 2 3 5 7 10 13 15 19 20 21 27 28 29 31 32 35 36 38 43 45 51 53 54 55 56 57 60 61 63 65 66 68 74 76 77 78 79 81 83 86 87 90 91 94 96 97 98 99 101 104 109 112 113 114 115 116 118 120 121 126 127 129 130 131 133 134 135 136 137 138 140 144 147 148 149 150 153 154 156 157 159 163 167 169 170 171 172 173 176 177 179 182 184 186 187 190 191 192 193 194 195 196 197 199 201 202 203 204 206 207 211 213 217 218 222 226 228 229 230 233 234 235 237 239 242 244 245 246 247 248 249 253 254 256 263 264 265 266 269 270 273 274 276 277 278 281 285 286 289 293 294 295 296 298 299 300 306 307 308 309 310 313 314 315 316 319 320 321 324 325 331 332 337 338 340 342 343 350 351 354 355 358 360 361 364 367 369 372 374 375 376 378 382 384 387 388 390 399 400 401 403 405 407 408 410 411 412 416 422 423 426 428 431 433 435 436 437 440 443 445 448 451 452 453 455 460 462 463 464 466 468 469 470 472 474 479 480 481 483 484 486 492 494 497 499 500 501 503 504 507 509 510 511 513 516 517 518 521 522 523 526 537 539 542 543 544 545 547 549 552 555 556 557 559 563 564 565 566 567 568 572 575 578 586 588 589 590 592 595 601 602 603 604 605 606 607 608 609 613 614 615 616 617 618 622 624 629 631 632 633 634 637 639 643 644 645 646 648 649 650 651 653 654 655 657 658 659 665 668 670 672 673 676 677 679 681 683 687 688 694 698 699 706 709 710 715 718 719 722 723 730 732 734 738 740 742 745 746 747 748 751 755 756 757 758 762 763 764 767 768 769 770 771 772 776 778 779 780 781 783 787 788 791 792 794 795 797 800 801 802 803 804 806 807 813 814 816 817 818 819 821 822 823 824 825 828 830 831 832 833 834 835 836 839 841 843 844 845 846 852 853 857 858 859 861 863 868 869 870 871 872 873 878 882 883 885 887 894 898 903 904 906 907 909 914 915 916 918 919 921 922 924 925 926 927 929 930 931 932 934 936 937 939 940 941 943 945 946 947 948 949 950 951 952 953 958 961 963 964 965 969 970 972 973 975 977 978 979 981 982 985 989 991 992 993 995 997 999
campaign,reference,1000,7-0.5-P,3,266513,500,0 1 2 3 7 10 13 15 19 20 21 23 27 28 29 31 32 36 38 41 43 45 51 53 55 56 57 58 60 61 63 65 66 68 69 71 74 76 77 78 79 80 81 83 86 87 88 90 92 96 97 99 101 104 108 109 112 113 114 115 118 120 121 127 128 129 130 131 133 134 135 136 137 138 140 144 147 148 149 150 153 154 156 157 163 167 168 169 170 171 172 173 176 177 179 182 184 186 187 190 191 192 193 195 196 197 198 199 201 202 203 204 206 207 211 213 214 217 218 220 222 226 228 229 230 232 233 234 235 237 239 242 244 245 246 247 248 249 251 253 254 256 263 264 265 266 270 272 273 274 276 277 278 281 285 286 289 293 294 295 298 299 300 303 306 307 308 309 310 313 315 316 317 319 320 321 324 325 331 332 337 340 342 343 350 354 355 358 360 364 367 369 372 374 375 376 378 384 387 388 390 394 397 399 400 401 403 405 407 408 410 411 412 416 422 423 424 426 428 431 433 435 436 437 440 441 445 448 452 453 455 460 462 463 464 468 469 470 471 472 474 479 480 481 483 486 492 494 497 499 500 501 503 504 506 507 509 510 511 512 513 516 517 518 521 522 523 526 527 530 537 542 544 545 547 548 549 552 555 556 557 559 563 564 565 566 567 568 572 575 576 578 586 588 590 593 595 600 601 602 603 604 605 606 607 609 614 615 616 617 618 622 624 629 631 632 633 634 637 639 643 644 645 646 648 649 650 651 653 654 655 657 665 669 670 673 676 677 679 681 683 687 688 694 698 699 706 707 709 710 715 718 719 722 723 729 730 732 734 738 740 742 745 746 747 748 755 756 757 758 762 763 764 766 768 769 770 771 772 778 779 780 781 783 787 788 791 792 793 794 795 796 797 800 801 802 803 804 806 807 813 814 816 817 819 821 822 823 824 825 826 828 830 831 832 833 834 835 836 839 841 843 844 845 846 852 853 857 858 861 863 868 869 870 871 872 873 882 883 885 887 890 894 898 903 904 906 907 909 914 915 916 918 919 921 922 924 925 926 927 929 930 931 932 934 936 937 939 940 941 943 945 946 947 948 949 950 951 952 953 958 961 963 964 969 970 972 975 977 978 979 981 982 985 989 991 992 993 995 997
campaign,reference,1000,7-0.5-P,4,266456,500,0 2 3 6 7 10 13 15 19 20 21 24 27 28 29 31 32 35 36 38 43 45 51 53 55 56 57 58 60 61 63 64 65 66 68 71 72 74 78 79 81 83 86 87 88 90 94 95 96 101 104 108 109 112 113 114 115 118 120 121 126 127 128 129 131 133 134 135 136 137 138 140 144 147 148 149 150 153 154 155 156 157 158 163 166 167 168 169 170 171 172 173 176 177 179 181 182 184 186 187 190 191 192 193 195 196 197 199 201 202 203 204 206 207 211 213 216 217 218 222 226 228 229 230 233 234 237 239 242 244 245 246 247 249 251 253 254 256 263 264 265 266 270 271 272 273 274 276 278 281 286 289 291 293 294 295 299 300 303 306 307 308 309 310 313 314 315 316 317 319 320 321 324 325 331 332 337 340 342 343 348 351 354 355 358 360 364 365 366 367 369 372 375 376 378 382 384 387 388 390 394 399 400 401 403 405 407 408 410 411 416 422 423 426 428 431 433 434 435 436 437 440 445 448 452 453 455 460 461 462 463 467 468 469 470 471 472 474 479 480 481 483 486 487 492 494 497 499 500 501 503 504 507 509 510 511 513 516 517 518 521 522 523 525 526 527 530 537 542 543 544 545 547 548 549 552 555 556 557 558 559 563 564 565 566 567 568 572 575 578 582 586 588 589 590 593 595 600 601 602 603 604 605 606 607 609 614 615 616 617 618 622 624 629 631 632 633 634 637 639 643 644 645 646 648 650 651 653 654 655 657 665 670 672 673 676 677 679 681 687 688 694 695 698 699 705 706 707 709 712 715 718 719 722 723 729 730 732 734 735 738 740 742 745 746 747 748 751 756 757 758 762 763 764 766 768 769 770 771 772 776 778 779 780 781 783 787 788 791 793 795 796 797 801 802 803 804 806 807 813 814 816 817 818 821 822 823 824 825 826 828 830 833 835 836 839 841 843 844 845 846 852 853 857 858 860 861 868 869 870 871 872 873 878 883 885 887 890 894 898 902 903 904 906 907 909 914 915 916 918 921 922 924 925 926 927 929 930 931 932 934 936 937 939 940 941 943 945 946 947 948 949 950 951 952 953 958 959 961 963 964 965 969 970 972 975 977 978 979 980 981 982 985 989 991 992 993 995 997 999
campaign,reference,1000,7-0.5-P,5,266630,500,0 1 2 3 6 7 10 13 19 20 21 24 27 28 29 31 32 35 36 38 41 43 45 51 53 55 56 57 58 60 61 63 65 66 68 69 71 72 74 78 79 81 83 86 87 88 94 95 96 97 99 101 104 108 109 112 113 114 115 116 118 120 121 126 127 129 130 131 133 134 135 136 137 138 140 144 147 148 149 150 153 154 156 157 163 167 168 169 170 171 172 173 175 176 177 179 181 182 184 186 187 190 191 192 193 194 195 196 197 199 201 202 203 204 206 207 213 217 218 222 226 228 229 230 232 233 234 235 237 239 241 242 244 245 246 247 249 251 253 254 256 263 264 265 266 270 272 273 274 276 277 278 281 285 286 289 293 294 295 296 299 300 303 306 307 308 309 310 313 314 315 317 319 320 321 324 325 331 332 337 338 340 342 343 350 351 353 354 355 358 360 364 367 369 372 375 376 377 378 382 384 385 387 388 390 394 397 400 401 403 405 407 408 410 411 412 416 422 423 426 428 432 433 435 436 437 440 441 445 448 452 453 455 460 462 463 464 468 469 470 472 474 479 480 481 483 486 487 492 494 497 499 500 501 503 504 506 507 509 510 511 513 516 517 518 521 522 523 526 527 530 537 542 543 544 545 547 549 552 555 556 557 558 559 563 564 565 566 567 568 572 573 575 578 582 586 588 589 590 593 595 600 601 602 603 604 605 606 607 609 614 615 616 617 618 622 624 629 631 632 633 634 637 639 643 644 645 646 648 650 651 653 654 655 657 665 668 670 672 673 676 677 679 681 683 687 688 694 695 699 706 707 709 712 715 719 723 732 734 738 740 742 745 746 747 748 751 755 756 757 758 762 763 764 766 767 768 769 770 771 772 776 778 779 781 783 787 788 791 792 793 794 795 796 797 801 802 803 804 806 807 813 814 816 817 819 821 822 823 824 825 826 828 830 831 832 833 835 836 837 839 841 843 844 845 846 851 852 853 857 858 861 863 868 869 871 872 873 883 885 887 890 894 898 903 904 906 907 909 914 915 916 918 921 922 924 925 927 929 930 931 932 934 937 939 940 941 943 945 946 947 948 949 950 951 952 953 958 961 963 964 965 969 970 972 973 975 977 978 979 981 985 989 991 992 993 995 996 997 999
campaign,reference,1000,8-0.5-P,1,249874,502,1 3 5 6 8 9 10 12 16 17 18 19 21 22 23 25 26 27 28 32 36 38 40 41 43 44 45 46 47 48 49 50 54 57 59 63 65 73 75 77 78 79 81 86 87 89 91 93 94 96 99 105 106 109 110 111 112 115 123 124 129 132 136 138 142 146 147 148 149 151 152 153 154 156 158 160 163 164 167 168 169 170 174 175 179 180 183 184 185 186 190 191 194 196 197 198 199 201 208 210 211 212 214 217 220 221 225 226 227 229 230 231 232 234 235 236 239 241 244 245 246 247 248 249 255 256 257 259 260 262 263 265 266 268 269 270 271 272 275 276 277 278 279 280 283 284 286 288 289 291 292 295 299 300 301 302 303 304 306 308 309 310 311 312 313 314 317 319 320 321 325 326 327 329 330 332 337 339 343 346 352 354 356 358 360 361 364 366 367 369 370 373 374 377 378 379 380 384 385 386 388 390 393 396 397 398 400 401 402 406 407 412 413 415 417 418 419 420 423 428 431 433 434 437 439 440 441 442 444 445 446 448 449 453 454 460 461 463 464 467 468 472 474 476 478 480 487 488 493 499 500 501 502 505 507 511 512 514 515 517 518 519 522 524 525 528 532 533 534 537 539 540 542 545 546 547 554 557 560 561 562 563 564 567 579 581 584 585 588 592 596 598 599 600 607 608 610 611 614 616 617 619 622 624 628 630 631 633 634 635 637 639 642 643 645 646 648 649 651 661 666 667 671 673 674 676 678 679 681 682 684 687 692 693 697 699 702 705 706 707 708 709 710 711 713 714 715 717 718 719 721 722 723 725 731 732 733 734 737 739 740 741 744 747 748 750 751 754 755 759 761 762 763 765 766 768 769 770 772 773 774 776 777 782 784 785 788 791 792 796 800 801 802 803 805 806 809 810 812 815 818 820 825 827 829 830 832 834 837 840 843 845 850 851 852 853 854 858 859 860 861 862 863 864 865 867 869 871 872 874 875 877 880 881 885 887 888 890 895 898 899 900 908 911 912 915 916 918 919 925 927 929 930 931 933 934 935 936 937 938 940 942 943 944 945 946 947 948 949 950 951 954 956 957 958 959 960 961 962 964 965 966 967 969 971 973 974 975 980 981 982 983 984 985 987 989 991 993 994 995 997 998
campaign,reference,1000,8-0.5-P,2,250015,502,1 3 5 6 8 10 12 16 17 18 19 22 23 25 26 27 28 38 40 41 44 45 46 47 48 49 50 53 54 57 59 60 63 65 75 78 81 83 86 87 89 91 93 99 105 106 109 110 111 112 113 115 122 123 124 125 129 132 136 137 138 139 141 142 144 147 149 151 152 153 154 155 156 158 160 163 164 168 169 171 174 175 176 179 180 183 184 185 186 190 191 194 196 197 198 199 201 208 209 210 211 212 214 217 220 225 226 227 229 230 231 232 234 235 236 241 243 244 245 247 248 249 253 255 257 259 260 263 265 266 268 269 270 271 275 276 277 279 280 283 284 286 288 289 291 292 295 299 300 301 302 303 304 306 308 309 310 311 312 314 316 317 319 320 321 325 326 327 329 330 332 337 339 345 346 350 352 354 355 356 358 360 361 364 366 367 369 370 371 373 374 377 378 380 384 386 387 388 390 391 393 394 396 397 398 400 401 402 406 407 412 413 415 417 418 419 420 423 428 431 433 434 437 438 439 440 441 442 444 445 448 449 453 454 459 460 461 464 467 468 472 474 476 480 487 488 490 493 499 500 501 502 505 507 508 511 512 514 515 517 518 519 522 524 528 529 532 533 534 536 537 538 542 545 546 547 551 554 557 560 561 563 564 567 570 571 579 581 584 585 587 588 589 597 598 599 600 603 605 607 608 609 610 611 614 616 617 622 624 628 630 631 632 633 634 637 639 642 643 645 648 649 651 656 659 661 666 667 671 673 674 676 678 679 681 683 687 692 693 694 697 699 702 705 706 707 709 710 711 714 715 717 718 719 721 722 723 725 731 732 733 739 740 744 747 748 750 754 755 758 759 761 762 763 765 766 768 770 772 773 774 776 777 784 785 787 788 800 801 802 803 805 806 809 810 812 815 818 821 825 827 829 830 832 834 835 837 840 842 843 845 850 851 852 853 854 858 859 860 861 862 863 864 865 867 871 872 874 877 880 881 884 885 887 888 890 895 898 899 900 905 908 911 912 914 916 918 919 924 925 929 930 931 933 934 935 936 937 938 940 942 943 944 946 947 948 949 950 951 954 956 957 958 959 960 961 962 964 965 966 969 971 972 973 974 975 978 980 981 982 983 984 985 986 987 989 991 993 994 995 997 998
campaign,reference,1000,8-0.5-P,3,249838,502,1 3 5 6 10 12 16 17 18 19 20 21 23 25 27 28 32 36 38 40 41 44 45 46 47 48 49 50 53 54 57 59 63 64 65 75 77 78 79 81 83 86 87 89 91 93 97 99 105 106 109 110 111 112 115 122 123 124 129 132 136 138 139 141 142 147 149 151 152 153 154 155 158 160 163 164 165 168 169 171 174 175 176 179 180 183 184 185 186 190 191 194 196 197 198 201 208 210 211 212 214 217 221 222 225 226 227 229 230 231 232 234 235 236 239 241 244 245 247 248 249 255 257 259 260 263 265 266 267 268 269 270 271 272 275 276 277 280 283 284 286 288 289 291 292 295 299 300 301 302 303 304 306 308 309 310 311 312 313 314 317 319 320 321 325 326 329 330 332 336 339 345 346 352 354 356 358 360 361 364 366 367 369 370 371 373 374 377 378 380 384 386 388 390 391 393 394 396 397 398 400 401 402 406 407 412 413 415 417 418 419 420 421 423 428 431 432 433 434 437 438 439 440 441 442 444 445 446 448 449 450 453 454 460 461 463 464 467 468 470 472 474 476 478 480 487 488 490 492 493 499 500 501 502 505 507 508 511 512 514 515 516 518 519 522 524 528 529 532 533 534 537 538 540 542 545 546 547 551 554 557 560 561 563 564 565 567 568 579 581 584 585 591 592 598 599 600 603 605 607 608 610 611 614 616 617 622 624 628 630 631 633 635 637 639 642 643 645 648 649 651 656 661 666 667 671 673 674 676 679 680 681 683 687 689 692 693 697 699 702 705 706 707 709 710 711 713 714 715 717 718 719 721 722 723 725 727 731 732 733 735 736 737 739 740 741 744 747 748 750 754 758 760 761 762 763 765 766 768 770 772 773 774 776 777 782 784 785 788 793 800 801 802 803 805 806 809 810 812 815 821 823 824 825 827 829 830 834 835 837 842 843 845 850 851 852 853 854 858 859 860 861 862 863 864 865 867 871 872 874 875 877 880 884 885 887 888 890 895 898 899 900 908 911 912 914 915 916 918 919 921 924 925 927 930 931 933 934 935 936 937 938 940 942 943 944 946 947 948 949 950 951 954 956 957 958 959 960 961 964 965 966 969 971 973 974 975 978 980 981 982 983 984 985 987 989 991 993 994 995 997 998
campaign,reference,1000,8-0.5-P,4,250001,502,1 3 5 6 8 10 11 12 16 17 18 19 22 23 27 28 32 38 41 44 45 46 47 48 49 50 53 54 56 57 59 63 64 65 75 81 83 86 87 89 91 93 99 105 106 109 110 111 112 115 117 120 122 123 124 125 127 129 132 134 136 137 138 142 147 148 149 151 152 153 154 156 158 160 163 164 168 169 170 174 175 176 179 180 184 185 186 188 190 191 194 196 197 198 201 208 210 211 212 214 217 220 221 225 226 227 229 230 231 232 234 235 236 238 240 241 244 245 246 247 249 253 255 257 259 260 263 265 266 267 268 269 270 271 272 275 276 277 279 280 283 284 286 288 289 291 292 295 299 300 301 302 303 304 306 308 309 310 311 312 314 317 319 320 321 327 329 330 332 337 339 343 345 346 350 352 354 355 356 358 360 361 364 366 367 369 373 374 377 378 379 380 384 385 386 387 388 390 391 393 394 396 397 398 400 401 402 406 407 412 413 415 417 418 419 420 423 428 431 432 433 434 437 439 440 442 444 445 446 448 449 450 453 454 460 461 463 464 465 467 468 474 476 480 487 488 490 492 493 499 500 501 502 505 507 508 511 512 514 515 517 518 519 522 524 528 529 532 533 534 537 538 539 540 542 545 547 554 557 560 563 564 565 567 570 571 579 581 584 585 588 592 598 599 600 603 607 608 610 611 614 616 617 622 624 628 630 631 632 633 637 639 642 643 645 648 649 651 657 661 666 667 671 673 674 676 678 679 681 683 687 689 692 693 694 697 699 702 703 705 706 707 709 710 711 714 715 717 718 719 721 722 723 725 731 732 733 734 735 736 739 740 741 744 747 748 750 752 754 755 759 761 762 763 765 766 768 770 772 773 774 776 777 784 785 788 789 792 796 800 801 802 803 805 806 809 810 812 815 818 820 825 827 829 830 834 835 837 840 842 843 845 851 852 853 854 858 859 860 861 862 863 864 865 867 871 872 874 875 877 880 881 882 885 887 888 890 895 898 899 900 905 908 911 912 914 915 916 918 919 924 925 927 930 931 933 934 935 936 937 938 940 942 943 944 945 946 947 948 949 950 954 956 957 958 959 960 961 962 964 965 966 969 971 972 973 974 975 979 980 982 983 984 985 986 989 990 991 994 995 997 998
campaign,reference,1000,8-0.5-P,5,249792,502,1 3 5 6 8 9 10 11 12 16 17 18 19 20 21 22 23 26 27 28 32 34 38 41 44 45 46 47 48 49 50 53 54 57 59 63 65 75 79 81 83 86 87 89 91 93 99 105 106 109 110 111 112 115 122 123 124 129 132 134 136 137 138 141 142 145 147 149 151 152 153 154 155 156 158 160 163 164 168 169 170 171 174 175 176 177 179 180 183 185 186 190 191 196 197 198 201 208 210 211 212 214 217 220 221 222 225 226 227 229 230 231 232 234 235 236 239 240 241 244 245 247 253 255 256 257 259 260 263 265 266 268 269 270 271 275 276 277 279 283 284 286 289 291 292 295 296 299 300 301 302 303 304 305 306 308 309 310 311 312 313 314 316 317 319 320 321 325 329 330 332 337 339 345 346 350 352 355 356 358 360 361 363 364 366 367 369 370 373 374 377 380 384 386 387 388 390 391 392 393 394 396 397 398 400 401 402 406 407 412 413 415 417 418 419 420 423 428 431 433 434 437 438 439 440 441 442 444 445 448 449 450 453 454 460 461 463 464 467 468 472 474 476 478 480 487 488 490 493 499 500 501 502 505 507 508 514 515 517 518 519 522 524 528 532 533 534 537 538 540 542 545 546 547 554 557 560 561 563 564 565 567 579 581 584 585 587 589 592 598 599 600 603 607 608 610 611 614 616 617 622 624 628 629 630 631 633 637 639 642 643 648 649 651 656 661 666 667 671 673 674 676 678 679 681 683 684 687 692 693 697 699 702 705 706 707 709 710 711 714 715 717 718 719 722 723 725 731 732 733 736 738 739 740 741 744 747 748 750 751 754 755 758 759 761 762 763 765 766 768 769 770 772 773 774 776 777 782 784 785 788 796 800 801 802 803 805 806 809 810 812 815 818 821 823 825 827 829 830 832 834 835 837 840 841 842 843 845 850 851 852 853 854 858 859 860 861 862 863 864 865 867 871 872 874 875 877 880 881 885 887 888 890 895 898 899 900 905 908 911 912 914 916 918 919 921 924 925 929 930 931 933 934 935 936 937 938 940 941 942 943 944 945 946 947 948 949 950 951 952 954 956 957 958 959 960 961 964 965 966 969 971 972 973 974 975 979 980 981 982 983 984 985 987 989 990 991 993 994 995 997 998
campaign,reference,1000,9-0.5-P,1,267410,500,0 4 6 17 18 21 25 26 27 28 29 31 32 35 37 39 45 46 47 48 50 56 59 61 62 64 65 69 73 76 77 78 79 81 83 84 85 86 87 88 90 91 93 96 97 101 105 108 109 110 111 112 114 119 120 122 125 128 129 131 132 133 134 136 137 139 140 141 142 145 148 151 152 153 154 155 156 157 160 161 163 166 167 168 170 171 172 173 174 175 177 179 180 181 182 183 185 191 194 197 200 201 203 206 208 209 211 214 216 219 224 226 229 230 231 233 234 235 236 238 241 242 244 245 246 247 248 249 252 254 256 257 261 262 263 264 266 267 273 275 277 279 280 281 282 284 285 286 291 292 294 295 297 298 301 302 303 306 308 309 310 311 312 313 316 320 321 322 325 326 327 332 333 334 337 342 343 350 352 354 357 360 362 365 367 370 371 372 377 378 383 384 385 386 388 391 393 394 398 400 401 403 404 408 410 411 412 413 414 421 423 424 425 426 429 431 432 434 441 444 446 447 448 450 452 453 456 464 467 468 471 472 473 474 476 477 479 482 483 486 487 488 490 492 493 497 501 502 507 508 510 511 512 515 523 524 525 526 528 529 530 532 533 534 536 537 538 541 543 545 546 549 551 553 554 555 556 558 560 564 565 567 568 570 571 573 574 575 576 577 581 587 588 590 591 594 596 597 606 609 611 612 613 614 615 617 618 619 620 621 622 623 626 631 634 635 636 637 639 641 644 645 647 648 651 652 655 656 660 667 668 669 671 672 674 676 677 678 679 681 682 683 684 686 687 688 689 691 692 695 696 699 700 702 703 706 707 708 710 712 716 718 727 728 730 732 733 734 735 736 737 738 741 742 746 747 749 751 752 753 757 761 762 763 764 765 767 770 771 772 775 776 777 782 784 785 786 787 788 789 790 796 801 802 804 807 809 810 811 812 813 814 816 817 818 819 820 822 825 831 832 835 842 846 847 848 851 852 854 855 856 859 861 864 865 866 867 874 878 882 883 884 887 888 889 892 896 899 900 904 907 908 909 910 911 913 916 917 918 919 920 921 924 925 928 931 932 934 936 937 939 941 942 943 949 950 951 952 956 957 958 959 960 965 966 968 970 974 979 981 982 984 985 988 992 994 995 996 997 998
campaign,reference,1000,9-0.5-P,2,267874,501,0 4 6 11 17 18 21 26 27 28 29 31 32 35 37 39 45 46 47 48 50 51 55 56 58 61 62 63 64 65 69 73 76 77 78 79 81 83 84 85 86 87 88 90 91 93 94 96 97 105 108 109 110 111 112 119 120 122 127 128 129 131 132 136 138 139 140 141 142 148 151 152 153 154 155 156 157 159 160 161 163 166 167 170 171 172 173 174 175 176 177 179 180 181 182 183 184 185 190 191 197 200 201 203 206 209 211 213 214 216 219 224 228 229 231 233 235 236 238 241 242 243 244 246 247 248 249 252 254 255 256 257 259 261 262 263 264 266 267 273 279 280 281 282 283 284 285 291 294 295 297 301 302 303 306 308 309 310 311 312 313 316 320 321 322 325 326 332 333 334 337 340 343 350 352 354 357 360 362 365 367 370 371 372 377 383 385 386 388 391 393 394 398 400 401 403 404 405 408 410 411 412 413 414 421 423 424 425 426 429 431 432 434 435 441 443 444 446 447 448 450 452 453 456 464 466 467 468 470 471 472 473 474 475 476 479 482 483 486 488 490 492 493 497 502 507 508 510 511 512 513 515 517 521 523 524 525 526 528 529 530 532 533 534 536 537 538 543 545 546 549 551 554 555 556 558 560 563 564 565 567 568 570 574 575 577 581 582 587 588 590 591 594 596 597 604 606 607 609 612 613 615 617 619 620 621 622 623 626 631 634 636 637 639 641 644 645 647 648 651 652 655 656 662 665 667 668 669 671 672 674 676 677 678 679 681 683 684 686 688 689 690 692 695 696 699 700 702 703 706 708 710 712 718 727 728 732 734 735 736 737 738 741 742 743 744 746 747 749 751 752 753 754 757 758 761 762 763 764 765 767 769 770 771 772 775 776 777 780 782 784 785 786 788 789 790 794 796 801 802 807 809 810 811 812 813 814 816 817 818 819 820 822 824 825 830 831 832 835 836 842 846 847 848 851 852 854 855 856 859 861 864 865 866 867 874 875 877 878 882 883 884 887 888 889 890 892 896 897 899 900 904 907 908 909 910 911 916 917 918 919 920 921 924 925 928 931 932 934 936 939 941 942 943 949 950 951 952 956 957 958 959 960 962 965 966 967 968 970 974 979 982 984 985 988 992 994 995 996 997 998
campaign,reference,1000,9-0.5-P,3,267566,501,0 4 6 8 11 17 18 21 26 27 28 29 31 32 35 36 37 39 45 46 47 48 50 51 55 56 57 59 61 62 63 64 65 68 69 73 76 77 79 81 83 84 85 86 87 88 90 91 93 96 97 105 108 109 110 111 114 119 120 122 128 129 131 132 134 136 137 138 139 140 141 142 143 145 148 151 152 153 154 155 156 157 160 163 166 167 170 171 172 173 174 175 177 179 180 181 182 183 184 185 191 193 197 200 201 203 206 209 211 213 216 224 225 228 229 230 231 233 235 236 238 241 242 243 244 246 247 248 249 252 254 255 256 257 261 262 263 264 266 267 273 279 281 282 283 284 285 291 292 294 295 297 298 301 302 303 305 306 309 310 311 312 313 316 320 321 322 325 326 332 333 334 337 343 350 352 354 357 360 362 365 367 370 371 372 377 378 383 384 385 386 388 389 391 393 394 398 400 401 404 408 410 411 412 413 414 421 423 424 425 426 429 431 432 434 435 441 443 444 446 448 450 452 456 464 467 468 471 472 473 474 476 479 482 483 486 488 490 492 493 497 501 502 507 508 510 511 512 513 515 521 523 525 526 528 529 530 532 533 534 536 537 538 543 545 548 549 551 554 555 556 557 558 560 564 565 567 568 570 571 573 574 575 577 581 582 587 588 590 591 594 596 604 606 607 609 612 613 614 615 617 618 619 620 621 622 623 626 627 631 634 635 636 637 639 641 644 645 647 648 651 652 655 656 660 662 665 667 668 669 671 672 674 676 677 678 679 681 683 684 686 688 689 690 692 695 696 699 700 703 706 708 710 716 718 719 727 728 732 734 735 736 737 738 741 742 743 746 747 749 751 753 757 761 762 763 764 765 767 769 770 771 772 775 776 777 782 784 785 786 787 788 789 790 794 795 796 801 802 803 807 809 810 811 812 813 814 816 818 819 820 822 824 825 830 831 832 835 836 839 842 846 847 848 851 852 854 855 859 861 864 865 866 867 869 873 874 878 882 883 884 886 887 888 889 890 892 896 899 900 904 907 908 909 910 911 913 916 917 918 919 920 921 923 924 925 928 931 932 934 936 937 939 941 943 949 950 951 952 956 957 958 959 960 965 966 968 970 974 977 979 982 984 985 988 992 994 995 996 997 998
campaign,reference,1000,9-0.5-P,4,267651,501,0 4 6 11 17 18 21 25 26 27 28 29 31 32 35 36 37 39 44 45 46 47 48 50 51 55 56 59 61 62 64 65 68 69 73 76 77 78 79 81 83 84 85 86 87 88 90 91 93 94 96 97 101 105 108 109 110 111 114 119 120 122 128 129 131 132 133 134 136 137 139 140 141 142 145 148 151 152 153 154 155 156 160 161 166 167 170 171 172 173 174 175 177 179 180 181 182 183 185 190 191 197 200 201 203 206 209 211 213 214 216 224 226 229 230 231 233 235 236 238 240 241 242 244 246 247 248 249 252 254 255 256 257 259 261 262 263 264 267 273 275 279 280 281 282 283 284 285 291 294 295 297 298 301 303 306 308 310 311 312 313 316 320 321 322 325 326 332 333 334 337 342 343 350 351 352 354 357 360 362 365 367 370 371 372 376 377 383 385 386 388 391 393 394 398 400 401 403 404 408 410 411 412 413 414 421 423 424 425 426 429 431 432 434 435 441 443 444 446 448 450 452 453 456 463 464 467 468 472 473 474 475 476 477 479 482 483 486 488 490 492 493 497 498 501 502 507 508 510 511 512 515 518 523 526 528 529 530 532 533 534 536 538 541 543 545 546 549 551 554 555 556 558 560 563 564 565 567 568 570 573 574 575 576 577 581 582 587 588 590 591 594 596 597 604 606 607 611 612 613 614 615 617 618 619 620 621 622 623 626 631 634 635 636 637 639 641 644 645 647 648 651 652 655 656 662 664 667 668 669 671 672 674 676 677 678 679 681 682 683 684 686 688 689 692 695 696 698 699 700 703 706 708 710 716 718 726 727 728 732 733 734 735 736 737 738 741 742 744 745 746 747 749 751 752 753 754 757 761 762 763 764 765 767 770 771 772 775 776 777 780 782 783 784 785 786 787 788 789 790 794 796 801 802 807 809 810 811 812 813 814 816 817 818 819 820 822 824 825 826 830 831 832 835 836 841 842 846 847 848 849 851 852 854 855 856 859 861 865 867 874 878 882 883 884 887 888 889 890 892 899 900 904 908 909 910 911 916 917 918 919 920 921 924 925 932 934 936 939 941 942 943 949 950 951 952 956 957 958 959 960 962 963 965 966 968 970 973 974 979 982 985 988 989 991 992 994 995 996 997 998
campaign,reference,1000,9-0.5-P,5,267557,501,0 4 6 9 17 18 21 26 27 28 29 31 32 35 37 39 44 45 46 47 48 50 51 55 56 57 58 61 62 64 65 73 76 77 78 79 81 83 84 85 86 87 88 90 91 93 94 96 97 101 105 109 110 111 112 114 119 120 122 128 129 131 132 133 134 135 136 139 140 141 142 148 151 152 153 154 155 156 157 160 161 165 166 167 170 171 172 173 174 175 177 179 180 181 182 183 185 190 191 197 200 201 203 206 208 209 211 216 217 219 224 228 229 230 231 233 235 236 238 241 242 243 244 246 247 248 249 254 255 256 257 259 261 262 263 264 267 273 279 280 281 282 284 285 291 292 294 295 297 298 301 302 303 306 308 309 310 311 312 316 317 320 321 322 325 326 327 332 333 334 337 342 343 350 352 354 357 360 362 365 367 370 371 372 377 383 384 385 386 388 391 393 394 398 400 401 403 404 408 410 411 412 414 421 423 424 425 426 429 431 432 434 435 441 443 444 446 447 448 450 452 453 456 464 466 467 468 469 470 472 473 474 475 476 482 483 486 487 488 489 490 492 493 497 501 502 507 508 510 511 512 515 517 521 523 525 526 528 529 530 531 532 533 534 536 537 538 543 545 549 550 551 554 555 556 557 558 560 563 564 565 567 568 570 573 574 575 577 581 582 587 588 590 591 594 596 597 604 606 609 612 613 615 617 618 619 620 621 623 626 631 634 635 636 637 639 641 644 645 647 648 651 652 655 656 660 662 664 667 668 669 671 672 674 676 677 679 681 682 683 684 686 687 688 689 690 692 695 696 698 699 700 703 706 708 710 718 721 727 728 732 734 736 737 738 741 742 743 746 747 749 750 751 752 753 754 757 761 762 763 765 767 770 771 772 775 776 777 780 782 783 784 785 786 787 788 789 790 796 797 801 802 809 810 811 812 813 814 816 817 818 819 820 822 825 829 832 835 836 840 841 842 846 847 848 849 851 852 854 855 859 861 864 866 867 874 875 878 882 883 884 887 888 889 890 892 896 899 900 904 907 908 909 910 911 915 916 917 918 919 920 921 924 925 928 932 934 936 937 939 941 942 943 949 950 951 952 956 957 958 959 960 965 966 967 968 970 973 974 979 980 981 982 985 988 992 994 995 996 997 998
campaign,reference,1000,10-0.5-P,1,262430,500,0 5 6 8 11 12 14 15 16 17 20 21 24 26 27 28 29 31 32 33 34 36 37 39 42 49 50 51 54 55 56 57 58 59 60 61 65 70 72 73 76 78 81 85 86 87 90 91 92 93 99 100 101 104 109 110 112 113 114 117 118 119 120 122 123 125 126 127 128 134 137 141 148 151 154 155 156 157 160 162 163 166 167 168 169 170 171 172 173 179 183 184 186 187 188 189 193 195 196 197 198 200 201 203 205 206 207 210 212 213 214 215 218 221 224 229 232 235 236 238 242 243 244 245 246 247 248 250 251 252 255 256 258 263 266 267 269 270 271 273 274 279 280 281 282 286 287 289 296 297 300 302 304 305 306 307 309 310 312 315 316 318 321 324 325 326 329 330 331 332 334 336 337 338 339 344 345 346 348 350 351 352 353 354 355 360 361 365 368 369 371 372 373 376 377 378 380 381 382 387 388 389 390 392 394 395 396 397 399 400 403 405 408 409 410 412 416 419 422 427 428 429 433 436 438 445 446 447 448 449 451 452 453 455 462 464 465 466 468 471 472 475 476 477 483 484 485 487 490 494 498 499 500 501 503 505 507 508 509 510 512 513 516 521 522 524 527 529 533 534 536 537 540 546 547 548 552 554 555 558 560 561 562 563 572 574 575 576 579 581 582 586 590 595 597 599 600 602 603 604 605 609 613 615 617 618 621 622 624 626 627 628 632 634 639 641 642 643 644 646 647 648 649 650 651 654 658 660 666 667 668 669 670 671 672 675 679 680 681 682 683 684 687 688 691 692 694 695 698 700 702 703 705 708 710 711 713 716 717 718 719 720 727 728 729 730 731 735 736 737 739 741 743 744 745 749 750 752 753 756 760 765 766 767 770 771 772 776 778 779 780 784 785 786 789 790 793 794 795 796 797 802 803 804 808 809 810 811 816 821 823 824 825 828 830 833 836 840 844 845 847 849 851 853 856 857 859 860 862 865 867 868 873 876 878 880 882 884 887 888 889 892 895 896 897 900 901 903 907 909 911 912 913 916 920 921 922 923 925 929 930 933 935 937 939 940 942 943 944 945 949 952 953 954 956 958 959 960 962 963 964 967 968 969 970 972 973 974 979 980 985 987 988 989 990 991 992 995 996 997
campaign,reference,1000,10-0.5-P,2,262287,500,0 3 6 8 11 12 14 15 16 17 20 24 26 28 29 31 32 33 34 36 37 39 42 43 49 50 51 54 55 56 57 58 59 60 61 65 69 70 72 73 76 81 85 86 87 90 91 92 93 99 100 101 104 109 110 111 112 113 114 115 117 118 119 120 122 126 127 128 130 131 134 137 142 148 151 155 156 157 160 162 163 167 168 169 170 171 172 173 179 183 184 186 188 193 195 196 197 198 200 201 203 205 206 207 212 213 214 215 218 221 224 229 232 235 236 238 242 243 244 245 246 247 248 250 251 252 254 255 256 259 263 266 267 269 270 273 274 278 279 280 281 282 284 286 287 289 291 293 296 297 302 305 306 307 309 312 315 316 318 321 324 325 330 331 332 334 336 337 338 339 344 345 346 350 352 353 354 355 357 360 361 365 368 369 371 372 373 376 377 378 380 381 382 387 388 389 390 392 393 394 395 396 397 399 400 403 405 408 409 412 415 417 419 421 422 425 428 429 433 436 438 445 446 447 448 449 451 452 453 462 464 465 466 468 471 475 476 477 484 485 487 488 490 493 494 498 500 501 503 504 505 507 508 509 512 513 515 520 521 522 524 527 529 533 534 535 536 540 546 548 552 553 555 560 561 562 563 572 573 574 575 576 579 581 582 586 590 595 597 599 600 601 602 603 604 605 608 609 614 615 617 618 621 622 623 624 626 627 628 632 634 635 639 641 642 643 644 646 647 648 649 650 651 654 658 662 666 667 668 670 671 672 675 679 681 682 683 684 685 687 688 691 692 694 695 698 700 702 703 705 707 708 710 711 713 715 716 717 718 720 725 727 728 729 730 731 735 736 737 739 741 744 745 749 750 752 753 756 760 763 765 766 767 768 770 771 772 774 776 778 779 780 781 782 784 785 786 789 790 793 795 796 797 802 803 804 808 809 810 811 812 821 823 825 828 830 832 833 836 840 844 845 847 849 851 853 856 857 859 860 861 865 867 868 873 876 878 880 882 887 888 889 891 892 895 896 897 900 901 903 908 909 911 912 913 916 920 921 922 923 925 929 930 933 935 937 939 940 942 943 945 948 949 951 953 954 956 958 960 962 963 964 967 968 969 970 973 974 979 980 985 987 988 989 990 991 992 994 995 996
campaign,reference,1000,10-0.5-P,3,262141,500,0 3 6 7 8 11 12 14 15 16 17 20 22 26 27 28 29 31 32 33 34 36 37 39 43 45 49 50 51 54 55 56 57 58 59 60 61 65 69 70 72 73 76 81 84 85 86 87 90 91 92 93 99 100 101 104 109 110 112 113 114 117 118 119 120 126 128 130 131 134 137 151 154 155 156 157 160 162 163 166 167 168 169 172 173 174 179 183 184 186 187 188 193 195 196 197 198 200 201 203 205 206 207 210 212 213 214 215 218 221 224 229 232 234 235 236 238 242 243 244 245 247 248 250 251 252 255 263 266 267 269 270 273 274 278 279 280 281 284 286 287 288 289 296 297 300 302 305 306 307 308 309 310 312 315 316 318 321 324 325 329 330 331 332 334 336 337 338 339 344 345 346 350 352 353 354 355 357 360 361 363 365 368 369 371 372 373 376 377 378 380 381 382 387 388 389 390 392 393 394 395 396 397 399 400 403 405 408 409 410 412 416 419 422 427 428 429 432 433 435 436 438 445 446 447 448 449 451 452 453 455 462 464 465 466 469 471 472 475 476 477 484 485 487 488 490 493 494 498 500 501 503 504 507 508 509 510 512 513 515 521 522 524 527 529 533 534 536 540 546 548 552 554 558 560 561 562 563 572 574 575 576 579 580 581 582 586 590 595 597 599 600 601 602 603 604 605 608 609 615 617 618 621 622 624 626 627 628 632 634 636 637 639 641 642 644 646 647 648 650 651 654 658 666 667 668 669 670 671 672 675 679 681 683 684 687 688 691 692 694 695 698 700 702 703 705 707 708 710 711 713 715 716 717 718 719 720 727 728 729 730 731 735 736 737 739 741 743 744 745 749 750 752 753 756 760 765 766 767 768 770 771 772 776 779 780 782 784 785 786 789 790 793 795 796 797 802 803 804 808 809 811 812 817 821 823 824 825 827 828 830 832 833 836 840 844 845 847 849 850 851 853 856 857 859 860 861 862 865 866 867 868 871 873 876 878 880 882 884 887 888 889 891 892 894 895 897 900 901 903 907 909 911 912 913 916 920 921 922 923 925 929 930 933 935 937 939 940 942 943 945 949 953 954 955 956 958 959 960 962 963 964 967 968 969 970 973 974 979 980 985 987 988 989 990 991 992 994 995 996
campaign,reference,1000,10-0.5-P,4,262267,500,0 5 6 8 11 12 14 15 16 17 18 20 21 26 27 28 29 31 32 33 34 36 37 39 42 43 49 50 51 55 56 57 58 59 60 61 64 65 70 72 73 76 81 85 86 87 90 91 92 93 96 99 100 101 109 110 112 113 114 117 118 119 122 125 126 127 128 130 131 134 137 146 147 148 151 154 155 156 157 160 162 163 166 167 168 169 171 172 173 179 183 184 186 188 193 195 196 197 198 200 201 203 205 206 207 210 212 213 214 218 221 224 228 229 232 235 236 238 242 243 244 245 246 247 248 250 251 252 255 257 263 266 267 268 269 270 271 274 278 279 280 281 286 287 289 296 297 300 302 305 306 307 309 310 312 316 318 321 324 325 329 330 332 334 336 337 338 339 344 345 346 350 352 353 354 355 357 358 360 361 363 365 367 368 369 371 372 373 376 377 378 380 381 382 387 388 389 390 392 394 395 396 397 399 400 403 405 408 409 410 412 416 419 422 428 429 433 436 438 444 445 446 447 448 449 451 452 453 455 461 462 464 465 466 467 471 472 475 476 477 483 484 485 487 488 490 494 498 499 500 503 504 505 507 508 509 510 512 513 515 516 521 522 524 527 529 532 533 534 535 536 537 540 546 547 548 552 553 554 556 558 560 561 562 572 574 575 576 579 581 582 586 590 592 594 595 597 599 600 601 602 603 604 605 608 609 614 615 618 621 622 626 627 628 632 634 637 639 641 644 646 647 648 649 650 651 654 658 666 667 668 669 670 671 672 675 679 680 681 682 683 684 687 688 691 692 694 695 698 700 702 703 705 708 710 711 715 716 717 718 719 720 727 728 729 730 731 735 736 737 739 740 741 743 744 745 749 750 752 753 756 760 763 765 766 767 770 771 772 774 778 779 780 784 786 789 790 793 795 796 797 802 804 808 809 810 811 812 817 823 824 825 827 828 829 830 833 836 840 841 843 844 845 847 849 852 853 856 857 859 860 861 862 865 866 867 868 873 876 878 880 887 888 889 891 892 895 897 900 901 903 907 909 912 913 916 920 921 922 923 925 929 930 933 935 937 939 940 942 943 944 945 949 953 954 956 958 959 960 962 963 964 967 968 969 970 972 973 974 979 980 985 987 990 991 992 994 995 996 997
campaign,reference,1000,10-0.5-P,5,262721,501,0 5 6 8 11 12 14 15 16 17 20 26 27 28 29 31 32 34 36 37 39 42 43 49 50 51 53 54 55 56 57 58 59 60 65 70 72 73 76 81 85 86 87 90 91 92 93 96 98 99 100 101 104 109 110 112 113 114 117 118 119 120 122 123 126 127 128 130 134 137 151 155 156 157 160 163 166 168 169 172 173 174 179 183 184 186 188 193 196 197 198 200 201 203 205 206 207 210 212 213 214 218 221 224 229 232 235 236 238 242 243 244 245 246 247 248 250 251 252 255 257 263 266 267 269 270 271 274 278 279 280 281 282 284 286 287 289 296 297 302 305 306 307 308 309 310 312 315 316 318 321 324 325 329 330 332 334 336 337 338 339 344 345 346 348 351 352 353 354 355 360 361 365 367 368 369 371 372 373 376 377 378 379 380 381 382 387 388 389 390 392 394 395 396 397 399 400 403 405 408 409 410 412 415 416 419 421 422 425 428 429 433 435 436 438 445 446 447 448 449 451 452 461 462 464 465 466 468 471 472 475 476 477 484 485 487 490 493 494 498 500 503 504 505 507 508 509 512 513 515 516 520 521 522 524 527 529 533 534 535 536 540 546 548 552 553 554 555 556 558 560 561 562 563 572 573 574 576 579 581 582 586 590 595 597 599 600 601 602 603 604 605 608 609 614 615 617 618 621 622 623 624 626 627 632 634 639 641 642 644 645 646 647 648 649 650 651 654 657 658 660 666 667 668 669 670 671 672 675 679 680 681 682 683 684 685 687 688 691 692 694 695 698 702 703 705 708 710 711 712 713 715 716 717 718 719 720 725 727 728 729 730 731 732 735 736 737 739 741 743 744 745 749 750 752 753 756 760 764 765 766 767 768 770 771 772 778 779 780 781 784 785 786 789 790 793 795 796 797 802 803 804 808 809 810 811 812 816 823 824 825 826 827 828 830 833 836 840 843 844 845 847 849 851 853 856 857 859 860 861 862 865 866 867 868 871 873 876 878 880 882 884 887 888 889 892 894 895 897 900 901 903 907 909 911 912 913 916 920 921 922 923 925 929 930 933 935 937 939 940 942 943 945 949 953 954 956 958 960 962 963 964 967 968 969 970 973 974 976 979 980 985 987 988 989 990 991 992 994 995 996
campaign,reference,1000,1-0.5-M,1,51311,499,0 2 5 6 8 9 11 12 14 16 17 20 21 22 23 24 25 27 30 33 37 38 39 40 41 44 45 47 49 50 53 54 55 57 59 60 65 66 68 69 70 72 73 74 75 78 79 81 83 85 86 87 88 90 94 95 101 102 104 109 113 123 125 127 128 132 135 136 137 141 146 148 149 150 152 153 154 155 158 159 162 163 164 165 166 167 171 172 175 176 178 179 180 195 196 197 200 203 206 208 209 210 211 212 214 216 217 221 225 228 229 230 232 235 236 237 238 239 240 241 242 245 247 248 250 251 254 257 258 259 260 261 262 265 266 268 269 270 271 272 273 274 280 281 282 284 285 287 291 299 301 304 306 309 310 312 313 314 315 319 321 322 323 325 326 329 332 333 334 335 338 339 340 341 342 343 344 345 346 347 348 349 350 351 356 357 358 359 360 361 363 367 368 371 372 376 378 379 381 382 385 390 391 393 395 396 397 399 400 402 405 406 412 415 416 420 423 427 429 430 433 434 436 437 439 440 443 445 447 449 451 452 453 454 455 461 463 464 465 467 470 471 475 480 481 482 485 486 488 490 495 497 498 499 500 502 505 509 512 513 514 515 516 523 528 533 535 536 538 539 543 544 548 549 553 555 556 559 562 563 564 565 566 568 569 572 573 574 577 581 588 589 590 591 593 594 595 596 598 601 602 605 606 607 609 611 612 613 619 623 625 626 627 628 629 631 633 634 635 637 638 640 641 642 644 645 647 648 655 658 659 660 661 662 664 666 667 670 673 675 676 677 679 680 681 683 684 685 686 688 690 693 694 696 697 698 701 704 707 709 713 716 720 721 727 728 730 732 734 735 740 741 743 745 746 748 749 751 756 757 758 760 762 764 765 769 773 777 778 782 785 786 788 789 792 793 794 795 796 798 799 801 804 806 808 816 820 821 823 824 826 828 829 835 836 837 838 840 841 843 845 850 851 852 853 854 860 865 867 868 869 870 871 872 873 875 877 879 880 881 882 886 887 888 890 892 894 898 899 902 903 904 905 906 907 908 909 912 915 916 922 924 928 930 934 936 937 938 944 945 948 949 950 951 954 955 957 958 960 961 964 965 967 968 970 971 972 977 979 982 983 984 986 989 992 993 995 996 999
campaign,reference,1000,1-0.5-M,2,51440,500,0 2 4 5 6 7 9 12 14 16 17 20 21 22 25 27 30 32 33 37 38 40 41 44 45 47 49 50 53 54 57 59 60 64 65 66 67 68 69 70 72 73 74 75 78 79 81 83 85 86 87 88 90 91 94 95 101 102 109 113 123 125 128 132 133 135 136 141 144 146 148 149 150 152 154 155 158 159 161 162 163 164 165 166 167 171 172 175 176 177 179 180 185 188 195 196 197 198 200 203 206 207 208 209 210 211 212 214 216 217 218 221 225 226 228 229 230 231 232 235 236 237 238 239 240 241 242 247 248 249 250 251 254 257 258 259 260 261 265 266 268 269 270 271 272 273 274 280 282 285 287 289 290 297 299 301 304 305 306 309 310 312 313 314 315 319 321 325 326 329 332 333 334 335 337 338 339 340 341 342 343 344 345 346 347 348 349 350 351 354 356 359 360 361 363 367 368 371 372 374 376 378 379 381 382 385 390 391 393 395 397 399 400 402 404 406 412 415 416 420 423 425 426 427 429 430 431 433 434 436 437 439 440 443 445 447 449 451 452 454 455 457 460 461 463 465 467 470 475 480 481 482 485 486 488 490 494 498 499 500 502 505 509 511 512 513 514 515 516 523 524 528 533 535 536 538 539 543 544 548 549 553 554 555 556 559 562 563 564 565 566 567 568 570 572 573 574 577 579 580 581 588 589 590 591 593 594 595 598 600 601 602 605 606 607 611 612 613 618 619 620 625 626 627 628 629 631 632 637 638 639 640 641 642 645 647 648 655 658 659 660 661 662 664 666 667 670 673 675 676 679 680 681 683 684 685 686 688 690 693 697 698 701 702 707 709 713 716 721 724 727 728 730 732 735 738 740 741 743 744 745 748 749 751 753 754 756 757 758 760 762 764 765 769 773 778 782 786 788 789 792 793 794 795 796 798 799 800 801 806 808 816 819 820 821 824 826 828 829 835 836 837 838 841 843 845 850 851 852 853 854 858 860 867 868 869 870 871 873 875 877 878 879 880 881 882 886 887 888 890 892 894 898 899 902 903 904 905 906 908 909 912 915 922 924 928 930 934 936 938 944 945 949 950 953 954 955 957 958 960 961 964 965 967 968 970 971 972 977 979 982 983 984 986 989 991 993 995 996 999
campaign,reference,1000,1-0.5-M,3,51419,499,0 2 5 6 8 9 10 11 12 16 17 18 20 21 22 23 24 25 27 30 32 33 37 40 41 44 45 47 49 50 53 54 55 57 59 60 65 66 68 69 72 73 74 75 78 79 81 83 85 86 87 90 94 95 101 102 109 113 123 125 128 132 135 136 141 143 144 146 148 149 152 154 155 158 159 162 163 164 165 167 171 172 176 178 179 180 185 188 195 196 197 198 199 200 203 206 207 208 209 210 211 212 214 216 217 218 221 222 225 226 227 228 229 230 231 232 235 236 237 238 239 240 241 242 245 247 248 250 251 253 254 257 258 259 260 261 262 265 266 268 269 271 272 273 274 280 282 284 285 287 291 297 299 301 304 306 309 310 312 313 314 315 319 320 321 322 325 326 328 329 332 333 335 337 338 339 340 341 342 343 344 346 347 348 349 350 351 354 356 357 359 360 361 363 366 367 368 371 372 376 377 378 379 381 382 383 385 390 391 393 395 397 399 400 402 406 412 415 416 420 423 426 427 429 430 431 433 434 436 437 439 440 443 445 447 449 451 452 454 455 461 463 465 466 467 470 475 478 480 481 482 485 486 488 489 490 494 495 497 498 499 500 502 505 509 512 513 514 515 516 523 524 528 531 533 535 536 538 543 544 548 549 550 552 553 555 556 557 559 564 565 566 567 568 569 571 572 573 574 577 579 581 587 590 591 593 594 595 600 601 602 605 606 609 611 612 613 616 618 620 625 626 628 629 631 632 633 635 638 639 640 641 645 647 648 653 655 658 659 660 661 662 664 666 667 670 673 675 676 679 680 681 683 684 685 686 688 689 690 693 697 698 701 704 707 709 710 713 716 720 721 724 727 728 730 734 735 740 741 743 745 749 751 756 757 758 760 762 764 765 769 770 773 778 782 785 786 788 789 792 793 794 795 796 798 799 800 804 808 816 819 820 821 824 826 828 829 831 835 836 837 841 843 850 851 852 854 855 860 865 867 868 869 870 871 872 873 875 877 879 880 881 882 887 888 890 892 894 895 898 899 902 903 904 905 906 907 909 912 915 922 924 928 930 934 936 938 944 945 949 950 951 954 955 957 958 960 961 962 964 965 968 970 971 972 977 979 981 982 983 984 985 986 988 992 993 996 997 999
campaign,reference,1000,1-0.5-M,4,51421,500,0 2 5 6 8 9 11 12 16 17 20 21 22 24 25 27 30 33 37 38 40 41 44 45 47 49 50 53 54 57 59 60 65 66 68 69 70 72 73 74 75 78 79 81 83 85 86 87 88 90 94 95 101 102 104 109 113 123 125 128 132 133 135 136 141 143 144 146 148 149 153 154 155 158 159 162 163 164 165 166 167 171 172 179 180 188 194 195 196 197 198 199 200 203 206 207 208 209 210 211 212 214 216 217 218 221 225 226 228 229 230 232 235 236 237 238 239 240 241 242 247 248 250 251 253 254 257 259 260 261 262 265 268 269 270 271 272 273 274 280 282 285 287 289 291 297 299 301 303 304 306 309 310 311 312 313 314 315 319 321 322 325 326 329 332 333 334 335 337 338 339 340 341 342 343 344 346 347 348 349 350 351 356 357 359 360 363 367 368 371 372 375 376 377 378 379 381 382 385 390 391 393 395 397 399 400 402 404 406 412 415 416 419 420 423 426 427 429 430 431 433 434 436 437 439 440 443 445 447 449 451 452 453 454 455 461 463 464 465 467 470 475 480 481 482 485 486 488 490 494 497 498 499 500 502 505 509 512 513 514 515 516 523 524 528 533 535 536 538 539 543 544 548 549 553 555 556 557 559 563 564 565 566 567 568 571 572 573 574 576 577 579 580 581 587 588 590 591 593 594 595 596 600 601 602 605 606 607 609 611 612 613 616 618 620 625 626 627 628 629 631 633 635 637 638 639 640 641 642 644 645 647 648 655 658 659 660 661 662 664 666 667 670 673 675 676 679 680 681 683 684 685 688 690 693 694 696 697 698 701 704 706 707 709 713 716 720 721 727 728 730 732 735 740 741 743 744 745 748 751 756 757 758 759 760 762 764 765 769 772 773 777 782 786 788 789 792 793 794 795 796 798 799 804 806 808 816 819 820 821 822 824 826 828 829 835 836 837 838 841 843 845 850 851 852 853 854 855 858 860 865 867 868 870 871 872 873 875 877 878 879 880 881 882 886 887 888 890 892 894 895 898 899 902 903 904 905 906 907 908 909 912 915 922 924 930 934 936 938 944 945 949 950 951 954 955 957 958 960 961 964 965 967 968 970 971 972 977 979 982 983 984 986 989 991 992 993 996 997 999
campaign,reference,1000,1-0.5-M,5,51492,500,0 2 4 5 6 9 10 11 12 14 16 17 18 20 21 22 23 24 27 30 32 33 37 40 41 44 45 47 49 50 53 54 57 59 60 65 66 68 69 72 73 74 75 78 79 81 83 84 85 86 87 88 90 94 95 101 104 109 113 119 123 124 125 128 132 135 136 141 143 144 146 148 149 150 153 154 155 158 159 162 163 165 166 167 171 172 176 179 180 185 188 195 197 198 200 203 206 207 208 209 211 212 214 216 217 218 221 223 225 226 227 228 229 230 231 232 235 236 237 238 239 240 242 247 248 250 251 254 257 258 259 260 261 265 266 268 270 271 272 273 274 280 281 282 285 286 287 289 291 297 299 301 304 306 307 309 310 312 313 314 315 319 321 322 325 326 329 332 333 334 335 337 338 339 340 341 342 343 344 345 346 347 348 349 350 351 354 356 357 359 360 363 365 367 368 371 372 374 376 378 379 381 382 383 385 390 391 393 395 396 397 399 400 402 404 406 412 415 416 420 423 425 427 430 433 434 436 437 439 440 443 445 447 449 451 452 453 454 455 457 460 461 463 464 465 466 467 470 475 480 481 482 485 486 488 490 491 495 497 498 499 500 502 505 509 511 512 513 514 515 516 523 524 528 531 533 535 536 538 539 543 544 548 549 550 553 555 556 559 562 563 564 565 566 567 568 572 573 574 577 579 581 587 588 589 590 591 593 594 595 600 601 602 605 609 611 612 613 618 620 625 626 628 629 633 635 638 639 640 641 642 644 645 647 648 655 658 659 661 662 664 666 667 670 673 675 676 677 679 680 681 683 684 685 688 690 694 697 698 701 707 709 713 716 721 724 727 728 730 732 734 735 738 740 741 743 745 746 748 749 751 756 757 758 760 762 764 765 769 773 778 782 786 788 789 792 793 794 795 796 798 799 800 801 806 808 813 816 819 820 821 822 824 826 828 829 835 836 837 838 841 843 845 850 851 852 853 854 860 867 868 869 870 871 872 873 875 877 879 880 881 882 886 887 888 890 892 894 898 899 902 903 904 905 906 907 909 912 915 916 922 924 928 930 934 936 937 938 944 945 949 950 951 954 955 957 958 960 961 964 965 968 970 971 972 977 979 982 983 984 985 986 988 989 991 992 995 996 997 999
campaign,reference,1000,2-0.5-M,1,58187,501,0 1 3 4 6 8 10 13 14 15 16 20 21 22 23 25 26 32 33 35 36 38 40 41 42 48 50 53 54 55 56 58 60 61 63 65 68 69 70 73 74 75 79 81 83 85 86 88 91 92 94 97 99 100 101 103 105 108 110 111 112 113 116 117 122 123 124 128 129 131 132 133 134 135 141 142 143 144 145 148 151 152 153 156 158 159 160 163 165 166 167 168 169 170 171 174 175 176 177 178 179 182 184 185 187 190 191 192 193 195 196 198 200 202 204 206 208 211 213 214 215 216 220 224 225 226 229 232 234 235 237 238 239 244 251 252 253 256 262 263 264 265 266 267 269 270 271 272 276 280 281 284 286 288 290 294 297 299 300 301 302 303 307 312 313 315 321 322 325 326 327 329 330 331 332 333 335 339 341 342 347 350 351 352 354 356 358 359 360 363 365 366 368 371 372 374 375 377 378 380 381 383 384 388 389 390 392 393 395 398 400 408 409 411 414 416 417 419 422 424 425 426 427 431 432 434 435 438 440 442 443 446 448 450 453 454 455 459 462 463 464 467 468 469 470 472 474 475 477 478 479 481 482 483 484 488 489 492 493 495 496 499 501 502 503 504 506 507 508 509 510 511 512 515 516 518 522 523 524 525 533 539 542 543 544 546 547 548 550 551 552 555 557 558 559 561 565 566 568 572 573 576 580 581 582 584 585 589 590 592 593 597 601 602 603 609 610 612 614 615 619 620 621 622 623 624 627 628 629 633 637 638 639 642 643 644 646 647 650 653 655 656 657 659 660 661 664 665 668 671 672 673 677 680 682 684 687 689 691 692 694 696 698 699 700 701 702 708 710 711 713 714 719 722 724 727 730 733 736 738 739 741 742 745 746 750 751 753 755 756 757 758 760 762 763 764 765 767 770 771 778 781 782 785 790 794 795 796 797 798 800 801 802 803 805 810 812 814 815 816 823 824 825 826 829 832 833 834 835 840 841 844 845 847 848 850 851 852 857 860 862 863 864 865 866 871 872 873 876 878 879 880 881 884 886 890 891 893 894 895 896 899 904 906 907 908 914 915 919 921 923 927 931 936 937 938 941 942 950 951 952 953 956 957 959 960 961 963 964 965 966 975 976 981 982 983 986 989 990 991 994
campaign,reference,1000,2-0.5-M,2,57841,501,0 1 3 4 6 10 14 15 16 20 21 22 23 25 26 32 33 34 35 36 37 38 40 42 43 48 50 53 54 55 56 57 58 60 61 63 65 68 69 70 73 74 75 79 81 83 85 86 88 91 92 93 94 97 99 100 101 103 105 108 110 111 112 113 116 117 122 123 124 126 129 131 132 133 134 135 141 142 143 144 145 148 151 152 153 156 158 159 160 163 165 166 167 168 169 170 171 174 175 176 177 178 179 182 184 185 187 190 191 192 193 195 196 198 200 202 204 206 208 209 210 211 213 214 215 216 220 224 225 226 229 232 234 235 237 238 239 244 252 253 256 262 263 264 265 266 267 268 269 270 271 272 276 280 281 284 286 288 294 297 299 301 302 303 304 307 312 313 315 321 322 325 326 327 329 330 331 332 333 335 336 339 342 344 347 350 351 352 354 356 358 359 360 363 365 368 371 372 374 375 377 378 380 381 383 389 392 393 395 398 400 401 408 409 411 416 417 419 422 424 425 426 427 431 432 434 435 438 440 441 442 443 446 447 448 449 450 453 454 455 459 462 463 464 465 466 467 468 469 470 472 474 475 476 478 479 481 482 484 485 489 492 493 495 496 498 499 501 502 503 504 506 507 508 509 510 511 512 515 516 518 522 523 524 525 533 539 540 542 543 544 546 547 548 550 551 552 555 557 558 559 561 565 566 568 570 572 573 580 581 582 584 589 590 592 593 597 598 602 603 609 610 612 614 615 616 617 619 621 622 623 624 627 628 629 632 633 637 638 639 643 644 646 647 649 650 653 655 656 657 659 660 661 665 668 671 672 677 680 682 684 687 689 691 692 694 696 698 699 700 701 702 707 708 711 713 714 721 722 724 730 733 737 738 739 741 742 745 746 750 751 752 753 755 756 757 758 760 762 763 764 765 767 770 771 772 782 785 788 790 795 796 797 798 800 801 802 803 805 810 812 814 815 816 822 823 824 825 826 829 832 833 834 840 841 844 845 847 848 850 851 852 853 857 860 862 863 864 865 866 871 872 873 876 878 879 880 881 884 886 889 890 894 895 896 897 899 900 904 906 907 914 919 921 923 926 927 936 937 938 942 950 951 952 953 956 957 958 960 961 966 971 975 976 981 982 986 989 990 991 994
campaign,reference,1000,2-0.5-M,3,57971,501,0 1 3 4 6 10 13 14 15 16 20 21 22 23 25 26 32 33 34 35 36 37 38 40 42 43 48 50 53 54 55 56 58 60 61 63 65 69 70 73 74 75 77 79 81 83 85 86 88 91 92 94 97 100 101 103 105 108 110 111 112 113 115 116 117 122 123 124 126 131 132 134 135 141 142 143 144 145 148 151 152 153 156 158 159 160 163 165 167 168 169 170 171 174 175 176 177 178 179 182 184 185 187 190 191 192 193 195 196 198 200 201 202 204 206 208 209 210 211 213 214 215 216 220 224 225 226 229 232 233 234 235 237 238 239 244 251 252 256 262 263 264 265 266 267 269 270 271 272 276 280 281 284 286 288 290 294 297 299 301 302 303 307 312 313 315 321 322 325 326 327 329 330 331 332 333 335 336 339 341 342 344 347 350 351 352 354 356 358 359 360 363 365 368 371 372 374 375 377 378 380 381 383 384 389 392 393 395 400 407 408 409 411 414 416 417 419 422 424 425 426 427 431 432 434 435 438 440 441 442 443 446 450 453 454 455 457 459 462 463 464 465 466 467 468 469 470 472 474 475 478 479 481 482 483 484 485 489 492 493 495 496 497 499 501 502 503 504 506 507 508 509 510 511 512 515 516 518 522 523 524 525 533 539 540 542 543 544 546 547 548 550 551 552 555 557 558 559 561 565 566 568 572 573 576 580 581 582 584 585 587 589 590 592 593 597 601 602 603 609 610 612 614 615 619 620 621 622 623 627 628 629 632 633 637 638 639 642 643 644 646 647 649 650 653 655 656 657 659 660 661 664 665 668 671 672 673 677 680 682 684 687 689 691 692 694 696 698 699 700 701 702 706 707 708 710 711 713 714 722 724 727 730 733 738 739 741 742 745 746 750 751 753 755 756 757 760 762 763 764 765 767 770 771 782 785 787 790 795 796 797 798 800 801 802 803 805 810 812 814 815 816 823 824 825 829 830 832 833 834 840 841 844 845 847 848 850 851 852 857 860 862 863 864 865 866 870 871 872 873 876 878 879 880 881 884 886 889 890 893 894 895 896 899 900 904 906 907 908 914 915 916 919 921 923 927 928 932 936 937 938 941 942 950 951 952 956 957 960 961 975 976 981 982 983 986 989 990 991 992 994
campaign,reference,1000,2-0.5-M,4,57986,501,0 1 3 4 6 10 14 15 16 20 21 22 23 25 26 32 33 34 35 36 38 40 42 43 48 53 54 55 56 58 60 61 63 65 68 69 70 73 74 75 79 83 85 86 88 91 92 97 99 100 101 103 105 108 110 111 112 113 116 117 122 123 124 126 128 129 131 132 133 134 135 141 142 143 144 145 148 150 151 152 153 156 158 159 160 163 164 165 167 168 169 170 171 174 175 176 177 178 179 182 184 185 187 190 191 192 193 195 196 198 200 202 204 206 208 211 213 214 215 216 220 224 225 226 229 232 234 235 237 238 239 244 251 252 253 256 262 263 264 265 266 267 269 270 271 272 275 276 278 280 284 285 286 288 294 297 299 301 302 303 307 313 315 321 322 325 326 327 328 329 330 331 332 333 335 336 339 341 342 344 347 350 351 352 354 356 358 359 360 363 365 368 371 372 374 375 377 380 381 383 384 388 389 392 393 395 398 400 402 408 409 411 416 417 419 422 425 426 427 431 432 434 435 438 440 441 442 443 446 448 450 453 454 455 457 459 462 463 464 465 466 467 468 469 470 474 475 478 479 481 482 483 484 485 489 490 492 493 495 496 497 499 501 502 503 504 505 506 507 508 509 510 511 512 515 516 518 522 523 524 525 533 539 542 543 544 546 547 548 550 551 552 555 557 558 559 561 565 566 568 570 572 573 580 581 582 584 585 587 589 590 592 593 594 597 598 601 602 603 609 610 612 614 615 616 619 621 622 623 624 627 628 629 633 637 638 642 643 644 646 647 649 650 653 655 656 657 659 660 661 664 665 668 671 672 673 677 680 682 684 687 689 691 692 694 696 698 699 701 702 707 708 711 713 714 719 722 724 730 733 737 738 739 741 742 745 746 750 751 752 753 755 756 757 758 760 762 763 764 765 767 770 771 782 785 790 795 796 797 798 800 801 802 803 805 810 812 814 815 816 822 823 824 825 826 829 832 833 834 835 840 841 844 845 847 848 850 851 852 857 860 862 863 864 865 866 868 870 871 872 873 876 878 879 880 881 884 886 889 890 891 894 895 896 899 903 904 906 907 914 919 921 923 926 927 936 937 938 941 942 950 951 952 956 957 958 960 961 963 966 975 976 977 981 982 983 986 989 990 991 994
campaign,reference,1000,2-0.5-M,5,58196,501,0 1 4 6 8 10 13 14 15 16 20 21 22 23 25 26 32 33 34 35 36 38 40 41 42 43 48 50 53 54 55 56 58 60 61 63 65 68 69 70 73 74 75 79 81 83 85 86 88 91 92 93 94 97 99 100 101 103 105 108 110 111 112 113 116 117 122 123 124 126 129 131 133 134 135 141 142 143 144 145 147 148 150 151 152 153 156 158 159 160 163 165 167 168 169 170 171 174 175 176 177 178 179 182 184 185 187 190 192 193 195 196 198 200 202 204 206 208 211 213 214 215 216 220 224 225 226 229 234 235 237 238 239 244 252 253 256 262 263 264 265 266 267 269 270 271 272 276 278 280 281 284 286 294 295 297 299 300 301 302 303 307 312 313 315 321 322 325 326 327 329 330 331 332 333 335 336 339 342 347 350 351 352 354 356 358 359 360 363 365 368 371 374 375 377 380 381 383 384 388 389 392 393 395 398 399 400 402 408 411 416 417 419 422 424 425 426 427 429 431 432 434 435 438 440 441 442 443 446 447 448 450 453 454 455 459 462 463 464 466 467 468 469 470 472 474 475 478 479 481 482 483 484 485 489 492 493 495 496 497 498 499 501 502 503 504 506 507 508 509 510 511 512 515 516 518 522 523 524 525 533 539 542 543 544 546 547 548 550 551 552 555 557 558 559 561 565 566 568 570 572 573 580 581 582 584 585 589 592 593 597 598 601 602 603 609 610 612 614 615 617 619 621 622 623 624 627 628 629 633 637 638 639 642 643 644 646 647 649 650 653 655 656 657 659 660 661 664 665 668 671 672 673 677 680 682 684 687 689 691 692 694 696 698 699 701 702 707 708 710 711 713 714 722 724 730 738 739 740 741 742 745 746 750 751 752 753 755 756 757 758 760 762 763 764 765 767 770 771 781 782 785 787 790 795 797 798 800 801 802 803 805 810 812 814 815 816 822 823 825 826 829 830 832 833 834 840 841 844 845 847 848 849 850 851 852 853 857 860 862 863 864 865 866 868 871 872 873 876 878 879 881 884 886 889 890 894 895 896 899 900 904 906 907 908 914 915 919 921 923 926 927 936 937 938 941 942 950 951 952 953 956 957 959 960 961 963 965 966 970 971 975 976 981 982 983 986 989 990 991 994
campaign,reference,1000,3-0.5-M,1,49172,499,1 2 4 5 7 9 10 11 13 14 18 20 21 23 25 26 27 28 30 32 33 34 36 37 38 39 43 48 49 51 52 53 54 57 58 59 60 62 63 71 73 77 81 82 83 86 87 91 94 95 96 99 101 102 104 105 106 107 109 110 112 114 126 127 128 130 132 133 134 135 138 140 144 145 146 149 150 151 153 154 157 158 160 161 162 165 166 168 171 172 173 175 177 179 183 184 189 190 191 192 193 194 196 198 200 202 203 204 205 206 208 209 211 213 216 220 221 222 223 227 228 229 230 231 233 234 237 238 240 242 246 247 248 250 251 253 256 257 261 266 267 272 273 274 276 281 282 285 291 294 295 297 299 300 302 303 304 305 307 309 310 311 314 315 320 322 323 324 327 328 329 333 336 337 339 340 342 343 344 345 346 349 350 351 353 357 358 360 361 363 366 368 370 373 374 375 376 378 380 384 385 386 387 388 390 392 393 394 397 402 403 404 405 408 409 412 416 418 420 426 428 429 432 434 435 438 439 441 444 445 446 447 452 455 459 460 463 465 466 473 474 476 477 479 480 482 488 490 491 493 495 496 497 500 503 505 508 510 513 514 515 516 518 520 522 523 524 525 532 533 536 537 538 539 541 542 544 545 547 549 550 552 553 556 557 559 562 563 567 571 572 576 577 580 581 582 585 586 588 589 590 591 592 595 596 597 598 604 605 607 608 610 611 612 613 618 627 629 631 632 634 636 637 640 641 644 646 647 649 650 653 655 656 658 661 662 663 664 666 667 668 669 670 671 678 680 682 685 686 689 692 693 697 700 702 703 705 707 708 712 714 715 718 725 726 728 729 731 732 734 735 737 741 745 749 751 753 755 758 759 761 762 765 766 767 769 770 778 780 783 784 785 787 793 794 796 798 800 801 802 805 806 807 809 810 813 816 818 819 820 823 824 828 829 830 832 833 836 838 839 842 843 844 845 847 849 851 853 855 857 859 860 865 866 867 868 869 872 873 874 876 882 884 885 891 892 894 895 896 897 899 901 903 904 905 906 910 911 915 916 918 920 923 924 926 929 930 932 936 937 938 940 942 943 948 952 953 955 958 960 963 967 968 969 970 973 974 976 978 980 982 983 984 987 988 992 993 995 996
campaign,reference,1000,3-0.5-M,2,49244,500,1 2 4 5 7 9 10 11 13 14 18 20 21 23 26 27 28 30 31 32 34 36 37 38 39 43 48 49 51 52 53 54 57 58 59 60 61 62 63 68 70 71 72 73 77 78 81 82 83 87 91 94 95 99 101 102 104 105 106 107 109 110 112 126 127 130 132 133 134 135 138 140 141 144 145 146 148 150 151 153 154 158 160 161 162 165 166 168 171 172 175 177 179 183 184 189 190 191 192 193 194 196 198 200 202 203 204 205 208 209 213 216 220 221 222 223 228 229 230 231 233 234 237 238 240 242 246 247 248 250 251 253 256 257 261 266 267 268 269 272 273 274 276 279 281 282 283 291 294 295 297 299 300 302 303 305 306 307 309 310 311 314 315 319 320 322 323 328 329 333 334 336 337 339 340 342 343 344 345 346 349 351 353 358 360 361 363 366 368 370 372 373 374 375 376 378 383 385 386 387 388 390 392 393 394 397 400 402 403 404 405 408 412 416 418 420 426 428 429 432 434 435 438 441 444 445 446 452 455 459 460 463 465 466 473 475 476 477 479 480 482 488 490 491 493 496 497 500 502 503 505 508 510 513 514 515 516 518 520 523 524 525 532 533 536 537 538 539 541 542 544 545 547 549 550 552 553 555 556 559 562 563 567 568 571 576 577 580 581 582 585 586 588 589 590 591 592 595 596 598 604 605 607 608 610 611 612 613 618 627 629 631 632 634 635 636 637 640 641 644 646 647 649 650 653 654 655 656 657 658 661 662 663 664 666 667 668 669 670 671 678 680 682 685 686 692 693 695 696 697 700 701 703 705 707 708 711 712 714 715 718 723 725 727 728 729 731 732 734 735 737 741 745 751 753 755 756 758 759 761 765 766 769 770 771 772 778 780 784 785 788 789 793 794 796 798 800 801 802 805 806 807 809 810 815 818 819 820 823 824 825 828 829 830 832 836 838 839 842 843 844 845 847 849 851 853 855 857 859 860 862 864 865 866 867 868 869 872 873 874 876 882 884 885 890 891 892 894 895 896 897 899 901 903 904 905 906 910 911 915 916 920 923 926 930 932 937 938 939 940 942 943 948 949 952 953 955 957 958 960 961 963 967 968 969 970 973 974 976 978 980 983 984 987 988 991 992 993 995 996
campaign,reference,1000,3-0.5-M,3,49175,500,1 2 4 5 7 9 10 11 13 14 18 20 23 26 27 28 34 36 37 38 39 43 47 48 49 51 52 53 54 58 59 60 62 63 70 71 73 77 81 82 83 86 87 91 93 94 95 96 99 101 102 104 105 106 107 109 110 112 116 122 124 126 127 128 130 132 133 134 135 138 140 141 144 145 146 150 151 153 154 158 160 161 162 165 166 167 168 171 172 173 175 177 179 180 183 184 186 189 190 191 192 193 194 196 198 200 202 203 204 205 206 208 209 211 213 216 220 222 227 228 229 230 231 233 237 238 240 242 246 247 248 250 251 253 254 256 257 261 265 266 267 268 269 272 273 274 276 279 281 282 291 294 295 297 299 302 303 304 305 306 307 308 309 310 314 315 320 322 323 328 329 333 334 336 337 338 339 340 342 343 344 345 346 349 350 351 353 358 359 360 361 363 366 368 370 373 374 375 376 378 383 385 386 388 390 392 393 394 397 400 403 404 405 408 409 412 416 418 420 425 426 428 429 432 434 435 439 441 443 444 445 446 447 448 452 454 455 458 459 460 463 465 466 473 474 475 476 477 479 480 482 488 491 493 495 496 497 500 502 503 504 505 508 510 513 514 515 516 518 520 523 524 525 529 532 533 534 536 537 538 539 541 542 544 545 547 549 550 552 553 555 556 559 562 563 567 571 572 576 577 580 581 582 585 586 588 590 591 592 595 596 604 605 607 610 611 612 613 618 627 628 630 631 632 634 636 637 640 641 644 646 647 649 650 653 654 655 656 657 658 661 662 663 664 666 667 668 669 670 671 678 685 686 692 693 697 700 703 705 707 708 710 711 712 714 718 723 725 727 728 729 731 732 734 735 737 741 745 751 753 755 756 758 759 761 765 766 767 769 772 778 780 783 784 787 788 793 794 796 798 800 801 802 805 806 807 809 810 815 818 819 820 823 824 825 828 829 832 836 838 839 842 843 844 845 847 849 855 859 860 864 865 866 867 868 869 872 873 874 876 881 882 884 885 890 891 892 894 895 896 897 899 903 904 905 906 909 910 911 916 918 920 923 924 926 929 932 936 937 938 939 940 942 943 948 949 952 953 955 957 958 960 961 963 967 968 969 970 973 974 976 978 980 983 984 987 988 992 993 996
campaign,reference,1000,3-0.5-M,4,49121,499,1 2 4 5 7 9 10 11 13 14 18 20 21 23 25 26 27 28 31 32 33 34 37 38 39 43 48 49 51 52 53 54 57 58 59 60 61 62 63 68 70 72 73 77 81 82 83 87 91 94 95 99 101 102 103 104 105 106 107 109 110 112 127 128 130 132 133 134 135 138 140 141 145 146 150 151 153 154 158 160 161 162 165 166 168 171 172 175 179 183 184 186 189 190 191 192 193 194 196 198 199 200 202 203 204 205 206 208 209 213 216 220 221 222 227 228 229 230 231 233 237 238 242 246 247 248 250 251 253 254 256 257 258 261 266 267 269 271 272 273 274 276 279 281 282 291 294 295 297 299 302 303 305 307 308 309 310 314 315 319 320 322 323 327 328 329 334 336 337 339 340 342 343 344 345 346 349 351 353 358 360 361 363 366 370 372 373 374 375 376 378 383 385 386 387 388 390 392 393 394 397 398 402 403 404 405 406 408 409 412 416 418 420 426 428 429 432 434 435 439 441 444 445 446 452 455 459 460 463 465 466 473 475 476 477 479 480 482 488 490 491 493 494 496 497 500 502 503 505 508 510 513 514 515 516 518 520 523 525 530 532 533 534 536 537 538 539 541 542 544 545 547 549 550 552 553 555 556 559 562 563 567 568 571 572 576 577 580 581 582 585 586 588 589 590 591 592 593 594 595 596 597 598 604 605 607 610 611 612 613 616 618 627 629 631 632 634 636 637 640 641 644 646 647 649 650 653 654 655 656 657 658 661 662 663 664 666 667 669 670 671 678 685 686 693 695 697 700 701 703 705 707 708 711 712 714 718 723 725 727 728 729 731 732 734 735 737 741 745 751 753 755 756 758 759 761 762 765 766 767 769 770 772 778 780 784 787 789 790 793 794 796 797 798 800 801 802 805 806 807 808 809 810 818 819 820 823 824 825 828 829 830 832 836 838 839 842 843 844 845 847 849 851 853 855 857 859 860 864 865 866 867 868 869 872 873 874 876 882 884 885 890 891 892 894 895 896 897 899 901 903 904 905 906 909 910 911 915 916 918 920 923 924 926 928 929 930 932 936 937 938 939 940 943 948 949 952 953 955 957 960 961 963 967 968 969 970 974 976 978 980 983 984 987 988 992 993 995 996
campaign,reference,1000,3-0.5-M,5,49405,500,1 2 4 5 7 9 10 11 13 14 18 20 21 23 25 26 27 28 30 32 34 35 36 38 39 43 44 47 48 49 51 52 53 54 58 59 60 62 63 70 71 72 73 77 78 81 82 83 87 91 92 94 95 96 99 101 102 104 105 106 107 109 110 112 119 126 127 128 130 132 133 134 135 138 140 144 145 146 148 150 151 153 154 158 160 161 162 165 166 168 172 173 175 177 178 179 183 184 186 189 190 191 192 193 194 196 198 199 200 202 203 204 205 208 209 213 216 219 220 221 222 227 228 229 230 231 233 237 240 242 246 247 248 250 251 253 256 257 261 266 268 269 272 273 274 276 279 281 282 283 291 292 294 295 297 299 300 302 303 304 305 306 307 309 310 314 315 320 322 323 328 329 333 334 336 337 339 340 342 343 344 345 346 349 350 351 353 358 360 361 368 370 373 374 375 376 378 380 383 385 386 387 388 390 392 393 394 397 400 403 404 405 408 409 412 416 418 420 425 426 428 429 432 434 435 438 439 441 444 445 446 447 452 455 459 460 463 465 466 473 476 477 479 480 482 483 488 490 491 493 494 495 496 497 500 503 505 508 510 513 514 515 516 520 523 524 525 528 532 533 534 536 537 538 539 541 542 544 545 547 549 550 552 553 555 556 559 562 563 567 571 572 576 577 580 581 582 585 586 587 588 589 590 591 592 595 596 598 604 605 607 610 611 612 613 618 629 631 632 634 636 637 640 641 644 646 647 650 652 653 654 655 656 658 661 662 663 664 666 667 669 670 671 678 680 685 686 692 693 697 700 703 705 707 708 711 712 714 718 723 725 728 729 731 734 735 736 737 741 745 749 751 753 755 756 758 759 761 765 766 767 769 770 772 778 780 783 784 787 788 789 793 794 796 798 800 801 802 805 806 807 809 810 815 816 818 819 820 823 824 825 828 829 830 832 833 836 838 839 842 843 844 845 847 849 851 853 855 857 859 860 865 866 867 868 869 872 873 874 876 880 882 884 885 890 891 892 894 895 896 897 899 901 904 905 906 909 910 911 916 918 920 923 926 928 929 930 932 936 937 938 939 940 942 943 948 952 953 955 957 958 960 961 963 967 968 969 970 973 974 976 978 980 983 984 985 988 992 995 996
campaign,reference,1000,4-0.5-M,1,51582,500,0 1 4 6 7 8 11 13 14 19 21 23 25 28 31 33 34 35 36 37 39 41 42 43 45 46 47 49 52 53 57 59 60 61 62 63 65 66 69 70 72 75 76 79 80 82 83 85 86 87 89 90 93 94 95 96 100 102 106 109 113 115 116 118 120 122 124 125 126 127 128 129 131 132 133 136 137 138 139 140 142 144 145 153 154 156 161 163 165 166 167 169 171 175 177 179 182 183 184 186 189 191 196 197 198 200 204 205 208 209 212 213 214 218 219 222 223 224 228 229 236 237 238 241 243 246 248 250 257 259 260 263 264 266 267 269 272 273 277 278 282 283 285 287 288 289 290 291 292 293 294 298 300 303 304 305 306 309 311 312 315 317 318 320 321 322 323 326 327 331 333 336 338 339 342 343 345 346 347 348 351 353 354 355 357 364 366 367 369 371 372 376 380 381 382 383 384 385 388 396 400 401 405 406 407 408 411 412 415 416 417 419 420 421 422 423 427 428 431 434 439 440 441 443 444 445 450 451 453 456 460 461 463 465 466 468 469 470 473 474 481 482 483 484 485 487 488 495 496 500 501 507 509 510 513 516 517 519 521 524 525 531 533 534 536 537 542 543 544 545 549 552 554 556 557 559 561 562 567 568 569 572 573 575 578 579 586 587 588 590 593 594 595 597 599 600 604 607 609 610 611 612 614 616 617 618 619 621 622 623 626 627 628 633 635 636 639 640 644 645 647 649 652 654 655 659 660 661 662 667 668 669 670 671 672 673 677 678 680 683 684 685 688 689 690 691 692 695 698 700 702 703 705 711 715 720 721 723 724 728 729 730 731 732 733 735 739 740 744 745 746 748 753 754 755 758 761 762 763 768 770 774 775 777 778 779 780 784 785 786 787 788 790 792 796 797 798 799 801 804 805 808 811 813 815 816 818 819 822 826 828 829 830 831 833 835 837 838 840 843 844 845 848 849 851 852 855 856 857 863 864 866 868 871 872 875 876 878 880 881 883 884 888 890 894 895 896 902 907 911 912 913 915 916 921 922 928 929 934 935 937 939 941 942 944 947 948 949 952 953 954 955 957 959 960 961 964 965 966 967 968 970 971 972 973 974 978 979 980 981 983 984 985 987 991 992 994 997 998 999
campaign,reference,1000,4-0.5-M,2,51481,499,0 1 4 6 7 8 11 13 14 19 21 23 25 28 31 33 34 35 36 39 41 42 43 45 46 47 49 52 53 57 59 60 61 62 63 65 66 69 70 72 75 79 80 82 86 87 89 90 91 93 94 95 96 100 109 113 114 115 116 118 120 122 124 125 126 127 128 129 131 132 133 136 137 138 139 140 142 143 144 145 153 154 156 158 161 162 163 165 166 167 169 171 172 177 179 180 182 183 184 186 189 191 195 196 197 198 200 204 205 206 208 209 211 212 214 215 218 219 220 222 223 224 228 229 232 236 237 238 240 241 242 246 248 250 251 252 257 259 260 263 264 266 267 269 272 273 277 278 282 283 285 287 288 289 290 291 292 293 294 298 300 304 305 306 309 311 312 317 320 322 323 326 327 333 336 338 339 342 343 345 346 347 348 351 353 354 355 357 358 364 367 369 371 372 376 380 381 382 383 384 385 388 396 400 401 405 406 407 408 411 412 415 416 417 419 420 421 422 423 424 427 428 431 433 434 439 440 441 443 444 445 450 451 453 456 460 461 463 465 468 469 470 474 481 482 483 484 485 487 488 495 496 500 501 507 509 510 513 515 516 517 519 521 524 525 530 533 534 536 537 541 542 543 544 545 547 548 549 551 552 554 556 557 559 561 562 563 567 568 569 572 573 575 578 586 587 588 590 593 594 595 597 599 600 604 606 607 610 611 612 617 618 619 621 622 623 626 627 628 633 635 636 639 640 644 645 647 649 652 654 655 659 660 661 662 666 667 668 669 670 671 672 673 677 678 680 681 682 683 684 685 688 689 691 695 698 700 702 703 705 711 715 720 721 723 724 728 729 730 731 732 735 739 740 745 746 753 754 755 758 761 762 768 769 770 775 777 778 779 780 783 784 785 786 787 788 790 792 796 797 798 799 801 804 808 811 813 814 815 816 817 818 819 822 826 828 829 830 831 835 838 840 843 844 845 848 849 851 852 855 856 857 863 864 867 868 871 872 875 876 878 880 881 884 887 890 894 895 896 902 907 911 912 913 915 916 922 928 929 930 934 935 937 939 942 944 947 949 950 952 953 954 955 957 959 960 961 964 965 966 970 971 972 973 974 978 979 980 981 983 984 985 987 991 992 994 995 997 999
campaign,reference,1000,4-0.5-M,3,51478,499,0 1 4 6 8 11 13 14 16 17 19 21 23 25 28 31 33 34 35 36 39 41 42 43 45 46 47 49 51 52 53 57 59 60 61 62 63 65 66 69 72 75 79 82 85 86 87 89 90 93 94 95 96 100 106 109 113 116 118 120 122 124 125 126 127 128 129 131 132 133 135 136 137 138 139 140 142 144 145 147 151 153 154 156 161 162 165 166 167 169 171 172 179 180 182 183 184 186 189 191 195 196 197 198 200 204 205 206 208 209 212 213 214 215 218 219 220 221 222 224 225 228 229 236 237 238 241 242 243 246 248 250 257 259 260 263 264 266 267 269 272 273 277 278 282 283 285 288 289 290 292 294 298 300 304 305 306 311 312 315 317 318 319 320 321 322 323 326 331 333 337 338 339 342 343 345 346 347 348 351 353 354 355 357 358 364 366 367 369 371 372 376 380 381 382 383 384 385 388 396 400 401 405 406 407 408 411 412 415 416 417 419 420 421 422 423 427 428 431 433 434 439 440 441 443 444 445 450 451 453 456 460 461 463 465 466 468 469 470 472 474 481 482 483 484 485 487 488 495 496 500 501 507 509 510 513 515 516 517 519 521 524 525 530 531 533 534 536 537 542 543 545 547 549 552 554 556 557 559 561 562 567 568 569 572 573 575 578 579 583 586 587 590 593 594 595 597 599 600 604 607 610 611 612 614 617 618 619 621 622 623 626 627 628 629 633 635 636 639 640 642 644 645 647 649 651 652 654 655 659 660 661 662 667 668 669 670 671 672 673 677 678 680 683 684 685 688 689 690 691 692 695 696 698 700 701 702 703 705 711 715 720 721 723 724 728 729 730 731 732 733 735 739 740 745 748 753 754 755 758 761 768 769 770 774 775 777 778 779 780 784 785 786 787 788 790 792 796 797 798 799 801 802 804 807 808 810 811 813 815 816 817 818 822 826 828 829 830 831 835 837 838 840 843 844 845 849 851 852 855 856 857 864 868 871 872 875 876 878 880 881 884 885 887 888 890 894 895 896 902 907 911 912 913 915 916 921 922 928 929 934 935 937 939 944 947 949 952 953 954 955 957 959 960 961 964 965 967 968 970 971 972 973 974 979 980 981 983 984 985 987 991 992 993 994 995 997 998 999
campaign,reference,1000,4-0.5-M,4,51470,499,0 1 4 6 7 8 11 13 14 19 20 21 25 28 31 33 34 35 36 39 41 42 43 46 47 49 52 53 57 59 61 62 63 65 66 69 71 72 75 79 80 82 86 87 89 90 91 93 94 95 96 100 106 109 113 116 118 120 122 124 125 126 127 128 129 131 132 133 134 135 136 137 138 139 140 142 144 145 153 154 161 162 163 165 166 167 169 170 171 177 179 180 182 183 184 186 189 191 195 196 197 198 200 204 205 208 209 212 214 215 218 219 221 222 223 225 228 229 232 233 236 237 238 241 243 246 248 250 252 254 257 260 263 264 266 267 269 272 273 277 278 282 283 285 286 287 288 289 290 291 292 294 300 304 305 306 309 312 317 318 319 320 322 323 324 326 327 332 333 336 338 339 342 343 345 346 347 348 351 353 354 355 357 358 364 366 367 369 372 376 380 381 382 383 384 385 388 389 396 401 405 406 407 408 411 412 415 416 417 419 420 421 422 423 427 428 431 433 434 439 440 441 443 444 445 450 451 453 454 456 460 461 463 465 468 469 470 474 482 483 484 485 487 488 495 496 500 501 502 507 509 510 513 515 516 517 519 521 524 525 531 533 534 536 537 542 543 544 545 547 548 549 552 554 556 557 559 562 563 567 568 569 572 573 575 578 579 586 587 588 590 593 594 595 597 599 600 604 606 607 610 611 612 614 617 618 619 621 622 623 626 627 628 629 633 634 636 639 640 644 645 647 649 651 654 655 659 660 661 662 666 667 668 669 670 671 672 673 677 678 680 681 682 683 684 688 689 690 691 692 695 698 700 702 703 705 711 715 720 721 723 724 728 730 731 732 733 735 739 740 744 745 748 753 754 755 758 761 762 768 769 770 774 775 777 778 779 780 781 784 785 786 787 788 790 792 796 797 798 799 801 802 804 807 808 811 813 814 815 816 817 818 819 822 826 828 829 830 831 835 838 840 843 844 845 849 851 852 855 856 857 863 864 868 871 872 875 876 878 880 881 884 887 888 890 894 895 896 902 907 911 912 913 915 916 921 922 928 929 930 934 935 937 939 942 944 947 952 953 954 955 957 959 960 961 964 965 966 968 970 971 972 973 974 979 980 981 984 985 987 990 991 992 993 994 995 997 998 999
campaign,reference,1000,4-0.5-M,5,51517,499,0 1 4 6 7 8 11 13 14 19 20 21 23 25 28 31 33 34 35 36 39 41 42 43 45 46 47 49 52 53 57 59 60 61 62 63 65 66 69 72 75 76 79 80 82 86 87 89 90 93 94 95 96 100 102 106 109 113 116 118 120 122 124 125 126 127 128 129 131 132 133 135 136 137 138 139 140 142 144 145 151 153 154 156 161 162 163 165 166 167 169 171 177 179 180 182 183 184 186 189 191 194 195 196 197 198 200 204 205 206 208 209 211 212 213 214 215 218 219 222 224 225 228 229 236 237 238 241 242 243 244 246 248 257 259 260 263 264 266 267 269 272 273 277 278 282 283 285 286 287 288 289 290 292 293 294 298 300 304 305 306 309 311 312 315 317 318 319 320 321 322 323 326 327 333 336 338 339 342 343 345 346 347 348 351 353 354 355 357 358 364 366 367 369 371 372 376 380 381 382 383 384 385 388 396 400 405 406 407 408 411 412 416 417 420 421 422 423 425 427 428 431 433 434 439 440 441 443 444 445 450 451 453 454 456 460 463 465 466 468 469 470 474 481 482 483 484 485 487 488 495 496 500 501 507 509 510 513 515 516 517 519 521 524 525 531 533 534 536 537 541 542 543 544 545 547 549 552 554 556 557 559 562 563 567 568 569 572 573 574 575 578 579 586 588 590 593 594 595 597 599 600 604 607 610 611 612 614 617 618 619 621 622 623 626 627 628 629 633 636 639 640 644 645 647 649 652 654 655 659 660 661 662 666 667 668 669 670 671 672 673 677 678 680 682 683 684 685 688 689 691 692 695 698 700 702 703 705 711 714 715 720 721 723 724 729 730 731 732 733 734 735 739 740 745 746 753 754 755 758 761 762 768 769 770 774 775 777 778 779 780 784 785 786 787 788 790 792 796 797 798 799 801 804 808 811 813 815 817 818 819 822 826 828 829 830 831 835 838 840 843 844 845 848 849 851 852 855 856 857 863 864 867 868 871 872 875 876 878 880 881 884 887 888 890 895 896 902 907 908 911 912 913 915 916 921 922 928 934 935 937 939 942 944 947 948 949 952 953 954 955 957 959 960 961 964 965 967 968 970 971 972 973 974 979 980 981 983 984 985 987 989 991 992 993 995 997 998 999
campaign,reference,1000,5-0.5-M,1,51503,499,5 6 7 9 12 13 14 15 16 18 22 23 24 25 27 28 29 30 33 35 36 38 39 41 42 43 44 45 47 49 50 51 52 53 54 55 57 58 59 60 61 62 66 68 69 70 71 72 73 74 76 77 80 81 83 84 86 88 89 90 92 95 97 100 102 103 104 105 111 118 119 122 123 124 127 131 136 137 139 140 141 142 144 145 146 148 150 153 157 159 161 163 164 165 166 168 172 174 175 177 179 181 182 184 185 186 187 188 190 191 194 196 198 199 200 203 204 206 213 214 215 216 218 220 221 223 224 226 227 228 232 236 238 240 241 245 248 249 250 251 254 256 258 262 265 266 274 277 278 281 286 293 294 295 299 301 302 303 310 312 316 317 321 322 324 327 329 332 334 335 336 337 338 341 344 345 347 348 349 352 360 362 369 370 372 373 376 382 383 386 389 392 394 395 396 397 398 399 401 404 406 408 409 411 413 417 418 419 421 424 425 426 429 431 432 433 434 439 440 443 444 448 449 450 453 455 456 458 460 462 463 465 466 468 469 472 473 474 475 477 478 479 480 481 484 487 488 491 494 496 503 504 505 507 509 512 516 519 520 523 524 525 526 530 533 534 535 538 539 540 543 544 545 549 552 553 557 559 561 563 564 565 567 568 569 570 571 574 575 577 580 581 582 584 588 589 591 596 598 599 601 603 604 605 606 607 608 610 611 612 615 617 624 626 627 630 631 632 633 636 638 644 645 647 650 651 652 655 659 660 661 664 665 666 670 671 672 676 679 681 684 688 689 692 693 696 698 699 701 703 705 706 710 711 714 718 722 724 725 726 727 729 732 737 738 740 742 744 745 746 747 748 755 756 759 760 764 765 770 771 772 775 776 777 778 780 781 782 784 785 786 787 788 792 793 794 797 801 804 806 807 809 810 813 814 817 818 819 821 823 825 826 828 829 832 834 835 837 841 844 845 846 847 850 852 854 855 856 858 859 861 862 863 866 867 868 871 875 877 878 879 881 882 884 886 888 894 895 896 898 902 903 909 911 913 914 920 921 923 925 928 933 934 937 942 943 944 945 946 947 948 949 950 951 952 955 956 959 961 962 965 966 969 972 975 976 977 982 984 985 986 987 991 992 993 996 997 998 999
campaign,reference,1000,5-0.5-M,2,51640,498,5 6 7 9 12 13 14 15 16 18 22 23 24 25 27 28 30 33 35 36 38 39 41 42 43 44 47 48 49 51 53 54 55 56 57 58 59 60 61 62 66 68 70 71 72 73 74 76 77 79 81 83 84 86 88 89 90 92 94 95 97 100 102 103 104 111 113 118 119 122 123 124 127 131 132 133 136 139 140 141 142 144 145 146 148 150 152 157 159 161 163 165 166 167 168 171 172 174 175 177 179 181 182 183 184 185 186 187 188 190 191 194 196 198 199 200 202 203 204 206 213 214 215 216 218 220 221 223 224 226 227 228 232 233 236 238 240 241 248 249 251 254 256 258 262 265 266 274 275 277 278 281 286 293 294 295 299 301 302 303 304 309 310 312 316 317 321 322 324 327 329 332 334 335 336 337 338 339 344 345 349 352 360 362 365 366 370 372 382 383 386 389 392 394 395 397 398 399 400 401 404 406 407 408 409 411 417 418 419 421 422 424 426 429 431 432 433 434 439 440 444 448 449 453 455 456 458 462 463 465 466 468 469 472 473 474 475 477 479 480 481 487 488 494 496 498 503 504 505 507 509 512 516 519 520 521 523 524 525 526 533 534 535 537 538 540 545 549 552 553 556 557 559 561 563 564 565 568 569 570 571 572 574 575 577 580 584 588 589 591 596 597 598 599 601 603 604 605 606 607 608 611 612 613 615 617 620 624 626 627 628 630 631 632 633 636 638 644 645 647 651 652 655 659 660 664 665 666 667 669 670 671 672 676 679 681 684 689 692 693 696 698 701 703 705 706 710 711 714 718 722 725 726 727 729 732 737 738 740 742 744 745 746 747 748 755 756 758 759 760 764 765 769 770 771 772 775 776 777 778 780 781 782 784 785 786 787 788 792 793 796 797 801 804 806 807 808 809 810 813 814 816 817 818 819 821 823 826 828 829 832 834 835 837 841 844 845 846 847 850 852 854 855 856 857 858 859 861 862 863 865 866 867 868 871 875 879 881 882 884 886 888 891 894 895 896 898 902 903 909 911 912 913 914 920 921 922 923 925 926 928 933 937 942 943 944 946 947 948 949 950 951 952 955 956 961 962 965 969 972 974 975 976 977 978 980 982 984 985 986 987 991 992 995 996 997 998 999
campaign,reference,1000,5-0.5-M,3,51706,498,6 7 9 12 14 15 16 17 18 22 23 24 25 27 28 29 30 33 35 36 38 39 42 43 44 47 49 50 51 53 54 55 56 58 59 60 61 62 66 68 70 71 72 73 76 77 79 81 83 84 86 88 89 90 92 94 95 97 100 102 103 104 105 111 118 119 123 124 127 131 132 133 136 137 139 140 141 142 144 145 146 148 150 152 157 159 160 161 165 166 167 168 172 174 175 177 179 181 182 183 184 185 186 187 188 190 191 194 195 196 198 199 200 203 204 206 213 214 215 216 217 218 220 221 223 224 226 227 228 232 236 238 240 241 245 248 249 250 251 254 256 258 262 265 266 272 275 277 278 281 286 293 294 295 299 300 301 302 303 309 310 312 316 317 321 322 324 327 329 332 334 335 336 337 338 344 347 348 349 352 360 362 370 372 376 378 382 383 386 389 392 394 395 396 397 398 399 400 401 404 406 407 408 409 411 412 417 418 419 421 422 424 426 429 431 432 433 434 440 441 442 443 444 448 449 453 455 456 458 460 462 463 465 466 468 469 472 473 474 475 477 479 480 481 484 487 488 489 491 494 496 503 504 505 507 509 512 516 519 520 523 524 525 526 530 533 534 535 538 540 543 544 545 549 552 553 557 559 561 563 564 565 567 568 569 570 571 574 575 577 580 582 584 588 589 596 598 599 601 603 604 605 606 607 608 611 612 615 617 619 624 626 627 630 631 632 633 638 644 645 647 651 652 655 659 660 661 665 666 667 669 670 671 672 676 679 680 681 684 688 689 692 693 696 698 699 701 703 705 706 710 711 713 714 718 722 724 725 726 727 729 732 737 738 740 742 744 745 746 747 748 755 756 758 759 760 764 765 769 771 772 775 776 777 778 780 781 782 784 785 786 787 788 792 793 796 797 801 804 806 807 809 810 813 814 816 817 818 819 821 823 826 828 829 832 834 835 837 841 844 845 846 847 850 852 854 855 856 858 859 861 862 863 865 866 867 868 871 875 877 878 879 881 882 884 886 888 891 892 895 898 902 903 909 911 914 920 921 922 923 925 928 933 937 942 943 944 946 947 948 949 950 951 952 956 961 962 965 966 969 972 974 975 976 977 978 980 982 984 985 986 987 989 991 996 997 998 999
campaign,reference,1000,5-0.5-M,4,51678,498,5 6 7 9 12 13 14 15 16 18 22 23 24 25 27 28 29 30 33 35 36 38 39 42 43 44 47 48 49 50 51 52 53 54 55 56 58 59 60 61 66 68 70 71 72 73 74 76 77 79 80 81 83 84 86 88 89 90 92 94 95 97 100 103 104 105 111 113 118 119 122 124 127 131 136 137 139 140 141 142 144 145 146 148 150 152 157 159 161 164 165 166 167 168 172 174 175 177 179 181 182 184 185 186 187 188 190 191 194 196 198 199 200 202 203 204 206 214 215 216 218 220 221 223 224 226 227 228 232 233 236 238 240 241 245 248 249 251 254 256 258 262 265 266 275 277 278 281 286 289 293 294 295 299 301 302 303 309 310 312 316 317 319 321 322 324 327 329 332 334 335 336 337 338 339 344 349 352 360 362 365 366 370 372 382 383 384 386 389 392 394 395 396 397 398 399 400 401 404 406 408 409 411 417 418 419 421 424 426 429 431 432 433 434 440 443 444 448 449 453 455 456 458 460 462 463 465 466 468 469 472 473 474 477 478 479 480 481 484 487 488 489 490 491 494 496 503 504 505 507 509 512 516 518 519 520 521 524 525 526 528 533 534 535 537 538 540 545 549 552 553 557 559 561 563 564 565 567 568 569 570 571 572 574 575 576 577 580 584 585 588 589 591 596 598 599 601 603 604 605 606 607 608 610 611 612 614 615 617 624 626 627 628 630 631 632 633 636 638 644 645 646 647 650 651 652 655 659 660 661 664 665 666 668 669 670 671 676 679 681 684 689 692 696 698 699 700 701 702 703 705 706 710 711 714 718 722 725 726 727 729 732 737 738 739 740 742 744 745 746 747 748 755 756 759 760 764 765 769 770 771 772 776 777 778 779 780 781 782 784 785 787 788 792 793 796 797 801 804 806 807 808 809 810 813 814 815 817 818 819 821 823 826 828 829 832 834 835 837 841 844 845 846 847 850 852 854 855 856 858 859 861 862 863 865 866 867 868 871 875 878 879 881 882 884 886 888 894 896 898 901 902 909 911 913 914 920 921 922 923 925 928 933 937 942 943 944 946 947 948 949 950 951 952 955 956 961 962 965 966 969 972 975 976 977 978 982 984 985 986 987 989 991 992 996 997 998 999
campaign,reference,1000,5-0.5-M,5,51332,498,5 6 7 8 12 13 14 15 16 18 22 23 24 25 27 28 30 33 35 36 39 42 43 44 47 49 50 51 53 54 55 56 57 58 59 60 61 62 66 68 70 71 72 73 74 76 77 81 83 84 86 88 89 90 92 94 95 97 100 102 103 104 111 113 118 119 123 124 127 131 132 136 137 140 141 142 144 145 146 148 150 152 157 159 161 163 164 165 166 168 172 174 175 177 179 181 182 183 184 186 187 188 189 190 191 194 196 198 199 200 202 203 204 206 208 213 214 215 216 217 218 219 220 221 223 224 226 227 228 232 236 238 240 241 245 248 249 250 251 254 256 257 258 259 262 265 266 274 277 278 281 286 293 294 295 299 301 302 303 309 310 312 316 317 319 321 322 324 327 329 332 334 335 336 337 338 344 345 347 349 352 360 362 365 369 370 372 373 376 382 383 386 389 392 393 394 395 396 397 398 399 400 401 404 406 409 411 417 418 419 421 422 424 425 426 429 431 432 433 434 440 443 444 448 449 450 453 455 456 458 462 463 465 466 468 469 472 473 474 475 477 479 480 481 487 488 491 494 496 503 504 505 507 509 512 516 518 519 520 523 524 525 526 533 534 535 538 540 544 545 549 552 553 556 557 559 561 563 564 565 567 568 569 570 571 572 574 575 580 582 584 588 589 591 596 598 599 601 603 604 605 606 607 611 612 614 615 617 624 626 627 628 630 631 633 636 638 640 644 645 647 651 652 655 659 660 664 665 666 667 669 671 672 676 679 681 688 689 692 693 696 698 699 701 703 705 706 710 711 714 718 722 725 726 727 729 732 737 738 739 740 742 743 744 745 746 747 748 755 756 759 760 764 765 769 770 771 772 776 777 778 779 780 781 782 784 785 787 788 792 793 797 801 804 806 807 809 810 813 814 816 817 818 819 821 823 825 826 828 829 832 834 835 837 841 844 845 846 847 850 852 854 855 856 858 859 861 862 863 865 866 867 868 871 873 875 878 879 881 882 884 886 888 891 894 895 896 898 902 903 909 911 913 914 920 921 922 923 925 926 928 933 937 942 943 944 945 946 947 948 949 950 951 952 956 961 962 965 966 969 971 972 974 976 977 978 980 982 984 985 986 987 991 992 996 997 998 999
campaign,reference,1000,6-0.5-M,1,53240,500,0 1 2 3 4 5 6 8 12 16 17 19 21 24 26 28 31 34 36 38 39 41 42 44 47 49 51 53 55 56 57 60 61 62 66 67 68 69 70 71 73 81 83 88 89 90 91 92 93 95 96 99 101 106 110 112 113 116 118 122 123 124 128 129 132 135 136 137 138 139 143 144 145 148 152 153 154 157 159 161 162 163 165 168 170 172 176 177 178 179 180 182 183 184 185 186 187 190 191 192 193 194 195 197 198 199 200 205 206 207 208 212 213 214 215 217 218 220 226 230 231 234 236 239 240 243 244 245 246 247 248 251 252 257 258 261 263 264 266 267 270 271 272 273 276 278 280 282 283 284 285 287 290 294 297 302 304 305 306 307 310 312 316 319 320 321 322 324 327 328 332 336 337 339 346 348 349 356 357 358 360 361 362 363 364 366 367 368 370 375 378 379 380 383 386 387 388 390 394 395 396 399 400 401 402 404 405 407 410 411 412 416 418 421 422 423 424 426 427 430 431 433 434 436 438 439 441 443 444 446 449 451 452 454 455 456 461 462 463 464 469 470 472 473 474 475 478 479 480 482 483 486 489 491 492 493 494 495 496 497 498 501 505 506 507 511 513 514 515 518 519 521 524 526 528 530 531 532 533 534 537 539 542 544 549 550 552 556 558 559 560 565 566 567 568 570 573 576 578 581 586 588 591 593 595 597 599 600 601 603 605 606 610 612 613 614 615 616 617 621 623 625 626 627 628 629 633 635 637 638 639 640 642 643 646 647 648 650 655 657 662 663 664 666 669 671 673 674 675 676 677 679 681 682 685 686 687 692 697 699 706 707 708 709 712 715 716 719 720 723 724 725 726 727 728 730 731 732 734 735 736 739 740 741 742 743 745 747 748 749 750 752 753 754 755 759 761 765 766 767 768 770 773 774 775 776 777 779 780 784 787 789 793 794 796 801 803 804 805 809 810 813 818 820 821 822 824 826 827 828 829 830 831 833 836 842 843 845 847 851 852 854 859 861 864 866 869 870 871 872 873 878 880 881 889 894 900 902 906 908 909 910 919 920 923 924 927 928 931 932 933 940 941 942 943 946 948 950 955 956 960 961 965 966 967 969 973 976 978 979 980 981 983 984 988 989 990 992 994 998
campaign,reference,1000,6-0.5-M,2,53286,500,0 1 2 3 4 5 6 8 12 16 17 19 21 26 34 38 39 41 42 44 47 49 51 53 55 56 57 60 61 62 65 66 67 68 69 70 71 73 82 83 84 88 89 90 92 93 94 95 96 99 100 101 106 107 110 112 113 116 118 121 122 123 124 128 129 132 135 136 137 138 139 143 144 145 147 148 152 153 154 157 159 161 162 163 165 168 170 172 174 176 179 180 182 183 184 185 186 187 190 191 192 193 194 195 197 198 199 200 205 206 207 208 212 213 214 215 220 226 227 230 234 235 236 239 240 243 244 245 246 247 248 251 252 254 257 258 261 263 266 267 270 271 272 276 278 280 282 283 284 285 287 290 294 297 299 302 304 305 306 307 310 312 316 320 321 322 328 329 332 335 336 337 339 340 346 349 356 357 358 360 361 362 363 364 366 367 368 369 370 375 378 379 380 383 386 387 388 390 395 396 400 401 402 404 405 408 410 411 412 416 418 421 422 423 424 427 430 433 434 436 438 439 441 444 446 449 451 452 454 455 456 461 462 464 469 470 473 474 475 478 479 480 482 483 486 489 491 492 494 496 497 498 501 505 506 507 511 512 514 515 518 519 521 524 526 528 530 531 532 533 534 536 537 539 542 543 544 549 550 551 552 556 558 559 560 565 566 567 568 570 573 576 578 581 586 588 591 593 594 595 597 599 600 601 605 606 607 612 613 614 615 616 617 621 623 625 626 627 628 629 633 635 637 638 639 640 642 643 646 647 650 655 657 662 663 664 666 669 671 672 673 674 675 676 677 679 682 685 686 687 692 697 699 706 707 708 709 712 713 715 716 719 720 723 724 726 727 728 730 732 734 735 736 739 740 741 742 743 745 747 748 749 750 752 753 754 755 761 765 766 767 768 770 773 774 775 776 779 780 781 784 787 789 793 794 796 801 803 804 805 809 810 813 818 820 821 822 823 824 826 827 828 829 830 831 833 836 837 842 843 845 847 851 852 854 857 859 861 864 866 869 870 871 872 873 874 876 878 880 881 884 889 893 894 900 906 908 909 910 914 918 919 920 923 924 925 926 928 931 932 933 939 940 941 942 946 948 950 955 956 960 961 965 966 967 969 973 976 977 978 980 981 983 984 988 989 990 992 994 997
campaign,reference,1000,6-0.5-M,3,53156,499,0 1 2 3 4 5 6 8 12 16 17 19 21 26 34 38 41 42 44 47 49 51 53 55 56 57 60 61 62 66 67 68 70 71 73 82 83 88 89 90 91 93 94 95 96 99 100 101 106 107 110 112 113 116 118 122 123 124 127 128 129 132 136 137 138 139 143 144 145 148 152 154 157 159 161 162 163 165 168 170 172 174 176 177 178 179 180 183 184 185 186 187 190 191 192 193 194 195 197 198 199 200 205 206 207 208 212 213 214 215 218 220 226 227 230 234 236 239 240 243 244 245 246 248 251 252 254 258 261 263 264 266 267 270 271 272 273 275 276 280 282 283 284 285 287 290 294 297 299 302 303 304 305 306 307 310 312 316 320 321 322 327 328 332 335 336 339 340 344 346 348 349 356 357 358 361 362 363 364 366 367 368 369 370 375 376 378 379 380 383 386 387 388 390 395 396 397 398 399 400 401 402 404 405 407 410 411 412 416 418 421 422 423 424 426 427 430 431 432 433 434 436 438 439 441 443 444 449 451 452 454 455 456 461 462 463 464 469 470 473 474 475 478 479 480 482 483 486 488 489 491 492 494 497 498 501 505 506 507 511 514 515 518 519 521 524 526 528 530 531 532 533 534 536 537 539 542 543 549 550 551 552 558 559 560 565 566 567 568 570 572 573 576 577 578 581 586 588 591 593 594 595 597 599 600 601 605 606 610 612 613 614 615 616 617 621 623 625 626 627 628 633 635 636 637 638 639 640 642 643 646 647 648 650 655 657 662 663 664 666 669 671 673 674 675 676 677 679 681 682 685 686 687 692 693 697 699 707 708 709 712 715 716 719 720 723 724 725 726 727 730 732 734 735 736 737 739 740 741 742 743 745 747 748 749 750 752 753 754 755 761 765 768 770 773 774 775 776 779 780 781 784 787 789 791 793 794 796 801 803 804 805 809 810 813 818 821 822 826 827 828 829 830 831 833 836 837 842 843 845 847 851 852 854 857 859 861 864 866 869 870 871 873 874 875 878 880 881 889 894 900 902 906 907 908 909 910 914 918 919 920 923 925 926 927 928 931 932 933 939 940 941 942 943 946 948 950 955 956 960 961 962 965 966 967 969 973 976 980 981 983 984 986 988 989 990 991 992 997
campaign,reference,1000,6-0.5-M,4,53272,500,0 1 2 3 4 5 6 8 16 17 19 21 24 26 27 34 36 38 39 41 42 44 47 49 51 53 55 56 57 60 61 62 66 67 68 69 70 71 73 80 83 84 88 89 90 92 93 94 95 96 99 100 106 107 110 112 113 116 118 122 123 124 127 128 129 132 135 136 137 138 139 143 144 145 147 148 151 152 154 157 159 161 162 163 165 168 170 171 172 174 176 177 179 180 183 184 185 186 187 190 191 192 193 194 195 197 198 199 200 205 207 208 213 214 215 220 226 230 234 236 239 240 243 244 245 246 248 251 252 257 258 261 263 264 266 267 270 271 272 273 275 276 280 282 283 284 285 287 290 294 297 299 302 304 305 306 307 310 312 316 320 321 322 328 332 336 337 339 343 346 348 349 356 357 358 360 361 362 363 364 366 367 368 369 370 375 376 378 379 380 383 386 387 388 393 394 395 396 399 400 401 402 404 405 407 410 411 412 416 418 421 422 423 424 426 427 430 431 433 434 436 438 439 441 443 444 449 451 452 454 455 456 461 462 464 469 470 472 473 474 475 478 479 480 482 483 486 489 491 492 497 498 501 505 506 507 511 513 514 515 518 519 520 521 524 526 528 530 531 532 533 534 536 539 540 542 543 544 549 550 552 558 559 560 561 563 565 566 567 568 570 573 576 578 581 586 588 591 593 594 595 597 599 600 601 605 606 607 612 613 614 615 616 617 621 623 625 627 628 629 633 635 636 637 638 639 640 642 643 646 647 650 655 657 661 662 663 664 666 669 671 672 673 674 675 676 677 679 681 682 685 686 687 692 693 697 699 700 706 707 708 709 712 715 716 719 720 723 724 725 726 727 728 730 732 734 735 736 739 740 741 742 743 745 747 748 749 750 752 754 755 759 761 765 766 767 768 770 773 774 775 776 779 780 787 789 791 793 794 796 801 803 804 805 810 813 818 820 821 822 824 828 829 830 831 833 836 837 842 843 845 847 851 852 854 857 859 861 864 866 869 870 871 872 873 874 876 878 880 881 889 894 900 906 907 908 909 910 914 918 919 920 923 924 925 927 928 931 933 939 940 941 942 943 944 946 948 950 955 956 960 961 965 966 967 969 973 977 978 980 981 983 984 987 988 989 990 992 994 997
campaign,reference,1000,6-0.5-M,5,53188,500,0 1 2 3 4 5 6 8 12 16 17 19 21 26 27 34 36 38 41 42 44 47 49 51 53 55 56 57 60 61 62 66 67 68 70 71 73 78 82 83 88 89 90 92 93 94 95 96 99 101 106 107 108 110 112 113 116 118 121 122 123 124 127 128 129 132 133 135 136 137 138 139 143 144 145 147 148 152 153 154 157 159 161 162 163 165 168 170 172 174 176 177 178 179 180 182 183 184 185 186 187 190 191 192 193 194 195 196 197 198 199 200 205 207 208 213 214 215 220 226 227 230 231 234 236 238 239 240 243 245 246 247 248 251 252 254 257 258 261 263 264 266 267 270 271 275 276 278 280 282 283 284 285 287 290 297 299 302 303 304 305 306 307 310 311 312 316 319 320 321 322 327 328 332 336 337 339 346 349 356 357 358 360 361 362 363 364 366 367 368 369 370 375 376 379 380 383 386 388 390 394 395 396 400 401 402 404 405 407 410 411 412 413 416 418 421 422 423 424 426 427 430 431 433 434 436 438 439 441 444 446 449 451 452 454 455 456 461 462 463 464 469 470 473 474 475 478 479 480 482 483 486 489 491 492 496 497 498 501 505 506 507 511 514 515 518 519 521 524 526 528 530 531 532 533 534 539 542 549 550 552 556 558 559 560 565 566 567 570 573 576 577 578 581 586 588 593 594 595 597 599 600 601 605 606 612 613 614 615 616 617 621 623 625 626 627 628 633 634 635 638 639 640 642 643 646 647 650 655 657 661 662 663 664 666 669 671 672 673 674 675 676 677 679 681 682 685 686 687 692 693 699 707 708 709 710 712 715 716 719 720 723 724 726 727 728 730 732 734 735 736 739 740 741 742 743 745 747 748 749 750 752 753 754 755 759 761 765 766 768 770 773 774 775 776 779 780 784 787 789 793 794 796 801 803 804 805 809 810 813 818 820 821 822 823 824 827 828 829 830 831 833 836 837 842 843 845 847 851 852 854 857 859 861 864 866 869 870 871 873 874 875 878 880 881 883 889 893 894 900 902 906 907 908 909 910 914 918 919 920 923 924 925 927 928 931 932 933 939 940 941 942 943 946 948 950 955 956 960 961 965 966 967 969 973 976 977 978 980 981 983 984 987 988 989 990 991 992 997 998
campaign,reference,1000,7-0.5-M,1,49644,500,4 8 9 10 11 14 15 17 19 23 24 26 28 31 35 41 45 46 49 50 51 52 53 56 58 59 61 66 68 70 71 73 74 77 80 83 84 85 86 87 88 89 92 93 98 102 103 104 107 108 115 117 118 119 123 126 127 128 132 137 138 139 140 144 149 151 156 157 159 160 162 164 165 169 170 171 174 176 177 178 179 181 183 184 188 191 192 195 196 197 198 199 200 202 204 205 207 208 209 212 213 215 217 219 220 225 226 228 231 233 234 235 236 237 239 241 242 243 246 247 249 250 254 256 258 259 260 263 266 267 274 278 279 281 282 283 290 291 292 296 299 302 305 306 307 309 310 311 312 313 314 315 316 318 320 321 322 323 324 325 328 330 333 334 336 337 343 344 345 346 349 351 354 355 357 359 360 361 362 367 370 371 373 375 377 378 380 385 386 389 394 396 397 401 402 403 405 410 412 415 419 422 423 424 428 431 435 436 437 438 439 440 445 446 447 449 450 451 454 455 456 461 462 463 467 468 469 470 471 472 473 474 477 483 484 485 490 493 495 497 499 500 502 506 509 510 511 512 513 514 516 518 519 520 521 523 525 531 534 535 541 542 545 547 548 549 554 557 559 564 565 570 571 572 576 579 582 583 586 587 590 591 592 595 597 599 600 601 602 603 604 605 606 607 608 609 612 614 615 616 618 621 622 624 625 626 628 630 631 633 634 635 636 637 639 640 641 642 643 644 645 646 647 649 650 652 653 654 655 656 659 660 663 666 668 669 675 679 681 682 683 684 685 690 692 695 698 700 704 706 709 710 711 715 716 718 719 720 721 722 723 724 725 726 727 730 731 733 734 735 736 737 738 740 741 744 747 752 753 754 755 758 760 762 763 765 768 769 770 771 774 778 779 780 781 784 785 786 787 789 790 791 797 805 806 808 813 814 815 817 818 819 820 824 825 828 830 832 833 834 837 838 840 842 843 844 846 847 848 849 850 851 853 857 861 862 863 871 875 880 883 889 894 896 897 902 903 904 906 907 908 910 915 916 917 919 920 921 922 928 929 930 931 933 934 935 936 937 939 940 942 946 949 952 961 962 963 964 965 968 969 973 977 978 979 981 983 984 985 986 987 988 991 992 993 994 995 997 998 999
campaign,reference,1000,7-0.5-M,2,49573,500,4 8 9 10 11 14 15 17 19 23 24 26 28 31 35 41 45 46 48 49 50 51 52 53 56 58 59 61 66 68 69 70 72 73 74 77 80 83 84 85 86 87 88 89 92 93 98 102 103 104 107 108 112 115 117 118 119 123 126 127 128 130 133 137 138 139 142 144 145 149 151 153 156 157 159 160 162 164 165 169 171 172 174 176 177 178 179 181 183 184 188 191 192 195 196 197 198 199 200 204 207 208 209 214 215 216 217 219 220 225 226 228 231 233 234 235 236 237 239 241 242 243 246 247 250 253 254 256 258 259 260 263 266 267 274 275 278 279 281 282 283 290 291 292 296 299 302 305 306 307 308 309 310 311 312 313 314 315 316 318 320 321 322 323 324 325 328 330 332 334 336 337 343 344 345 349 351 354 355 357 359 360 361 362 365 366 367 370 371 373 375 377 380 385 386 387 389 394 395 396 397 401 402 403 405 410 412 415 417 422 423 424 428 431 434 435 436 437 438 439 440 443 446 447 449 450 451 454 455 456 461 462 463 464 467 469 470 471 472 473 474 477 483 484 485 490 493 495 497 499 500 502 506 508 509 510 511 512 513 516 518 519 520 521 522 523 524 525 530 531 534 535 541 542 545 547 548 549 551 554 558 559 561 564 568 570 571 572 576 579 582 586 587 590 591 592 595 597 599 600 601 602 603 604 605 606 607 609 612 614 615 616 621 622 624 625 626 628 630 631 633 634 637 642 643 644 645 646 647 650 652 653 654 655 656 659 660 663 668 669 670 675 679 681 682 683 684 687 690 692 695 698 700 702 704 709 710 711 714 715 716 718 719 720 721 722 723 725 726 727 730 731 733 734 735 736 737 738 739 740 741 744 747 752 753 754 755 758 762 764 765 768 769 770 771 774 778 779 780 781 782 784 786 787 789 790 791 805 806 808 813 814 815 818 819 820 824 825 828 830 832 833 834 837 840 843 844 846 847 848 849 851 853 857 859 861 862 863 865 871 875 877 880 883 894 897 903 906 907 908 915 916 917 919 920 921 922 928 929 930 931 933 934 935 936 937 939 940 942 946 949 952 954 958 961 962 963 965 967 968 969 972 973 977 978 979 981 983 984 985 986 987 991 992 993 994 995 997 998 999
campaign,reference,1000,7-0.5-M,3,49404,500,0 4 9 10 11 14 15 17 19 23 24 26 28 31 35 41 43 45 46 49 51 52 53 56 58 59 61 66 68 70 73 74 77 80 83 84 85 86 88 89 92 93 98 102 103 104 107 108 113 115 116 117 118 119 123 125 126 127 128 130 132 137 139 142 144 145 149 151 156 157 159 160 162 164 165 169 171 174 176 177 178 179 181 184 188 191 192 195 196 199 200 204 205 206 207 208 209 215 216 217 219 220 225 226 228 232 233 234 235 236 237 239 241 242 243 246 247 249 250 253 254 258 259 260 263 266 267 272 274 275 277 278 279 281 282 283 290 291 292 296 299 302 304 305 306 307 309 310 311 312 313 314 315 316 318 320 321 322 323 324 325 328 330 334 336 337 343 344 345 346 349 351 354 355 357 359 360 361 362 366 367 370 371 373 375 377 378 380 385 386 387 388 392 394 395 396 397 401 402 403 405 410 411 412 415 417 419 422 423 424 428 431 435 436 437 438 439 440 446 447 449 450 451 454 455 456 461 462 463 466 467 469 470 472 473 474 477 479 483 484 485 490 493 495 497 499 500 502 506 510 511 512 513 514 516 518 519 520 521 522 523 524 525 526 531 534 537 541 542 545 547 548 549 551 552 554 557 559 561 564 566 570 571 572 576 579 582 586 590 591 592 595 597 600 601 602 603 604 605 606 607 608 609 612 614 615 621 623 624 625 628 630 631 632 633 634 637 641 642 643 644 645 646 647 649 650 652 653 654 655 656 659 660 663 668 669 675 677 679 681 682 683 684 690 692 695 698 700 704 705 706 709 710 711 714 715 716 718 719 720 721 722 723 724 725 726 727 730 731 733 734 735 736 737 738 739 740 741 744 747 752 753 754 755 758 762 764 765 768 769 770 771 774 777 778 779 780 781 784 785 787 789 790 791 797 804 805 806 808 813 814 815 818 819 820 824 825 828 830 832 833 834 837 840 846 847 848 849 850 851 853 857 861 862 863 865 868 871 875 880 883 889 894 896 897 902 903 906 907 910 915 916 917 919 920 922 925 928 929 930 931 933 934 935 936 937 939 940 942 946 949 950 952 961 962 963 965 966 967 968 973 977 978 979 980 981 983 984 985 986 987 988 991 992 993 994 995 997 998 999
campaign,reference,1000,7-0.5-M,4,49655,500,0 1 8 9 10 11 14 15 17 19 23 24 26 28 31 35 37 45 46 49 50 51 52 53 56 58 59 61 66 68 69 70 71 72 73 74 77 83 85 86 88 89 92 93 98 102 103 104 106 107 108 115 117 118 119 123 125 126 127 128 130 133 137 139 140 142 144 145 149 151 153 156 157 159 160 164 169 171 174 176 177 178 179 181 183 184 188 191 192 193 195 196 199 200 204 207 209 212 216 217 219 220 224 225 226 228 231 233 234 235 236 237 239 241 242 243 246 247 249 250 253 254 256 258 259 260 263 266 267 272 274 278 279 280 281 282 283 286 291 292 296 297 299 302 305 306 307 309 310 311 312 313 314 315 316 318 320 321 322 323 324 325 326 328 330 334 335 336 337 338 343 344 345 346 349 351 354 357 359 360 361 362 366 367 370 371 373 375 377 378 380 385 386 387 389 394 395 396 397 401 402 403 405 410 411 412 417 419 420 422 423 424 428 431 435 436 437 438 439 440 443 445 446 447 449 450 451 454 455 456 461 462 463 467 469 470 472 474 477 479 483 484 485 486 490 493 495 497 499 500 502 506 509 510 511 512 513 514 516 518 519 520 521 522 523 524 525 526 531 534 535 541 542 543 544 545 547 548 549 551 552 554 557 558 559 561 564 565 566 570 571 572 576 579 582 586 587 590 591 592 595 597 600 601 602 603 604 605 606 607 608 609 612 614 615 616 621 622 624 625 628 630 631 633 634 637 641 642 643 645 646 647 649 650 652 653 654 655 656 659 660 663 668 669 675 679 682 683 684 690 692 695 698 700 704 709 710 711 715 716 718 719 721 722 723 724 725 726 727 730 731 733 735 736 737 738 739 740 741 744 747 750 752 753 754 755 758 760 765 768 769 770 771 774 778 779 780 781 784 785 786 787 789 790 791 805 806 808 812 813 814 815 817 818 819 820 824 825 828 830 832 833 834 837 840 842 843 844 846 847 848 849 850 851 853 857 861 862 863 864 871 875 880 883 894 896 897 903 904 906 907 908 913 916 917 919 920 921 922 928 929 930 931 933 935 936 937 939 940 942 946 949 950 952 954 961 963 964 965 966 968 973 977 978 979 981 983 984 985 986 987 988 991 992 993 994 995 997 998 999
campaign,reference,1000,7-0.5-M,5,49620,500,0 4 9 10 11 15 17 19 23 24 26 28 31 35 40 45 46 49 50 51 52 53 56 58 59 61 66 68 69 70 73 74 77 80 83 84 85 86 87 88 89 92 93 98 102 103 104 107 108 115 117 118 119 123 126 127 128 130 132 133 135 139 142 144 145 149 151 156 157 159 160 164 169 171 172 174 176 177 178 179 181 183 184 188 191 192 195 196 197 198 199 200 204 205 206 207 208 209 212 214 216 217 219 220 225 226 228 232 233 234 235 236 237 239 241 242 243 246 247 249 250 253 254 256 258 259 260 263 266 267 272 274 278 279 281 282 283 290 291 292 296 302 304 305 306 307 309 310 311 312 313 314 315 316 318 320 321 322 323 324 325 326 328 330 334 336 337 342 343 344 345 346 347 349 350 351 354 355 359 360 361 362 365 366 367 370 371 373 375 377 378 380 385 386 387 394 396 397 401 402 403 405 410 412 417 419 422 423 428 431 435 436 437 438 439 440 446 447 449 450 451 454 455 456 461 462 463 467 468 469 470 471 472 473 474 477 479 483 484 485 486 490 493 495 497 499 500 502 506 510 511 512 513 514 516 518 519 520 521 522 523 525 530 531 534 535 538 541 542 545 547 548 549 554 559 561 564 565 570 571 572 576 579 582 586 587 590 591 592 595 597 600 601 602 603 604 605 606 607 609 612 614 615 616 621 622 624 625 626 628 630 631 632 633 634 635 637 639 641 642 643 645 646 647 649 650 652 653 654 655 656 659 660 663 665 666 668 669 675 679 681 682 683 684 690 692 693 695 698 700 705 709 710 711 715 716 718 719 720 721 722 723 724 725 726 727 730 731 733 734 735 736 737 738 740 741 744 747 752 753 754 755 760 762 765 768 769 770 771 774 778 779 780 781 784 785 786 787 789 790 805 806 808 812 813 814 815 818 819 820 825 828 830 832 833 834 837 840 843 844 846 847 848 849 851 853 857 859 861 862 863 868 871 875 877 880 883 889 894 896 897 901 903 904 906 907 908 910 913 915 916 917 919 920 921 922 928 929 930 931 933 934 935 936 937 939 940 942 946 949 950 952 961 962 963 964 965 966 968 973 977 978 979 980 981 982 983 984 985 986 987 988 991 992 993 994 995 997 998 999
campaign,reference,1000,8-0.5-M,1,50341,499,0 1 2 9 10 11 14 20 21 22 24 25 28 29 33 34 39 40 41 43 44 46 47 51 52 53 54 55 57 60 65 66 67 71 72 75 79 80 83 85 88 91 93 97 99 100 101 102 104 105 108 109 110 111 116 118 123 126 127 128 129 130 132 133 134 143 144 147 151 156 157 158 160 161 165 171 172 174 175 178 179 181 182 185 188 189 190 191 194 195 198 200 201 202 203 204 206 207 208 210 213 215 219 220 224 225 226 227 228 229 230 231 232 236 238 241 244 246 251 252 253 257 262 263 264 265 266 268 271 277 278 279 280 285 286 287 289 290 292 293 294 295 296 297 299 300 302 303 304 308 310 317 320 322 323 324 325 327 330 332 336 337 339 341 343 345 346 347 348 350 351 352 355 358 359 361 363 365 366 367 369 370 371 372 375 381 383 385 386 387 390 391 392 402 403 404 406 407 410 411 412 414 415 417 418 419 422 423 424 427 428 429 433 434 436 437 443 445 447 451 452 453 455 460 462 463 465 469 470 471 472 474 476 477 480 482 484 486 487 489 490 493 496 498 501 502 503 505 507 509 510 515 516 517 521 523 525 528 530 531 532 535 536 538 540 544 547 548 551 552 553 559 560 561 562 566 568 569 570 573 574 575 577 578 580 583 584 587 589 596 597 604 605 606 607 608 609 610 611 612 614 615 616 621 623 624 626 628 630 634 636 639 644 645 647 655 656 659 660 662 665 666 667 668 672 673 675 676 677 678 679 682 684 685 687 690 691 692 693 694 695 696 697 700 701 704 707 709 710 715 716 717 722 723 724 725 727 728 732 733 736 742 744 745 749 750 753 754 755 757 758 759 760 761 762 763 764 765 766 770 771 772 776 777 782 784 788 789 790 791 792 797 799 802 803 805 810 812 813 818 819 822 824 826 828 833 834 837 840 842 843 844 845 849 850 851 852 853 856 857 858 859 860 861 862 863 865 866 868 873 874 877 879 880 881 882 883 885 886 887 888 890 892 895 897 898 899 901 902 905 907 909 910 911 914 915 916 918 920 921 922 923 925 927 928 929 931 932 933 934 938 939 940 941 947 948 950 952 955 958 959 960 961 962 965 967 972 973 974 975 978 979 983 986 987 988 990 991 992
campaign,reference,1000,8-0.5-M,2,50332,500,0 2 9 11 14 16 20 21 22 24 25 28 29 33 34 39 40 41 43 44 46 47 51 53 54 55 57 64 66 67 69 72 74 75 79 80 81 82 83 85 88 92 93 97 99 101 102 103 104 105 108 110 111 113 116 118 123 127 128 129 130 132 133 134 137 138 139 143 144 145 151 155 156 157 158 160 161 165 171 172 174 175 178 179 181 182 185 188 189 191 194 195 198 200 201 202 203 204 206 207 210 213 215 216 218 219 220 224 225 226 227 228 230 231 232 236 238 241 244 246 252 253 254 257 262 264 265 266 268 277 278 279 285 286 289 290 292 293 294 295 296 297 299 300 302 303 304 305 308 310 317 320 322 323 324 325 327 330 332 336 337 339 341 343 345 346 347 348 350 351 352 355 358 359 361 363 365 366 367 370 371 372 374 375 381 383 385 386 387 390 391 392 394 402 403 404 407 410 411 412 414 415 417 418 419 421 422 423 424 427 428 429 433 434 436 437 438 439 443 445 447 448 449 451 452 453 455 460 462 463 465 469 470 471 472 474 477 480 482 484 486 487 489 490 491 493 496 498 500 501 502 503 504 505 507 508 509 510 515 516 517 521 522 523 525 527 528 530 532 535 536 538 544 547 549 551 552 553 559 560 561 562 566 569 570 572 573 575 577 578 584 587 589 596 597 600 602 605 606 607 608 609 610 611 614 615 616 621 623 624 628 630 634 635 636 639 644 645 647 655 656 657 659 660 665 666 667 668 672 673 675 676 677 678 679 682 684 687 690 691 693 694 696 700 701 704 707 709 710 715 716 717 722 723 724 725 727 728 730 732 733 736 742 744 745 749 750 753 754 755 757 760 761 762 763 764 765 766 769 770 772 776 777 782 784 788 789 790 791 792 799 802 803 805 809 810 812 813 818 819 821 822 826 828 831 833 834 837 840 842 843 844 845 846 847 849 850 851 852 853 854 856 858 859 860 861 862 863 865 866 868 873 874 877 878 879 880 882 883 885 886 887 888 890 891 892 895 897 898 901 902 905 909 910 911 914 915 916 918 920 921 922 923 925 927 928 929 931 932 933 934 938 939 940 947 948 950 952 958 959 960 961 962 965 967 972 973 974 975 978 979 983 986 987 988 989 990 991 993 999
campaign,reference,1000,8-0.5-M,3,50134,500,0 2 9 10 11 14 20 22 24 25 28 33 39 40 41 43 44 47 51 52 53 54 55 57 60 62 64 65 66 67 69 71 72 74 75 79 80 81 82 85 88 91 93 97 99 100 101 102 104 105 108 110 111 116 118 123 126 127 129 130 132 133 134 138 143 144 147 151 155 156 157 158 160 161 165 167 171 172 174 178 179 180 181 182 185 188 189 190 191 194 195 196 198 200 201 202 203 204 206 207 208 210 211 213 215 216 218 219 220 224 225 226 227 228 229 230 231 232 238 241 244 246 252 253 257 262 264 265 266 268 272 277 278 279 285 286 287 289 290 292 293 294 296 297 299 300 302 303 304 305 308 310 311 317 320 322 324 325 327 330 332 336 337 340 341 343 345 346 347 348 350 351 352 355 358 359 361 363 365 366 367 369 370 371 375 381 382 383 385 386 387 390 391 392 394 402 403 404 406 407 410 411 412 414 415 417 418 419 423 427 428 429 433 434 436 437 442 443 445 447 449 451 452 453 455 460 462 463 465 469 470 471 472 474 476 477 480 482 484 486 487 489 490 491 496 498 500 501 502 503 504 505 507 508 509 510 515 516 517 521 522 523 525 527 528 530 531 532 535 536 538 544 547 548 551 552 553 559 560 561 562 566 568 569 570 573 574 575 577 578 583 584 587 589 590 596 597 602 604 605 606 607 608 609 610 611 612 614 615 616 618 620 621 623 624 628 630 634 636 639 644 645 647 654 655 656 657 658 659 660 664 665 666 667 668 672 673 675 676 677 678 679 682 684 685 690 691 693 694 696 697 700 701 704 707 709 710 712 715 716 717 722 723 724 727 728 732 736 742 744 749 750 753 755 757 759 760 761 762 763 764 765 766 769 770 771 772 776 777 782 783 784 788 789 790 791 792 797 799 802 803 810 812 813 818 819 821 822 826 828 831 833 834 837 842 843 844 845 846 847 849 850 851 852 853 856 858 859 860 862 863 865 866 868 873 874 878 879 880 882 883 885 886 887 888 890 892 897 898 901 902 905 909 910 911 914 915 916 918 920 921 922 925 926 927 928 929 931 932 933 934 939 940 941 948 950 952 958 959 960 961 962 965 967 972 973 974 975 978 979 983 984 986 987 988 990 991 993 995 999
campaign,reference,1000,8-0.5-M,4,50316,499,0 2 9 10 11 14 17 20 21 22 24 25 28 29 33 34 39 40 41 43 44 46 47 51 52 53 54 55 57 62 64 66 67 68 69 72 74 75 79 80 85 88 93 97 99 100 101 102 104 105 108 109 110 111 116 118 123 126 127 128 129 130 132 133 134 138 143 144 151 155 156 157 158 160 161 165 167 171 172 176 178 179 181 182 185 188 189 190 191 194 195 196 198 200 201 202 203 204 206 207 210 213 215 216 218 219 220 224 225 226 227 228 230 231 232 238 240 241 244 246 252 253 254 262 263 264 265 266 268 277 278 279 284 285 286 289 290 292 293 294 295 296 297 299 300 302 303 304 308 310 311 317 320 322 323 324 325 327 330 336 337 339 340 341 342 345 346 347 348 350 351 355 357 358 359 361 363 365 366 369 370 371 372 375 381 383 385 386 387 390 391 392 394 402 403 404 406 407 410 411 412 415 417 418 419 422 423 424 427 428 429 433 434 436 437 442 443 445 447 451 452 453 455 460 462 463 465 469 470 471 472 474 476 477 480 482 484 486 487 489 490 491 496 498 500 501 502 504 505 508 509 510 515 516 517 521 522 523 525 527 528 530 531 532 535 536 538 540 544 547 548 551 552 553 559 560 561 562 566 569 570 572 573 574 575 577 578 580 583 584 587 589 590 591 596 597 602 604 605 606 607 608 609 610 611 612 615 616 620 621 623 624 628 630 634 636 639 642 644 645 647 655 656 659 660 665 666 667 668 673 675 676 677 678 679 682 684 689 690 691 693 694 695 696 697 700 701 704 709 710 712 715 716 717 722 723 724 727 728 730 732 736 742 744 745 749 750 753 754 755 757 760 761 762 763 764 765 766 770 771 772 776 777 782 784 788 789 790 791 792 795 797 799 802 803 805 810 812 813 817 818 819 822 826 828 831 833 834 837 840 842 843 844 845 849 851 852 853 854 856 857 858 859 860 861 862 863 865 866 868 871 872 873 879 880 882 883 885 886 887 888 890 891 892 897 898 899 901 902 905 907 909 910 911 914 915 916 918 920 921 922 925 927 928 929 931 932 933 934 938 939 940 941 947 948 949 950 952 955 958 959 960 961 965 967 972 973 974 975 978 979 983 986 987 988 990 991 993 999
campaign,reference,1000,8-0.5-M,5,50288,499,0 1 2 9 10 11 14 17 20 21 22 24 25 28 29 33 39 40 41 43 44 46 47 51 53 54 55 57 59 62 64 66 67 69 71 72 79 80 81 82 85 88 92 93 97 99 101 102 103 104 105 108 109 110 111 113 116 118 123 127 129 130 132 133 134 137 138 139 143 144 145 151 155 156 157 158 160 161 165 167 171 172 174 178 179 181 182 185 188 189 190 191 194 195 198 200 201 202 203 204 206 207 210 213 215 216 218 219 220 224 225 226 227 228 229 230 231 232 238 241 244 246 252 253 257 262 263 264 265 266 268 271 277 278 279 280 285 286 287 289 290 292 293 294 296 297 299 300 302 303 304 308 310 311 317 320 322 324 325 327 330 332 336 337 339 341 345 346 347 348 350 351 352 355 358 359 361 363 365 366 367 370 371 372 374 381 383 385 386 387 390 391 392 394 402 403 404 407 410 411 414 415 417 418 419 421 422 423 424 427 428 429 430 433 434 436 437 442 443 445 447 448 449 451 452 453 455 460 462 463 465 469 470 471 472 474 476 477 480 482 484 486 487 489 490 491 496 498 500 501 502 503 505 509 510 515 516 517 519 521 523 525 527 528 530 531 532 535 536 538 544 545 547 548 551 553 559 560 561 562 566 568 569 570 573 574 575 577 578 584 587 589 590 596 597 602 604 605 606 607 608 609 610 611 612 615 616 618 620 621 623 624 628 630 634 636 639 644 645 647 655 656 658 659 660 664 665 667 668 672 673 675 676 677 678 682 684 687 690 691 692 693 694 695 696 697 700 701 704 707 709 710 715 716 717 722 723 724 725 727 728 732 733 736 745 750 753 754 755 757 759 760 761 762 763 764 765 766 770 772 775 776 777 782 783 784 788 789 790 791 792 795 799 802 803 804 805 810 812 813 818 819 821 822 826 828 831 833 834 837 840 842 843 844 845 846 847 849 850 851 852 853 854 856 857 859 860 861 863 865 866 868 871 873 879 880 881 882 883 885 886 887 888 890 892 897 898 901 902 905 909 910 911 914 915 916 918 920 921 922 925 927 928 929 931 932 933 934 938 939 940 942 948 949 952 955 958 959 960 961 962 965 967 972 973 974 975 978 979 983 986 987 988 990 991 992 993 995 999
campaign,reference,1000,9-0.5-M,1,55653,498,0 2 3 4 6 7 9 10 11 12 14 15 19 20 21 26 27 28 29 31 34 35 38 39 40 41 42 43 46 48 49 53 54 55 58 59 61 66 69 74 75 76 77 79 80 81 83 88 90 91 93 95 97 98 100 104 105 107 108 109 110 112 115 117 118 119 122 127 132 134 138 139 140 143 144 145 150 151 154 155 156 157 158 159 161 164 165 169 170 174 175 176 177 179 181 183 187 189 190 191 193 194 197 200 205 208 210 211 212 213 214 215 216 218 221 222 223 224 226 228 229 231 233 236 242 243 244 245 247 250 251 253 254 256 257 259 260 262 267 269 270 271 274 275 276 277 284 285 286 296 300 302 303 308 309 311 315 317 321 322 324 325 327 328 329 330 332 334 335 337 338 340 341 342 343 346 347 353 357 359 361 365 368 369 370 372 373 374 377 379 383 385 386 387 388 391 398 400 402 403 404 406 408 409 410 414 417 420 422 424 425 426 428 430 431 432 434 436 437 443 450 454 457 463 464 465 468 469 470 472 474 475 476 480 481 483 484 486 487 488 489 491 492 494 495 497 499 502 503 504 506 507 509 514 516 517 518 520 523 524 525 528 531 532 533 534 536 542 544 546 548 550 551 552 553 555 559 560 561 563 565 566 567 570 573 574 575 576 581 585 587 591 594 595 597 598 601 602 603 604 606 607 609 611 612 613 614 616 618 619 620 622 626 627 628 629 630 631 632 633 635 639 640 643 644 645 647 648 651 653 655 657 658 659 661 662 667 668 674 676 678 681 682 685 686 689 690 696 698 699 710 712 715 716 717 721 723 724 725 726 728 729 732 733 735 736 739 740 745 746 749 752 753 754 755 757 763 765 766 767 768 769 770 771 772 773 774 778 781 782 783 784 786 787 789 790 791 796 797 804 806 807 811 815 816 817 818 823 826 828 832 837 839 841 843 846 847 854 855 856 857 858 859 861 865 866 867 869 870 871 872 874 875 876 877 879 880 881 883 884 885 886 887 888 889 895 896 899 900 901 902 903 905 908 911 912 917 918 920 923 925 926 928 932 935 937 940 948 949 950 952 954 956 957 958 960 961 963 964 965 966 967 969 970 971 973 974 975 976 977 978 980 981 982 984 991 992 993
campaign,reference,1000,9-0.5-M,2,55507,498,1 2 3 4 6 7 9 10 11 12 14 19 20 21 23 24 26 27 28 29 31 34 38 39 40 41 42 43 46 48 49 53 55 59 61 62 66 69 74 75 76 77 79 80 81 82 83 88 91 93 95 97 98 100 104 105 107 108 109 110 112 115 117 118 119 130 132 134 138 139 140 141 143 144 145 150 154 155 157 158 159 161 164 165 169 170 171 174 175 177 179 181 183 185 187 189 193 194 195 197 200 205 207 210 212 213 214 215 216 218 221 223 224 226 228 229 231 232 233 236 238 242 243 244 245 247 250 251 253 254 256 257 258 259 260 262 265 267 270 271 275 276 277 284 285 296 300 302 303 308 309 311 315 317 321 322 324 325 327 328 329 330 331 332 334 335 337 338 340 341 342 343 346 347 353 354 357 359 361 363 365 368 369 370 372 373 374 377 379 380 381 382 383 385 386 387 388 391 400 401 402 403 404 406 408 409 410 414 417 420 422 424 426 428 430 431 432 436 437 451 454 457 460 463 464 468 469 470 472 474 476 480 481 483 484 485 486 488 489 491 492 495 497 499 502 503 504 506 507 514 516 517 518 520 523 524 525 526 528 531 533 536 537 542 544 546 548 550 551 552 553 555 557 559 560 561 563 565 566 570 573 574 575 576 577 579 581 585 587 591 594 595 597 598 601 602 603 604 606 607 609 611 612 613 614 616 618 619 620 622 625 626 627 628 629 630 631 632 633 634 635 638 639 640 644 645 647 648 651 653 655 658 659 661 662 667 668 676 678 681 685 686 689 690 698 699 702 703 709 710 712 715 716 717 721 723 724 725 726 728 729 733 735 736 739 740 745 746 749 752 753 754 755 757 763 766 767 768 769 770 771 772 773 774 778 780 781 782 783 784 786 787 789 790 791 796 799 804 806 807 811 815 816 817 818 823 826 828 829 832 837 839 841 843 846 847 852 854 855 856 857 858 859 863 866 867 869 870 871 872 875 876 877 879 880 881 883 884 885 886 887 888 889 895 896 899 901 902 903 905 907 911 912 917 918 920 923 925 926 928 932 933 935 937 940 948 949 950 951 952 954 956 957 958 960 961 964 965 966 967 969 970 971 973 974 975 976 977 978 979 980 981 982 984 991 992 993 995
campaign,reference,1000,9-0.5-M,3,55479,498,2 3 4 6 7 8 9 10 11 12 14 15 19 20 21 26 27 28 29 31 38 39 40 41 42 43 46 48 49 53 55 58 59 61 66 68 69 74 75 76 77 79 80 81 83 86 88 91 93 95 97 98 100 104 105 107 108 109 110 112 113 115 117 118 119 120 126 127 132 134 138 139 140 144 145 150 151 154 155 156 157 158 159 161 164 165 169 170 171 174 175 176 177 179 181 183 187 189 190 193 194 197 198 200 205 210 211 212 213 215 216 218 221 223 224 226 228 229 231 232 233 236 238 242 243 244 247 249 250 251 254 256 257 259 260 262 267 270 271 275 276 277 283 284 285 286 293 295 296 300 303 305 307 308 309 311 315 317 321 322 324 325 326 327 328 329 330 331 332 334 335 337 338 340 341 342 343 346 347 353 354 357 359 361 363 365 368 369 370 372 373 374 377 379 383 385 386 387 388 391 396 398 400 402 403 404 406 408 409 410 414 417 420 422 424 426 428 430 431 432 434 436 437 443 451 454 457 463 464 465 468 469 470 472 474 475 476 480 481 483 485 486 487 488 489 491 492 495 497 499 502 503 504 506 507 514 516 517 518 520 523 524 525 528 531 533 534 536 543 544 546 548 550 551 552 553 555 557 559 560 561 563 565 566 567 570 573 574 575 576 577 579 581 585 587 591 594 595 597 601 602 603 604 606 607 609 611 612 613 614 616 617 618 619 620 622 626 627 628 629 630 631 632 633 634 635 639 640 643 644 645 647 648 651 655 658 661 662 667 668 674 676 678 681 685 686 689 690 696 698 699 702 703 705 710 712 715 716 717 721 724 725 726 728 729 732 733 735 736 739 740 746 749 752 753 754 755 757 763 766 767 768 769 770 771 773 774 778 780 781 782 783 784 786 787 789 790 791 793 796 797 804 806 807 811 815 816 817 818 823 826 828 832 835 837 839 841 843 846 847 854 855 856 857 858 859 861 865 866 867 869 870 871 874 875 876 877 879 880 881 883 884 885 886 887 888 889 895 899 901 902 903 905 911 912 917 918 920 923 925 926 928 932 933 935 937 940 941 948 950 952 954 956 957 958 959 960 961 963 964 965 966 969 970 971 973 974 975 976 977 978 980 981 982 991 992 993 995
campaign,reference,1000,9-0.5-M,4,55564,498,0 2 3 4 6 7 10 11 12 15 19 20 21 23 24 26 27 28 29 38 39 40 42 43 46 48 49 53 55 59 61 62 66 69 74 75 76 77 79 80 81 82 83 88 91 93 95 97 98 100 104 105 107 108 109 112 115 117 118 119 121 127 132 134 138 139 140 143 144 145 150 154 155 156 157 158 159 161 164 169 170 171 174 175 176 177 179 181 183 185 187 189 190 191 192 193 194 197 200 205 210 211 212 213 214 215 216 218 221 222 223 224 226 228 229 231 232 233 236 238 242 243 244 247 249 250 251 253 254 256 257 259 260 262 265 267 270 271 275 276 277 284 285 296 300 302 303 305 307 308 309 311 315 316 317 321 322 324 325 327 328 329 330 331 332 334 335 336 338 340 341 342 343 346 347 353 354 357 359 361 363 365 368 369 370 372 373 374 377 379 380 382 383 385 386 387 388 391 397 398 400 402 403 404 406 408 409 410 417 420 422 423 424 426 428 430 431 432 434 436 437 443 444 451 454 457 463 464 465 468 469 470 472 474 475 476 480 481 483 484 486 487 488 491 492 495 497 499 502 503 504 506 507 514 516 518 520 523 524 525 528 531 533 534 536 543 544 546 548 551 552 553 555 557 559 560 561 563 565 566 570 572 573 574 575 576 579 581 585 587 588 591 592 594 595 596 597 598 601 602 603 604 606 607 611 612 613 614 616 618 619 620 622 626 627 628 629 630 631 632 633 635 639 640 641 644 645 647 648 651 653 655 657 658 659 661 662 667 668 674 676 678 681 685 686 689 690 698 699 702 705 710 712 715 717 721 724 725 726 728 729 732 733 735 736 739 740 742 745 746 749 752 753 754 755 757 763 766 768 769 770 771 773 774 778 780 781 782 783 784 786 787 789 790 791 796 797 799 802 804 806 807 811 814 815 816 818 823 826 828 829 832 837 839 841 843 846 847 854 855 856 857 858 859 861 866 867 869 870 871 872 874 875 876 877 879 880 881 883 884 885 886 887 888 889 895 896 900 901 902 903 905 907 908 910 911 912 918 920 923 925 926 928 932 935 940 948 949 950 952 954 956 957 958 960 961 964 966 967 969 970 971 973 974 975 976 977 978 979 980 981 982 984 988 991 992 993 995
campaign,reference,1000,9-0.5-M,5,55326,499,0 2 3 4 6 7 8 9 10 11 12 13 15 19 20 21 22 26 27 28 29 38 39 40 41 42 43 46 48 49 53 55 59 61 66 69 74 75 76 77 79 80 81 83 86 88 91 92 93 98 100 104 105 107 108 109 110 112 115 117 118 119 120 122 127 130 132 134 138 139 140 141 143 144 145 150 151 154 155 156 157 158 159 161 164 169 170 171 172 174 175 176 177 179 180 181 183 185 187 189 190 192 193 194 197 200 205 208 210 212 215 216 218 221 222 223 224 226 228 229 231 232 233 236 242 243 244 247 249 250 251 253 254 256 257 259 260 262 267 270 271 275 276 277 283 284 285 293 296 300 302 303 305 308 309 311 315 317 322 324 325 327 328 329 330 331 332 334 335 337 338 340 341 342 346 347 353 354 355 357 359 361 365 368 369 370 372 373 374 377 379 380 381 383 385 386 387 391 394 398 400 401 402 403 404 406 408 409 410 411 414 417 420 422 424 426 427 428 430 431 432 436 437 443 450 454 457 463 464 465 468 469 470 472 474 475 476 480 481 483 484 486 488 491 492 495 497 499 502 503 504 506 507 514 516 518 520 523 524 525 526 528 531 533 534 536 544 546 548 550 551 552 553 555 559 560 561 563 565 566 567 568 570 573 574 575 576 577 581 585 587 591 594 595 597 598 601 602 603 604 606 607 609 611 612 613 614 616 618 619 622 627 628 629 630 631 632 633 635 639 640 643 644 645 647 648 651 655 658 659 661 662 667 668 676 678 681 685 686 689 690 696 698 699 703 705 710 712 714 715 716 717 721 724 725 726 728 729 732 733 735 736 737 739 740 745 746 749 752 753 754 755 757 763 766 767 768 769 770 771 772 773 774 778 780 781 782 783 784 786 787 789 790 791 796 797 799 804 807 811 815 816 817 818 823 826 828 832 837 841 843 846 847 854 855 856 857 858 859 865 866 867 868 869 870 871 872 874 875 876 877 879 880 881 883 884 885 886 887 888 889 895 896 899 901 902 903 905 906 907 911 912 917 918 920 923 925 926 928 932 933 934 935 937 940 948 949 950 951 952 954 956 957 958 960 961 963 964 965 966 967 969 970 971 973 974 975 976 977 978 979 980 981 982 984 991 992 993 995
campaign,reference,1000,10-0.5-M,1,60472,498,2 4 5 7 8 11 12 13 14 17 18 21 23 26 27 28 30 31 34 35 38 39 42 44 49 50 52 53 54 58 60 62 63 65 66 67 68 69 72 74 75 79 82 83 84 88 91 92 93 99 101 103 107 108 109 112 113 115 116 119 125 126 127 129 130 131 136 138 139 142 143 144 149 152 155 157 158 159 160 162 163 165 166 168 172 177 179 180 181 182 186 187 189 191 192 193 195 196 197 200 201 203 205 206 208 209 210 211 212 217 219 220 223 224 227 229 230 232 234 235 239 240 245 246 249 250 251 252 254 259 260 263 266 267 269 274 275 277 279 282 283 284 287 289 290 291 294 295 296 299 300 302 304 308 309 310 314 315 317 319 320 321 324 325 327 328 329 332 334 335 338 339 344 345 346 352 356 360 362 363 364 366 370 371 374 381 382 383 385 388 389 390 391 393 395 399 400 401 405 407 408 409 410 411 412 413 414 417 418 421 422 424 426 427 428 429 432 433 434 436 437 440 441 444 445 446 450 457 459 460 461 463 464 465 473 475 477 478 486 487 488 489 493 497 498 499 504 506 507 510 518 520 522 524 525 526 528 531 533 534 535 537 538 539 543 544 546 550 553 554 557 558 559 563 564 565 566 567 568 570 571 573 575 578 579 581 582 583 586 588 589 594 600 602 603 604 605 606 608 609 610 612 617 618 619 620 622 623 626 628 630 632 634 635 637 638 639 641 643 644 646 648 649 650 651 653 654 659 660 661 663 667 668 672 673 674 675 677 679 680 681 683 687 690 691 695 698 699 702 705 708 710 711 713 716 717 718 719 722 723 726 728 730 733 734 735 738 740 741 745 750 751 752 753 757 758 759 762 763 767 768 770 772 773 775 776 777 788 791 792 793 794 795 802 804 806 807 808 810 812 814 816 817 819 820 821 823 824 825 826 830 834 836 838 839 840 842 843 846 849 850 853 855 856 857 859 862 863 864 866 868 869 872 876 877 878 879 880 884 885 887 889 890 891 892 893 894 896 897 899 900 901 905 911 912 913 915 920 921 925 930 931 933 936 937 939 940 941 944 947 949 952 956 958 961 962 963 964 966 967 969 970 972 973 974 976 979 980 983 984 985 986 987 990 994 995 997 998
campaign,reference,1000,10-0.5-M,2,60783,499,2 4 5 7 8 10 11 12 14 17 18 21 23 26 28 30 34 35 37 38 39 44 45 46 50 52 53 54 58 60 62 65 66 67 69 74 75 79 81 82 83 84 87 88 91 92 93 99 101 103 107 108 109 112 113 115 116 119 125 126 129 130 131 136 138 139 142 143 144 146 149 152 155 157 158 159 160 162 163 165 166 168 169 172 177 179 180 181 182 186 187 189 192 195 196 200 201 203 205 206 208 209 210 212 219 220 222 223 224 227 229 230 232 234 235 239 240 242 245 246 249 250 251 252 254 259 260 263 266 267 269 274 275 277 279 283 284 287 289 290 291 292 294 295 296 297 299 300 302 304 308 309 310 314 315 317 318 319 320 321 324 325 327 329 332 335 336 338 339 344 345 346 348 350 352 356 360 362 364 366 370 371 374 381 382 383 385 387 388 389 390 391 393 395 398 399 400 401 403 405 407 408 409 410 411 412 414 415 417 418 421 422 424 426 427 428 429 432 433 434 436 437 440 441 444 445 446 449 450 451 457 460 461 463 464 470 474 475 477 478 483 486 487 488 489 491 493 495 497 498 499 504 506 507 510 516 518 520 522 524 525 526 528 529 531 534 535 538 539 543 544 546 550 553 554 557 558 559 563 564 565 566 568 571 573 575 578 579 581 582 583 586 588 589 594 600 602 603 604 605 606 608 609 610 612 617 618 620 622 623 624 626 628 630 632 634 635 637 638 639 641 643 644 646 650 651 653 654 659 660 661 663 667 672 673 674 675 677 680 683 687 689 690 695 696 698 699 702 703 705 708 710 713 716 717 718 719 720 722 723 726 730 733 734 735 738 740 741 748 750 751 753 754 757 758 759 761 763 765 767 768 770 772 773 775 776 788 791 792 793 794 795 796 802 804 806 807 808 810 812 814 816 817 819 820 821 823 824 825 826 828 830 834 836 838 839 840 842 843 846 849 850 853 855 856 857 859 862 863 864 867 868 869 872 874 876 877 878 879 880 882 884 885 887 890 891 892 893 896 897 899 900 901 905 908 911 912 913 920 921 925 930 931 933 936 937 939 940 941 944 947 948 949 952 956 958 961 962 963 964 966 967 969 970 973 974 976 979 980 983 984 985 986 987 990 994 996 997 998
campaign,reference,1000,10-0.5-M,3,60772,499,2 3 5 7 8 12 13 14 17 18 21 23 26 27 28 30 31 34 35 37 38 39 42 43 44 46 50 52 53 54 56 58 60 62 65 66 67 69 70 72 74 75 79 82 83 88 91 92 99 101 103 107 108 109 112 113 115 116 119 121 125 126 129 130 131 136 138 142 143 144 146 149 152 155 157 158 159 160 161 162 163 165 166 168 172 177 179 180 181 182 186 187 189 192 195 196 200 201 203 205 206 208 209 210 212 219 220 222 223 227 229 230 232 234 235 239 240 242 245 246 249 251 252 254 259 260 263 266 267 269 274 275 277 279 282 283 284 287 289 290 291 294 295 296 297 299 300 301 302 304 308 309 312 314 315 317 318 319 320 321 324 327 329 332 335 336 338 339 345 346 348 352 353 356 359 360 362 364 366 370 371 374 381 382 383 385 387 388 389 390 391 393 395 398 399 400 401 405 407 408 409 410 411 412 414 417 418 419 421 422 424 426 427 428 429 432 433 434 436 437 440 441 442 444 445 446 449 450 451 457 460 461 463 464 470 473 474 475 477 478 483 486 488 489 491 493 495 498 499 504 506 507 510 516 520 522 524 525 526 528 531 534 535 538 539 543 544 550 553 554 557 558 559 563 564 565 566 567 568 570 571 573 575 578 579 581 582 583 586 588 589 594 597 598 600 602 603 604 605 606 608 609 610 612 617 618 619 620 622 623 624 626 628 630 632 634 635 636 638 639 641 643 644 646 648 649 650 651 653 654 655 658 659 660 661 663 667 668 672 673 674 675 677 680 683 685 687 689 690 695 698 699 702 705 708 710 713 716 717 718 719 720 722 723 726 730 733 734 735 736 740 741 745 750 751 752 753 754 757 758 759 761 763 765 767 768 770 772 773 775 776 784 788 791 792 793 794 795 796 804 806 807 808 810 812 814 816 817 819 820 821 823 824 825 826 834 836 838 839 840 842 843 846 849 850 853 855 856 857 859 862 863 864 868 869 872 876 877 878 879 880 882 884 885 887 890 891 892 894 897 899 900 901 905 908 911 912 913 920 921 925 929 930 931 933 936 937 939 940 941 944 947 952 956 958 961 962 963 964 966 967 969 970 972 973 974 979 980 983 984 986 987 988 990 992 995 996 997 998
campaign,reference,1000,10-0.5-M,4,60513,499,2 5 7 8 11 12 13 17 18 21 23 26 27 28 30 32 34 35 38 39 44 49 50 52 53 54 58 60 62 63 65 66 67 69 72 74 75 79 82 83 84 88 91 92 93 99 101 103 107 108 109 112 113 115 116 119 125 126 130 131 136 138 142 143 144 149 152 154 155 157 159 160 162 163 165 168 171 172 177 179 181 182 184 186 187 189 192 195 196 200 201 203 205 206 208 209 210 211 212 219 220 222 223 224 227 229 230 232 234 235 239 240 242 245 246 249 251 252 259 260 263 266 267 269 274 275 277 279 282 283 284 286 287 289 290 291 293 294 295 296 297 299 300 302 304 307 308 309 314 315 317 319 320 321 324 327 328 329 332 335 336 338 339 344 345 346 352 353 354 356 359 360 362 363 364 366 370 374 381 382 383 385 387 388 389 390 391 393 395 398 399 400 401 405 407 408 409 410 411 412 413 414 417 418 419 421 422 424 426 427 428 429 432 433 434 436 437 440 441 444 445 446 449 450 457 460 461 463 464 465 466 470 474 475 477 478 483 486 487 488 489 491 493 495 497 498 499 501 504 506 507 510 516 518 520 522 524 525 526 528 531 533 534 535 538 539 543 544 546 550 553 554 557 558 559 563 564 565 566 567 568 570 571 573 575 578 579 581 582 583 586 588 589 594 597 600 602 603 604 605 606 608 609 610 612 617 618 619 620 622 623 624 626 628 630 632 634 635 637 638 639 641 643 644 645 646 649 650 651 653 654 659 660 661 663 667 668 672 673 674 675 677 680 681 683 687 689 690 695 698 699 702 703 708 710 713 716 717 718 719 720 722 723 730 733 734 735 736 738 739 740 741 745 750 752 753 754 757 758 761 763 765 767 768 770 772 773 775 776 785 788 791 792 793 794 795 796 802 804 806 807 808 810 811 812 814 816 817 819 820 821 823 824 825 826 828 830 834 836 838 839 840 842 843 846 849 850 853 855 856 857 859 862 863 864 868 869 872 875 876 877 878 879 880 882 884 885 887 890 891 892 893 894 897 899 900 901 905 908 911 912 913 920 921 925 930 931 933 936 937 939 940 941 944 947 952 956 958 961 962 963 966 967 969 970 972 973 974 979 980 983 984 985 986 987 990 995 997 998
campaign,reference,1000,10-0.5-M,5,60725,499,2 4 5 7 8 11 12 13 14 17 18 21 23 26 27 28 30 31 34 35 37 38 39 44 50 52 53 54 58 60 62 65 66 67 69 72 74 75 79 82 83 84 85 87 91 92 93 99 101 103 107 108 109 112 113 115 116 119 121 124 125 126 127 129 130 131 136 138 142 143 144 146 149 152 155 157 158 159 160 162 163 165 166 168 172 177 179 181 182 186 187 189 192 195 196 200 201 203 205 206 208 209 210 211 212 219 220 223 227 229 230 234 235 239 240 245 246 249 251 252 254 259 260 263 266 267 269 274 275 277 279 283 284 286 287 289 290 291 294 295 296 297 298 299 300 302 304 307 308 309 310 312 314 315 317 319 320 321 324 327 329 332 335 338 339 344 345 346 352 353 356 359 360 362 364 366 370 371 373 374 381 382 383 385 387 388 389 390 391 393 395 399 400 405 407 408 409 410 411 412 414 417 418 421 422 424 426 427 428 429 432 433 434 436 437 440 441 444 445 446 450 457 460 461 463 464 465 466 470 473 474 475 477 478 483 486 487 488 489 491 493 497 498 499 502 504 506 510 516 518 520 522 524 525 526 528 531 533 534 535 538 539 543 544 550 553 554 557 558 559 563 564 565 566 567 568 570 571 573 575 578 579 581 582 583 586 588 589 594 600 602 604 605 606 608 609 610 612 617 618 619 620 621 622 623 624 626 628 630 632 634 635 637 638 639 641 643 644 646 648 649 650 651 653 654 659 660 661 663 664 667 668 672 673 674 675 677 680 683 687 689 690 695 698 699 702 703 705 708 710 713 716 717 718 719 720 722 723 726 730 733 734 735 736 740 741 745 750 751 752 753 754 757 758 759 761 762 763 765 767 768 769 770 772 773 775 776 785 788 789 791 792 793 794 795 801 802 804 806 807 808 810 812 814 816 817 819 820 823 824 825 831 834 836 838 839 840 842 843 844 846 849 850 853 855 856 857 859 862 863 864 868 869 872 876 877 878 879 880 882 884 885 887 890 891 892 893 894 897 899 900 901 905 908 911 912 913 921 925 930 931 933 935 936 937 939 940 941 942 944 947 952 956 958 961 962 963 966 967 969 970 971 972 973 974 976 979 980 982 983 984 985 986 987 990 994 995 997 998
campaign,reference,1000,1-0.75-P,1,381930,751,0 1 2 4 6 7 9 10 12 13 15 16 17 18 19 20 21 22 23 24 25 27 28 30 31 33 34 35 36 37 39 41 42 43 44 45 46 48 49 50 51 52 53 54 56 57 58 59 60 61 63 66 67 68 69 70 71 72 73 74 76 77 79 80 81 86 87 88 90 92 93 94 95 96 97 98 101 103 105 106 107 108 109 111 112 113 114 115 116 117 119 120 121 122 123 125 127 128 130 131 132 133 135 136 138 139 140 142 143 144 145 147 148 149 153 154 156 157 159 160 161 162 163 164 165 167 168 169 170 171 172 173 174 176 177 179 180 181 185 186 187 189 190 193 195 197 198 199 203 204 206 207 210 211 213 214 215 216 217 220 221 222 223 225 226 227 231 232 233 234 236 237 238 240 241 242 243 244 245 246 247 248 249 250 251 253 255 256 257 258 259 260 262 263 265 266 267 268 269 271 273 274 277 278 279 280 282 283 284 285 286 287 288 289 290 292 295 297 298 299 300 301 302 303 304 305 306 307 308 310 311 312 313 314 315 317 318 319 320 322 324 325 326 327 329 330 331 334 335 336 337 338 339 341 343 344 347 349 350 351 352 353 354 355 356 357 359 360 361 362 363 364 365 367 368 369 370 371 372 374 375 376 378 380 381 382 383 384 385 387 388 389 390 391 393 394 396 397 398 399 401 402 403 404 405 406 407 408 410 411 413 415 416 417 418 419 420 422 423 424 425 428 429 430 431 433 435 437 440 441 442 443 444 445 446 447 448 450 451 452 453 455 456 457 458 459 460 461 462 463 464 465 466 467 468 470 477 478 480 481 482 483 484 485 486 487 488 489 490 492 495 497 498 500 501 502 503 505 506 508 510 511 512 514 515 516 517 518 519 520 521 522 523 527 528 529 530 531 532 533 535 536 538 539 542 543 544 545 546 547 548 549 550 552 553 554 555 556 557 558 560 561 563 565 566 569 571 572 573 576 577 578 580 581 582 583 584 586 587 588 589 590 591 592 593 594 595 597 599 600 602 603 604 605 606 607 610 611 612 613 614 616 617 619 620 622 623 624 625 628 629 630 631 633 634 635 637 638 639 640 642 643 645 647 649 650 651 652 653 655 656 657 661 662 664 665 666 668 669 671 672 673 674 677 679 681 682 683 684 685 686 688 689 690 691 692 693 694 695 696 697 698 699 700 704 705 706 707 708 709 710 711 712 713 715 716 717 718 719 720 723 724 725 726 727 728 729 730 731 732 734 735 736 738 739 740 741 742 744 746 747 748 749 751 753 754 755 756 757 759 760 761 762 764 766 767 770 771 772 773 774 775 777 778 779 780 781 782 783 784 785 786 787 788 789 792 795 797 799 802 804 805 807 808 809 812 813 814 815 817 818 819 822 823 825 826 827 828 830 831 832 833 834 835 836 837 838 839 840 841 842 846 847 848 849 850 851 852 853 854 855 857 858 860 861 862 864 865 866 867 868 871 872 873 874 875 876 877 878 879 880 881 883 886 887 888 889 890 891 892 894 895 896 898 899 900 901 903 904 905 906 907 908 909 910 912 913 915 917 919 920 921 922 924 926 927 928 930 931 933 935 936 938 939 940 941 942 943 944 945 946 947 948 950 951 952 953 954 955 956 957 958 961 964 965 967 968 971 972 973 974 975 976 977 978 979 980 981 982 983 984 985 986 987 990 991 992 993 996 998 999
campaign,reference,1000,1-0.75-P,2,381935,752,0 1 2 4 5 6 7 9 10 12 13 15 16 17 18 19 20 21 22 23 24 25 27 28 30 31 33 34 35 36 37 39 41 42 43 44 45 46 48 49 50 51 52 53 54 56 57 58 59 60 61 63 66 67 68 69 70 71 72 73 74 76 77 79 80 81 86 87 88 89 90 92 93 94 95 96 97 98 101 103 105 106 107 108 109 110 111 112 113 114 115 116 117 119 120 121 122 123 125 126 127 128 130 131 132 133 135 139 140 142 143 144 145 147 149 153 154 156 157 158 159 160 161 162 163 164 165 167 168 169 170 171 172 173 174 176 177 180 181 185 186 187 189 190 191 193 195 198 199 203 204 206 207 210 211 213 215 216 217 220 221 222 223 225 226 227 228 231 232 233 234 236 237 238 240 241 242 243 244 245 246 247 248 249 250 251 253 255 256 257 258 259 260 262 263 265 267 268 269 271 273 277 278 279 280 283 285 286 287 288 289 290 292 295 297 299 300 301 302 303 304 305 306 307 308 309 310 311 312 313 315 317 318 319 320 321 322 324 325 327 329 330 331 332 334 335 336 337 338 339 341 343 344 347 349 350 351 352 353 354 356 357 359 360 361 362 363 364 365 367 368 369 370 371 372 374 375 376 377 378 380 381 382 383 384 385 387 388 389 390 391 392 393 396 397 398 399 401 402 403 405 406 407 408 410 411 413 415 416 417 418 419 420 421 422 423 424 425 426 428 429 430 431 433 435 437 440 441 442 443 444 445 446 447 448 450 451 452 453 455 456 457 458 459 460 461 462 463 464 465 466 467 468 470 471 476 477 478 479 480 481 482 483 484 485 486 487 488 489 490 492 493 495 497 499 500 501 502 503 504 505 506 508 510 511 512 514 515 516 517 518 519 520 521 522 523 524 527 528 529 530 531 532 533 535 536 537 538 539 541 542 545 546 547 548 549 550 551 552 553 554 555 556 557 558 559 560 561 563 565 566 567 569 570 571 572 573 575 576 577 578 579 580 581 582 584 587 588 589 590 591 592 593 594 595 597 599 600 601 602 604 605 606 607 610 611 612 613 614 616 617 619 620 622 623 624 625 628 630 633 635 636 637 638 639 640 643 647 649 650 651 652 653 655 656 657 660 661 662 664 665 666 668 669 671 672 673 677 679 681 682 683 684 685 686 688 690 691 692 693 694 695 696 697 698 699 700 704 705 706 707 708 709 710 711 712 715 716 717 718 719 720 721 723 724 725 726 727 728 729 730 731 732 734 735 736 738 739 740 741 744 746 747 748 749 751 752 753 754 755 756 757 759 760 762 764 766 767 770 771 772 773 774 775 776 777 778 779 780 781 782 783 784 785 786 787 788 789 792 795 797 799 802 804 805 807 808 809 812 813 814 815 817 818 819 820 822 823 825 826 827 828 830 831 832 833 834 835 836 837 838 839 840 841 842 843 846 847 848 849 850 851 853 854 855 857 858 860 861 862 863 864 865 866 867 868 871 872 873 874 875 876 877 878 879 880 881 883 884 886 887 888 889 890 891 892 894 895 896 898 899 900 901 903 904 905 906 907 908 909 910 912 913 915 917 919 920 921 922 924 926 928 930 931 933 935 936 938 939 940 941 942 943 944 945 946 947 948 950 951 952 953 954 955 956 958 961 964 965 967 968 969 971 972 973 974 975 977 978 979 980 982 984 985 986 987 990 991 992 993 996 998
campaign,reference,1000,1-0.75-P,3,381795,752,1 2 4 5 6 7 9 10 12 13 15 16 17 19 20 21 22 23 24 25 27 28 30 31 33 34 35 36 37 39 41 42 43 44 45 46 48 49 50 51 52 53 54 57 58 59 60 61 63 66 67 68 69 70 71 72 73 74 76 77 79 80 81 86 87 88 89 90 92 93 94 95 96 97 98 101 103 105 106 107 108 111 112 113 114 115 116 117 119 120 121 122 123 125 127 128 130 131 132 133 135 136 139 140 142 143 144 145 147 149 153 154 156 157 159 160 161 162 163 164 165 167 168 169 170 171 172 173 174 176 177 178 180 181 184 185 186 187 189 190 193 198 199 203 204 206 207 210 211 212 215 216 217 220 221 222 223 225 226 227 228 229 231 232 233 234 235 236 237 238 240 241 242 243 244 245 246 247 248 249 250 251 252 253 255 256 257 258 259 262 263 265 266 267 268 269 271 273 274 277 278 279 280 282 283 285 286 287 288 289 290 292 295 296 297 298 299 300 301 303 304 305 306 307 308 309 310 311 312 313 314 315 317 318 319 320 321 322 324 325 326 327 330 331 332 334 335 336 337 338 339 341 342 343 344 345 347 348 349 350 351 352 353 354 356 357 359 360 361 362 363 364 365 367 368 369 371 372 374 375 376 378 380 381 382 385 387 388 389 390 391 393 396 397 398 399 401 402 403 404 405 406 408 410 411 413 415 416 417 418 419 420 422 423 424 425 428 429 430 431 433 435 437 440 441 442 443 444 445 446 447 448 450 451 452 453 455 456 457 458 459 460 461 463 464 465 466 467 468 470 477 478 480 481 482 483 484 485 486 487 488 489 490 492 493 495 497 499 500 501 502 503 504 505 506 508 510 511 512 515 516 517 518 519 520 521 522 523 524 527 528 530 531 532 533 535 536 537 538 539 541 542 545 546 547 548 549 550 552 553 554 555 556 557 558 559 560 561 563 564 565 566 567 568 569 570 571 572 573 576 577 578 579 580 581 582 584 586 587 588 589 590 591 593 594 595 599 600 601 602 604 605 606 607 610 611 612 613 614 616 617 618 619 620 622 623 624 625 628 631 633 635 636 637 638 640 643 645 647 649 650 651 653 655 656 657 661 662 664 665 666 668 669 671 672 673 677 679 681 682 683 684 685 686 688 689 690 691 692 693 694 695 696 697 698 699 700 704 705 706 707 708 709 710 711 712 713 715 716 717 718 719 720 721 722 723 724 725 726 727 728 729 730 731 732 734 735 736 737 738 739 740 741 742 746 747 748 749 752 753 754 755 756 757 759 760 761 762 763 764 766 767 768 770 771 772 773 774 775 776 777 778 779 780 781 782 783 784 785 786 787 788 789 792 795 797 799 802 804 805 807 808 809 812 813 814 815 817 818 819 822 823 825 826 827 828 830 831 832 833 834 835 836 837 838 839 840 841 842 843 846 847 848 849 851 852 853 854 855 856 857 858 860 861 862 863 864 865 867 868 871 872 873 874 875 876 877 878 879 880 881 883 886 887 888 889 890 891 892 894 895 896 898 899 900 901 903 904 905 906 907 908 909 910 912 913 915 916 917 919 920 921 922 924 926 927 928 930 931 933 934 935 936 938 939 940 941 942 943 944 945 946 947 948 950 952 953 954 955 956 958 959 961 962 963 964 965 967 968 969 971 972 973 974 975 976 977 978 979 980 982 984 985 986 987 990 991 992 993 996 998 999
campaign,reference,1000,1-0.75-P,4,381890,751,0 1 2 3 4 5 6 7 9 10 11 12 13 14 15 16 17 18 19 20 21 22 23 24 25 27 28 30 31 33 34 35 36 37 39 41 42 43 44 45 46 48 49 50 51 52 53 54 56 57 58 59 60 61 63 66 67 68 70 71 72 73 74 76 77 79 80 81 86 87 88 89 90 92 93 94 95 96 97 98 101 103 105 106 107 108 109 111 112 113 115 116 117 119 120 121 122 123 125 127 128 130 131 132 133 135 136 139 140 142 143 144 145 147 149 150 153 154 155 156 157 159 160 161 162 163 164 165 167 168 169 170 171 172 173 174 176 177 180 181 185 186 187 189 190 191 193 195 198 199 203 204 206 207 210 211 215 216 217 220 221 222 223 225 226 227 229 231 232 233 234 235 236 237 238 240 241 242 243 244 245 246 247 248 249 250 251 253 255 256 257 258 259 260 262 263 265 267 268 269 271 273 274 275 277 278 279 280 282 283 285 286 287 288 289 290 292 295 297 298 299 300 301 302 303 304 305 306 307 310 311 312 313 314 315 317 318 319 320 321 322 324 325 327 329 330 331 332 333 334 335 337 338 339 341 342 343 344 347 349 350 351 352 353 355 356 357 359 360 361 362 363 364 365 367 368 369 370 371 372 374 375 376 378 380 381 383 385 387 388 389 390 391 393 396 397 398 399 401 402 403 405 406 407 408 410 411 413 415 416 417 418 419 420 421 422 423 425 428 429 430 431 432 433 435 437 440 441 442 443 444 445 446 447 448 450 451 452 453 455 456 457 458 459 460 461 463 464 465 466 467 468 470 472 476 478 481 482 483 484 485 486 487 488 489 490 492 493 495 497 499 500 501 502 503 505 506 508 510 511 512 514 515 516 517 519 520 521 522 523 524 527 528 530 531 532 533 535 536 537 538 539 541 542 543 545 546 547 548 549 550 551 552 553 554 555 556 557 558 559 560 561 563 564 565 566 569 571 572 573 576 577 578 579 580 581 582 584 585 587 588 589 590 591 592 593 594 595 598 599 601 602 603 604 605 607 610 611 613 614 616 617 618 619 620 622 623 624 625 628 630 633 635 636 637 638 639 640 641 643 647 649 650 651 652 653 655 656 657 661 662 664 665 666 668 669 671 672 673 677 679 681 682 683 684 685 686 688 689 690 691 692 693 694 695 696 697 698 699 700 704 705 706 707 708 709 710 711 712 713 714 715 716 717 718 719 720 721 723 724 725 726 727 728 729 730 731 732 734 735 736 738 739 740 741 742 746 747 748 749 751 752 753 754 755 756 757 759 760 761 762 764 766 767 770 771 772 773 774 775 776 778 779 780 781 782 783 784 785 786 787 788 789 792 795 797 799 802 804 805 807 808 809 811 812 813 814 815 817 818 819 820 822 823 825 826 827 828 830 831 832 833 834 835 836 837 838 839 840 841 842 843 846 847 848 849 850 852 853 854 855 856 857 858 860 861 862 863 864 865 867 868 871 872 873 874 875 876 877 878 879 880 881 882 883 886 887 888 889 890 891 892 894 895 896 898 899 900 901 903 904 905 906 907 908 909 910 912 913 915 917 919 920 921 922 924 926 930 931 933 935 936 938 939 940 941 942 943 944 945 946 947 948 950 951 952 953 954 955 956 958 961 963 964 965 967 968 969 971 972 973 974 975 976 977 978 979 980 982 983 984 985 986 987 990 991 992 993 996 998 999
campaign,reference,1000,1-0.75-P,5,381724,751,0 1 2 4 6 7 9 10 12 13 15 16 17 18 19 20 21 22 23 24 25 27 28 30 31 34 35 36 37 39 41 42 43 44 45 46 48 49 50 51 52 53 54 56 57 58 59 60 61 63 66 67 68 70 71 72 73 76 77 79 80 81 86 87 88 89 90 92 93 94 95 96 97 98 101 103 105 106 107 108 109 111 112 113 114 115 116 117 119 120 121 122 123 125 127 128 130 131 132 133 135 139 140 142 143 144 145 147 149 150 153 154 156 157 159 160 161 162 163 164 165 167 168 169 170 171 172 173 174 176 177 178 179 180 181 183 185 186 187 189 190 193 195 197 198 199 203 204 206 207 210 211 215 216 217 220 221 222 223 225 226 227 228 229 231 232 233 234 236 237 238 240 241 242 243 244 245 246 247 248 249 250 251 253 254 255 256 257 258 259 260 262 263 265 266 267 268 269 271 273 274 277 278 279 280 282 283 285 286 287 288 289 290 292 293 295 297 298 299 300 301 302 303 304 305 306 307 308 309 310 311 312 313 314 315 317 318 319 320 322 324 325 326 327 329 330 331 332 334 335 336 337 338 339 340 341 342 343 344 347 349 350 351 352 353 354 356 357 359 360 361 362 363 364 365 367 368 369 371 372 373 374 375 376 377 378 380 381 382 383 385 387 388 389 390 391 393 396 397 398 399 401 402 403 404 405 406 407 408 410 411 413 415 417 418 419 420 422 423 424 425 428 429 430 431 433 435 437 440 441 443 444 445 446 447 448 450 451 452 453 455 456 457 458 459 460 461 462 463 464 465 466 467 468 470 476 477 478 479 480 482 483 484 485 486 487 488 489 490 492 495 497 499 500 501 502 503 504 505 506 508 510 511 512 514 515 516 518 519 520 521 522 523 524 527 528 530 531 532 533 535 536 537 538 539 541 542 545 546 547 548 549 550 551 552 553 554 555 556 557 558 559 560 561 563 565 566 569 570 571 572 573 576 577 578 579 580 581 582 584 586 587 588 589 590 591 592 593 594 595 599 600 601 602 604 605 606 607 610 611 612 613 616 617 618 619 620 622 623 624 625 629 633 635 636 637 638 640 643 645 647 649 650 651 653 655 656 657 660 661 662 664 665 666 668 669 671 672 673 674 677 679 681 682 683 684 685 686 688 689 690 691 692 693 694 695 696 697 698 699 700 704 705 706 707 708 709 710 711 712 713 714 715 716 717 718 719 720 721 723 724 725 726 727 728 729 730 731 732 733 734 735 736 737 738 740 741 742 744 746 747 748 749 752 753 754 755 756 757 759 760 761 762 764 766 767 770 771 772 773 774 775 777 778 779 780 781 782 783 784 785 786 787 788 789 792 795 797 799 802 804 805 807 808 809 812 813 814 815 817 818 819 822 823 825 826 827 828 830 831 832 833 834 835 836 837 838 839 840 841 842 846 847 849 850 851 852 853 854 855 857 858 860 861 862 864 865 866 867 868 871 872 873 874 875 876 877 878 879 880 881 883 886 887 888 889 890 891 892 894 895 896 898 899 900 901 903 904 905 906 907 908 909 910 912 913 915 917 919 920 921 922 924 926 927 928 930 931 933 934 935 936 938 939 940 941 942 943 944 945 946 947 948 950 951 952 953 954 955 956 958 959 961 963 964 965 967 968 969 971 972 973 974 975 976 977 978 979 980 982 984 985 986 987 990 991 992 993 996 998 999
campaign,reference,1000,2-0.75-P,1,341980,751,0 1 2 3 4 5 6 7 8 9 10 11 12 13 14 15 17 18 19 21 24 25 26 27 28 31 33 34 35 36 37 38 39 40 42 43 44 45 47 48 49 50 53 54 56 57 58 59 62 65 67 68 69 70 71 72 73 75 76 77 78 79 80 81 82 83 84 87 88 89 92 93 94 95 96 97 98 99 100 101 103 105 106 107 108 109 110 111 113 114 116 118 120 122 123 124 125 126 131 132 133 134 135 136 137 138 140 142 144 145 146 147 148 149 150 151 152 154 155 156 157 158 159 161 165 166 167 169 170 171 172 173 174 175 176 177 179 180 181 182 185 186 187 188 189 190 191 192 196 197 198 199 202 203 204 205 206 207 208 209 210 211 212 213 214 215 216 217 218 219 220 223 227 228 229 230 232 234 235 236 237 238 239 240 241 243 244 245 246 247 248 249 250 251 252 254 257 258 259 261 262 263 264 267 268 269 270 272 273 274 275 276 277 278 280 284 285 286 287 289 290 291 292 293 294 295 296 298 299 302 304 305 306 308 309 311 312 313 316 317 318 319 320 321 325 326 327 328 329 330 331 333 334 336 337 338 339 340 341 342 344 345 346 348 349 350 352 353 354 357 358 359 360 361 362 363 364 365 366 367 368 369 370 371 373 374 376 377 378 379 381 384 385 386 387 390 391 392 393 394 395 396 397 398 399 401 402 403 405 407 408 409 410 411 412 416 417 418 421 422 423 424 425 426 427 431 432 434 435 436 437 439 440 442 443 446 447 448 449 450 451 453 454 455 457 458 459 460 461 462 463 464 465 466 467 468 469 471 472 476 477 478 479 480 483 484 485 486 488 489 490 494 498 499 500 501 502 503 504 506 507 508 509 510 511 513 515 516 517 518 520 521 523 524 525 526 529 530 531 532 533 535 536 537 539 540 541 542 543 544 546 547 548 549 550 551 552 553 554 556 558 559 561 562 565 566 567 568 569 570 572 574 575 579 580 581 584 586 588 590 591 592 593 594 595 596 597 598 599 600 601 602 603 604 605 606 607 608 609 610 611 612 613 615 617 618 619 620 622 623 626 628 629 631 632 633 634 635 636 637 638 640 641 642 643 644 645 646 647 648 649 650 651 652 653 656 657 658 659 660 661 662 664 665 667 669 670 671 672 673 674 675 677 678 679 680 682 684 687 689 691 692 694 695 697 698 699 700 701 702 703 704 707 708 709 712 713 714 716 717 719 720 721 723 724 726 727 728 729 730 731 732 733 734 735 736 739 740 741 742 744 745 746 747 749 751 752 753 754 755 756 758 759 760 761 762 763 764 765 766 768 769 770 772 774 775 777 779 780 781 782 784 785 788 789 792 793 795 796 797 799 800 801 802 803 804 805 807 808 809 810 811 812 813 814 815 816 817 818 819 820 821 822 824 825 829 830 831 832 835 836 838 839 841 842 843 844 845 848 849 850 851 852 853 854 856 857 858 859 861 862 863 864 865 867 870 871 873 874 875 877 879 880 883 884 886 887 888 889 891 892 893 894 895 896 898 899 900 901 902 903 904 907 908 909 910 911 912 915 917 918 919 920 922 923 925 926 927 928 931 932 934 935 936 938 940 942 943 944 945 946 947 949 950 951 952 953 954 956 957 958 959 961 962 963 964 965 966 968 969 970 971 973 974 975 976 979 980 982 983 985 986 987 988 991 992 993 995 996 998 999
campaign,reference,1000,2-0.75-P,2,341981,751,0 1 2 3 4 5 7 8 9 10 11 12 13 14 15 16 18 19 24 25 26 27 28 29 31 33 34 35 36 37 39 40 42 43 44 45 47 48 49 53 54 55 56 57 58 59 61 62 63 65 67 68 69 70 71 72 73 74 75 76 77 78 79 81 82 83 84 87 88 91 92 94 95 96 97 98 99 100 101 103 104 105 106 107 108 109 110 111 113 114 116 118 120 122 123 124 125 126 128 132 133 134 136 137 138 140 142 143 144 145 146 147 148 149 150 151 152 154 155 156 157 158 159 161 162 165 166 167 169 170 171 172 173 174 175 176 177 178 179 180 181 185 186 187 188 189 190 191 192 196 198 199 201 202 203 204 205 206 207 208 209 210 212 213 214 215 216 217 218 219 220 221 222 223 226 227 228 229 230 232 233 234 236 237 238 239 240 241 243 245 246 247 248 249 250 251 252 253 254 256 257 258 259 260 261 262 263 264 267 268 269 270 272 273 274 275 276 278 279 282 284 286 287 289 290 291 292 293 294 295 296 297 298 299 302 304 305 306 309 311 313 316 318 319 320 321 325 326 327 329 330 331 333 334 337 338 339 340 341 342 343 344 345 349 350 352 353 354 356 357 358 359 360 361 362 363 364 366 367 368 369 370 371 372 373 374 376 377 378 379 381 384 385 386 387 390 391 392 393 394 395 397 398 399 401 402 405 406 407 408 409 410 411 412 413 415 416 417 421 422 423 424 425 426 427 431 432 434 435 436 437 438 439 440 442 443 444 446 447 448 450 451 452 453 454 455 457 458 459 461 462 463 464 465 466 467 468 469 470 471 472 476 477 478 479 480 481 483 484 485 486 487 488 489 490 493 494 498 499 501 502 503 504 506 508 509 510 511 513 515 516 517 518 520 521 523 524 525 526 530 531 532 533 535 536 537 539 540 541 542 543 544 546 548 550 551 552 553 554 556 557 558 559 562 565 566 567 568 569 570 572 574 575 579 581 582 584 586 588 590 591 592 593 594 595 596 598 599 600 601 602 603 604 605 606 607 608 609 610 611 612 615 616 617 618 619 620 621 622 623 624 626 628 629 631 632 633 634 635 636 637 638 640 641 642 643 644 645 646 647 648 649 650 651 652 654 656 657 658 659 660 662 664 665 666 667 668 669 671 672 673 674 675 677 678 679 680 682 684 685 686 687 688 689 691 692 694 695 697 699 700 701 702 704 707 709 712 713 716 719 720 721 722 723 724 726 727 728 729 730 731 734 735 739 740 741 744 745 746 747 748 749 751 752 753 754 755 756 757 758 759 760 761 762 764 765 766 768 769 770 771 772 774 775 777 779 780 781 782 784 785 788 789 792 793 795 796 797 798 799 801 802 803 804 807 808 809 810 811 812 813 814 815 816 817 818 820 821 822 824 825 827 829 830 831 832 835 836 837 838 839 840 841 842 843 844 845 848 849 850 851 852 853 854 855 856 857 858 859 861 862 863 864 865 866 867 870 871 872 873 874 875 877 879 880 883 884 886 887 888 889 890 891 892 894 895 896 898 900 901 902 903 904 907 908 909 910 911 912 915 917 918 919 920 922 923 925 926 927 928 931 932 934 935 936 937 938 939 940 942 943 944 945 946 947 950 951 952 954 956 958 959 961 962 963 964 965 966 968 969 970 971 973 974 975 976 978 980 982 983 985 986 987 988 991 992 993 995 996 998 999
campaign,reference,1000,2-0.75-P,3,342194,752,0 1 2 3 4 5 7 8 9 10 11 12 13 14 15 16 18 19 21 24 25 26 27 28 29 31 33 35 36 37 39 40 42 43 44 45 47 48 49 54 56 57 58 59 60 62 63 65 66 67 68 69 70 71 72 73 75 76 77 78 79 80 81 82 83 84 85 87 88 89 91 92 94 95 96 97 98 99 100 101 103 105 106 107 108 109 110 111 112 113 116 118 119 120 122 123 124 125 126 129 131 132 133 134 136 137 138 140 142 143 144 145 146 147 148 149 150 151 152 154 155 156 157 158 159 160 165 166 167 169 170 171 172 173 174 175 176 177 179 181 185 186 187 188 189 190 191 192 196 197 198 199 201 202 204 205 206 207 208 209 210 212 213 214 215 216 217 218 219 220 223 226 227 228 229 230 234 235 236 237 238 239 240 241 243 244 245 246 247 248 249 250 251 252 254 256 257 258 259 260 261 262 263 265 267 268 269 270 273 274 276 278 279 280 282 284 286 287 289 290 291 292 293 294 295 296 298 299 302 304 306 309 311 313 316 318 319 320 321 325 326 327 329 330 331 333 334 336 337 338 339 340 341 342 343 344 345 346 349 350 352 354 355 356 357 358 359 360 361 363 364 366 367 368 369 370 371 373 374 375 376 378 379 381 384 385 386 387 390 391 392 393 394 395 396 397 398 399 401 402 405 406 407 408 409 410 411 412 413 416 417 418 421 422 423 424 425 426 427 432 434 435 436 437 439 440 442 443 446 447 448 450 451 452 453 454 455 457 458 459 461 462 463 464 465 466 467 468 469 471 472 476 477 478 479 480 483 484 485 486 488 489 490 492 494 498 499 501 502 503 504 506 507 508 509 510 511 513 514 515 516 517 518 520 521 523 524 525 526 530 531 532 533 535 537 539 540 541 542 543 544 546 547 548 550 552 553 554 556 558 559 562 563 565 566 567 568 569 570 572 574 575 579 581 584 586 588 590 592 593 594 595 596 597 598 599 600 601 602 603 604 605 606 607 608 609 610 611 612 613 614 615 617 618 619 620 622 623 626 627 628 629 631 632 633 634 635 636 637 638 640 641 642 643 644 645 646 647 648 649 650 651 652 653 654 656 657 658 659 660 662 665 667 668 669 671 672 673 674 675 677 678 679 680 682 683 684 685 686 687 688 689 691 692 694 695 697 698 699 700 701 702 704 707 708 709 712 713 714 715 716 717 719 720 721 722 723 724 726 727 728 729 730 731 732 733 734 735 736 737 739 741 744 745 746 747 748 749 751 752 753 754 755 756 757 758 760 761 762 763 764 765 766 768 769 770 771 772 774 775 777 779 780 781 782 784 785 788 789 792 793 795 796 797 798 799 801 802 803 804 807 808 809 810 811 812 813 814 815 816 817 818 819 820 821 822 823 824 825 827 829 830 831 832 833 834 835 836 837 838 839 841 842 843 844 845 848 849 850 851 852 853 854 855 856 857 858 859 861 862 863 864 865 866 867 868 870 871 872 873 874 875 876 877 879 880 883 884 886 887 888 889 891 892 894 895 896 898 899 900 901 902 903 907 908 909 910 911 912 915 917 918 919 920 922 923 925 926 927 928 931 932 934 935 936 937 938 940 942 943 944 945 946 947 949 950 951 952 954 956 958 959 961 962 963 964 965 966 968 969 970 971 973 974 975 976 978 979 980 982 983 985 986 987 988 991 992 993 995 996 998 999
campaign,reference,1000,2-0.75-P,4,342063,751,0 1 2 3 4 5 7 8 9 10 11 12 13 14 15 18 19 21 23 25 26 27 28 29 30 31 33 35 36 37 38 39 40 43 44 45 47 48 49 53 54 56 57 58 59 60 61 62 63 65 66 67 68 69 70 71 72 73 74 75 76 77 78 79 80 81 82 83 84 87 88 89 91 92 93 94 95 96 97 98 99 101 103 104 105 106 107 108 109 110 111 112 113 114 115 118 120 122 123 124 125 126 129 131 132 133 134 135 136 137 138 139 140 142 143 144 145 146 147 148 149 150 151 152 153 154 155 156 157 158 159 165 166 169 170 171 172 173 174 175 176 177 179 180 181 182 185 187 188 189 190 191 192 196 197 198 199 202 203 204 205 206 207 208 209 210 212 213 214 215 216 217 219 220 222 223 226 227 229 230 231 232 234 237 238 239 240 241 243 244 245 246 247 248 249 250 251 252 254 256 257 258 259 260 261 262 263 264 267 268 269 270 272 273 274 275 276 278 279 282 284 285 286 287 289 290 291 292 293 294 295 296 298 299 302 304 305 306 308 309 311 312 313 316 318 319 320 321 325 326 327 330 331 333 334 336 337 338 339 340 341 342 343 344 345 346 348 349 350 352 354 355 356 357 358 359 360 361 362 363 364 366 367 368 369 370 371 373 374 376 377 378 379 381 384 385 386 387 390 391 392 393 394 395 396 397 398 399 401 402 403 405 406 407 408 409 410 411 412 413 415 416 417 421 422 424 425 426 427 429 431 432 434 435 436 437 439 440 442 443 446 447 448 450 451 452 453 454 455 457 458 459 461 462 463 464 465 466 467 468 469 471 472 476 477 479 480 484 485 486 488 489 490 494 498 499 501 502 503 504 506 508 509 510 511 513 515 516 517 518 520 521 523 524 525 526 528 529 530 531 532 533 535 537 538 539 540 541 542 543 544 545 546 547 548 550 551 552 553 554 556 558 559 562 563 566 567 568 569 570 572 574 575 579 581 582 584 586 588 590 592 593 594 595 596 599 600 601 602 603 604 605 606 607 608 609 610 611 612 613 615 616 617 618 619 620 622 623 624 626 627 628 629 631 632 634 635 636 637 638 640 641 642 643 644 645 646 647 648 649 650 651 652 656 657 658 659 660 662 665 667 668 669 671 672 673 674 675 677 678 679 680 682 684 687 689 691 692 694 695 697 699 700 701 702 704 707 708 709 712 713 716 719 720 721 722 723 724 726 727 728 729 730 731 733 734 735 736 739 740 741 744 745 746 747 749 751 752 753 754 755 756 757 758 759 760 761 762 763 764 765 766 768 769 770 771 772 774 775 777 779 780 781 782 784 785 788 789 792 793 794 795 796 797 799 801 802 803 804 807 808 809 810 811 812 813 814 815 816 817 818 820 822 824 825 827 829 830 831 832 833 835 836 837 838 839 840 841 842 843 844 845 848 849 850 851 852 853 854 855 856 857 858 859 861 862 863 864 865 866 867 868 869 870 871 872 873 874 875 877 879 880 881 883 884 886 887 888 889 891 892 895 896 898 899 900 901 902 903 904 907 908 910 912 915 917 918 919 920 921 922 923 925 926 927 928 931 932 934 935 936 937 938 939 940 942 943 944 945 946 947 949 950 951 952 954 956 958 959 961 962 963 964 965 966 968 969 970 971 973 974 975 976 978 979 980 981 982 983 985 986 987 988 991 992 993 994 995 996 998 999
campaign,reference,1000,2-0.75-P,5,342115,751,0 1 2 3 4 5 7 8 9 10 12 13 14 15 18 19 24 25 26 27 28 31 33 34 35 36 37 39 40 42 43 44 45 47 48 49 53 54 56 57 58 59 61 62 65 67 68 69 70 71 72 73 74 75 76 77 78 79 80 81 82 83 84 87 88 89 91 92 93 94 95 96 97 98 99 101 103 105 106 107 108 110 111 112 113 114 116 118 120 121 122 123 124 125 126 129 131 132 133 134 136 137 138 140 141 142 143 144 145 146 147 148 149 150 151 152 154 155 156 157 158 159 162 165 166 169 170 171 172 173 175 176 177 179 181 184 185 187 188 189 190 191 192 196 197 198 199 202 204 205 206 207 208 209 210 212 213 214 215 216 217 218 219 220 222 223 224 226 227 228 229 230 232 234 235 237 238 239 240 241 243 244 245 246 247 248 249 250 251 252 254 256 257 258 259 261 262 263 264 267 268 270 272 273 274 275 276 278 280 282 284 286 287 289 290 291 292 293 294 295 296 297 298 299 302 304 306 309 311 312 313 316 318 319 320 321 323 325 326 327 329 330 331 333 334 336 337 338 339 340 341 342 343 344 345 346 349 350 352 353 354 355 356 357 358 359 360 361 362 363 364 365 366 367 368 369 370 371 373 374 376 377 378 379 381 384 385 386 387 390 391 392 393 394 395 396 397 398 399 401 402 403 405 406 407 408 409 410 411 412 413 416 417 418 421 422 423 424 425 426 427 431 432 434 435 436 437 438 439 440 443 446 447 448 450 451 452 453 454 455 457 458 459 460 461 462 463 464 465 466 467 468 469 471 472 476 477 479 480 481 482 483 484 486 487 488 489 490 492 494 498 499 500 501 502 503 504 506 507 508 509 510 511 513 515 516 517 518 520 521 523 524 525 526 529 530 531 532 533 535 537 539 540 541 542 543 544 546 548 550 551 552 553 554 555 556 558 559 561 562 563 565 566 567 568 569 570 572 574 575 579 581 584 586 588 590 592 593 594 595 596 597 598 599 600 601 602 603 604 605 606 607 608 609 610 611 612 613 615 617 618 619 620 622 623 624 626 628 629 630 631 632 633 634 635 636 637 638 640 641 642 643 644 645 646 647 648 649 650 651 652 656 657 658 659 660 661 662 664 665 666 667 668 669 671 672 673 674 675 677 678 679 680 682 684 685 687 688 689 691 692 693 694 695 697 699 700 701 702 704 707 708 709 712 713 714 716 719 720 721 722 723 724 726 727 728 729 730 731 732 733 735 736 737 739 741 744 745 746 747 749 751 752 753 754 755 756 757 758 759 760 761 762 763 764 765 766 768 769 770 771 772 773 774 775 777 779 780 781 782 784 785 788 789 792 793 794 795 796 797 798 799 801 802 803 804 807 808 809 810 811 812 813 814 815 816 817 818 819 820 822 823 824 825 827 829 830 831 832 835 836 837 838 840 842 843 844 845 847 848 849 850 851 852 853 854 855 856 857 858 859 861 862 863 864 865 866 867 868 870 871 872 873 874 875 877 879 880 883 884 886 887 888 890 891 892 893 894 895 896 898 899 900 901 902 903 904 907 908 910 911 912 915 917 918 919 920 922 923 925 926 927 928 931 932 934 935 936 938 940 942 943 944 945 946 947 949 950 951 952 954 956 957 958 961 962 963 964 965 966 968 969 970 971 973 974 975 976 980 982 983 985 986 987 988 991 992 995 996 998 999
campaign,reference,1000,3-0.75-P,1,364692,750,0 1 2 3 6 7 8 9 10 11 12 13 14 15 16 19 20 22 23 24 25 26 28 29 31 32 33 34 35 37 38 39 40 43 44 45 46 47 48 49 50 51 53 54 55 56 58 59 60 66 67 68 69 71 72 73 74 75 76 77 79 80 82 83 84 86 87 89 90 91 94 95 96 97 98 100 101 102 103 105 107 108 111 113 115 116 117 118 119 121 122 123 124 125 126 127 128 129 130 131 132 133 134 135 136 137 139 141 146 147 149 150 151 153 154 155 156 157 159 160 162 163 165 166 167 170 171 172 174 176 179 180 181 182 183 184 186 189 190 191 192 195 196 197 198 200 203 204 205 207 208 210 211 212 213 214 215 217 218 220 221 222 223 224 225 226 227 228 229 230 231 232 233 235 238 239 242 243 244 245 246 247 248 249 251 252 253 256 257 258 260 261 262 263 264 265 266 267 268 271 273 275 276 277 278 279 280 281 283 285 286 287 288 289 290 291 293 294 296 297 298 299 300 302 304 306 308 309 311 312 314 316 318 319 320 321 322 324 325 327 328 329 330 331 332 333 334 336 337 338 339 341 343 344 347 349 350 351 352 354 356 357 358 359 360 361 362 363 364 365 367 370 371 372 373 374 375 377 378 379 380 382 383 384 385 386 387 388 389 390 391 392 393 394 395 396 397 398 399 400 402 403 404 405 406 407 408 409 410 411 412 413 414 415 418 419 420 422 424 425 426 427 429 430 431 432 433 434 435 436 438 440 441 442 444 445 446 447 448 449 450 451 452 453 454 455 456 457 458 459 460 461 463 466 468 469 470 471 472 473 474 475 476 478 479 481 482 483 485 486 487 491 492 493 494 496 497 499 500 501 502 503 504 505 506 507 508 509 512 513 514 515 516 518 521 522 523 524 525 526 528 529 530 531 532 533 534 535 538 539 542 543 544 548 549 550 553 555 556 557 559 560 561 563 564 565 566 567 568 570 571 573 574 576 579 580 581 582 583 584 585 586 587 588 589 590 591 593 594 595 597 598 599 601 602 603 604 606 608 609 610 613 614 615 616 619 620 621 623 624 625 626 627 628 629 630 631 632 633 634 635 636 637 639 640 641 642 643 644 646 648 649 651 652 653 654 655 656 658 659 660 661 662 664 666 671 672 673 674 675 677 678 679 681 682 683 686 687 688 689 690 691 692 693 694 696 698 699 700 701 703 704 706 707 708 709 710 711 713 714 715 716 717 719 720 722 723 724 725 726 727 728 729 730 731 732 733 734 735 736 737 738 739 740 742 744 745 749 750 752 753 754 755 756 757 758 759 762 763 764 765 766 768 769 770 772 774 775 777 778 779 782 784 785 786 787 788 789 790 791 792 794 795 796 797 799 801 802 803 804 805 806 808 809 810 811 812 813 814 815 816 817 818 819 820 821 822 824 825 826 827 828 832 834 835 836 838 842 843 844 846 847 848 849 850 852 854 855 857 858 861 862 864 865 866 867 868 869 872 875 878 879 880 883 884 885 886 887 888 891 892 894 895 897 898 899 900 902 903 904 905 906 908 909 910 911 912 913 914 915 916 917 919 920 923 924 926 927 928 929 931 932 934 935 936 938 939 940 941 942 943 944 946 947 948 949 950 952 953 956 957 958 959 961 962 965 966 967 968 969 972 973 977 979 980 982 983 984 985 986 987 988 989 990 991 992 993 994 996 997
campaign,reference,1000,3-0.75-P,2,364793,750,0 1 2 6 7 8 9 10 11 12 13 14 16 19 20 22 24 25 26 28 29 30 31 32 33 34 35 37 38 39 40 41 43 44 45 46 47 48 49 50 51 53 54 55 56 58 59 60 66 67 68 69 70 72 73 74 75 76 77 79 80 81 82 83 86 87 89 90 91 95 96 97 98 100 101 102 103 104 107 108 110 111 113 116 117 118 119 121 122 124 125 127 128 129 130 131 132 133 134 135 136 137 139 141 144 146 147 149 150 151 153 154 155 156 157 159 160 162 165 166 167 170 171 172 175 176 179 180 181 182 183 184 185 186 189 190 191 192 194 195 196 197 198 200 201 203 204 205 207 208 209 210 212 213 214 215 218 220 221 222 223 224 225 226 227 228 229 230 231 232 233 235 237 238 239 242 243 244 245 246 247 248 249 250 251 252 253 256 257 258 260 261 262 263 264 265 267 268 271 273 275 276 277 278 279 280 281 283 285 286 287 288 289 290 291 293 296 297 298 299 300 302 304 306 308 309 311 312 314 316 318 319 320 321 322 324 325 327 328 329 330 331 332 333 334 336 337 338 340 341 343 344 347 348 349 350 351 352 354 356 357 358 359 360 361 362 363 364 365 367 370 371 372 373 374 375 377 378 379 380 381 382 383 384 385 386 387 388 389 390 391 392 393 394 395 396 397 398 399 400 402 403 404 405 406 407 408 409 410 411 412 414 415 418 420 421 422 424 425 426 427 429 430 431 432 433 434 435 436 437 438 440 441 442 444 445 446 447 448 449 450 451 452 453 454 455 456 457 458 459 460 461 463 466 468 469 470 471 472 473 474 475 476 478 479 480 481 482 483 485 486 487 488 491 492 493 494 497 499 500 501 502 503 504 505 506 507 508 509 510 511 512 513 514 515 516 518 521 522 523 524 525 526 527 528 529 530 531 532 533 534 537 539 540 542 543 544 545 548 549 550 553 554 555 556 557 559 560 561 563 564 565 566 567 568 570 571 572 573 574 576 579 580 581 582 583 584 585 586 587 588 589 590 591 593 594 595 597 598 599 601 602 603 604 606 608 609 610 612 613 614 615 616 619 620 621 623 624 625 626 627 628 629 630 631 632 633 635 636 637 639 640 641 642 643 644 646 648 649 652 653 654 655 656 657 658 659 660 661 662 664 666 669 671 672 673 674 675 677 678 679 681 682 683 686 687 688 689 690 691 692 693 694 696 698 700 701 703 704 706 707 709 710 711 713 714 715 716 717 719 721 722 723 724 725 726 727 728 729 730 731 732 734 735 736 737 738 739 740 742 744 745 750 752 753 754 755 756 757 758 759 763 764 765 766 768 769 770 772 773 774 775 777 779 782 784 785 786 787 788 789 790 791 792 794 795 796 797 799 801 802 803 804 805 806 808 809 810 811 812 813 814 815 816 817 818 819 821 822 824 825 827 828 831 832 834 835 836 838 842 843 844 846 847 848 849 850 852 854 855 857 858 860 861 862 863 864 865 866 867 869 872 875 876 877 878 879 883 884 885 886 887 888 891 894 895 897 898 900 902 903 904 905 906 908 909 910 911 912 913 914 915 916 917 918 919 920 923 924 926 927 928 929 931 932 934 935 938 939 940 941 942 943 944 946 947 948 949 950 952 956 957 958 959 962 965 966 967 968 969 972 973 975 977 979 980 982 983 984 985 986 987 989 990 991 992 993 996 997 998
campaign,reference,1000,3-0.75-P,3,364835,751,0 1 2 6 7 8 9 10 11 12 13 14 15 16 19 20 22 23 24 25 26 28 29 30 31 32 33 34 35 37 38 39 40 43 44 45 46 47 48 49 50 51 53 54 55 56 58 59 60 66 67 68 70 72 73 74 75 76 77 79 80 81 86 87 88 89 90 91 95 96 97 98 100 101 102 103 107 108 111 113 115 116 117 118 119 121 122 123 124 125 126 127 128 129 130 131 132 133 134 136 137 138 139 141 144 146 147 148 149 150 151 153 154 155 156 157 159 160 162 164 165 166 167 170 171 172 174 176 179 180 181 182 183 184 186 189 190 191 192 195 196 197 198 200 203 204 205 206 207 208 209 210 212 213 214 215 217 220 221 222 223 224 225 226 227 228 229 230 231 232 233 235 238 239 240 242 243 244 245 246 247 248 249 250 251 252 253 256 257 258 260 261 262 263 264 265 267 268 271 273 275 276 278 279 280 281 283 285 286 287 288 289 290 291 292 293 296 297 298 300 302 304 306 308 309 310 311 312 314 315 316 318 319 320 321 322 324 325 327 328 329 330 331 332 333 334 336 337 338 339 340 341 343 344 347 349 350 351 352 354 356 357 358 359 360 361 362 363 364 365 367 369 370 371 372 373 374 375 376 377 378 379 380 382 383 384 385 386 387 390 391 392 393 395 396 397 398 400 402 403 404 405 406 407 408 409 410 411 412 413 414 415 418 420 422 424 425 426 427 429 430 431 432 433 434 435 436 438 440 441 442 443 444 445 446 447 448 449 451 452 453 454 455 456 457 458 459 460 461 463 466 468 469 470 471 472 473 474 475 476 478 480 481 482 483 485 486 487 491 492 493 494 495 496 497 499 500 501 502 503 504 505 506 507 508 509 510 511 512 513 514 515 516 518 521 522 523 524 525 526 527 528 529 530 531 532 533 534 535 539 540 542 543 544 545 547 548 549 550 553 554 555 556 557 559 560 561 563 564 565 566 567 568 570 571 572 573 574 576 579 580 581 582 583 584 585 586 587 588 589 590 591 593 594 595 597 598 599 601 602 603 604 606 608 609 610 613 614 615 616 617 619 620 621 623 624 625 626 627 628 629 630 631 632 633 635 636 637 639 640 641 642 643 644 646 648 649 651 652 653 654 655 656 657 658 659 660 661 662 664 665 666 669 671 672 673 674 675 677 678 679 681 682 683 686 687 688 689 690 691 692 693 694 696 698 700 701 702 703 704 706 707 709 710 711 713 714 715 716 717 719 721 722 723 724 725 726 727 728 729 730 731 732 734 735 736 737 738 739 740 742 744 745 749 750 752 753 754 755 756 757 758 759 762 763 764 765 768 769 770 773 774 775 777 779 782 784 785 786 787 789 790 791 792 794 795 796 797 799 801 802 803 804 805 806 808 809 810 811 812 813 815 816 817 818 819 821 822 824 825 826 827 828 832 834 835 836 838 839 842 843 844 846 848 849 850 852 854 855 857 858 861 864 865 866 867 868 869 872 874 875 876 877 878 879 883 884 885 886 887 888 891 894 895 897 898 899 900 902 903 904 905 906 908 909 910 911 912 913 914 916 919 920 921 923 924 926 927 928 929 931 932 934 935 938 939 941 942 943 944 946 947 948 949 950 952 953 955 956 957 958 959 962 964 965 966 967 968 969 972 973 975 977 979 980 982 983 984 985 986 987 989 990 991 992 993 994 995 996 997 998
campaign,reference,1000,3-0.75-P,4,364806,751,0 1 2 6 7 8 9 10 11 12 13 14 15 16 19 20 22 24 25 26 28 29 30 31 32 33 34 35 36 37 38 39 40 43 44 45 46 47 48 49 50 51 53 54 55 56 58 59 60 62 66 67 68 69 70 71 72 73 74 75 76 77 79 80 81 82 83 84 86 87 88 89 90 91 94 95 96 97 98 100 101 102 103 104 105 107 108 110 111 113 115 116 117 118 119 121 122 125 127 128 129 130 131 132 133 134 135 136 137 139 141 146 147 148 150 151 153 154 155 156 157 159 160 162 165 166 167 170 171 172 174 176 179 180 181 182 183 184 185 186 189 190 191 192 195 196 197 198 200 203 204 205 207 208 209 210 212 213 214 215 217 218 220 221 222 223 224 225 226 227 228 229 230 231 232 233 235 238 239 242 243 244 245 247 248 249 251 252 253 256 258 260 261 262 263 264 265 267 268 271 273 275 276 277 278 279 280 281 283 285 286 287 288 289 290 291 293 294 296 297 298 299 300 302 304 306 308 309 310 311 312 313 315 316 318 319 320 321 322 324 325 327 328 329 330 331 332 333 334 336 337 338 339 340 343 344 347 349 350 351 352 354 356 357 358 359 360 361 362 363 364 365 367 370 372 373 374 375 376 377 378 379 380 381 382 383 384 385 386 387 388 389 390 391 392 393 395 396 397 398 399 400 402 403 405 406 407 408 409 410 413 414 415 418 420 422 424 425 426 427 429 430 431 432 433 434 435 436 438 440 441 442 443 444 445 446 447 448 449 450 451 452 453 454 455 456 457 458 459 460 461 463 466 468 469 470 471 472 473 474 475 476 479 480 481 482 483 485 486 487 491 492 493 494 495 496 497 499 500 501 502 503 504 505 506 507 508 509 510 511 512 513 514 515 516 518 521 522 523 524 525 526 527 528 529 530 531 532 533 534 535 537 539 540 541 542 543 544 545 548 549 550 551 553 554 555 556 557 559 560 561 564 565 566 567 568 570 571 572 573 574 576 579 580 581 582 583 584 585 586 587 588 589 590 591 593 594 595 597 598 599 601 602 603 604 606 608 609 610 613 614 615 616 619 620 621 623 624 625 626 627 628 629 630 631 632 633 634 635 636 637 639 640 641 642 643 646 648 649 651 652 653 654 655 656 657 658 659 660 661 662 664 666 671 672 673 674 675 677 678 681 682 683 686 687 688 689 690 691 692 693 694 696 698 700 701 703 704 706 707 709 710 711 713 715 716 717 719 722 723 724 725 726 727 728 729 730 731 732 734 735 736 737 738 739 740 742 744 745 749 750 752 753 754 755 756 757 758 759 762 763 764 765 766 768 769 770 772 773 774 775 777 779 782 784 785 786 787 789 790 791 792 793 794 795 796 797 799 801 802 803 804 805 806 808 809 810 811 812 813 814 815 816 817 818 819 821 822 824 825 826 827 828 832 834 835 836 838 842 843 844 846 848 849 850 852 854 855 857 858 861 862 863 864 865 866 867 868 869 872 874 875 876 877 878 879 883 884 885 886 887 888 891 892 894 895 897 898 899 900 902 903 904 906 908 909 910 911 912 913 914 916 917 918 919 921 923 924 926 927 928 929 931 932 934 935 938 939 940 941 942 943 944 946 947 948 949 950 952 953 956 957 958 959 960 962 965 966 967 968 969 972 973 975 977 979 980 982 983 984 985 986 987 989 990 991 992 993 995 996 997
campaign,reference,1000,3-0.75-P,5,364812,750,0 1 2 6 7 8 9 10 11 12 13 14 15 16 19 20 22 24 25 26 28 29 31 32 33 34 35 37 38 39 40 41 43 44 45 46 47 48 49 50 51 53 54 55 56 58 59 62 66 67 68 69 70 72 73 74 75 76 77 79 80 83 84 86 87 88 89 90 91 94 95 96 97 98 99 100 101 102 103 104 107 108 111 113 116 117 118 119 121 122 125 126 127 128 129 130 131 132 133 134 136 137 139 141 146 147 149 150 151 153 154 155 156 157 159 160 162 165 166 167 170 171 172 174 176 179 180 182 183 184 185 186 189 190 191 192 195 196 197 198 200 203 204 205 207 208 209 210 211 212 213 214 215 217 218 220 221 223 224 225 226 227 229 230 231 232 233 235 238 239 242 243 244 245 247 248 249 251 252 253 254 256 258 260 261 262 263 264 265 267 268 271 272 273 275 276 277 278 279 280 281 283 285 286 287 289 290 291 292 293 296 297 298 299 300 302 304 306 308 309 310 311 312 313 314 315 316 318 319 320 321 322 324 325 327 328 329 330 331 332 333 334 336 337 338 339 340 341 343 344 347 349 350 351 352 354 356 357 358 359 360 361 362 363 364 365 367 368 370 371 372 373 374 375 377 378 379 380 382 383 384 385 386 387 389 390 391 392 393 395 396 397 398 399 400 402 403 404 405 406 407 408 409 410 412 413 414 415 418 419 420 421 422 424 425 426 427 429 430 431 432 433 434 435 436 438 440 441 442 443 444 445 446 447 448 449 450 451 452 453 454 455 456 457 458 459 460 461 463 466 468 469 470 471 472 473 474 475 476 481 482 483 485 486 487 488 489 491 492 493 494 495 497 499 501 502 504 505 506 507 508 509 510 511 512 513 514 515 516 518 521 522 523 524 525 526 527 528 529 530 531 532 533 534 535 539 540 542 543 544 545 547 548 549 550 553 554 555 556 557 559 560 561 563 564 565 566 567 568 570 573 574 576 579 580 581 582 583 584 585 586 587 588 589 590 591 593 594 595 597 598 599 601 602 603 604 606 607 608 609 610 613 614 615 616 619 620 621 623 624 625 626 627 628 629 630 631 632 633 634 635 636 637 639 640 641 642 643 646 648 649 651 652 653 654 655 656 657 658 659 660 661 662 664 666 671 672 673 674 675 677 678 679 681 682 683 686 687 688 689 690 691 692 693 696 698 699 700 701 702 703 704 706 707 708 709 710 711 713 714 717 719 722 723 724 725 726 727 728 729 730 731 732 734 735 736 737 738 739 740 742 744 745 747 749 750 752 753 754 755 756 757 758 759 763 764 765 766 768 769 770 772 774 775 777 778 779 782 784 785 786 787 788 789 790 791 792 793 794 795 796 797 799 801 802 803 804 805 806 808 809 810 811 812 813 815 816 817 818 819 820 821 822 824 825 826 827 828 832 834 835 836 838 839 842 843 844 846 847 848 849 850 852 854 855 857 858 859 861 862 863 864 865 866 867 868 869 870 872 874 875 876 877 878 879 883 884 885 886 887 888 891 892 894 895 898 899 900 902 903 904 905 906 908 909 910 911 912 913 914 915 916 918 919 920 923 924 926 927 928 929 931 932 934 935 936 938 939 940 941 942 943 944 946 947 948 949 950 952 956 957 958 959 965 966 967 968 969 970 972 973 975 977 979 980 982 983 984 985 986 987 988 989 990 991 992 993 994 996 997
campaign,reference,1000,4-0.75-P,1,365156,752,0 1 3 4 5 6 7 8 9 10 11 12 15 16 17 18 19 20 21 22 23 24 26 27 28 29 30 33 34 35 37 38 40 42 43 44 45 46 47 48 49 50 51 53 54 55 56 57 59 60 61 62 63 64 65 66 69 70 72 74 75 77 78 79 81 83 84 85 86 87 89 90 91 92 93 96 97 98 99 102 103 104 105 106 107 108 110 112 114 115 116 117 119 120 121 123 124 125 126 127 129 130 131 132 133 135 136 137 138 139 140 141 142 143 144 147 148 149 150 151 152 153 154 155 157 160 161 163 164 165 166 167 168 169 170 171 172 173 174 175 176 177 178 179 180 182 183 184 185 187 188 189 190 191 192 194 195 196 197 199 200 201 203 205 206 207 209 210 211 212 213 214 215 216 218 219 220 221 222 223 224 226 227 228 230 231 233 234 236 237 238 239 240 243 245 246 247 248 249 252 253 254 255 256 257 258 259 260 262 263 265 267 268 270 271 272 274 275 276 277 279 280 282 283 284 285 286 287 289 291 292 295 296 297 298 299 300 302 303 305 306 307 309 310 311 312 313 314 315 316 317 318 319 320 321 323 324 325 327 328 329 330 333 334 336 337 338 339 341 342 344 345 346 348 349 350 351 352 353 354 355 356 357 358 359 360 361 362 364 365 366 367 369 370 372 373 374 376 377 379 380 382 384 385 386 387 388 390 392 396 398 399 400 402 405 406 407 408 411 412 413 414 415 416 418 419 420 421 422 423 424 426 427 428 430 431 432 433 435 437 439 441 443 445 446 447 448 449 450 451 452 453 454 455 456 457 458 460 464 465 466 467 469 470 471 472 473 474 475 477 478 479 481 482 483 484 485 486 491 492 493 494 495 496 497 498 500 501 502 505 507 508 509 510 511 512 514 516 517 518 519 520 521 522 525 526 529 532 533 534 535 536 537 538 539 540 542 543 544 545 549 550 552 554 555 558 559 560 561 562 564 565 567 568 571 572 573 574 575 578 579 580 582 583 585 586 587 589 590 591 592 593 594 596 597 599 600 601 602 603 605 607 608 609 610 612 613 614 616 617 618 619 620 622 625 626 627 628 630 632 633 634 636 637 638 639 640 642 644 645 646 647 648 649 650 651 652 654 655 657 660 661 662 663 664 665 666 667 668 669 672 673 675 677 679 683 687 688 689 691 693 695 696 698 699 700 701 702 703 704 705 706 707 708 709 710 711 713 715 716 717 718 721 722 723 724 725 726 728 729 730 731 732 733 735 736 737 738 741 742 743 744 745 746 747 749 751 753 754 755 756 757 758 759 760 761 762 763 764 765 766 769 770 772 773 775 776 777 778 779 780 781 782 783 784 785 786 787 788 789 790 791 792 793 795 796 798 799 800 801 803 806 807 809 810 814 817 818 819 820 822 823 825 826 827 828 829 831 832 833 834 835 836 838 839 840 842 843 844 845 846 847 848 850 851 852 853 854 855 856 857 858 859 860 861 862 863 865 866 867 868 870 872 873 874 875 877 879 880 881 883 885 887 888 889 891 892 893 894 895 896 897 900 901 903 905 908 909 910 911 913 914 915 916 917 918 920 921 925 926 928 929 930 931 932 933 934 935 936 940 943 944 945 946 948 949 950 953 954 955 956 957 958 959 960 961 962 964 965 966 967 969 971 973 974 977 978 979 981 982 984 985 986 987 988 989 990 993 994 996 997 998
campaign,reference,1000,4-0.75-P,2,365382,752,0 1 3 4 5 6 7 8 9 10 11 12 15 16 17 18 19 20 21 22 23 24 26 27 28 29 30 33 34 35 37 38 40 41 42 43 44 45 46 47 48 50 51 53 54 55 56 57 59 61 62 63 64 65 66 69 70 72 74 75 77 78 79 81 84 85 86 87 89 90 91 92 93 94 95 96 97 98 99 102 103 104 105 106 107 108 109 110 111 112 114 115 116 117 119 120 121 122 123 124 125 126 127 129 131 132 133 135 136 137 138 139 140 141 142 143 144 147 148 149 150 152 153 154 155 157 160 161 163 164 165 166 167 168 169 170 171 172 173 174 175 176 177 178 179 180 182 183 184 185 187 188 189 190 191 192 194 195 196 197 199 200 201 203 205 206 207 208 209 210 211 212 213 214 215 216 218 219 220 221 222 223 226 227 228 230 231 233 234 235 236 238 239 243 244 245 246 247 248 249 252 253 254 255 256 258 259 260 262 263 265 267 268 271 272 274 275 276 277 279 280 282 283 284 286 287 289 290 291 292 295 296 297 298 299 300 302 303 305 306 307 309 310 311 312 313 314 315 317 318 319 320 321 323 324 325 327 328 329 330 331 333 334 336 337 338 339 341 342 344 345 346 347 348 349 350 351 352 353 354 355 356 357 358 359 360 361 362 364 365 366 367 369 370 372 373 374 376 377 379 380 382 384 385 386 387 388 389 390 392 394 398 399 400 402 405 406 407 408 411 412 413 414 415 416 418 419 420 421 422 423 424 426 427 428 430 431 432 433 435 437 439 441 443 445 446 447 448 449 450 451 452 453 454 455 456 457 458 460 464 465 466 467 469 470 471 473 474 475 476 477 478 479 481 482 484 485 486 487 491 492 493 494 495 496 497 498 500 501 502 505 507 508 510 511 512 514 516 517 518 519 520 521 522 525 526 529 532 533 534 535 536 537 538 539 540 541 542 543 544 545 549 550 551 552 554 555 558 559 560 561 562 563 565 567 568 571 572 573 574 575 576 578 579 580 582 583 587 589 590 591 592 593 594 596 597 599 600 601 602 603 605 607 608 609 610 612 613 614 615 616 617 618 619 620 622 624 625 626 627 628 629 630 631 632 633 634 636 637 638 639 640 642 644 645 646 647 648 649 650 651 652 654 660 661 663 664 665 666 667 668 669 672 673 675 677 679 681 682 683 687 688 689 691 693 695 696 698 699 700 701 702 703 704 705 707 708 709 710 713 715 716 717 718 722 723 724 725 726 727 728 729 730 731 732 733 735 737 738 741 742 743 744 745 746 747 749 751 753 754 755 756 757 758 759 760 761 762 763 764 765 766 768 769 770 772 773 774 775 776 777 778 779 780 782 783 784 785 786 787 788 789 790 791 792 793 794 795 796 798 799 800 801 803 806 807 809 810 815 817 818 819 820 822 823 825 826 828 829 831 832 833 834 835 838 839 840 842 843 844 845 846 847 848 849 853 854 855 856 857 858 859 860 861 862 863 866 867 868 870 871 872 873 874 875 877 879 880 881 883 885 886 887 888 889 891 892 893 894 895 896 897 898 899 900 901 903 905 908 909 910 911 913 914 916 917 918 920 921 925 926 928 929 930 931 932 933 934 935 936 940 942 943 944 945 946 948 949 950 953 954 955 957 960 961 962 964 965 966 967 969 971 972 973 974 977 978 979 982 984 985 986 987 988 989 991 992 993 994 996 997 998
campaign,reference,1000,4-0.75-P,3,365145,751,0 1 2 3 4 5 6 7 8 9 10 11 12 15 16 17 18 19 20 21 22 23 24 26 27 28 29 30 33 34 35 37 38 40 41 42 43 44 45 46 47 48 50 51 53 54 55 56 57 59 60 61 62 63 64 65 66 69 70 72 74 75 77 78 79 81 82 83 84 85 86 87 89 90 91 92 93 94 95 96 97 98 99 102 103 104 105 106 107 108 110 112 114 115 116 117 118 119 120 121 122 123 124 125 126 127 129 131 132 133 134 135 136 137 138 139 140 141 142 143 144 147 148 149 150 152 153 154 155 157 160 161 163 164 165 166 167 168 169 170 171 172 173 174 175 176 177 178 179 180 182 183 187 188 189 190 191 192 194 195 196 197 199 200 201 203 204 205 206 207 208 210 211 212 213 215 216 219 220 221 222 223 225 226 227 228 230 231 233 234 235 236 238 239 243 244 245 246 247 248 249 252 253 254 255 256 258 259 260 261 262 263 267 268 269 271 272 274 275 276 277 279 280 282 283 284 286 287 289 290 291 292 295 296 297 298 299 300 302 303 305 306 307 309 310 311 312 313 314 315 317 318 319 320 321 323 324 325 327 328 329 330 331 333 334 336 337 338 339 341 342 344 345 346 347 348 349 350 351 352 353 354 355 356 357 358 359 360 361 362 364 365 366 367 369 370 371 372 373 374 375 376 379 380 381 382 384 385 386 387 388 390 392 394 398 399 400 402 405 406 407 408 411 412 413 415 416 418 419 420 421 422 423 424 426 427 428 430 431 432 433 435 437 439 442 443 445 446 447 448 449 450 451 453 454 455 456 457 458 459 460 464 465 466 467 469 470 471 473 475 477 478 479 481 482 483 484 485 486 491 492 493 494 495 496 497 498 500 501 502 505 507 508 510 511 512 514 515 516 517 518 519 520 521 522 526 527 529 530 532 533 534 535 536 537 538 539 540 541 542 543 544 545 546 549 550 552 554 555 556 558 559 560 561 562 563 564 565 567 568 572 573 574 578 579 580 582 583 584 586 587 589 590 591 592 593 594 595 596 597 599 601 602 603 604 605 607 608 609 610 612 613 614 615 616 617 618 619 620 622 625 626 627 628 630 632 633 634 636 637 638 639 640 642 643 644 645 646 647 648 649 650 651 652 654 660 662 663 664 665 666 667 668 669 672 673 675 676 677 679 683 687 688 689 691 693 695 696 698 699 700 701 702 703 704 705 706 707 708 709 710 711 712 713 715 716 717 718 721 722 723 724 726 728 729 730 731 732 733 735 736 737 738 741 742 743 744 746 747 749 751 753 754 755 756 757 758 759 760 761 762 763 764 765 766 768 769 770 772 773 775 776 777 778 779 780 782 783 784 785 786 787 789 790 791 792 793 794 795 796 798 799 800 801 803 806 807 809 810 817 818 819 820 822 823 825 826 828 829 831 832 833 834 835 836 838 839 842 843 844 846 848 852 853 854 855 856 857 858 860 861 862 866 867 868 870 872 873 874 875 876 877 878 879 880 881 882 883 885 886 887 888 889 891 892 893 894 895 896 897 900 901 902 903 905 908 909 910 911 913 914 916 917 918 920 921 925 926 928 929 930 931 932 933 934 935 936 938 940 942 943 944 945 946 948 949 950 953 954 955 956 957 958 960 961 962 964 965 966 967 969 972 973 974 977 978 979 982 984 985 986 987 988 989 990 992 993 994 996 997 998
campaign,reference,1000,4-0.75-P,4,364867,751,0 1 3 4 5 6 7 8 9 10 11 12 13 15 16 17 18 19 20 21 22 23 24 26 27 28 29 30 33 34 35 37 38 40 41 42 43 44 45 46 47 48 50 51 53 54 55 56 57 59 61 62 63 64 65 66 69 70 72 74 75 77 78 79 81 84 85 86 87 88 89 90 91 92 93 94 95 96 97 98 99 101 102 103 104 105 106 107 108 109 110 112 114 116 117 118 119 120 121 122 123 124 125 126 127 129 132 133 134 135 136 137 138 139 140 141 142 143 144 147 148 149 150 152 153 154 155 157 160 161 163 164 165 166 167 168 169 170 171 172 173 174 175 176 177 178 179 180 182 183 187 188 189 190 191 192 194 195 196 197 200 201 203 205 206 207 210 211 212 213 214 215 216 218 219 220 221 222 223 224 226 227 228 230 231 233 234 235 236 237 238 239 241 243 245 246 247 248 252 253 254 255 256 258 259 260 262 263 265 267 268 271 272 274 275 276 277 279 280 282 283 284 285 286 287 290 291 292 295 296 297 298 299 300 302 303 304 305 306 307 309 310 311 312 313 314 315 316 317 318 319 320 321 324 325 327 328 329 330 333 334 336 337 338 339 340 341 342 344 345 346 348 349 350 351 353 354 355 356 357 358 359 360 361 362 363 364 365 366 367 369 370 372 373 374 375 376 377 379 380 382 384 385 386 387 388 389 390 392 394 398 399 400 402 405 406 407 408 410 411 412 413 415 416 418 419 420 421 422 423 424 426 427 428 430 431 433 435 437 439 443 445 446 447 448 449 450 451 453 454 455 456 457 458 460 462 464 465 466 467 469 470 472 473 474 475 476 477 478 479 481 482 483 484 485 486 490 491 492 493 494 495 496 497 500 501 502 505 507 508 509 510 511 512 514 516 517 518 519 520 521 522 526 527 529 532 533 534 535 537 538 539 540 541 542 543 544 545 546 549 550 552 554 555 558 559 561 562 564 565 567 568 572 573 574 575 576 578 579 580 582 583 584 586 587 589 590 591 592 593 594 596 597 599 600 601 602 603 605 607 608 609 610 612 613 614 615 616 618 619 620 622 625 626 627 628 629 630 631 632 633 634 636 637 638 639 640 642 644 645 646 647 648 649 650 651 652 654 655 660 663 664 665 666 667 668 669 672 673 675 677 679 680 681 682 683 685 687 688 689 691 693 695 696 698 699 700 701 702 703 704 705 707 708 709 710 713 715 716 717 718 721 722 723 724 725 726 727 728 729 730 731 732 733 735 736 737 738 741 742 743 744 745 746 747 749 751 753 754 755 756 757 758 759 760 761 762 763 764 765 766 768 769 770 771 772 773 775 776 777 778 779 780 782 783 784 785 786 787 789 790 792 793 795 796 798 799 800 801 803 804 806 807 809 810 812 817 819 820 822 823 825 826 828 829 831 832 833 834 835 836 838 839 840 842 843 844 845 846 848 850 852 853 854 855 856 857 858 859 860 861 862 863 867 868 869 870 871 872 873 874 875 877 879 880 881 883 885 887 888 889 891 892 893 895 896 897 898 899 900 901 902 903 905 906 909 910 911 913 914 915 916 917 918 920 921 925 926 928 929 930 931 932 933 934 935 936 940 943 944 945 946 948 949 950 953 954 955 956 957 959 960 961 962 964 965 966 967 969 971 972 973 974 977 978 979 981 982 984 985 986 987 988 989 991 992 993 994 996 997 998
campaign,reference,1000,4-0.75-P,5,365100,752,0 1 3 4 5 6 7 8 9 10 11 12 15 16 17 18 19 20 21 22 23 24 26 27 28 29 30 33 34 35 37 40 41 42 43 44 45 46 48 49 50 51 54 55 56 57 59 60 61 62 63 64 65 66 69 71 72 74 75 77 78 79 81 84 85 86 87 88 89 90 91 92 93 94 95 96 97 98 99 102 103 104 105 106 107 108 109 110 112 114 115 116 117 119 120 121 123 124 125 126 127 129 131 132 133 135 136 137 138 139 140 141 142 143 144 147 149 150 151 152 153 154 155 157 160 161 163 164 165 166 167 168 169 170 171 172 173 174 175 176 177 178 179 180 182 183 185 187 188 189 190 191 192 195 196 197 199 200 201 202 203 204 205 206 207 208 209 210 211 212 213 215 216 218 219 220 221 222 223 226 227 228 230 231 233 234 236 238 239 240 241 243 245 246 247 248 252 253 254 255 256 258 259 260 261 262 263 267 268 271 272 274 275 276 277 279 280 282 283 284 285 286 287 289 290 291 292 294 295 296 297 298 299 300 302 305 306 307 309 310 311 312 313 314 315 317 318 319 320 321 324 325 327 328 329 330 333 334 336 337 338 339 340 341 342 344 345 346 348 349 350 351 352 353 354 355 356 357 358 359 360 361 362 363 364 365 366 367 369 370 372 373 374 376 377 379 380 382 384 385 386 387 388 390 392 398 399 400 402 405 406 407 411 412 413 414 415 416 418 419 420 421 422 423 424 426 427 428 430 431 432 433 435 437 439 443 444 445 446 447 448 449 450 451 453 454 455 456 457 458 460 464 465 466 467 469 470 471 472 473 474 475 476 477 478 479 481 482 483 484 485 486 490 491 492 493 494 495 496 497 498 500 501 502 505 507 508 510 511 512 515 516 517 518 519 520 521 522 525 526 529 530 532 533 534 535 536 537 538 539 540 541 542 543 544 545 549 550 551 552 554 555 558 559 560 561 562 564 565 567 568 571 572 573 574 575 578 579 580 582 583 586 587 589 590 591 592 593 594 596 597 599 600 601 602 605 607 608 609 610 612 613 614 615 616 617 618 619 620 622 623 625 626 627 628 629 630 631 632 633 634 636 637 638 639 640 642 643 644 645 646 647 648 649 650 651 652 654 655 657 660 663 664 665 666 667 668 669 672 673 675 677 679 681 682 683 685 687 688 689 691 693 695 696 698 699 700 701 702 703 704 705 706 707 708 709 710 713 715 716 717 718 721 722 723 724 725 726 728 729 730 731 732 733 735 737 738 741 742 743 744 745 746 747 749 751 753 754 755 756 757 758 759 760 761 762 763 764 765 766 769 770 772 773 775 776 777 778 779 780 782 783 784 785 786 787 789 790 791 792 793 794 795 796 798 799 800 801 803 806 807 808 809 810 814 817 818 819 820 822 823 825 826 827 828 829 831 832 833 834 835 836 838 839 840 842 843 844 845 846 851 852 853 854 855 856 857 858 859 860 861 862 866 867 868 870 871 872 873 874 875 877 878 879 880 881 882 883 885 886 887 888 889 891 892 893 894 895 896 897 900 901 903 905 906 908 909 910 911 913 914 915 916 917 918 920 921 925 926 928 929 930 931 932 933 934 935 936 940 942 943 944 945 946 948 949 950 953 954 955 956 957 958 959 960 961 962 964 965 966 967 969 973 974 977 978 979 981 982 984 985 986 987 988 989 990 992 993 994 996 997 998
campaign,reference,1000,5-0.75-P,1,336340,750,1 2 3 4 5 6 7 8 9 10 11 12 16 17 18 19 20 21 25 27 28 29 30 32 34 36 37 38 40 41 43 44 45 46 47 48 49 50 51 52 53 54 55 56 57 58 59 60 61 62 63 64 66 68 69 70 71 74 75 77 80 82 83 84 85 86 88 89 91 92 93 94 95 96 98 99 100 101 102 103 104 105 106 107 110 112 113 114 115 116 117 119 120 121 124 125 128 129 132 133 134 135 136 137 138 142 143 144 145 146 150 151 152 153 154 156 158 161 162 165 166 167 169 170 173 174 175 176 177 178 179 181 183 185 186 187 190 191 192 193 197 198 201 202 203 204 205 208 209 210 211 212 214 215 216 217 218 219 220 221 222 225 227 228 229 231 232 233 234 235 237 238 239 241 242 243 245 246 247 248 249 251 252 253 254 256 257 260 261 262 264 265 267 268 269 270 272 273 274 275 276 278 279 281 282 284 285 287 288 289 290 291 292 293 295 296 299 301 302 303 304 305 306 308 309 310 311 312 313 314 315 317 318 319 320 321 322 323 324 325 326 327 329 331 333 334 336 337 338 340 341 342 343 344 346 347 348 349 350 351 353 354 355 357 358 360 362 363 365 366 367 369 370 371 372 373 374 375 376 378 379 382 385 387 389 390 391 392 394 395 396 397 398 399 401 402 403 405 406 408 409 410 411 412 415 416 417 419 421 422 423 425 427 428 431 432 433 434 435 436 437 438 439 442 443 444 445 447 448 449 451 452 453 454 455 456 458 459 460 462 463 465 466 467 468 469 470 471 472 474 475 476 477 479 480 481 482 483 484 486 487 488 490 491 492 494 497 498 499 502 504 505 506 507 508 511 512 514 516 517 518 519 521 522 523 524 525 526 527 528 529 530 531 532 533 534 535 538 539 540 541 542 543 544 545 546 547 548 549 550 551 553 554 555 556 557 559 560 561 562 565 566 567 571 572 573 574 575 576 577 578 579 580 582 584 586 587 588 589 592 594 595 597 598 599 600 601 602 603 604 606 607 609 610 612 613 614 615 616 617 618 619 620 621 622 623 624 625 627 630 633 635 636 637 638 639 640 642 643 644 647 648 649 650 651 652 654 655 656 658 659 660 661 662 664 665 666 668 669 670 671 672 675 677 678 679 680 681 682 683 684 685 686 687 688 689 690 691 692 694 695 697 698 699 700 701 702 703 704 705 706 707 708 709 710 712 713 716 717 720 721 723 724 726 728 730 731 734 735 736 737 738 739 741 742 743 744 745 746 747 748 749 750 751 752 753 754 755 756 757 758 761 762 764 766 768 769 770 771 772 773 775 776 777 778 779 784 786 787 788 789 794 795 797 798 799 800 801 803 804 806 808 809 810 812 813 814 816 817 818 819 820 821 822 823 825 826 828 831 832 833 836 838 839 841 842 844 845 846 847 848 850 852 854 856 857 859 860 862 863 864 866 867 869 871 872 873 874 875 876 877 878 879 882 883 885 886 887 888 889 890 891 894 895 896 900 901 902 903 904 905 906 907 908 909 910 911 912 913 914 916 917 918 920 922 924 925 926 927 929 931 932 933 934 935 936 937 938 939 940 941 943 944 945 946 947 948 949 950 952 953 954 955 956 957 958 959 960 962 963 964 965 966 968 969 970 971 972 973 974 975 977 978 979 980 982 983 985 986 987 988 989 990 991 992 993 996 997 998 999
campaign,reference,1000,5-0.75-P,2,336300,750,1 2 3 4 5 6 7 8 9 10 11 12 16 17 18 19 21 22 23 25 27 28 29 30 31 32 34 36 37 38 40 41 43 44 45 46 47 49 50 51 52 53 54 55 56 57 58 59 61 62 63 64 66 67 68 69 70 74 75 76 77 80 82 83 84 85 86 88 89 90 91 92 94 95 96 98 99 100 101 102 103 104 105 106 107 110 112 113 114 115 116 117 119 120 121 124 125 128 129 130 132 133 134 135 136 137 138 140 142 143 144 145 146 149 150 151 153 154 155 156 158 161 162 164 165 166 169 170 173 174 175 176 177 178 179 180 181 182 183 185 186 187 190 191 192 193 197 201 202 203 204 205 208 209 210 211 212 214 215 216 217 218 219 221 222 225 226 227 228 229 231 232 233 234 235 237 238 239 240 241 242 243 245 246 247 248 249 251 252 253 254 256 257 260 261 262 264 265 267 268 269 270 272 273 274 275 276 278 279 281 282 284 285 287 288 289 292 293 295 296 299 301 302 303 304 305 306 308 309 310 311 312 313 314 317 318 319 320 321 322 323 324 325 326 327 329 331 333 334 336 337 338 340 341 342 343 344 346 347 348 349 350 351 353 354 355 357 358 360 362 363 364 365 366 367 368 369 370 371 373 374 375 376 377 379 382 385 387 389 390 391 392 394 395 397 398 399 401 402 403 405 406 408 409 410 411 412 415 416 417 419 421 422 423 425 427 428 430 431 432 433 434 435 436 437 438 439 442 443 444 445 447 448 449 451 452 453 454 455 456 458 459 460 462 463 465 466 467 468 469 470 471 472 474 475 476 477 479 480 481 482 483 484 486 487 489 491 492 494 497 498 499 502 504 505 506 507 508 511 513 514 516 517 518 519 521 523 524 526 527 529 530 531 532 533 534 535 538 539 540 541 542 543 544 545 546 547 548 550 551 553 554 555 556 557 559 560 561 562 563 564 565 566 567 571 572 573 575 576 577 578 579 580 582 584 586 587 588 589 592 594 595 597 598 599 600 601 602 603 604 606 607 608 609 610 612 613 614 615 616 617 618 619 620 621 622 623 625 627 628 630 633 635 636 637 638 639 640 642 643 644 647 648 649 650 651 652 654 655 656 658 660 661 662 663 664 665 666 668 669 670 671 672 675 677 678 679 680 682 683 684 685 686 687 688 689 690 691 692 695 697 698 699 700 701 702 703 704 705 706 707 708 709 712 713 716 717 718 719 721 723 724 726 728 730 731 734 735 736 737 739 740 741 742 743 744 745 746 747 748 749 750 751 752 753 754 755 756 757 758 759 761 762 764 766 768 769 770 771 772 773 775 776 777 778 779 784 786 787 788 789 790 794 795 797 798 799 801 803 804 806 808 809 810 811 812 813 814 816 817 818 819 820 821 822 823 825 826 828 831 832 833 836 838 839 840 841 842 844 845 846 847 848 850 853 854 856 857 859 860 862 863 864 866 867 869 871 872 873 874 875 876 877 878 879 882 883 885 886 887 888 889 890 891 894 895 896 900 901 902 903 904 905 906 907 908 909 910 911 912 913 914 916 917 918 920 922 925 927 929 931 932 933 934 935 936 937 938 939 940 941 943 944 945 946 948 949 950 951 952 953 954 955 956 957 958 959 960 962 963 964 965 966 968 969 970 971 972 973 974 975 977 978 979 980 982 983 985 986 987 988 989 990 991 992 993 996 997 998 999
campaign,reference,1000,5-0.75-P,3,336470,751,1 2 3 4 5 6 7 8 9 10 12 16 18 19 20 21 22 25 27 28 29 30 31 32 34 36 37 38 40 41 44 45 46 47 48 49 50 51 52 53 54 55 56 57 58 59 61 62 63 64 66 67 68 70 74 75 76 77 80 81 83 84 85 88 89 91 92 93 94 95 96 98 99 100 101 102 103 104 105 106 107 110 112 114 115 116 117 119 120 121 122 123 124 125 128 129 130 132 133 134 135 136 137 138 140 141 142 143 144 145 150 151 153 154 156 158 161 162 164 165 166 167 169 170 172 173 174 175 176 177 178 179 181 182 183 185 187 190 191 192 193 197 201 202 203 204 205 208 209 210 211 213 214 215 216 217 218 219 221 222 225 226 227 228 230 231 232 234 235 236 237 238 239 241 242 243 246 247 248 251 252 253 254 256 257 260 261 262 263 264 265 267 268 269 270 272 273 274 275 276 278 279 281 282 284 285 286 287 288 289 291 292 293 294 295 296 299 301 302 304 305 306 308 309 310 311 312 314 316 317 318 319 320 321 322 323 324 325 326 327 329 331 333 334 336 337 338 340 341 342 343 346 347 348 349 350 351 353 354 355 357 358 360 362 363 364 365 366 367 369 370 371 372 373 374 375 376 378 379 385 387 389 390 391 392 394 395 396 397 398 399 401 402 403 405 406 408 409 410 411 412 415 416 417 418 419 421 422 423 425 427 428 430 431 432 433 434 435 436 437 438 439 442 443 444 445 446 447 448 449 451 452 453 454 455 456 459 460 461 462 463 465 466 467 468 469 470 471 472 474 475 476 477 479 480 481 482 483 484 485 486 487 489 490 491 492 494 497 498 499 502 504 505 506 507 508 511 513 514 516 517 518 519 521 523 524 525 526 527 528 529 530 531 532 533 534 535 536 537 538 539 540 541 542 543 544 545 546 547 548 549 550 551 553 554 555 556 557 559 560 561 562 564 565 566 567 571 572 573 575 576 577 578 579 580 582 583 584 585 586 587 588 589 592 594 597 598 599 600 601 602 603 604 606 607 609 610 612 613 614 615 616 617 618 619 620 622 623 625 626 627 628 630 633 635 636 637 638 639 640 642 643 644 647 648 649 650 651 652 654 655 656 658 659 660 661 662 663 664 665 666 668 669 670 671 672 675 678 679 680 681 682 683 684 685 686 687 688 689 690 691 692 695 697 698 699 700 701 702 703 704 705 706 707 708 709 710 712 713 716 717 721 723 724 726 728 730 731 732 734 735 736 737 739 740 741 742 743 744 745 746 747 748 749 750 751 752 753 754 755 756 757 758 761 762 764 766 768 769 770 771 772 773 775 776 777 778 779 784 785 786 787 788 789 790 794 795 797 798 799 801 802 803 804 806 808 809 810 812 813 814 816 817 818 819 820 821 822 823 824 826 828 830 831 832 833 835 836 838 839 840 841 842 844 845 846 847 848 850 852 853 854 856 857 859 860 863 864 867 869 871 872 873 874 875 876 878 879 883 885 886 887 888 889 890 891 894 895 896 900 901 902 903 904 905 906 907 908 909 910 911 912 913 914 916 917 918 920 922 925 927 929 931 932 933 934 935 936 937 938 939 940 941 943 944 945 948 949 950 951 952 953 954 955 956 957 958 959 960 962 963 964 965 966 968 969 970 971 972 973 974 975 977 979 980 982 983 985 986 987 988 989 990 991 993 994 995 996 997 998 999
campaign,reference,1000,5-0.75-P,4,336506,751,1 2 3 4 5 6 7 8 9 10 12 16 18 19 20 21 25 27 29 30 32 34 36 37 38 40 41 42 43 44 45 46 47 49 50 51 52 53 54 55 56 57 58 59 60 61 62 63 64 66 67 68 69 70 74 75 76 77 80 83 84 85 86 88 89 91 92 93 94 96 98 99 100 101 102 103 104 105 106 107 110 111 112 113 114 115 116 117 119 120 121 124 125 128 129 132 133 134 135 136 137 138 140 142 143 144 145 146 150 151 153 154 155 156 158 161 162 165 166 167 169 170 173 174 175 176 177 178 179 180 181 182 183 185 187 190 191 192 193 197 201 202 203 204 205 208 209 210 211 212 214 215 216 217 218 219 220 221 222 225 227 228 230 231 232 233 234 235 236 237 238 239 240 241 242 243 244 246 247 248 251 252 253 254 256 257 260 261 262 263 264 265 267 268 269 270 271 272 273 274 276 278 279 281 282 284 285 287 288 289 290 291 292 293 295 296 299 301 302 303 304 305 306 308 309 310 311 312 313 314 317 318 319 320 321 322 323 324 325 326 327 329 331 333 334 336 337 338 340 341 343 344 346 347 348 349 350 351 353 354 355 357 358 360 363 364 365 366 367 369 370 371 372 373 374 375 376 378 379 382 385 387 389 390 391 392 394 395 396 397 398 399 400 401 402 403 406 408 409 410 411 412 415 416 417 419 421 423 424 425 427 428 431 432 433 434 435 436 437 438 439 442 443 444 445 447 448 449 452 453 454 455 456 459 460 461 462 463 465 466 467 468 469 471 472 474 475 476 477 478 479 480 481 482 483 484 486 487 490 491 492 494 497 498 499 504 505 506 507 508 511 514 516 517 518 519 521 523 524 525 526 527 528 529 530 531 532 533 534 535 537 538 539 540 541 542 543 544 545 546 547 548 549 550 551 553 554 555 556 557 559 560 561 562 564 565 566 567 571 572 573 575 576 577 578 579 580 582 584 586 587 588 589 592 594 597 598 599 600 602 603 604 605 606 607 609 610 611 612 613 614 615 616 617 618 619 620 621 622 623 625 626 627 628 630 633 635 636 637 638 639 640 642 643 644 646 647 648 649 650 651 652 654 655 656 658 659 660 661 662 664 665 666 668 669 670 671 672 674 675 677 678 679 680 681 682 683 684 685 686 687 688 689 690 691 692 693 695 697 698 699 700 701 703 704 705 706 707 708 709 710 712 713 716 717 719 721 723 724 726 728 730 731 732 733 734 735 736 737 738 739 740 741 742 743 744 745 746 747 748 749 750 751 752 753 754 755 756 757 758 759 760 761 762 764 766 768 769 770 771 772 773 774 775 776 777 778 779 782 784 786 787 788 789 790 794 795 797 798 801 803 804 806 809 810 811 812 813 814 816 817 818 819 820 821 822 824 825 826 828 831 832 833 836 838 839 841 842 844 845 846 847 848 850 854 856 857 858 859 860 862 863 864 866 867 869 871 872 873 874 875 876 877 878 879 880 883 885 886 887 888 889 890 891 893 894 895 896 900 901 902 903 904 905 906 907 908 909 910 911 912 913 914 916 917 918 920 922 924 925 927 929 931 932 933 934 935 936 937 938 939 940 941 943 944 945 948 949 950 951 952 953 954 955 956 957 958 959 960 962 963 964 965 966 968 969 970 971 972 973 974 975 977 978 979 980 982 983 985 986 987 988 989 990 991 992 993 996 997 998 999
campaign,reference,1000,5-0.75-P,5,336433,751,1 2 3 4 5 6 7 8 9 10 12 16 18 19 20 21 22 23 24 25 27 28 29 30 32 33 34 35 36 37 38 40 41 43 44 45 46 47 49 50 51 52 53 54 55 56 57 58 59 60 61 62 63 64 66 68 70 73 74 76 77 80 81 83 85 88 89 91 92 93 94 95 96 97 98 99 100 101 102 103 104 105 106 107 110 112 113 114 115 117 119 120 121 124 125 128 129 130 131 132 133 134 135 138 140 142 143 144 145 150 151 153 154 155 156 158 162 165 166 167 169 170 172 173 174 175 176 177 178 179 181 182 183 185 186 187 190 192 193 195 197 198 201 202 203 204 205 208 209 210 211 212 213 214 215 216 217 219 220 221 222 225 226 227 228 229 230 231 232 234 235 236 237 238 239 240 241 242 243 245 246 247 248 249 251 252 253 254 256 257 260 261 262 264 265 267 268 269 270 272 273 274 275 276 278 279 281 282 284 285 287 288 289 290 291 292 293 294 295 296 299 301 302 303 304 305 306 308 309 310 311 312 313 314 317 318 319 320 321 322 323 324 325 326 327 328 329 331 333 334 336 337 338 340 341 342 343 344 346 347 348 349 350 351 353 354 355 357 358 360 362 363 365 366 367 369 370 371 372 373 374 375 376 378 379 382 385 387 389 390 391 392 394 395 396 397 398 399 400 401 402 403 406 408 409 410 411 412 415 416 417 419 421 422 423 425 427 428 431 432 433 434 435 436 437 438 439 442 443 444 445 446 447 448 449 451 452 453 454 455 456 458 459 460 462 463 465 466 467 468 469 471 472 474 475 476 477 479 480 481 482 483 484 486 487 488 489 490 491 492 494 497 498 502 504 505 506 507 508 511 513 514 516 517 518 519 521 523 524 525 526 527 528 529 530 531 532 534 535 536 537 538 539 540 541 542 543 544 545 546 547 548 550 551 553 554 555 556 557 559 560 561 562 564 565 566 567 571 572 573 575 576 577 578 579 580 582 583 584 585 586 587 588 589 592 594 595 597 598 599 600 602 603 604 606 607 608 610 612 613 614 615 616 617 618 619 620 622 623 625 627 628 630 633 635 636 638 639 640 642 643 644 646 647 648 649 650 651 652 654 655 656 658 659 660 661 662 663 664 665 666 668 669 670 671 672 675 677 678 679 680 681 682 683 684 685 686 687 688 689 690 691 692 693 695 697 698 699 700 701 704 705 706 707 708 709 712 713 716 717 721 723 724 726 728 730 731 732 734 735 736 737 739 740 741 742 743 744 745 746 747 748 749 750 751 752 753 754 755 756 757 758 759 761 762 764 766 768 769 770 771 772 773 775 776 777 778 779 784 786 787 789 790 794 795 797 798 799 801 802 803 804 806 808 809 810 812 813 814 816 817 818 819 820 821 822 823 825 826 828 830 831 832 833 836 838 839 841 842 844 845 846 847 848 849 850 852 853 854 856 857 859 860 862 864 866 867 869 871 872 873 874 875 876 877 878 879 883 884 885 886 887 888 889 890 891 894 895 896 900 901 902 903 904 905 906 907 908 909 910 911 912 913 914 916 917 918 920 922 925 927 929 931 932 933 934 935 936 937 938 939 940 941 943 944 945 948 949 950 951 952 953 954 955 956 957 958 959 960 962 963 964 965 966 968 969 970 971 972 973 974 975 977 978 979 980 982 983 985 986 987 988 989 990 991 993 995 996 997 998 999
campaign,reference,1000,6-0.75-P,1,350763,751,0 1 3 4 6 8 9 10 11 13 14 15 16 17 19 21 23 24 25 26 27 28 29 30 31 33 34 35 38 39 40 41 42 43 44 45 46 47 48 49 50 51 52 54 55 56 57 58 60 62 63 64 65 66 67 68 69 70 72 73 74 75 77 78 79 80 82 83 84 85 86 88 89 90 92 93 94 95 97 98 99 100 101 102 103 104 105 106 107 108 110 111 112 114 115 116 118 119 120 121 122 123 124 126 127 128 129 130 131 134 135 137 138 139 141 142 144 145 146 148 149 151 152 153 154 155 156 160 163 164 165 166 167 168 170 171 172 174 175 176 177 178 180 181 182 183 186 187 188 189 190 191 192 193 195 196 200 201 203 205 206 208 209 210 211 213 215 216 218 220 221 222 223 225 226 227 230 231 233 234 235 236 237 239 240 241 244 245 246 248 249 250 251 254 256 257 258 259 262 263 265 266 267 268 269 270 271 272 273 275 276 277 278 279 280 281 282 284 285 286 287 288 289 290 291 292 293 294 295 296 297 298 299 300 301 302 303 304 305 306 307 308 309 311 313 314 315 316 317 319 320 321 322 323 324 326 327 328 329 330 331 332 333 334 335 336 337 339 340 341 342 343 344 345 346 348 353 354 355 356 357 358 359 360 361 363 364 365 366 367 368 370 371 372 373 374 375 377 379 383 386 387 388 389 390 391 392 393 395 397 398 399 401 402 403 405 406 408 409 410 411 412 413 414 416 417 418 419 420 421 422 423 425 426 427 428 429 430 431 433 434 435 436 438 439 440 441 445 446 447 448 449 450 451 453 454 455 456 459 461 462 463 465 466 467 468 469 470 471 473 474 482 483 484 485 486 487 490 491 492 493 494 495 497 498 499 500 501 502 503 504 506 509 510 512 513 514 515 516 519 520 521 522 523 524 526 527 528 529 530 531 532 533 535 537 538 539 540 542 544 545 546 547 548 549 551 552 553 554 557 560 561 562 566 568 570 571 573 574 575 576 577 578 580 584 585 586 588 593 594 596 597 599 600 601 602 603 604 605 606 608 609 611 613 614 616 617 618 619 620 621 623 624 627 628 630 631 632 633 634 636 637 638 639 640 641 642 644 645 646 648 649 651 652 653 655 656 658 659 660 661 662 663 665 666 667 669 670 671 673 674 675 676 677 681 682 683 684 685 687 688 689 690 691 692 693 694 695 696 697 699 700 701 704 705 706 707 708 709 711 712 713 714 720 722 723 724 725 726 728 730 731 732 734 735 739 740 741 742 743 745 746 747 748 749 750 752 754 755 756 757 759 760 762 763 764 766 767 768 770 772 773 774 775 776 777 778 779 781 782 783 784 786 787 788 790 792 793 794 795 796 797 798 800 801 802 803 804 805 806 807 808 810 811 812 813 814 815 817 818 819 822 824 825 826 827 828 829 830 831 832 833 834 836 837 838 839 840 842 843 844 845 846 847 848 849 850 851 853 854 855 857 858 859 860 862 863 864 865 866 871 874 875 878 879 880 881 885 887 888 890 891 892 893 894 895 896 897 898 900 901 903 908 909 910 911 913 914 916 917 918 921 923 924 925 926 927 929 930 931 932 933 934 936 938 940 942 943 944 945 946 947 949 950 951 952 953 955 956 958 959 960 961 962 963 965 966 967 968 969 971 972 973 974 975 976 978 979 980 982 983 984 985 986 987 989 992 995 996 997 999
campaign,reference,1000,6-0.75-P,2,351007,751,0 1 2 3 4 6 8 10 11 13 14 15 16 17 19 21 23 24 25 26 27 28 29 30 31 34 35 38 39 40 43 44 45 47 49 50 51 52 54 55 56 57 58 60 62 63 64 65 66 67 68 69 70 71 72 73 74 75 77 78 79 80 82 83 84 85 87 88 89 90 92 93 94 95 97 98 100 101 102 103 104 105 106 107 108 109 110 111 112 114 115 116 117 118 119 121 122 123 124 126 127 128 129 130 131 132 134 135 137 138 141 142 144 145 146 148 149 151 152 153 154 155 156 160 163 165 166 167 168 170 171 172 174 175 176 177 178 181 182 183 187 188 189 190 191 193 195 196 200 201 203 205 206 209 210 211 213 215 216 218 220 221 222 223 225 226 228 230 231 233 234 235 236 237 239 240 241 244 245 246 248 249 250 251 254 257 258 259 260 262 263 265 266 267 268 269 270 271 272 273 275 276 277 278 280 281 282 284 285 286 287 288 289 290 291 292 293 294 295 296 297 298 299 300 301 302 303 304 305 306 307 308 309 310 311 313 314 315 316 317 319 320 321 322 323 324 326 327 328 329 330 332 333 334 335 336 337 339 340 341 342 344 345 346 348 353 354 356 357 358 359 360 361 365 366 367 368 369 370 371 372 373 374 375 377 378 379 382 383 385 386 387 388 389 390 391 392 393 395 397 398 399 401 402 403 405 406 408 409 410 411 412 413 414 416 417 419 420 421 422 423 425 426 427 428 429 431 433 434 435 436 438 439 440 441 443 444 445 446 447 448 449 450 451 453 454 455 456 459 461 462 463 465 466 467 468 469 470 471 473 474 481 482 484 485 486 487 490 491 492 493 494 495 497 498 499 500 501 502 503 504 505 506 509 512 513 514 515 516 519 520 521 522 523 524 526 527 528 529 530 531 532 533 535 537 538 539 540 542 544 545 546 547 548 549 551 552 553 555 557 560 561 562 564 565 566 568 569 570 571 573 574 575 576 577 578 580 584 585 588 593 594 596 597 598 599 600 602 603 604 605 606 608 609 611 613 614 616 617 618 619 620 621 622 623 624 627 628 630 631 632 633 634 636 637 638 639 640 641 644 645 646 648 649 651 652 653 655 656 658 659 660 661 663 665 666 667 669 670 671 673 674 675 676 677 679 681 682 684 685 687 688 689 690 691 692 693 694 695 696 697 700 701 705 706 707 708 709 711 712 714 715 716 717 718 720 722 723 724 725 726 728 730 732 733 734 735 739 740 741 742 743 744 745 746 747 748 749 750 751 752 754 756 757 759 760 762 763 764 766 767 768 770 772 773 774 775 776 777 778 779 781 782 783 784 786 787 788 789 790 792 793 794 795 796 797 798 799 800 801 802 803 804 805 806 807 808 810 811 812 813 814 815 817 818 819 821 822 823 824 825 826 827 828 829 830 831 832 834 837 838 839 840 841 842 843 844 845 846 847 848 849 850 851 853 854 855 858 859 860 862 863 864 865 866 871 874 875 877 878 879 880 881 884 885 887 888 890 891 892 893 894 895 896 898 900 901 903 908 909 910 911 912 913 914 916 917 918 921 922 923 925 926 927 928 929 930 931 932 933 935 936 938 940 942 943 944 945 946 947 949 950 951 952 953 955 956 958 959 960 961 962 963 965 966 967 968 969 970 971 972 973 974 975 977 978 979 980 982 983 984 985 986 989 991 992 993 995 997 998 999
campaign,reference,1000,6-0.75-P,3,350997,751,0 1 3 4 5 6 8 10 11 13 14 15 16 17 19 21 23 24 25 26 27 28 29 30 31 34 35 36 38 39 40 41 42 43 44 45 47 49 50 51 52 54 55 56 57 58 60 62 63 64 65 66 67 68 69 70 72 73 74 75 77 78 80 82 83 84 85 87 88 89 90 92 93 94 95 97 98 100 101 102 103 104 105 106 107 108 109 110 111 112 114 115 116 117 118 119 120 121 122 124 126 127 128 129 130 131 133 134 135 137 138 139 141 142 144 145 146 148 149 151 152 153 154 155 156 160 163 164 165 166 169 170 171 172 174 175 177 178 180 181 182 183 186 187 188 189 190 191 192 193 195 196 197 200 201 203 206 209 210 211 213 215 216 218 220 221 222 223 225 226 227 228 230 231 233 234 235 236 237 239 240 241 244 245 246 248 249 250 251 253 254 256 257 258 259 262 263 264 265 266 267 268 269 270 271 272 273 275 276 277 278 280 281 282 284 285 286 287 288 289 290 291 292 293 294 295 296 297 298 299 300 301 302 303 304 305 306 307 308 309 311 313 314 315 316 317 319 320 321 322 323 324 326 327 328 329 330 331 332 333 334 335 336 337 339 340 341 342 343 344 345 346 348 353 354 355 356 357 358 359 360 361 363 365 366 367 368 369 370 371 372 373 374 375 377 378 382 383 384 386 387 388 389 390 391 392 393 395 397 398 399 401 402 403 405 406 408 409 411 412 413 414 415 416 417 419 420 421 422 423 425 426 427 428 431 432 433 434 435 436 438 439 440 441 443 444 445 446 447 448 449 450 451 453 454 455 456 459 461 462 463 465 466 467 468 469 470 471 473 474 479 481 482 483 484 485 486 487 490 491 492 493 494 497 498 499 500 501 502 503 504 505 506 509 512 513 514 515 516 519 520 521 522 523 524 525 526 527 528 529 530 531 532 533 535 537 538 539 540 542 543 544 545 546 547 548 549 552 553 555 557 558 560 561 562 565 566 567 568 570 571 572 573 574 575 576 577 578 580 584 585 586 587 588 589 593 594 596 598 599 600 601 602 603 604 605 606 608 609 611 613 614 616 617 618 619 620 621 623 624 627 628 630 632 633 634 636 637 638 639 640 641 644 645 646 648 649 651 652 653 655 656 658 659 660 661 663 665 666 667 669 670 671 673 674 675 676 677 679 682 684 685 687 688 689 690 691 692 693 694 695 696 697 699 700 701 705 706 708 709 711 712 713 715 716 720 722 723 724 725 726 728 730 732 734 735 740 741 742 743 745 746 747 748 749 750 752 753 754 755 756 757 760 762 763 764 766 767 768 769 770 772 773 774 775 776 777 778 779 781 782 783 784 786 787 788 789 790 792 793 794 795 796 797 798 799 800 801 802 803 804 805 806 807 809 810 811 812 813 814 815 817 818 819 821 822 823 824 825 826 827 828 829 830 831 832 834 836 837 838 839 840 842 843 844 845 846 847 848 849 850 851 854 855 858 859 860 862 863 864 865 866 871 874 875 878 879 880 881 884 885 887 888 890 891 892 893 894 895 896 897 898 900 901 903 908 909 910 911 912 913 916 917 918 921 922 923 925 926 927 929 930 931 932 933 936 938 940 942 943 944 945 946 947 949 950 951 952 953 955 956 958 959 960 961 962 963 965 966 967 968 969 971 972 973 974 975 977 978 979 980 982 983 984 985 986 989 992 995 997 999
campaign,reference,1000,6-0.75-P,4,350908,751,0 1 3 4 6 8 10 11 13 14 15 16 17 19 21 23 24 25 26 27 28 29 30 31 33 34 35 38 39 40 41 42 43 44 45 46 47 49 50 51 52 54 55 56 57 58 60 62 63 64 65 66 67 68 69 70 72 73 74 75 77 78 79 80 82 83 84 85 87 88 89 90 92 94 95 97 98 100 101 102 103 104 105 106 107 108 110 111 112 114 115 116 118 119 121 122 123 124 126 127 128 129 130 131 134 135 137 138 139 141 142 144 145 146 148 149 151 152 153 154 156 160 163 164 165 166 167 168 170 171 172 174 175 176 177 178 180 181 182 183 186 187 188 189 190 191 192 193 195 196 201 203 206 209 210 211 213 214 215 216 218 220 221 222 223 225 226 227 228 230 231 233 234 235 236 237 239 240 241 244 245 246 248 249 250 251 254 257 258 259 262 263 265 266 267 268 269 270 271 272 273 275 276 277 278 279 280 281 282 284 285 286 287 288 289 290 292 293 295 296 297 298 299 300 301 302 303 304 305 306 307 308 309 311 313 314 315 316 317 319 320 321 322 324 326 327 328 329 330 331 332 333 334 335 336 337 339 340 341 342 344 345 346 348 350 352 353 354 355 356 357 358 359 360 361 363 365 366 367 368 369 370 371 372 373 374 375 377 378 379 382 383 386 387 389 390 391 392 393 395 397 398 399 401 402 403 405 406 408 409 410 411 412 413 414 416 417 419 420 421 422 423 425 427 428 430 431 433 434 435 436 438 439 440 441 443 444 445 446 447 448 449 450 451 453 454 455 456 459 461 462 463 465 466 467 468 469 470 471 473 474 479 481 482 483 484 485 486 487 488 489 490 491 492 493 494 497 498 499 500 501 502 503 504 505 506 509 510 511 512 513 514 515 516 519 520 521 522 523 524 526 527 528 530 531 532 533 535 537 538 539 540 541 542 544 545 546 547 548 549 552 555 557 560 561 562 564 565 566 568 570 571 573 574 575 576 577 578 580 582 584 585 586 588 591 593 594 596 597 599 600 601 602 603 604 605 606 608 609 611 613 614 616 617 618 619 620 621 623 624 627 628 630 631 632 633 634 636 637 638 639 640 641 642 644 645 646 648 649 651 652 653 655 656 658 659 660 661 663 665 666 667 669 670 671 673 674 675 676 677 679 681 682 684 685 687 688 689 690 691 692 693 694 695 696 697 699 700 701 705 706 707 708 709 711 712 713 714 715 718 720 722 723 724 725 726 728 730 731 732 733 734 735 739 740 741 743 745 746 747 748 749 750 751 752 754 755 756 757 760 762 763 764 766 767 768 770 772 773 774 775 776 777 778 779 781 782 783 784 786 787 788 789 790 792 793 794 795 796 797 798 799 800 801 802 803 804 805 806 807 808 810 811 812 813 814 815 817 818 819 822 823 824 825 826 827 828 829 830 831 832 833 834 836 837 838 839 840 842 843 844 845 846 847 848 849 850 853 854 855 858 859 860 862 863 864 865 866 871 872 874 875 878 879 880 881 885 887 888 890 891 892 893 894 895 897 898 900 901 903 908 909 910 911 912 913 916 917 918 921 922 925 926 927 928 929 930 931 932 933 935 936 938 940 942 943 944 945 946 947 949 950 951 952 953 954 955 956 957 958 959 960 961 962 963 965 966 967 968 969 971 973 974 975 976 977 978 979 980 982 983 984 985 986 987 989 991 992 995 997 999
campaign,reference,1000,6-0.75-P,5,350948,752,0 1 3 5 6 8 9 10 11 13 14 15 16 17 19 21 23 24 25 26 27 28 29 30 31 32 35 38 39 40 41 43 44 45 47 49 50 52 54 55 56 57 58 60 62 63 64 65 66 67 68 69 70 72 73 74 75 77 78 80 82 84 85 87 89 90 92 93 94 95 97 98 100 101 102 103 104 105 106 107 108 110 111 112 114 115 116 117 118 119 120 121 122 124 125 126 127 128 129 130 131 134 135 137 138 139 141 142 144 145 146 148 149 150 151 152 153 154 156 160 161 163 164 165 166 167 169 170 171 172 174 175 176 177 178 180 181 182 183 186 187 188 189 191 192 193 195 196 200 201 203 205 206 208 209 210 211 213 214 215 216 218 220 221 222 223 225 226 228 230 231 233 234 235 236 237 239 240 241 244 245 246 248 249 250 251 252 254 256 257 258 259 261 262 263 265 266 267 268 269 270 271 272 273 275 276 277 278 280 281 282 284 285 286 287 288 289 290 291 292 293 294 295 296 297 298 299 300 301 302 303 304 305 306 307 308 309 311 313 314 315 316 317 318 319 320 321 322 323 326 327 328 329 330 331 332 333 334 335 336 337 338 339 340 341 342 343 344 345 346 348 353 354 355 356 357 358 359 360 361 363 365 366 367 368 369 370 371 372 373 374 375 377 378 379 382 383 386 387 388 389 390 391 392 393 395 397 398 399 401 402 403 405 406 408 409 411 412 413 414 415 416 417 419 420 421 422 423 425 426 427 428 430 431 433 434 435 436 438 439 440 441 443 444 445 446 447 448 449 450 451 453 454 455 456 459 461 462 463 465 466 467 468 469 470 471 473 474 482 483 484 485 486 487 488 489 490 491 493 494 497 498 499 500 501 502 503 504 505 506 509 512 513 514 515 516 517 519 520 521 522 523 524 526 527 528 529 530 531 532 533 534 535 538 539 540 541 542 544 545 546 547 548 549 551 552 554 555 557 560 561 562 565 566 568 570 571 573 574 575 576 577 578 580 584 585 586 588 593 594 597 599 600 601 602 603 604 605 606 608 609 610 611 613 614 616 617 619 621 623 624 627 628 630 631 632 633 634 636 637 638 639 640 641 642 644 645 646 648 649 651 652 653 655 656 659 660 661 663 665 666 667 669 670 671 674 675 676 677 679 681 682 684 685 687 688 689 690 691 692 693 694 695 696 697 699 700 701 705 706 708 709 711 712 713 714 715 716 717 720 722 723 724 725 726 728 730 732 734 735 738 740 741 742 743 745 746 747 748 749 750 751 752 753 754 755 756 757 760 762 763 764 766 767 768 769 770 772 773 774 775 776 777 778 779 781 783 784 786 787 788 790 792 793 794 795 796 797 798 799 800 801 802 803 804 805 806 807 810 811 812 813 814 815 817 818 821 822 823 824 825 826 827 828 829 830 831 832 834 837 838 839 840 842 843 844 845 846 847 848 849 850 854 855 857 858 859 860 862 863 864 865 866 871 874 875 878 879 880 881 884 885 887 888 890 891 892 893 894 895 896 897 898 900 901 903 906 907 908 909 910 911 912 913 916 917 918 921 923 925 926 927 928 929 930 931 932 933 934 935 936 937 938 940 942 943 944 945 946 947 949 950 951 952 953 954 955 956 957 958 959 960 961 962 963 965 966 967 968 969 970 971 972 973 974 975 977 978 979 980 982 983 984 985 986 987 989 991 992 995 997 999
campaign,reference,1000,7-0.75-P,1,334895,750,1 2 3 4 5 6 7 9 11 12 13 14 15 16 19 23 25 26 28 29 30 31 32 35 38 39 40 41 43 46 48 49 50 51 52 53 54 55 56 57 59 60 61 62 63 64 66 68 69 70 72 73 74 77 78 82 83 84 86 87 88 91 92 93 95 96 98 100 101 102 103 104 106 107 108 110 111 112 113 114 115 116 117 118 119 121 122 123 124 127 128 130 132 133 136 138 140 142 144 145 147 148 149 154 155 157 158 159 160 161 162 163 164 165 166 168 169 170 172 174 175 176 177 181 182 183 184 186 188 189 191 192 193 195 196 197 198 199 200 201 202 203 204 205 206 207 212 213 214 216 217 218 219 220 221 223 224 226 227 228 229 232 233 234 235 237 238 240 242 243 244 245 248 249 250 251 254 255 256 257 259 260 262 263 264 265 266 267 269 270 271 272 274 275 276 278 279 281 282 283 284 285 286 287 288 289 291 292 293 294 295 297 299 300 301 302 303 304 306 307 308 309 310 311 313 315 316 318 319 321 322 323 326 328 329 330 331 334 335 337 338 339 340 341 342 343 344 345 346 347 351 352 353 354 355 357 359 360 363 364 366 367 368 369 370 372 373 374 375 376 379 380 381 382 383 384 385 386 388 390 391 393 394 395 396 397 399 401 405 406 407 408 409 410 411 412 413 414 415 416 417 418 420 421 422 423 424 425 426 427 428 429 430 431 432 433 434 435 437 439 440 441 443 444 445 446 448 449 450 453 454 455 456 457 458 459 460 461 463 468 470 471 473 474 475 476 478 479 480 481 485 489 490 491 494 496 497 498 499 500 502 503 504 506 507 510 511 513 516 517 518 519 521 522 523 524 526 527 529 531 532 534 535 536 538 539 540 541 543 544 545 546 550 551 552 553 556 557 558 559 561 563 565 566 567 568 569 570 571 573 575 576 577 579 580 581 582 583 584 585 586 587 588 589 590 591 592 594 595 596 598 599 600 602 604 605 606 607 608 609 610 611 612 613 615 616 617 618 619 620 621 623 625 626 627 628 629 630 631 632 633 634 635 636 638 639 640 641 642 643 644 645 646 647 648 650 651 652 653 654 655 659 660 663 665 666 667 668 669 670 672 673 674 676 677 678 679 680 681 682 683 685 686 687 688 689 691 692 693 694 695 697 698 699 701 702 703 704 705 706 707 709 710 712 714 715 716 717 718 719 720 721 722 723 724 725 726 727 728 729 730 731 732 733 734 735 737 739 740 741 742 743 744 746 749 750 751 753 754 756 757 759 761 763 764 765 766 767 768 770 771 772 773 774 775 776 777 778 779 780 782 783 785 786 787 788 790 791 792 793 794 795 796 798 799 801 802 803 804 806 807 808 809 811 812 813 815 816 817 818 820 821 822 823 825 826 827 830 831 832 833 834 835 836 837 838 839 840 841 843 844 845 846 848 849 853 854 855 856 857 859 861 862 863 864 869 870 871 872 873 874 876 877 879 881 882 883 884 885 887 888 891 892 893 894 895 896 897 898 899 900 901 902 903 904 905 906 907 908 910 911 913 914 915 916 917 918 919 920 921 922 923 924 925 926 927 929 930 931 934 935 936 938 939 940 941 942 943 944 945 946 947 948 949 951 952 953 954 955 956 958 960 961 964 965 966 967 968 973 974 975 976 977 979 980 982 983 984 985 986 987 988 989 990 991 992 994 996 997 999
campaign,reference,1000,7-0.75-P,2,334953,749,1 2 3 4 5 6 7 9 11 12 13 14 15 16 18 19 23 25 26 27 28 29 30 31 32 35 38 39 40 41 43 46 48 49 50 51 52 53 54 55 56 59 60 61 63 64 66 68 69 70 72 73 74 76 77 78 82 83 84 86 87 88 91 92 93 95 96 98 100 101 102 103 104 106 107 108 110 111 112 113 114 115 116 117 118 119 121 122 123 124 126 127 128 129 130 132 133 136 137 138 140 142 144 145 146 147 148 149 152 154 155 157 158 159 160 161 162 163 164 165 166 168 169 170 172 174 175 176 177 181 182 183 184 185 186 187 188 189 191 192 193 195 196 197 198 199 200 201 202 203 204 205 206 207 212 213 214 216 217 218 219 220 221 223 224 226 227 228 229 232 233 234 235 237 238 239 240 242 243 244 248 249 250 251 253 254 255 256 257 259 260 262 263 264 265 266 267 269 270 271 272 274 275 276 278 279 281 282 283 284 285 286 287 288 289 291 292 293 297 299 300 301 302 303 304 305 306 307 308 309 310 311 312 313 315 316 318 319 321 323 326 327 328 329 330 331 334 335 336 338 339 341 342 343 344 345 346 347 351 352 353 354 355 357 359 360 363 364 367 368 369 370 372 373 374 375 376 379 380 381 382 385 386 388 389 390 391 393 394 395 396 397 399 401 404 405 406 407 408 409 410 412 413 415 417 418 420 421 422 423 424 425 426 428 429 431 432 433 434 435 436 437 438 439 440 442 443 444 445 446 448 449 450 453 454 455 457 458 459 460 461 463 468 470 471 472 473 474 475 476 477 478 479 480 481 485 489 490 491 494 496 497 498 499 500 502 503 504 506 507 510 511 513 516 517 518 519 521 522 523 524 526 529 531 532 534 535 536 538 539 540 541 543 545 546 548 549 550 551 552 553 555 556 557 558 559 561 563 565 566 567 568 569 570 571 573 575 576 577 579 580 581 582 584 585 586 587 588 589 590 591 592 594 595 596 597 598 599 600 602 604 605 606 607 608 609 610 611 612 613 615 616 617 618 619 620 621 622 623 625 626 627 628 629 630 631 632 633 634 635 636 638 639 640 641 642 643 644 645 646 647 648 650 651 652 653 654 655 659 660 664 666 667 668 669 670 672 673 674 676 677 678 679 680 681 682 683 685 686 688 689 691 692 693 694 695 697 698 699 701 702 703 704 705 706 707 709 710 712 714 715 716 717 718 719 721 722 724 725 726 728 729 730 731 732 733 734 735 737 739 740 741 742 743 744 745 746 749 750 751 754 756 757 759 760 761 763 764 765 766 767 768 770 771 772 773 774 775 776 777 778 779 780 782 783 785 786 787 788 790 791 792 793 794 795 796 798 799 801 802 803 804 805 806 807 809 811 812 813 815 816 817 818 820 821 822 823 825 826 827 828 830 831 832 833 834 835 836 837 838 839 840 841 843 845 846 848 849 853 854 855 856 857 859 862 863 864 865 869 870 871 872 873 874 876 878 879 881 882 883 884 885 887 888 889 891 892 894 895 896 898 899 900 901 902 903 904 905 906 907 908 910 911 913 914 915 916 918 919 920 921 922 923 924 925 926 927 929 931 932 934 935 936 938 939 941 942 943 944 945 946 947 948 949 950 951 952 953 954 955 956 960 961 964 965 966 967 968 973 974 975 976 977 979 983 984 985 986 987 988 989 990 991 992 993 994 996 997 999
campaign,reference,1000,7-0.75-P,3,335061,750,1 2 3 4 5 6 7 9 11 12 13 14 15 16 18 19 23 25 26 28 29 30 31 32 35 38 39 40 41 43 46 48 49 50 51 52 53 54 55 56 58 59 60 61 63 64 66 68 69 70 72 73 74 76 77 78 82 83 84 86 87 88 91 92 93 95 96 98 100 101 102 103 104 106 107 108 110 111 112 113 114 115 116 117 118 119 121 122 123 124 126 127 128 130 132 133 134 135 136 138 140 142 144 145 146 147 148 149 151 152 154 155 157 158 160 161 162 163 164 165 166 168 169 170 172 174 175 176 177 180 181 182 183 184 185 186 188 189 190 191 192 193 195 196 197 198 199 200 201 202 203 204 205 206 207 212 213 214 216 217 218 219 220 221 223 224 226 227 228 229 232 233 234 235 237 238 239 240 242 243 244 248 249 250 251 254 255 256 257 259 260 262 263 264 265 266 267 269 270 271 272 274 275 276 278 281 282 283 284 285 286 287 288 289 291 292 293 294 295 297 299 300 302 303 304 305 306 307 308 309 310 311 313 315 316 317 318 319 321 323 324 326 327 328 330 334 335 338 339 340 341 342 343 344 345 347 351 352 353 354 355 357 359 360 363 364 366 367 368 369 370 372 373 374 375 376 379 380 381 382 383 385 386 388 390 391 392 393 394 395 396 397 399 401 404 405 406 407 408 409 410 412 413 414 415 417 418 421 422 423 424 425 426 427 428 429 430 431 432 433 434 435 436 437 438 439 440 443 444 445 446 448 449 450 453 454 455 456 457 458 459 460 461 468 469 470 471 472 473 474 475 476 478 479 480 481 485 489 490 491 494 496 497 498 499 500 502 503 504 506 507 510 511 513 516 517 518 519 521 522 523 524 526 527 529 531 532 534 535 536 538 539 540 541 543 544 545 546 548 550 551 552 553 556 557 558 559 561 562 563 565 566 567 568 569 570 571 573 575 576 577 579 580 581 582 583 584 585 586 587 589 590 591 592 594 595 596 598 599 600 601 602 604 605 606 607 608 609 610 611 613 615 616 617 618 619 620 621 623 625 626 627 628 629 630 631 632 633 634 635 636 637 638 639 640 641 642 643 644 645 646 647 648 650 651 652 653 654 655 659 660 661 663 666 667 668 669 672 673 674 676 678 679 680 681 682 683 684 685 686 688 689 691 692 693 694 695 697 698 699 701 702 703 704 705 706 707 709 710 712 714 715 716 717 718 719 721 722 723 724 725 726 727 728 729 730 732 733 734 735 737 739 740 741 742 743 744 746 749 750 751 752 753 754 756 757 759 761 763 764 765 766 767 768 770 771 772 773 774 775 776 777 778 779 780 782 783 785 786 787 788 790 791 792 793 794 795 796 798 799 801 802 803 804 805 806 807 809 811 812 813 815 816 817 818 820 822 823 825 826 827 828 830 831 832 833 834 835 836 837 838 839 840 841 843 845 846 849 853 854 855 856 857 859 862 863 864 869 870 871 872 873 874 875 876 878 879 881 882 883 884 885 887 888 889 891 892 894 895 896 897 898 899 900 901 902 903 904 905 906 907 908 910 911 913 915 917 918 919 920 921 922 923 924 925 927 928 929 931 934 935 936 938 939 940 941 942 943 944 945 946 947 948 949 950 951 952 953 954 955 956 958 960 961 964 965 966 967 968 974 976 977 978 979 980 983 984 985 986 987 988 989 990 991 992 993 994 996 997 999
campaign,reference,1000,7-0.75-P,4,335135,750,1 2 3 4 5 6 7 9 11 12 13 14 15 16 18 19 23 25 26 28 29 30 31 35 36 38 39 40 41 43 44 46 49 50 51 52 53 54 55 56 58 59 60 61 62 63 64 66 68 69 70 72 73 74 76 77 78 82 83 84 86 87 88 91 92 93 95 96 98 100 101 102 103 104 106 107 108 110 111 112 113 114 115 116 117 118 119 121 122 123 124 126 127 128 129 130 132 133 135 136 140 142 144 145 147 148 149 152 154 155 156 157 158 159 160 161 162 163 164 165 166 168 169 170 172 174 175 176 177 180 181 182 183 184 185 186 188 189 190 191 192 193 195 196 197 198 199 200 201 203 204 205 206 207 212 213 214 215 216 217 219 220 221 223 224 226 227 228 229 232 233 234 235 237 238 240 242 243 244 248 249 250 251 254 255 256 257 258 259 260 262 263 264 265 266 267 269 270 271 272 274 275 276 278 279 281 282 283 284 285 286 287 288 289 291 292 293 294 297 299 300 302 303 304 305 306 307 308 309 310 311 313 315 316 318 319 320 321 323 326 327 328 330 334 335 337 338 339 340 341 342 343 344 345 347 349 351 352 353 354 355 357 359 360 363 364 367 368 369 370 372 373 374 375 376 379 380 381 382 383 385 386 388 390 391 392 393 394 395 397 399 401 405 406 407 408 409 410 412 413 414 415 417 418 420 421 422 423 424 425 426 427 428 429 430 432 433 434 435 436 437 438 439 440 441 443 444 445 446 448 449 450 453 454 455 456 457 458 459 460 461 463 468 470 471 472 473 474 475 476 477 478 479 480 481 484 485 489 490 491 494 496 497 498 499 500 502 503 504 505 506 507 510 511 513 516 517 518 519 521 522 523 524 526 527 529 531 532 534 535 536 538 539 540 541 543 544 545 546 548 550 551 552 553 556 557 558 559 561 562 563 565 567 568 569 570 571 573 575 576 577 580 581 582 584 585 586 587 588 589 590 591 592 594 595 596 597 598 599 600 602 604 605 606 607 608 609 610 611 612 613 615 616 617 618 619 620 621 623 625 626 627 628 629 630 631 632 633 634 635 636 638 639 640 641 642 643 644 646 647 648 650 651 653 654 655 659 660 661 666 667 668 669 672 673 674 676 678 679 680 681 682 683 685 686 687 688 689 690 691 692 693 694 695 697 698 699 700 701 702 703 704 705 706 707 709 710 712 714 715 716 717 718 719 721 722 723 724 725 726 727 729 730 732 733 734 735 737 739 740 741 742 743 744 745 746 749 750 751 752 753 754 756 757 759 761 763 764 765 766 767 768 770 771 772 773 774 775 776 777 778 779 780 782 783 784 785 786 787 788 790 791 792 793 794 795 796 798 799 801 802 803 804 806 807 809 811 812 813 815 816 817 818 820 822 823 825 826 827 828 830 831 832 833 834 835 836 837 838 839 840 841 843 845 846 849 852 854 855 856 857 859 862 863 864 865 869 870 871 872 873 874 875 878 879 881 882 883 884 885 887 888 889 891 892 894 895 896 897 898 899 900 901 902 903 904 905 906 907 908 910 911 913 914 915 917 918 919 920 921 922 923 924 925 926 927 929 931 932 934 935 936 938 939 940 941 942 943 944 945 946 947 948 949 950 951 952 953 954 955 956 957 958 960 961 963 964 965 966 967 968 973 974 976 977 979 983 984 985 986 987 988 989 990 991 992 993 996 997 999
campaign,reference,1000,7-0.75-P,5,335078,750,1 2 3 4 5 6 7 9 11 12 13 14 15 16 23 25 26 28 29 30 31 35 38 39 40 41 46 48 49 50 51 52 53 54 55 56 58 59 60 61 62 64 66 68 69 70 72 73 74 76 77 78 80 82 83 84 86 87 88 91 92 93 95 96 98 100 101 102 103 104 106 107 108 110 111 112 113 114 115 116 117 118 119 121 122 123 124 126 127 128 129 130 132 133 134 136 137 138 140 142 144 145 147 148 149 150 152 154 155 157 158 159 160 161 162 163 164 165 166 168 169 170 172 174 175 176 177 181 182 183 184 185 186 188 189 191 192 193 195 196 197 199 200 201 202 203 204 205 206 207 212 213 214 216 217 218 219 220 221 222 223 224 226 227 228 229 232 233 234 235 237 238 240 242 243 244 247 248 249 250 251 254 255 256 257 258 259 260 262 263 264 266 267 268 269 270 271 272 274 275 278 279 281 282 283 284 285 286 287 288 289 291 292 293 294 297 299 300 302 303 304 306 307 308 309 310 311 313 316 318 319 321 323 324 326 328 329 330 332 334 335 338 339 340 341 342 343 344 345 347 351 352 353 354 355 357 359 360 363 364 366 367 368 369 370 372 373 374 375 376 379 380 381 382 383 385 386 388 389 390 391 392 393 394 395 396 397 399 401 405 406 407 408 409 410 412 413 414 415 417 418 420 421 422 423 424 425 426 427 428 429 430 431 432 433 434 435 436 437 438 440 442 443 444 445 446 448 449 450 453 454 455 456 457 458 459 460 461 463 468 470 471 472 473 474 475 476 477 478 479 480 481 484 485 489 490 491 494 496 497 498 499 500 502 503 504 505 506 507 510 511 513 516 517 518 519 520 521 522 523 524 527 529 531 532 534 535 536 538 539 540 541 543 544 545 546 548 550 552 553 554 555 556 557 558 559 561 563 565 566 567 568 569 570 571 573 575 576 577 579 580 581 582 584 585 586 587 588 589 590 591 592 594 595 596 597 598 599 600 602 604 605 606 607 608 609 610 611 612 613 615 616 617 618 619 620 621 623 624 625 626 627 628 629 630 631 632 633 634 635 636 637 638 639 640 641 642 643 644 645 647 648 650 651 652 653 654 655 659 660 661 664 666 667 668 669 670 671 672 673 674 676 678 679 680 681 682 683 685 686 688 689 690 691 692 693 694 695 697 698 699 700 701 702 703 704 705 706 707 709 710 712 714 715 716 717 718 719 721 722 723 724 725 726 728 729 730 732 733 734 735 737 739 740 741 742 743 744 745 746 749 750 752 753 754 756 757 759 761 764 765 766 767 768 770 771 772 773 774 775 776 777 778 779 780 782 783 785 786 787 788 790 791 792 793 794 795 796 798 799 801 803 804 806 807 809 811 812 813 814 815 816 817 818 820 821 822 823 825 826 827 828 830 831 832 833 834 835 836 837 838 839 840 841 843 845 846 849 851 853 854 855 856 857 859 862 863 864 865 869 870 871 872 873 874 875 876 878 879 881 882 883 884 885 887 888 889 891 892 894 895 896 898 899 900 901 902 903 904 905 906 907 908 910 911 913 914 915 917 918 919 920 921 922 923 924 925 927 928 929 931 932 934 935 936 938 939 940 941 942 943 944 945 946 947 948 949 951 952 953 954 955 956 958 960 961 964 966 967 968 973 974 975 976 977 979 983 984 985 986 987 988 989 990 991 992 994 996 997 999
campaign,reference,1000,8-0.75-P,1,340229,751,1 4 5 6 7 8 9 10 11 12 13 14 15 16 17 18 20 21 22 23 24 26 27 28 29 30 31 32 33 34 35 36 37 38 39 40 41 42 43 44 45 46 47 48 49 50 52 54 55 57 58 60 61 62 64 65 70 71 73 75 76 77 78 79 82 84 85 86 87 88 89 90 91 93 95 97 98 99 100 101 102 103 104 107 109 110 111 112 113 114 115 118 119 120 121 122 123 124 127 129 130 131 132 133 135 139 141 143 144 146 147 149 152 153 154 155 156 157 158 163 164 165 166 167 168 169 170 171 172 173 174 175 176 179 181 182 184 186 187 188 191 192 195 196 197 198 199 200 201 203 204 205 206 207 208 209 210 211 214 216 217 218 220 222 224 225 228 229 233 235 236 237 238 239 240 241 243 244 246 247 249 250 251 252 253 255 256 257 258 260 262 263 264 265 266 267 268 269 270 271 272 273 274 275 276 277 278 280 283 284 285 286 287 288 289 291 292 293 294 296 297 298 299 300 301 302 304 306 307 308 309 310 311 313 314 315 316 317 319 320 322 323 324 326 327 328 329 330 332 334 335 336 337 339 340 342 343 344 345 350 351 352 353 354 355 356 357 358 360 361 362 363 364 365 366 367 368 369 374 378 379 380 381 382 383 384 385 386 387 389 390 391 392 393 394 396 397 400 402 403 404 405 407 408 409 410 411 412 413 415 417 419 420 421 422 423 424 426 427 428 430 432 433 434 435 436 437 438 439 441 442 443 444 446 447 448 450 451 452 453 454 455 456 457 458 459 461 462 464 465 470 471 472 473 474 475 476 478 479 481 482 483 486 487 488 489 490 491 492 493 495 496 497 499 500 501 504 505 506 507 508 511 512 513 514 516 517 519 521 522 524 526 527 529 530 531 532 533 534 536 538 539 540 541 543 545 548 549 550 551 552 553 554 555 556 559 560 562 563 564 567 569 570 571 572 574 575 576 579 580 581 584 585 586 588 591 592 594 597 598 600 601 602 603 604 605 606 607 608 609 610 612 613 615 616 617 618 621 623 624 625 626 627 628 629 630 635 636 637 639 640 641 642 643 644 645 646 647 648 651 652 653 654 656 660 661 662 663 665 666 667 668 670 671 672 673 675 676 677 679 680 681 683 685 687 688 689 690 691 692 693 695 696 697 698 700 701 702 703 704 706 707 708 709 710 711 712 713 714 715 717 718 719 720 721 722 723 724 727 728 729 730 731 732 733 734 735 736 737 739 740 741 743 744 745 747 749 750 751 752 753 754 755 757 758 759 760 761 762 763 764 765 766 767 768 769 771 773 775 776 777 778 779 781 782 785 786 788 791 792 793 794 795 797 798 799 800 801 802 803 804 805 806 807 808 809 811 813 815 816 817 818 819 820 821 822 823 824 825 826 827 828 829 830 831 832 833 837 838 839 840 841 842 843 845 846 848 849 853 854 855 856 857 858 859 860 862 863 864 865 867 868 869 870 871 872 873 874 875 876 877 878 879 880 882 884 885 886 887 888 889 890 894 895 896 897 898 899 900 902 903 904 905 906 907 908 909 910 912 914 915 918 919 923 925 926 927 929 930 931 932 933 934 935 936 937 939 940 942 945 947 948 949 950 951 952 953 955 957 959 960 961 962 964 965 966 967 968 969 970 971 972 975 976 977 978 979 980 983 985 986 987 988 989 992 993 994 996 997 998 999
campaign,reference,1000,8-0.75-P,2,340245,751,1 4 6 7 8 9 10 11 12 13 14 16 17 18 20 21 22 23 24 26 27 28 29 30 32 33 34 35 36 37 38 39 40 41 42 43 44 45 46 47 48 49 50 52 54 55 57 58 60 61 62 64 65 66 70 71 73 75 76 77 78 79 81 84 85 86 87 88 89 90 91 93 95 97 98 99 100 101 102 103 104 106 107 109 110 111 112 113 115 116 118 119 120 122 123 124 127 129 130 131 132 133 135 136 139 141 142 143 144 146 147 149 152 153 154 155 156 157 158 161 163 164 165 166 168 169 170 171 172 173 174 175 176 179 181 182 184 186 187 190 191 192 195 197 198 199 200 201 203 204 205 206 207 208 209 210 211 214 216 217 218 220 222 224 225 228 229 230 231 233 235 236 237 238 239 240 241 243 244 246 247 249 250 251 252 253 255 256 257 258 260 262 263 264 265 266 267 269 270 271 272 273 274 275 276 277 278 279 280 283 285 286 287 288 289 291 293 294 296 297 298 299 300 301 302 304 306 307 308 309 310 313 314 315 316 318 319 320 322 323 324 326 327 328 329 330 332 334 335 336 337 339 340 341 342 343 345 346 347 350 351 352 353 354 355 356 357 358 360 361 362 363 364 365 366 367 368 369 374 378 379 380 381 382 383 384 385 386 387 389 390 391 392 393 394 396 397 400 402 403 404 405 406 407 408 409 410 412 413 415 416 417 419 420 422 423 424 426 427 428 430 432 433 434 435 436 437 438 441 442 443 444 445 446 447 448 450 451 452 453 454 455 456 457 458 461 462 463 464 465 470 471 472 473 474 475 478 479 481 482 483 485 486 487 488 489 490 491 492 493 495 496 497 498 499 500 501 502 505 506 507 511 512 514 516 517 519 521 522 524 526 527 528 529 530 531 532 534 536 538 539 540 541 543 545 548 549 550 551 552 553 554 555 556 560 562 563 564 565 567 569 570 571 572 574 575 576 578 580 581 584 585 586 587 588 591 592 593 594 595 597 598 600 601 602 603 605 606 607 608 609 610 612 613 615 616 617 618 621 623 624 625 626 627 628 629 630 635 636 637 639 640 641 642 643 644 645 646 647 648 651 652 653 654 656 658 660 661 662 663 665 666 667 668 670 671 672 673 675 676 677 679 680 682 683 685 687 688 689 690 691 692 693 695 696 697 698 699 700 701 702 703 704 706 707 708 709 710 711 712 713 714 715 718 719 720 722 723 724 727 728 729 730 731 732 733 734 735 736 737 739 740 743 744 745 747 749 750 751 752 753 754 755 757 758 759 760 761 762 763 764 765 766 767 768 769 771 773 776 777 778 779 780 781 782 783 785 786 787 788 789 791 792 793 794 797 798 799 800 801 802 803 805 806 807 808 809 811 813 816 817 818 819 820 821 822 823 824 826 827 828 829 830 831 832 833 834 835 837 838 840 841 842 843 845 846 848 849 851 853 854 855 856 857 858 859 860 862 863 864 865 867 868 869 870 872 873 874 875 876 877 878 879 880 882 884 885 886 887 888 889 890 894 896 897 898 899 900 902 903 904 905 906 907 908 910 912 914 915 916 917 918 919 923 925 926 930 931 932 933 934 935 936 937 938 939 940 942 943 945 946 947 948 949 950 951 952 953 957 959 960 961 962 964 965 966 967 968 969 970 972 975 976 977 978 979 980 981 982 983 985 986 987 988 989 993 994 996 997 998 999
campaign,reference,1000,8-0.75-P,3,340231,752,1 4 6 7 8 9 10 11 12 13 14 15 16 17 18 20 21 23 24 26 27 28 29 30 32 33 34 35 36 37 38 39 40 41 42 43 44 45 46 47 49 50 52 54 55 57 58 60 62 64 65 70 71 73 75 76 77 78 79 81 83 84 85 86 87 88 89 90 91 93 95 98 99 100 101 102 103 104 107 109 110 111 112 113 115 118 119 120 122 123 124 127 129 130 131 132 133 135 139 141 142 143 144 146 147 149 152 153 154 155 156 157 158 161 163 164 165 166 168 169 170 171 172 173 175 176 179 181 182 183 184 186 187 188 191 192 195 196 197 198 199 201 203 204 205 206 207 208 209 210 211 214 216 217 218 220 222 224 225 228 229 230 233 235 236 237 238 239 240 241 243 244 246 247 249 250 251 252 253 255 256 257 258 260 262 264 265 266 267 268 269 270 271 273 274 275 276 277 278 280 283 285 286 287 288 289 291 293 294 296 297 298 299 300 301 302 304 306 307 308 309 310 311 313 314 315 316 319 320 322 323 324 326 327 328 329 330 332 334 335 336 337 339 340 341 342 343 344 345 346 347 350 351 352 353 354 355 356 357 358 360 361 362 363 364 365 366 367 368 369 374 378 379 380 381 382 383 384 385 386 387 389 390 391 392 393 394 396 397 400 402 403 404 405 406 407 408 409 410 412 413 415 416 417 419 420 422 424 425 426 427 428 429 430 432 433 434 435 436 437 438 441 442 443 444 446 447 448 450 451 452 453 454 455 456 457 458 459 460 461 462 464 465 468 470 471 472 473 474 475 476 478 479 481 482 483 486 487 488 489 490 491 492 493 495 496 497 499 500 501 505 506 507 509 511 512 514 516 517 519 521 522 524 526 527 528 529 530 531 532 534 536 538 539 540 541 543 545 546 547 548 549 550 551 552 553 554 555 556 557 559 560 561 562 563 564 565 567 569 570 571 572 574 575 576 577 579 580 581 584 585 586 588 591 592 593 594 595 597 598 600 601 602 603 604 605 606 607 608 609 610 612 613 615 616 617 618 620 621 623 624 625 626 627 628 630 634 635 636 637 638 640 641 642 643 644 645 646 647 648 649 651 652 653 654 656 658 661 662 663 665 666 667 668 670 671 672 673 675 676 677 679 680 683 687 688 689 690 691 692 693 695 696 697 698 699 700 701 702 703 704 706 707 708 709 710 711 712 713 714 715 717 718 719 720 721 722 723 724 727 728 729 730 731 732 733 734 735 736 737 738 739 740 741 743 744 745 747 748 749 750 751 752 753 754 755 757 758 759 760 761 762 763 764 765 766 767 768 769 771 773 776 777 778 779 781 782 783 784 785 786 788 791 792 793 794 796 797 798 799 800 801 802 803 804 805 806 807 808 809 811 812 813 815 816 817 819 820 821 822 824 826 827 828 829 830 831 832 833 835 837 838 839 840 841 842 843 845 846 848 849 851 853 854 855 856 857 858 859 860 862 863 864 865 868 869 870 871 872 873 874 875 876 877 878 879 880 882 883 884 885 886 887 888 889 890 894 895 896 897 898 899 900 902 903 904 905 907 908 910 912 914 915 918 919 923 925 926 929 930 931 932 933 934 935 936 937 938 939 940 942 945 946 947 948 950 951 952 953 955 957 959 961 962 964 965 966 967 968 969 970 972 975 976 977 978 979 980 982 985 986 987 988 989 991 992 993 994 996 997 998 999
campaign,reference,1000,8-0.75-P,4,340369,752,1 4 5 6 7 8 9 10 11 12 13 14 16 17 18 20 21 22 23 24 26 27 28 29 30 31 32 33 34 35 36 37 38 39 40 41 42 43 44 45 47 49 50 52 54 55 57 58 60 62 64 65 66 70 71 73 75 76 77 78 79 81 82 84 85 86 87 88 90 91 93 95 97 98 99 100 101 102 103 104 107 109 110 111 113 115 116 118 119 120 121 122 123 124 127 129 130 131 132 133 135 136 139 141 142 143 144 146 147 148 149 152 153 154 155 156 157 158 160 163 164 165 166 168 169 171 172 173 174 175 176 178 179 181 182 183 184 186 187 188 190 191 192 195 197 198 199 200 201 203 204 205 206 207 208 209 210 211 214 215 216 217 218 220 222 224 225 228 229 231 233 234 235 236 237 238 239 240 241 243 244 246 247 249 250 252 253 255 256 257 258 260 261 262 263 264 265 266 267 268 269 270 273 274 275 276 277 278 280 283 285 286 287 288 289 291 293 294 296 297 298 299 300 301 302 304 306 308 309 310 311 313 314 315 316 319 320 322 323 324 326 327 328 329 330 332 335 336 337 339 340 341 342 343 344 345 346 350 351 352 353 354 355 356 357 358 360 361 362 363 364 365 366 367 368 369 374 379 380 381 382 383 384 385 386 387 389 390 391 392 393 394 396 397 398 400 402 403 404 405 406 407 408 409 410 412 413 415 416 417 419 420 422 423 424 426 427 428 430 432 433 434 435 436 437 438 441 442 443 444 446 447 448 450 451 452 453 454 455 456 457 458 459 461 462 464 465 469 470 471 472 473 474 475 477 478 479 481 482 483 486 487 488 489 490 491 492 493 494 495 496 497 499 500 501 502 506 507 508 511 512 514 516 517 518 519 521 522 524 526 527 528 529 530 531 532 534 536 538 539 540 541 543 545 546 548 549 550 551 552 553 554 555 556 559 560 561 562 563 564 567 569 570 571 572 574 575 576 580 581 583 584 585 586 588 591 592 593 595 597 598 600 601 602 603 605 606 607 608 609 610 611 612 613 615 616 617 618 619 621 623 624 625 626 627 628 630 631 634 635 636 637 639 640 641 642 643 644 645 646 647 648 651 652 653 654 656 658 659 660 661 662 663 665 666 667 668 670 671 672 673 675 676 677 679 680 683 685 687 688 689 690 691 692 693 695 696 697 698 700 701 702 703 704 706 708 710 711 712 713 714 715 716 718 719 720 721 722 723 724 727 728 729 730 731 732 733 734 735 736 737 739 740 741 743 744 745 747 748 749 750 751 752 753 754 755 757 758 759 760 761 762 763 764 765 766 767 768 769 771 773 776 777 778 779 781 782 783 785 786 787 788 791 793 794 795 796 797 798 799 800 801 802 803 804 805 806 807 808 809 811 813 815 816 817 818 819 820 821 822 823 824 826 827 828 829 830 831 832 833 835 837 838 839 840 841 842 843 845 846 848 849 851 853 854 855 856 857 858 859 860 862 863 864 865 868 869 870 872 873 874 875 876 877 878 879 880 882 883 884 885 886 887 888 889 890 894 895 896 897 898 899 900 902 903 904 905 906 907 908 910 914 915 917 918 919 923 925 926 929 930 931 932 933 934 935 936 937 938 939 940 942 946 947 948 949 951 952 953 956 957 959 960 961 962 964 965 966 967 968 969 970 971 972 975 976 977 978 979 980 985 986 987 988 989 992 993 994 996 997 998 999
campaign,reference,1000,8-0.75-P,5,340267,751,1 4 5 6 7 8 9 10 11 12 13 14 15 16 17 18 20 21 22 23 24 25 26 27 28 29 30 31 32 33 35 36 37 38 39 40 41 42 43 44 45 46 47 48 49 50 52 54 55 57 58 60 61 62 64 65 70 73 75 76 77 78 79 81 84 85 86 87 88 89 90 91 93 95 97 98 99 100 101 102 103 104 107 109 110 111 112 113 114 115 118 119 120 122 123 124 127 129 130 131 132 133 135 137 139 141 142 143 144 145 146 147 149 152 153 154 155 156 157 158 161 163 164 165 166 168 169 170 171 172 173 174 175 176 179 181 182 184 186 187 188 191 192 195 196 197 198 199 200 201 203 204 205 206 207 208 209 210 211 214 216 217 218 220 222 224 225 228 229 230 233 235 236 237 238 239 240 241 243 244 246 247 249 250 251 252 253 255 256 257 258 260 262 263 264 265 266 267 268 269 270 271 272 273 274 275 276 277 278 280 281 283 285 286 287 288 289 291 293 294 296 297 298 299 300 301 302 304 306 307 308 309 310 311 313 314 315 316 319 320 322 323 324 326 327 328 329 330 332 334 335 336 337 339 340 342 343 344 345 349 350 351 352 353 354 355 356 357 358 360 361 362 363 364 365 366 367 368 369 371 374 378 379 380 381 382 383 384 385 386 387 389 390 391 392 393 394 396 397 400 402 403 404 405 406 407 408 409 410 411 412 413 415 416 417 419 420 421 422 424 426 427 428 430 431 432 433 434 435 436 437 438 441 442 443 444 446 447 448 449 450 451 452 453 454 455 456 457 458 459 461 462 464 465 467 470 471 472 473 474 475 478 479 481 482 483 486 487 488 489 490 491 492 493 494 495 496 497 499 500 501 502 505 506 507 509 511 512 513 514 516 517 518 519 521 522 524 526 527 528 529 530 531 532 534 536 538 539 540 541 543 545 546 547 548 549 550 551 552 553 554 555 556 559 560 561 562 563 564 565 567 569 570 571 572 574 575 576 579 580 581 584 585 586 588 591 592 593 594 597 598 599 600 602 603 605 606 607 608 609 610 612 613 615 616 617 618 620 621 623 624 625 626 627 628 630 635 636 637 639 640 641 642 643 644 645 646 647 648 649 651 652 653 654 656 658 660 661 662 663 665 666 667 668 670 671 672 673 675 676 677 679 680 681 683 687 688 689 690 691 692 693 695 696 697 698 700 701 702 703 704 705 706 707 708 709 710 711 712 713 714 715 717 718 719 720 721 722 723 724 727 728 729 730 731 732 733 734 735 736 737 739 740 743 744 745 747 749 750 751 752 753 754 757 758 759 760 761 762 763 764 765 766 767 768 769 771 773 775 776 777 778 779 781 782 783 785 786 788 791 792 793 794 795 797 798 799 800 801 802 805 806 807 808 809 811 812 813 815 816 817 819 820 821 822 823 826 828 829 830 831 832 833 834 835 837 838 839 840 841 842 843 845 846 849 853 854 855 856 857 858 859 860 862 863 864 865 866 867 868 869 870 872 873 874 875 876 877 878 879 880 882 884 885 886 887 888 889 890 894 895 896 897 898 899 900 902 903 904 905 906 907 908 912 914 915 918 919 923 925 926 927 930 931 932 933 934 935 937 938 939 940 942 945 946 947 948 949 950 951 952 953 957 959 961 962 964 965 966 967 968 969 970 972 975 976 977 978 979 980 985 986 987 988 989 993 994 996 997 998 999
campaign,reference,1000,9-0.75-P,1,339251,752,0 1 2 3 4 5 6 8 9 10 11 12 13 14 15 17 19 20 21 22 23 24 25 26 27 28 30 31 34 35 37 38 40 43 45 46 51 52 54 56 59 60 61 62 63 64 65 67 68 69 70 71 73 75 76 78 81 82 83 84 86 87 89 90 91 92 93 94 95 97 98 99 100 101 102 103 104 105 106 107 110 111 112 113 114 116 118 119 120 121 122 123 124 126 127 128 130 132 133 134 135 137 139 141 142 144 145 147 148 149 150 151 154 155 156 157 158 159 160 162 163 164 165 166 167 168 169 172 173 175 176 177 179 180 181 182 183 184 185 186 187 188 190 192 193 194 198 199 200 201 202 203 204 205 206 207 208 210 211 212 218 219 220 222 223 225 227 230 231 232 233 235 236 237 238 239 240 241 242 243 244 245 246 247 249 250 251 252 253 254 255 256 257 258 259 260 262 264 265 266 268 269 270 272 273 274 275 277 278 279 280 281 283 284 285 287 288 289 291 292 293 294 295 296 297 298 299 300 301 303 305 306 308 309 310 311 312 313 314 315 316 318 319 320 323 327 328 331 332 333 335 337 338 339 340 342 343 344 345 346 347 348 349 350 352 353 354 355 356 357 358 359 360 361 362 363 364 365 366 367 368 369 370 371 372 375 376 377 378 381 382 383 384 385 388 389 390 392 394 395 396 398 400 404 405 406 407 408 411 412 413 414 415 416 417 418 419 420 421 425 427 428 429 430 431 432 433 436 437 438 439 441 442 445 446 447 448 449 453 454 455 456 457 458 459 460 461 462 463 464 466 467 468 470 471 474 475 476 478 479 480 481 483 484 488 491 492 493 494 496 498 501 502 505 507 508 509 510 511 512 513 514 515 516 518 519 521 523 528 530 532 533 534 536 537 538 539 540 542 543 544 547 548 549 550 551 552 554 555 556 557 558 559 560 562 563 564 565 566 567 568 569 570 571 572 573 574 575 576 577 578 579 580 582 583 584 585 586 587 588 589 590 591 592 593 594 595 596 598 599 601 602 604 606 607 608 609 610 613 614 617 619 620 621 622 623 626 627 630 632 633 634 636 637 639 640 642 644 645 646 647 648 649 651 652 653 654 655 656 658 660 661 662 663 664 666 667 669 670 671 672 673 674 675 676 677 678 679 680 681 682 683 684 685 686 687 689 690 691 692 694 696 699 700 701 702 704 706 707 708 709 710 712 713 714 716 717 718 719 720 721 722 724 725 726 727 728 730 731 733 734 735 736 738 739 741 742 743 744 745 746 747 749 750 751 752 753 754 755 756 757 758 759 761 762 763 764 765 767 768 769 771 772 773 774 775 776 777 778 779 781 784 785 788 790 791 792 793 794 795 796 797 798 800 801 802 803 804 805 807 808 809 810 811 813 814 815 816 817 819 820 821 823 824 825 826 828 829 830 831 832 833 835 836 837 838 839 840 841 844 845 846 847 848 850 851 853 856 857 858 859 862 865 866 867 868 870 871 873 874 875 876 877 879 881 884 885 886 887 888 889 892 895 896 897 898 899 900 902 903 904 905 906 907 908 909 910 911 913 914 915 916 917 918 920 923 924 925 928 929 931 932 934 935 936 938 939 940 941 942 944 945 946 948 949 950 951 953 954 957 958 959 960 961 963 964 965 966 968 969 971 972 973 974 975 976 977 978 980 981 983 984 985 988 990 991 992 993 994 996 998 999
campaign,reference,1000,9-0.75-P,2,338988,752,0 1 2 3 4 5 6 8 9 10 11 12 13 14 15 17 19 20 21 22 23 24 25 26 27 28 31 34 35 37 38 40 43 45 46 47 49 51 52 54 56 59 60 61 62 63 64 65 67 68 69 70 71 73 75 76 78 79 81 82 83 84 86 87 89 90 91 92 93 94 95 97 98 99 100 101 102 103 104 105 106 107 111 112 113 114 116 118 119 120 121 122 123 124 126 127 128 130 132 133 134 135 137 139 140 141 142 144 145 147 148 149 150 151 154 155 156 157 158 159 160 162 163 164 165 166 167 168 171 172 173 175 176 177 179 180 181 182 183 184 185 186 187 188 191 192 193 194 198 199 200 201 202 203 204 205 206 207 208 211 213 218 219 220 222 223 225 227 230 231 232 233 235 236 237 238 239 240 241 242 243 244 245 246 247 248 250 251 252 253 254 255 256 257 259 260 263 265 266 267 268 269 270 272 273 274 275 277 278 279 280 281 282 283 284 285 286 287 288 289 290 291 292 294 295 296 297 298 299 300 301 303 304 305 306 308 309 310 311 312 313 315 316 318 319 320 323 324 326 327 328 331 332 333 334 335 337 338 339 340 342 343 344 345 346 348 349 350 351 352 353 354 355 356 357 358 359 360 361 363 364 365 366 367 368 369 370 371 372 375 376 377 378 381 382 383 384 387 388 389 391 392 394 395 396 398 400 402 404 405 406 407 408 411 412 413 414 415 416 417 418 419 420 421 425 427 428 429 430 431 432 433 434 436 437 439 441 445 446 447 448 449 451 453 454 455 456 457 458 459 460 461 462 463 464 466 467 468 470 471 474 475 476 478 479 480 481 483 488 491 492 493 494 496 498 501 502 505 506 507 509 510 511 512 513 515 516 517 518 519 520 521 523 528 530 532 533 534 536 537 538 539 540 542 543 546 547 548 549 550 551 553 554 555 556 557 558 559 560 561 562 563 564 565 566 567 568 569 570 571 572 573 574 575 576 577 578 579 580 581 582 583 584 585 586 587 588 589 590 591 592 593 594 595 596 598 599 601 602 603 604 606 607 608 609 610 613 617 618 619 620 621 622 623 627 630 632 633 634 636 637 639 640 642 644 645 646 647 648 649 651 652 653 654 655 656 660 661 662 664 666 667 669 670 671 672 673 675 676 677 678 679 680 681 682 683 684 685 686 687 689 690 691 692 694 696 699 700 701 702 704 705 706 707 708 709 710 712 713 714 716 717 718 719 720 721 722 724 725 726 727 728 730 731 733 734 735 736 738 739 741 742 743 744 745 747 748 749 750 751 752 753 754 755 756 757 758 761 762 763 764 765 769 770 773 774 775 776 777 779 781 782 784 785 788 790 791 792 793 794 795 796 797 798 800 801 802 804 805 806 807 808 809 810 811 813 814 815 816 817 818 819 821 822 824 825 827 828 829 830 831 832 833 835 836 837 838 839 840 841 844 845 847 848 850 851 853 856 857 858 859 862 864 865 866 867 868 870 871 873 874 875 876 879 880 881 884 885 886 887 888 889 895 896 897 898 899 900 902 903 904 905 906 907 910 911 913 914 915 916 917 918 919 920 923 924 925 928 929 930 931 932 934 935 936 937 938 939 940 941 942 944 945 946 948 949 950 951 953 954 957 958 959 960 961 963 964 965 966 968 969 971 972 973 975 976 977 978 979 980 983 984 985 986 988 990 991 992 993 996 998 999
campaign,reference,1000,9-0.75-P,3,339164,752,0 1 2 3 4 5 6 8 9 10 11 12 13 14 15 17 19 20 21 22 23 24 25 26 27 28 30 31 32 33 34 35 37 38 40 43 44 45 46 47 48 49 51 52 53 54 56 57 59 60 61 62 63 64 65 67 68 69 70 71 72 75 76 78 79 81 82 83 84 86 87 89 90 91 92 93 94 95 97 98 99 100 101 102 103 104 105 106 107 110 111 112 113 114 116 117 118 119 121 122 123 124 126 127 128 130 132 133 134 135 137 139 140 141 142 144 145 147 148 149 150 151 154 155 156 157 158 159 160 162 163 164 165 166 167 168 171 172 173 176 177 179 180 181 182 183 185 186 187 188 192 198 199 200 201 202 203 204 205 206 207 208 211 218 219 220 222 223 227 230 231 232 233 235 236 237 238 239 240 241 242 243 244 245 246 247 250 251 252 253 254 255 256 259 260 262 265 266 267 268 269 270 273 274 275 277 278 279 280 281 283 284 287 288 289 291 292 293 294 295 296 297 298 299 300 301 303 305 306 308 309 310 311 312 313 315 316 318 319 320 323 324 326 327 328 331 332 333 334 335 337 338 339 342 343 344 345 346 348 349 350 352 353 354 355 356 357 358 359 360 361 363 364 365 366 367 368 369 370 371 372 375 376 377 378 381 382 383 384 388 389 392 394 395 396 398 400 404 405 406 407 408 411 412 414 415 416 417 418 419 420 421 425 427 428 429 430 431 432 433 436 437 439 440 441 442 445 446 447 448 449 451 453 454 455 456 457 458 459 460 461 462 463 464 465 466 467 468 470 471 474 475 476 478 479 480 481 482 483 488 491 492 493 494 496 498 501 502 505 507 508 509 510 511 512 513 515 516 518 519 521 523 528 530 532 533 534 536 537 538 539 540 542 543 545 546 547 548 549 550 551 554 555 556 557 558 559 560 562 563 564 565 566 567 568 569 570 571 572 574 576 577 578 579 580 581 582 583 584 585 586 587 588 589 590 591 592 593 594 595 596 598 599 601 602 603 604 606 607 608 609 610 613 614 617 618 619 620 621 622 623 626 627 630 632 633 634 636 637 639 640 642 643 644 646 647 648 649 651 652 653 654 655 656 658 660 661 662 664 666 667 669 670 671 672 673 674 675 676 677 678 679 680 681 682 683 684 685 686 687 689 690 691 692 694 696 697 698 699 700 701 702 703 704 706 707 708 709 710 711 712 713 716 717 718 719 720 721 722 723 724 725 726 727 728 730 731 733 734 735 736 738 739 741 742 743 744 745 746 747 749 750 751 752 753 754 755 756 757 758 759 761 762 763 764 765 767 768 769 772 773 774 775 776 777 778 779 781 783 784 785 788 790 791 792 793 794 795 796 797 798 800 801 802 803 804 805 807 808 809 810 813 814 815 816 817 819 820 821 824 825 826 827 828 829 830 831 832 833 835 836 837 838 839 840 841 844 845 846 847 848 850 851 853 855 856 857 858 859 862 865 866 867 868 870 871 874 875 876 877 879 881 884 885 886 887 888 889 892 895 896 897 898 899 900 902 903 904 905 906 907 908 909 910 911 913 914 915 916 917 918 919 920 923 924 925 928 929 930 931 932 934 935 936 938 939 940 941 942 944 945 946 948 949 950 951 953 954 957 958 959 960 961 963 964 965 966 968 969 971 972 973 974 975 976 977 978 979 980 983 984 985 986 988 990 991 992 993 994 996 998 999
campaign,reference,1000,9-0.75-P,4,339158,752,0 1 2 3 4 5 6 8 9 10 11 12 13 14 15 17 19 20 21 22 23 24 25 26 27 28 30 31 34 35 37 38 39 40 43 44 45 46 47 48 49 51 52 54 56 57 59 60 61 62 63 64 65 67 68 69 70 71 75 76 78 81 82 83 84 86 87 89 90 91 92 93 94 96 97 98 99 100 101 102 103 104 105 106 107 111 113 114 116 117 118 119 121 122 123 124 126 127 128 130 133 134 135 137 138 139 140 141 142 144 145 147 148 149 150 151 154 155 156 157 158 159 160 162 163 164 165 166 167 168 171 172 173 175 176 177 179 180 181 182 183 185 186 187 188 192 193 194 198 199 200 201 202 203 204 205 206 207 208 211 212 213 218 219 220 222 223 225 227 228 230 231 232 233 235 236 237 238 239 240 241 242 243 244 245 246 247 249 250 251 252 253 255 256 257 258 259 260 262 263 265 266 267 268 269 270 272 273 274 275 277 278 279 280 281 283 284 285 287 288 289 291 292 294 296 297 298 299 300 301 303 304 305 306 308 309 310 311 312 313 314 315 316 318 319 320 323 326 327 328 331 332 333 334 335 337 338 339 340 342 343 344 345 346 349 350 352 353 354 355 357 358 359 360 361 363 365 366 367 368 369 370 371 372 374 375 376 377 378 381 383 384 388 389 391 392 394 395 396 398 400 404 405 407 408 411 413 414 415 416 417 418 419 421 424 425 427 429 430 432 433 434 436 437 439 440 441 442 445 446 447 448 449 451 453 454 455 456 457 458 459 460 461 462 463 464 466 467 468 470 471 474 475 476 478 479 480 481 483 488 489 491 492 493 494 496 498 501 502 505 506 507 508 509 510 511 512 513 515 516 518 519 521 523 528 530 532 533 534 536 537 538 539 540 542 543 546 547 548 549 550 551 554 555 556 557 558 559 560 562 563 564 565 566 567 568 569 570 571 572 573 574 575 576 577 578 579 580 581 582 583 584 585 586 587 588 589 590 591 592 593 594 595 596 598 599 601 602 603 604 605 606 607 608 609 610 613 614 617 618 619 620 621 622 623 626 627 630 632 633 634 636 637 639 640 642 644 645 646 647 648 649 651 652 653 654 655 656 661 662 664 666 667 669 670 671 672 673 674 675 676 677 678 679 680 681 682 683 684 685 686 687 688 689 690 691 692 694 696 698 699 700 701 702 704 705 706 707 708 709 710 711 712 713 716 717 718 719 720 722 723 724 725 726 727 728 730 731 732 733 734 735 736 738 739 741 742 743 744 745 746 747 748 749 750 751 752 753 754 755 756 757 758 759 762 763 764 765 767 768 769 772 773 774 775 776 777 778 779 781 784 785 788 790 791 792 793 794 795 796 797 798 800 801 802 803 804 805 806 807 808 809 810 811 813 814 815 816 817 819 821 824 825 826 827 828 829 830 831 832 833 834 835 836 837 838 839 840 841 844 845 846 848 850 851 853 856 857 858 859 862 865 866 867 868 870 871 873 874 875 876 879 880 881 884 885 886 887 888 889 892 895 896 897 898 899 900 902 903 904 905 906 907 908 909 910 911 913 914 915 916 917 918 920 923 924 925 928 929 931 932 934 935 936 937 938 939 940 941 942 944 945 946 948 949 950 951 952 953 954 956 957 958 959 960 963 964 965 966 968 969 971 972 973 975 976 978 979 980 982 984 985 986 988 990 991 992 993 994 996 998 999
campaign,reference,1000,9-0.75-P,5,339199,752,0 1 2 3 4 5 6 8 9 10 11 12 13 14 15 17 19 20 21 22 23 24 25 26 27 28 29 31 32 34 35 37 38 39 42 43 45 46 47 48 49 51 52 54 56 59 60 61 62 63 64 65 67 68 69 70 71 76 78 79 81 82 83 84 86 87 89 90 91 92 93 94 95 96 97 98 99 100 101 102 103 104 105 106 107 111 113 114 116 117 118 119 120 122 123 124 126 127 128 130 132 133 134 135 137 139 140 141 142 144 145 147 148 149 150 151 154 155 156 157 158 159 160 162 163 164 165 166 167 168 172 173 176 177 179 180 181 182 183 185 186 187 188 191 192 193 198 199 200 201 202 203 204 205 206 207 208 209 211 214 218 219 220 222 223 227 228 230 231 232 233 235 236 237 238 239 240 241 242 243 244 245 247 249 250 251 252 253 255 256 257 258 259 260 264 265 266 267 268 269 270 273 274 275 277 278 279 280 281 283 284 287 288 289 291 292 294 295 296 297 298 299 300 301 303 304 305 306 307 308 309 310 311 312 313 314 315 316 318 319 322 323 324 325 326 327 328 331 332 333 334 335 338 339 342 343 344 345 346 349 350 352 353 354 355 356 357 358 359 360 361 362 363 365 366 367 368 369 370 371 372 375 376 377 378 381 382 383 384 388 389 390 392 394 395 396 398 400 402 404 405 406 407 408 411 412 413 414 415 416 417 418 419 420 421 425 426 427 429 430 431 432 433 436 437 438 439 441 442 445 446 447 448 449 451 453 454 455 456 457 458 459 460 461 462 463 464 465 466 467 468 470 471 474 475 476 478 479 480 481 483 488 491 492 493 494 496 498 501 502 505 506 507 508 509 510 511 513 515 516 518 519 521 523 528 530 532 533 534 536 537 538 539 540 542 543 546 547 548 549 550 551 553 554 555 556 557 558 559 560 562 563 564 565 566 567 568 569 570 571 572 574 575 576 577 578 579 580 582 583 584 585 586 587 588 589 590 591 592 593 594 595 596 598 599 601 602 603 604 605 606 607 608 609 610 613 614 617 618 619 620 621 622 623 626 627 630 632 633 634 636 637 639 640 642 644 645 646 647 648 649 651 652 653 654 655 656 658 661 662 664 666 667 670 671 672 673 674 675 676 677 678 679 680 681 682 683 684 685 686 687 689 690 691 692 694 696 697 699 700 701 702 703 704 706 707 708 709 710 711 712 713 716 717 718 719 720 722 723 724 725 726 727 728 730 731 732 733 734 735 736 738 739 741 742 743 744 745 746 747 749 750 751 752 753 754 755 756 757 758 761 762 763 764 765 768 769 772 773 774 775 776 777 778 779 781 784 785 787 788 790 791 792 793 794 795 796 797 798 800 801 802 803 804 805 807 808 809 810 811 813 814 815 816 817 819 823 824 825 826 827 828 829 830 831 832 833 835 836 837 838 839 840 841 844 845 846 847 848 850 851 853 854 856 857 858 859 862 864 865 866 867 868 870 871 873 874 875 876 879 880 881 884 885 886 887 888 889 892 895 896 897 898 899 900 902 903 904 905 906 907 908 909 910 911 913 914 915 916 917 918 919 920 923 924 925 928 929 930 931 932 934 935 936 937 938 939 940 941 942 943 944 945 946 948 949 950 951 953 954 956 957 958 959 960 961 963 964 965 966 968 969 971 972 973 974 975 976 978 979 980 984 985 988 990 991 992 993 994 996 998 999
campaign,reference,1000,10-0.75-P,1,360434,752,1 3 4 5 6 8 10 11 13 14 15 17 18 19 20 21 23 24 26 27 28 29 30 31 32 33 34 40 41 45 46 49 51 53 54 55 56 58 59 60 61 64 65 66 67 69 70 71 72 73 74 75 76 77 78 79 80 82 86 87 88 89 90 91 92 93 95 96 98 100 102 103 104 106 107 108 111 113 114 116 117 118 119 120 121 123 124 126 127 128 129 132 133 134 135 136 137 138 139 141 142 145 146 147 148 149 151 152 153 158 159 160 161 162 163 164 165 166 169 170 171 172 173 175 176 177 179 181 184 185 186 187 188 189 191 193 194 195 196 197 198 199 200 201 202 203 204 205 206 208 209 210 211 212 213 214 215 216 218 219 220 221 222 223 225 226 227 228 229 231 233 234 235 237 238 239 240 241 242 244 245 246 247 248 249 250 251 252 253 255 256 258 259 260 261 262 263 264 265 266 267 268 269 271 272 273 275 277 278 279 283 286 287 288 291 292 293 294 295 296 298 299 300 301 302 303 304 305 306 307 308 309 311 312 313 315 316 317 319 321 322 326 327 328 330 332 333 335 336 338 343 344 345 346 348 349 351 352 353 354 355 356 357 358 360 362 363 364 365 366 367 368 370 371 372 373 374 376 377 378 379 380 381 384 385 388 390 392 393 394 396 397 398 399 402 403 405 407 408 409 410 413 414 416 417 419 420 421 422 423 426 427 428 429 430 431 432 433 434 435 436 441 442 443 444 445 446 448 449 450 451 452 453 454 455 456 457 458 459 461 462 463 465 466 467 468 469 470 471 473 476 477 478 479 480 481 482 484 485 486 487 488 490 491 492 494 497 498 499 500 501 502 503 504 505 506 507 508 509 510 513 514 515 517 518 519 520 521 522 523 524 525 526 527 531 532 533 534 536 537 538 539 540 541 542 546 548 549 550 551 552 553 554 555 558 559 560 561 564 565 566 567 570 573 574 575 576 578 579 580 581 582 583 584 585 586 587 588 589 590 591 593 594 596 597 598 599 601 602 604 605 607 608 609 610 611 612 613 614 615 616 617 618 620 622 623 624 625 626 627 628 629 630 631 632 633 634 635 638 639 640 641 642 643 645 647 648 649 650 652 653 654 655 660 661 662 663 664 665 666 668 669 670 671 672 673 674 675 676 677 678 680 681 682 684 686 687 689 690 691 692 693 694 695 696 697 698 699 700 701 703 706 707 709 711 712 713 714 715 716 718 720 721 722 723 724 725 726 728 729 730 731 734 735 738 739 743 744 745 746 747 748 749 750 751 752 753 754 755 756 758 759 760 761 763 764 765 766 767 768 769 771 772 773 774 776 777 778 780 781 782 783 784 785 786 787 788 790 791 792 793 794 795 796 800 801 804 805 806 808 809 810 812 813 814 817 818 820 822 823 824 825 827 830 833 834 835 836 837 838 839 841 842 843 844 845 846 847 848 849 850 851 852 853 854 855 856 858 860 861 862 863 864 865 866 867 869 870 871 872 873 874 875 876 877 879 880 881 882 883 884 885 886 887 888 892 896 897 898 899 900 901 902 903 904 906 907 912 913 914 915 916 918 919 921 922 923 924 925 926 927 928 929 930 931 932 933 934 935 936 937 938 940 944 945 947 948 949 950 951 952 954 956 957 958 960 961 962 963 964 965 967 968 970 971 973 974 976 977 978 979 982 983 984 986 987 988 990 991 992 996 998
campaign,reference,1000,10-0.75-P,2,360575,752,1 2 4 5 6 8 9 11 13 14 15 17 18 19 20 21 22 23 24 26 28 29 30 31 32 33 34 36 39 40 41 43 45 46 49 51 53 54 55 56 59 60 61 64 65 67 69 70 71 72 74 75 76 77 78 79 80 81 82 86 87 88 89 90 91 92 93 95 96 97 98 100 102 103 105 106 107 108 111 113 114 116 118 120 121 123 124 126 127 128 129 132 133 134 135 136 137 138 141 142 145 146 147 148 149 151 153 158 159 160 161 162 163 164 166 169 170 171 172 173 175 176 177 179 180 181 182 184 185 186 187 188 189 191 193 194 195 196 197 198 199 200 201 202 203 204 205 206 208 209 210 211 212 213 214 215 216 218 219 220 221 222 223 224 225 226 227 228 229 231 233 234 235 236 237 238 239 240 241 242 244 245 247 248 249 250 251 252 253 255 256 258 259 260 261 262 263 264 265 266 267 268 269 271 272 273 275 276 277 278 279 283 285 286 287 288 291 292 293 294 295 296 298 299 300 301 302 303 304 305 306 307 308 309 311 312 313 315 316 317 319 321 322 323 325 326 327 328 329 330 332 335 336 338 343 344 345 346 348 349 351 352 353 354 355 356 357 358 360 362 363 364 365 366 367 368 370 371 372 373 374 376 377 378 379 380 381 384 385 387 388 389 390 392 393 394 396 397 398 399 402 403 405 406 407 408 409 410 413 414 416 417 419 420 421 422 423 424 426 427 428 429 430 431 432 435 438 441 442 444 445 446 448 449 451 452 454 455 456 457 458 459 461 462 463 464 465 466 467 468 469 471 473 476 478 480 481 482 484 485 486 488 489 490 492 494 497 498 499 500 502 503 504 505 506 507 509 510 513 514 515 517 518 519 520 521 522 523 524 525 526 527 530 531 532 533 534 536 537 538 539 540 541 542 543 546 548 549 550 551 552 553 554 555 558 559 560 561 564 565 566 567 570 573 574 575 576 578 579 580 581 582 583 584 585 586 587 588 589 590 591 593 594 596 598 600 601 602 604 605 607 608 609 610 611 612 613 614 615 616 617 618 619 620 621 622 623 625 626 627 628 629 630 631 632 633 634 635 638 639 640 641 642 643 644 645 647 648 649 650 652 653 654 655 656 660 661 662 663 664 665 666 668 669 670 671 673 674 675 676 677 680 681 682 684 686 689 690 691 692 693 694 695 696 697 698 699 700 701 703 705 706 707 709 711 712 713 715 716 718 720 721 723 724 725 726 730 731 734 735 737 738 740 743 744 745 746 747 748 749 750 751 752 753 754 755 756 758 759 760 761 762 763 764 765 766 767 768 769 771 772 773 774 776 777 778 780 781 782 784 785 786 787 788 789 790 791 792 793 794 795 796 797 798 799 800 801 802 804 805 808 809 810 812 814 817 818 820 822 823 824 825 826 827 830 833 834 835 836 837 838 839 841 842 843 844 845 846 847 848 849 850 851 852 853 854 855 856 858 860 861 862 863 864 865 866 867 868 869 870 871 872 875 876 877 879 880 881 882 883 884 885 886 887 888 891 892 896 897 898 899 900 902 903 904 906 907 908 910 912 913 914 915 918 919 921 922 923 924 925 926 927 928 929 930 931 933 934 935 936 937 938 940 944 945 947 948 949 950 951 952 954 955 956 957 958 960 961 962 963 964 965 967 968 970 971 973 974 976 977 978 979 982 983 984 986 987 988 990 991 992 996
campaign,reference,1000,10-0.75-P,3,360579,751,0 1 2 3 4 5 6 8 9 11 13 14 15 17 18 19 20 21 22 23 24 26 28 29 30 32 34 40 41 43 45 46 49 51 53 54 55 56 59 60 61 62 64 65 66 67 69 70 71 72 74 75 76 77 78 79 81 82 86 87 89 90 91 92 93 95 96 97 98 100 101 102 103 106 107 108 111 113 114 116 120 121 123 124 126 127 128 129 132 133 134 135 136 137 138 141 142 145 146 147 148 149 151 152 153 157 158 159 160 161 162 163 164 165 166 169 170 171 172 173 175 176 177 179 181 182 184 185 186 187 188 189 191 193 194 195 196 197 198 199 200 201 202 203 204 206 209 210 211 212 213 214 215 216 218 219 220 221 222 223 225 226 227 228 229 231 233 234 235 237 239 240 241 242 244 245 246 247 248 249 250 251 252 253 254 255 256 258 259 260 261 262 263 264 265 266 267 268 269 271 272 273 275 276 277 278 279 280 283 285 286 287 288 290 291 292 294 295 296 298 299 300 301 303 304 305 306 307 308 309 311 312 313 314 316 317 319 321 322 323 325 326 327 328 329 330 332 333 335 336 338 343 344 345 346 348 349 351 352 353 354 355 356 357 358 360 362 363 364 365 366 367 368 370 371 372 374 376 377 378 379 380 381 384 385 388 389 390 392 393 394 396 397 398 399 402 403 405 406 407 408 409 410 413 416 417 418 419 420 421 422 423 424 426 427 428 429 430 431 432 433 435 441 442 443 444 445 446 448 449 450 451 452 453 454 455 456 457 458 459 460 461 462 463 464 465 466 467 468 470 471 473 476 478 480 481 482 484 485 487 488 489 490 492 494 495 497 498 499 500 501 502 503 504 505 506 507 508 509 510 513 514 515 517 518 519 520 521 522 523 524 525 526 527 529 530 531 532 533 534 536 537 538 539 540 541 542 543 546 548 549 550 551 552 553 554 555 556 558 559 560 561 564 565 566 567 570 573 574 575 578 579 580 581 582 583 584 585 586 587 588 589 590 591 593 594 596 598 599 600 601 602 603 604 605 607 608 609 610 611 612 613 614 615 616 617 618 620 622 623 625 626 627 628 629 630 631 632 633 634 635 638 639 640 641 642 643 644 645 647 648 649 650 652 653 654 661 662 663 664 665 666 668 669 670 671 673 674 675 676 677 678 680 681 682 684 686 689 690 692 693 695 696 697 698 699 700 701 703 705 706 707 709 711 712 713 714 715 716 718 720 721 722 723 724 725 726 728 729 730 731 734 735 738 739 740 743 744 746 747 748 749 750 751 752 753 754 755 756 758 759 760 761 763 764 765 766 767 768 769 771 772 773 774 776 777 778 780 781 782 784 785 786 787 788 789 790 791 792 793 794 795 796 797 798 800 801 804 805 808 809 810 812 813 814 817 818 820 822 823 824 825 827 830 833 834 835 836 837 838 839 841 842 844 845 846 848 849 850 851 852 853 854 855 856 858 860 861 862 863 864 865 866 867 868 869 870 871 872 873 875 876 877 879 880 881 882 883 884 885 886 887 888 891 892 896 897 898 899 900 901 902 903 904 906 907 910 912 913 914 915 916 919 921 922 923 925 926 927 928 929 930 931 932 933 934 935 936 937 938 940 944 945 947 948 949 950 951 952 954 956 957 958 960 961 962 963 964 965 967 968 970 971 972 973 974 976 977 978 979 982 983 984 986 987 988 990 991 992 993 996
campaign,reference,1000,10-0.75-P,4,360317,751,1 2 3 4 5 6 8 9 11 13 15 17 18 19 20 21 22 23 24 26 28 29 30 31 32 33 34 40 41 43 45 46 49 51 53 54 55 56 58 59 60 61 64 65 67 69 70 71 72 73 74 75 76 77 78 79 82 86 87 88 89 90 91 92 93 95 96 98 100 101 102 103 106 107 108 111 113 114 116 118 120 121 123 124 126 127 128 132 134 136 137 138 141 142 145 146 147 148 149 151 152 153 157 158 159 160 161 162 163 165 166 169 170 171 172 175 176 177 179 181 182 184 185 186 187 188 189 191 193 194 195 196 197 198 199 200 201 202 203 204 205 206 209 210 211 212 213 214 215 216 218 219 220 221 222 223 225 226 227 228 229 231 233 234 235 236 237 239 240 241 244 246 247 248 249 250 251 252 253 255 256 258 259 260 261 262 263 264 265 266 267 269 271 272 273 275 276 277 278 279 283 285 286 287 288 289 291 292 293 294 295 296 298 299 300 301 302 303 305 306 307 308 309 311 312 313 315 316 317 319 321 322 325 326 327 328 330 332 335 336 338 343 344 345 346 348 349 351 352 353 354 355 356 357 358 360 362 363 364 365 366 367 368 370 371 372 374 376 377 378 379 380 381 384 385 387 388 389 390 392 393 394 396 397 398 399 402 403 405 406 407 408 409 410 413 414 416 417 418 419 420 421 422 423 426 427 428 429 430 431 432 433 434 435 436 438 440 441 442 443 444 445 446 448 449 450 451 452 453 454 455 456 457 458 459 460 461 462 463 464 465 466 467 468 469 470 471 473 476 477 478 479 480 481 482 484 485 486 487 488 489 490 492 493 494 495 497 498 499 500 501 502 503 504 505 506 507 508 509 510 513 514 517 518 519 520 521 522 523 524 525 526 527 530 531 532 533 534 536 537 538 539 540 541 542 543 546 547 548 550 551 552 553 554 555 556 558 559 560 561 564 565 566 567 570 573 574 575 576 578 579 580 581 582 583 584 585 586 587 588 589 590 591 594 596 598 599 600 601 602 604 605 607 608 609 610 611 612 613 614 615 616 617 618 620 623 625 626 627 628 629 630 631 632 633 634 635 637 638 639 640 641 642 643 645 647 648 649 650 652 653 654 655 660 661 662 663 664 665 666 668 669 670 671 672 673 674 675 676 677 678 680 681 682 684 686 689 690 691 692 693 696 697 698 699 700 701 703 705 706 707 709 711 712 713 714 715 716 718 720 721 722 723 724 725 726 728 730 731 734 735 738 740 743 744 745 746 747 748 749 750 751 752 753 754 755 756 758 759 760 761 763 765 766 768 769 771 772 773 774 776 777 778 780 781 782 783 784 785 786 787 788 789 790 791 792 793 794 795 796 798 800 801 802 804 805 808 809 810 812 814 817 818 820 822 823 824 825 827 828 829 830 833 834 835 836 837 838 839 841 842 843 844 845 846 847 848 849 850 851 852 853 854 855 856 858 859 860 861 862 863 864 865 866 867 868 869 870 871 872 874 875 876 877 879 880 881 883 884 885 886 887 888 891 892 896 897 898 899 900 901 902 903 906 907 910 912 913 914 915 918 919 921 922 923 924 925 926 927 928 929 930 931 933 934 935 936 937 938 940 944 945 947 948 949 950 951 952 954 955 956 957 958 960 961 962 963 964 965 967 968 970 971 972 973 974 975 976 977 979 982 983 984 986 987 988 990 991 992 996 999
campaign,reference,1000,10-0.75-P,5,360509,753,1 2 3 4 5 6 8 9 11 13 14 15 17 18 19 20 21 22 23 24 26 28 29 30 31 32 33 34 39 40 41 43 45 46 49 51 53 54 55 56 59 60 61 64 65 67 69 70 71 72 74 75 76 77 78 79 80 82 83 86 87 88 89 90 91 92 93 95 96 97 98 100 102 103 104 106 107 108 111 113 114 116 120 121 123 124 126 127 128 129 132 133 134 135 136 137 138 141 142 145 146 147 148 149 151 152 153 157 158 159 160 161 162 163 164 165 166 169 170 171 172 173 175 176 177 179 181 182 184 185 186 188 189 191 193 194 195 196 197 198 199 200 201 202 203 204 205 206 208 209 210 211 212 213 214 215 216 218 219 220 221 222 223 224 225 226 227 228 229 231 233 234 235 236 237 239 240 241 242 244 247 248 249 250 251 252 253 255 256 257 258 259 260 261 262 263 264 265 266 267 268 269 271 272 273 275 276 277 278 279 281 283 285 286 287 288 290 291 292 293 294 295 296 298 299 300 301 303 304 305 306 307 308 309 311 313 314 315 316 317 319 321 322 323 325 327 328 329 330 332 333 335 336 338 341 343 344 345 346 348 349 350 351 352 353 354 355 356 357 358 360 362 363 364 365 366 367 368 370 371 372 374 376 377 378 379 380 381 384 385 387 388 389 390 392 393 394 396 397 398 399 402 403 405 406 407 408 409 410 413 414 416 417 419 420 421 422 423 426 427 428 429 430 431 432 435 438 441 442 444 445 446 448 449 451 452 453 454 455 456 457 458 459 461 462 463 464 465 466 467 468 470 471 473 476 478 480 481 482 484 485 486 488 489 490 492 494 495 497 498 499 500 501 502 503 504 505 506 507 508 509 510 513 514 515 517 518 519 520 521 522 523 524 525 526 527 530 531 532 533 534 536 537 538 539 540 541 542 543 546 548 549 550 551 552 553 554 555 556 558 559 560 561 564 565 566 567 570 573 575 576 578 579 580 581 582 583 584 585 586 587 588 589 590 591 594 596 598 599 600 601 602 604 605 607 608 609 610 611 612 613 614 615 616 617 618 620 622 623 624 625 626 627 628 629 630 631 632 633 634 635 637 638 639 640 641 642 643 644 645 647 648 649 650 652 653 654 655 661 662 663 664 665 666 667 668 669 670 671 673 674 675 676 678 680 681 682 684 686 689 690 692 693 694 695 696 697 698 699 700 701 703 705 706 707 709 711 712 713 714 715 716 718 720 721 723 724 725 726 728 730 731 734 735 737 738 740 742 743 744 745 746 747 748 749 750 751 752 753 754 755 756 758 759 760 761 763 764 765 766 767 768 769 771 773 774 776 777 778 780 781 782 784 785 786 787 788 789 790 791 792 793 794 795 796 797 798 800 801 802 804 805 808 809 810 812 814 817 818 820 822 823 824 825 827 830 832 833 834 835 836 837 838 839 841 842 843 844 845 846 848 849 850 851 852 853 854 855 856 858 860 861 862 863 864 865 866 867 868 869 870 871 872 875 876 877 879 880 881 882 883 884 885 886 887 888 891 892 896 897 898 899 900 902 903 904 906 907 908 910 912 913 914 915 918 919 921 922 923 924 925 926 927 928 929 930 931 933 934 935 936 937 938 940 944 945 947 948 949 950 951 952 954 956 957 958 960 961 962 963 964 965 967 968 970 971 973 974 976 977 978 979 982 983 984 986 987 988 989 990 991 992 996
campaign,reference,1000,1-0.75-M,1,41255,749,0 2 3 6 7 8 9 10 11 12 13 14 16 17 20 21 22 23 24 25 26 28 29 30 31 32 33 34 35 36 38 39 40 41 42 43 44 45 47 48 50 51 52 54 56 57 58 59 60 61 62 63 64 65 66 68 69 70 71 72 74 76 77 80 82 84 85 87 88 89 90 91 93 94 95 96 97 98 99 101 102 103 104 106 107 108 109 110 111 112 113 114 115 116 117 118 121 124 125 126 128 130 131 132 134 135 136 137 140 141 142 143 144 145 148 149 152 155 156 157 159 160 162 163 164 166 167 168 169 171 172 173 176 178 179 181 185 186 187 189 191 194 196 197 200 202 203 204 205 206 207 208 210 211 212 213 214 216 217 219 221 222 223 224 227 228 229 231 232 233 235 236 237 238 242 243 244 245 246 247 248 249 251 252 254 255 256 260 262 263 266 267 268 269 270 271 273 275 276 277 278 279 282 283 284 285 286 287 288 289 290 292 293 295 296 297 298 300 303 304 306 307 309 310 311 312 313 314 315 316 317 318 319 322 323 324 325 326 327 328 330 331 332 334 336 337 338 339 341 342 345 346 347 349 350 351 353 354 355 356 357 358 359 363 364 365 367 369 371 373 374 375 376 377 378 379 380 381 382 383 384 385 386 387 388 389 390 391 393 394 395 396 398 399 401 402 404 405 406 407 409 410 411 412 413 414 415 416 417 418 419 420 422 423 426 427 428 429 430 431 432 433 434 435 436 437 438 439 440 442 445 447 450 452 453 455 456 458 461 462 463 464 465 466 469 470 471 472 473 474 476 477 478 479 480 481 482 483 485 486 487 488 489 491 492 493 494 495 496 497 498 499 500 501 502 503 504 508 511 512 513 514 516 517 521 522 523 524 525 526 527 528 529 530 532 533 534 535 536 538 540 542 543 544 545 546 547 549 550 551 552 553 555 556 557 558 559 560 561 562 563 567 568 569 570 571 572 573 574 575 576 578 579 580 581 582 583 584 586 587 588 590 591 592 593 595 596 597 598 599 600 602 604 605 606 607 608 609 611 612 614 615 616 617 619 620 621 625 626 628 629 630 631 632 633 634 635 636 637 638 640 641 643 645 646 647 648 651 653 656 657 658 660 661 662 663 664 665 666 668 669 670 671 672 673 674 675 677 678 679 680 681 683 684 687 688 691 692 693 694 696 697 698 699 700 701 703 704 705 708 709 710 711 712 713 714 715 716 717 718 719 720 721 722 723 724 725 726 729 730 731 733 734 736 738 740 742 744 745 746 748 749 750 751 752 754 755 756 757 761 762 763 764 765 767 768 769 770 771 772 774 775 777 778 779 780 781 783 784 785 786 787 789 790 794 796 797 798 799 801 802 803 807 808 811 816 817 818 819 820 821 822 824 825 827 829 832 834 835 836 838 839 840 841 843 844 845 846 847 848 849 850 851 852 854 855 856 858 859 860 861 862 865 866 867 868 874 875 876 878 881 883 884 885 887 888 890 894 895 896 897 898 899 900 901 902 903 904 905 906 907 908 909 910 911 912 913 915 916 918 919 920 921 922 923 924 927 929 930 932 933 934 935 936 937 938 939 940 941 942 943 944 945 946 948 949 950 951 952 953 954 955 956 958 959 960 961 964 965 966 967 968 969 970 971 972 973 974 976 977 978 979 980 981 982 984 985 987 988 989 990 991 992 993 994 995 996 998 999
campaign,reference,1000,1-0.75-M,2,40894,749,0 2 3 4 6 7 8 9 10 11 12 13 14 16 17 19 20 21 23 24 25 26 28 29 30 32 33 34 35 36 38 39 40 41 42 44 45 47 48 50 51 52 54 56 58 59 60 61 62 63 64 65 66 68 69 70 71 72 74 76 77 79 80 83 84 85 87 88 89 90 91 93 94 95 96 97 98 99 101 102 103 104 106 107 108 109 111 114 115 116 117 118 121 124 125 126 128 129 131 132 133 134 135 136 137 138 140 141 142 143 144 145 148 149 152 154 155 156 157 159 160 161 162 163 164 166 167 169 171 172 173 176 177 179 181 185 186 187 189 191 194 196 197 199 200 202 203 204 205 206 207 208 209 210 211 212 213 214 216 217 219 221 222 223 224 225 227 228 229 231 232 233 236 237 238 240 241 242 243 244 245 246 247 248 249 251 252 254 255 256 260 262 263 264 265 266 267 268 269 270 271 273 275 276 277 278 279 282 283 284 285 286 287 288 289 290 292 293 295 296 297 298 300 303 304 306 307 309 310 311 312 313 314 315 316 317 318 319 322 323 324 325 326 327 328 330 331 332 334 336 337 338 339 340 341 342 344 345 346 347 349 350 353 354 355 356 357 358 359 363 364 365 366 367 369 371 372 373 374 375 376 377 378 379 380 381 382 383 384 385 386 387 388 390 391 393 394 395 396 398 399 401 402 404 405 406 407 409 410 411 412 413 414 415 416 417 418 420 422 423 427 428 430 431 432 433 435 436 437 438 439 440 441 442 450 452 453 455 456 457 458 459 461 462 463 464 465 466 469 470 471 472 473 474 476 477 479 480 481 482 483 485 486 487 488 489 491 492 493 494 495 496 497 498 499 500 502 503 504 507 508 512 513 514 515 516 517 521 522 523 524 525 526 527 528 529 530 532 533 534 535 536 538 540 541 542 543 544 545 546 547 548 549 550 551 552 553 555 557 558 559 560 561 562 563 567 568 569 570 572 573 574 575 578 580 581 582 583 584 586 587 588 590 591 592 593 595 596 598 599 600 602 604 605 606 607 608 609 611 612 613 614 615 617 619 620 621 625 626 628 629 630 631 632 633 634 635 636 637 638 640 641 642 643 645 646 647 648 651 653 654 656 657 658 661 662 663 664 665 666 669 670 672 673 674 675 677 678 679 680 681 682 683 684 688 691 692 693 694 697 698 699 700 701 703 704 705 708 709 710 711 712 713 714 715 716 717 718 719 720 721 722 723 724 725 726 729 730 731 733 734 736 737 738 740 742 744 745 746 748 749 750 751 752 754 755 756 757 759 761 762 763 765 768 769 770 771 772 774 775 777 778 779 780 781 782 783 784 785 786 787 789 793 794 796 797 798 799 801 802 804 805 807 808 809 811 813 815 816 817 818 819 820 821 822 824 825 827 829 832 834 835 836 838 839 840 841 843 844 845 846 848 849 850 851 854 855 856 858 859 860 861 862 863 864 865 867 868 873 874 875 876 877 878 881 883 884 885 886 887 888 890 895 896 897 899 900 901 902 903 904 905 906 907 908 910 911 912 913 915 916 918 919 920 921 922 923 924 927 930 932 933 934 935 936 937 938 939 940 941 942 943 944 945 946 947 949 950 951 952 953 954 955 956 958 960 961 964 965 966 967 968 969 970 971 972 973 974 976 977 978 979 980 981 982 983 984 985 987 988 989 990 991 992 993 994 995 998 999
campaign,reference,1000,1-0.75-M,3,41018,749,0 2 3 6 7 8 9 10 11 12 13 14 16 17 19 20 21 22 23 24 25 26 28 29 30 32 33 34 35 36 38 39 40 44 45 47 51 52 54 56 57 58 59 60 61 62 63 64 65 66 68 69 70 72 73 74 76 77 80 82 84 85 87 88 89 90 91 93 94 95 96 97 98 99 101 102 103 104 106 107 108 109 111 112 113 114 115 116 117 118 121 124 125 126 128 131 132 133 134 135 136 137 138 140 141 142 143 144 145 148 149 152 155 156 157 159 160 161 163 164 166 167 169 170 171 172 173 176 179 180 181 185 186 187 189 191 194 196 197 199 200 202 203 204 205 206 207 208 209 210 211 212 213 214 216 217 219 221 222 223 224 226 227 228 229 230 232 233 235 236 237 238 240 241 242 243 244 245 246 247 248 249 251 254 255 256 260 262 263 264 266 267 268 269 270 271 272 273 275 277 278 279 282 283 284 285 286 287 288 289 290 292 293 295 296 297 298 300 303 304 306 307 309 310 311 312 313 314 315 317 318 319 322 323 324 325 327 328 330 331 332 334 336 337 338 339 340 341 342 345 346 347 349 350 351 352 353 354 355 356 357 358 359 363 364 365 366 367 369 371 372 373 374 375 376 377 378 379 380 381 382 383 384 385 386 387 388 390 391 393 394 395 396 398 399 401 402 404 405 406 407 408 409 410 411 412 413 414 415 416 417 418 420 422 423 427 428 430 431 432 433 435 436 437 438 439 440 441 442 444 449 450 452 453 455 456 458 461 463 464 465 466 469 470 471 472 473 474 476 477 478 479 480 481 482 483 485 486 487 488 489 491 492 493 494 495 496 497 498 499 500 502 503 504 508 512 513 514 515 516 517 521 522 523 524 525 526 527 528 529 530 532 533 534 535 536 538 540 542 543 544 545 546 548 549 550 551 552 553 555 556 557 558 559 560 561 562 563 567 568 569 570 571 572 573 574 575 578 579 580 581 582 583 584 586 587 588 590 591 592 593 595 596 597 598 599 600 604 605 606 607 608 609 611 612 613 614 615 617 620 621 625 626 628 629 630 631 632 633 634 635 636 637 638 640 641 642 643 645 646 647 648 649 651 652 653 654 656 657 658 661 662 663 664 665 666 669 670 671 672 673 674 675 677 678 679 680 681 683 684 687 688 691 692 693 694 695 696 697 698 699 700 701 704 705 708 709 710 711 712 713 714 715 716 717 718 719 721 722 723 724 725 726 728 729 730 731 733 734 736 737 738 740 744 745 746 748 749 750 751 752 755 756 757 759 761 762 763 764 765 768 769 770 771 772 774 775 777 778 779 780 781 782 783 784 785 786 787 788 789 792 794 796 797 798 799 800 801 802 804 807 808 809 811 813 815 816 817 818 819 820 821 822 824 825 827 829 832 834 835 836 838 839 840 841 843 844 845 846 847 848 849 850 851 852 854 855 858 859 860 861 862 865 868 873 874 875 878 880 881 883 884 885 886 887 888 890 894 895 896 897 898 899 900 901 902 903 904 905 906 907 908 909 910 911 912 913 915 916 918 919 920 921 922 923 927 929 930 932 933 934 935 936 937 938 939 940 941 942 943 944 945 946 947 948 949 951 952 953 954 955 956 958 959 960 961 964 965 966 967 968 969 970 971 972 973 974 976 977 978 979 980 981 982 983 984 985 987 988 989 990 991 992 993 994 995 996 998 999
campaign,reference,1000,1-0.75-M,4,40914,750,0 1 2 3 6 7 8 9 10 11 12 13 14 16 17 19 20 21 23 24 25 26 28 29 30 31 32 33 34 35 36 37 38 39 40 41 42 44 45 47 50 51 52 54 56 58 59 60 61 62 63 64 65 66 68 69 70 72 73 74 76 77 80 81 82 83 84 85 87 88 89 90 91 93 94 95 96 97 99 101 102 103 104 107 108 109 111 112 113 114 115 116 117 118 120 121 124 125 126 128 131 132 134 135 136 137 138 140 141 142 143 144 145 148 149 152 154 155 156 157 158 159 160 161 162 163 164 167 169 171 172 173 176 179 181 185 186 187 189 191 194 195 196 197 200 202 203 204 205 206 207 208 210 211 212 213 214 216 217 219 221 222 223 224 227 228 229 230 231 232 233 235 236 237 238 240 241 242 243 244 245 246 247 248 249 251 252 254 255 256 260 263 266 267 268 269 270 271 273 275 276 277 278 279 282 283 284 285 286 287 288 289 290 292 293 295 296 297 298 300 303 304 306 307 309 310 311 312 313 314 315 316 317 318 322 323 324 325 326 327 328 330 331 332 333 334 336 337 338 340 341 342 345 346 347 349 353 354 355 356 357 358 359 363 364 365 367 369 371 372 373 374 375 376 377 378 379 380 381 382 383 384 386 387 388 390 391 393 394 395 396 398 399 401 402 404 405 406 407 408 409 410 411 412 413 414 415 416 417 418 420 422 423 425 427 428 430 431 432 433 435 436 438 439 440 442 445 446 450 452 453 455 456 457 458 459 461 462 463 464 465 466 469 470 471 472 473 474 476 477 478 479 480 481 482 483 485 486 487 488 489 490 491 492 493 494 495 496 497 498 499 500 501 502 503 504 508 511 512 513 514 516 517 521 522 523 524 525 526 527 528 529 530 532 533 534 535 536 538 540 542 543 544 545 546 548 549 550 551 552 553 555 556 557 558 559 560 561 562 563 564 567 568 569 570 571 573 574 575 578 579 580 581 582 583 584 586 587 588 590 591 592 593 595 596 597 598 599 600 602 604 605 606 607 608 609 610 611 612 614 615 616 617 620 621 625 626 628 629 630 631 632 633 634 635 636 637 638 640 641 642 643 645 646 647 648 651 653 656 657 658 661 662 663 665 666 668 669 670 672 673 674 675 677 678 679 680 681 683 684 688 691 692 693 694 695 696 697 698 699 700 701 703 704 705 708 709 710 711 712 713 714 715 716 717 718 719 720 721 723 724 725 726 729 730 731 733 734 736 737 738 740 742 744 745 746 748 749 750 751 752 754 755 756 757 759 761 762 763 764 765 768 769 770 771 772 774 775 777 778 779 780 781 782 783 784 785 786 787 788 789 790 791 794 796 797 798 799 800 801 802 804 805 807 808 809 811 812 813 815 816 817 818 819 820 821 822 824 825 827 829 832 834 835 836 838 839 840 841 843 844 845 846 847 848 849 850 851 854 855 858 859 861 862 863 865 866 867 868 874 875 878 880 881 883 884 885 886 887 888 890 891 894 895 896 897 898 899 900 901 902 903 904 905 906 907 908 910 911 912 913 915 916 918 919 920 921 922 923 924 927 929 930 932 933 934 935 936 937 938 939 940 941 942 943 944 945 946 948 949 952 953 954 955 956 958 959 960 961 964 965 966 967 968 969 970 971 972 973 974 976 977 978 979 980 981 982 983 984 985 987 988 990 992 993 994 995 996 998 999
campaign,reference,1000,1-0.75-M,5,40933,749,0 1 2 3 4 5 6 7 8 9 10 11 12 13 14 16 17 19 20 21 22 23 24 25 26 28 29 30 32 33 34 35 36 38 39 40 41 42 43 44 45 47 50 51 52 54 56 57 58 59 60 61 62 63 64 65 66 68 69 70 72 73 74 75 76 77 80 82 83 84 85 87 88 89 90 91 93 94 95 96 97 98 99 101 102 103 104 106 107 108 109 110 111 113 114 115 116 117 118 120 121 124 125 126 128 131 132 134 135 136 137 138 140 141 142 143 144 145 148 149 152 155 156 157 159 160 162 163 164 166 167 169 170 171 172 173 176 179 180 181 185 186 187 189 191 194 196 197 200 202 203 204 205 206 207 208 209 210 211 212 213 214 216 217 219 221 222 223 224 227 228 229 231 232 233 234 236 237 238 241 242 243 244 245 246 247 248 249 251 252 254 255 256 257 260 263 264 265 266 267 268 269 270 271 272 273 275 276 277 278 279 282 283 284 285 286 287 288 289 290 292 293 295 296 297 298 299 300 304 306 307 309 310 311 312 313 314 315 316 317 318 319 322 323 324 325 327 328 330 331 332 334 336 337 338 340 341 342 344 345 346 347 349 352 353 354 355 356 357 358 363 364 365 366 367 369 371 373 374 375 376 377 378 379 380 381 382 383 384 385 386 387 388 390 391 393 394 395 396 398 399 401 402 404 405 406 407 409 410 411 412 413 414 415 416 417 418 419 422 423 425 427 428 429 430 431 432 433 434 435 436 437 438 439 440 441 442 445 450 452 453 455 456 458 459 461 462 463 464 465 466 467 469 470 471 472 473 474 476 477 478 479 480 481 482 483 485 486 487 488 489 491 492 493 494 495 497 498 499 500 502 503 504 512 513 514 516 517 521 522 523 524 525 526 527 528 529 530 532 533 534 535 536 538 540 542 543 544 545 546 547 549 550 551 552 553 555 556 557 558 559 560 561 562 563 566 567 568 569 570 571 573 574 575 576 578 579 580 581 582 583 584 586 587 588 590 591 592 593 595 596 598 599 600 602 604 605 606 607 608 611 612 614 615 616 617 620 621 622 625 626 628 629 630 631 632 633 634 635 636 637 638 640 641 642 643 645 646 647 648 651 653 656 657 658 661 662 663 664 665 666 669 670 672 673 674 675 677 678 679 680 681 683 684 688 691 692 693 694 695 697 698 699 700 701 703 704 705 708 709 710 711 712 713 714 715 716 718 719 720 721 722 723 724 725 726 729 730 731 733 734 736 737 738 740 742 744 745 746 748 749 750 751 752 755 756 757 759 761 762 763 764 765 767 768 769 770 771 772 774 775 777 778 779 780 781 782 783 784 785 786 787 788 789 790 796 797 798 799 801 802 804 807 808 811 813 815 816 817 819 820 821 822 824 825 826 827 829 832 834 835 836 838 839 840 841 843 844 845 846 847 848 849 850 851 854 855 856 858 859 861 862 863 865 867 868 873 874 875 876 877 878 880 881 883 884 885 887 888 890 895 896 897 899 900 901 902 903 904 905 906 907 908 909 910 911 912 913 914 915 916 918 919 920 921 922 923 924 927 930 932 933 934 935 936 937 938 939 940 941 942 943 944 945 946 947 948 949 951 952 953 954 955 956 958 959 960 961 964 965 966 967 968 969 970 971 972 973 974 976 977 978 979 980 981 982 984 985 986 987 988 990 991 992 993 994 995 998 999
campaign,reference,1000,2-0.75-M,1,36904,749,1 2 3 4 5 7 8 10 12 15 17 19 20 21 22 23 25 26 28 29 31 32 34 35 37 38 39 40 41 45 46 47 48 50 51 53 54 56 57 59 60 61 62 64 66 68 70 72 75 76 77 78 79 81 82 83 84 85 87 88 89 91 92 93 94 96 97 98 102 105 106 108 109 110 113 114 117 118 119 120 122 123 124 125 129 130 131 132 133 135 136 137 138 139 140 141 143 146 147 151 152 153 154 155 156 157 158 159 160 161 162 163 167 168 169 171 172 173 174 175 177 178 179 180 181 183 185 186 187 189 190 192 193 194 195 196 197 198 199 200 201 202 203 204 205 206 207 208 209 210 211 212 213 214 215 216 218 219 220 221 222 223 224 225 227 228 229 230 231 232 233 235 237 240 241 242 243 244 245 246 247 248 249 250 251 252 253 254 255 257 258 259 260 261 262 263 264 265 266 267 270 271 273 274 275 276 277 279 281 282 284 285 286 288 290 291 292 293 295 296 297 298 301 304 305 306 307 309 311 312 313 314 315 316 318 321 322 323 324 325 326 327 328 329 330 331 332 333 334 335 337 338 339 340 341 342 343 344 346 347 348 349 350 351 352 353 354 355 356 357 358 359 360 362 363 365 366 367 368 370 371 372 373 374 376 377 378 380 381 382 383 384 385 386 387 388 389 390 391 393 394 395 396 397 398 399 400 401 402 403 405 406 407 408 409 410 412 413 414 416 418 419 420 421 423 425 428 430 433 434 435 438 439 441 443 444 445 446 447 448 449 450 451 454 455 456 457 458 459 460 461 462 463 464 465 468 469 470 471 474 475 478 479 480 481 483 484 486 487 488 490 491 494 496 499 500 501 502 503 505 506 507 508 509 510 512 516 518 519 520 522 523 524 525 526 527 528 529 532 533 534 535 537 538 539 540 541 542 543 544 547 548 549 550 551 552 553 555 557 558 559 561 562 563 565 566 567 568 570 571 572 576 577 579 581 582 583 584 585 586 587 588 589 590 591 592 593 595 596 597 598 599 600 601 602 603 604 606 607 610 611 613 615 616 619 620 621 622 623 624 625 626 627 628 629 631 632 633 635 636 637 638 639 640 641 642 643 644 647 649 650 652 653 654 655 656 658 659 661 662 663 666 668 669 671 672 673 674 678 680 681 682 683 685 686 687 688 689 691 692 693 694 695 696 697 699 700 702 703 704 705 707 708 709 710 711 712 714 715 716 717 719 724 725 730 731 732 733 736 737 738 739 740 741 743 744 745 746 747 748 749 750 751 752 753 754 755 756 757 760 762 763 765 768 769 770 771 773 775 776 777 778 779 780 781 782 783 786 787 788 789 790 792 793 794 797 798 799 801 802 803 804 805 806 807 808 809 810 811 812 813 814 815 816 818 819 820 821 822 824 825 829 830 831 833 834 835 837 838 839 840 841 844 845 846 847 848 849 851 852 854 855 856 857 858 861 862 863 864 865 867 868 869 870 871 872 873 876 877 878 880 882 883 884 885 886 889 890 891 892 893 895 898 899 900 901 903 904 905 907 908 909 910 911 912 913 914 916 917 919 920 922 923 924 925 926 927 929 930 934 935 936 937 938 939 942 943 944 945 946 948 950 951 952 953 954 955 956 957 958 959 961 962 963 964 965 967 968 970 972 974 975 976 979 980 981 983 984 986 987 988 989 990 991 993 994 995 997 999
campaign,reference,1000,2-0.75-M,2,36996,749,1 2 3 4 5 7 8 9 10 12 13 15 16 17 19 20 21 22 23 25 26 27 28 29 30 31 32 34 35 37 38 39 40 41 42 44 45 46 47 48 50 51 53 54 56 57 59 60 62 63 64 66 68 70 72 73 75 76 77 78 79 81 82 83 84 86 87 88 89 90 92 93 94 96 97 98 101 102 104 105 106 108 109 110 113 114 116 117 118 119 120 122 123 124 125 126 129 130 131 132 133 135 136 137 138 139 140 141 143 144 146 147 151 152 153 154 155 156 157 158 159 160 161 163 166 167 168 169 171 172 173 174 175 177 178 179 180 181 185 186 187 189 190 191 192 193 194 195 196 198 199 200 201 202 204 205 206 207 208 209 210 211 212 213 215 216 218 219 220 221 222 223 224 225 227 228 229 230 231 232 233 235 237 239 240 241 242 243 244 245 246 248 249 250 251 252 253 254 255 257 258 259 260 261 262 263 264 265 266 267 270 271 273 274 275 277 279 282 284 285 286 288 290 291 292 293 294 295 296 297 301 304 305 307 309 311 312 313 314 315 316 318 322 323 324 326 327 328 329 331 332 333 334 335 338 339 340 341 342 343 344 346 347 348 349 350 351 352 353 354 355 356 357 358 359 360 362 363 365 366 367 368 370 371 372 373 374 376 377 378 380 381 382 383 384 385 386 387 388 389 390 391 393 394 395 396 397 398 399 400 401 402 403 405 406 407 408 409 410 411 412 413 416 417 418 419 420 421 425 428 430 433 434 435 438 439 441 443 444 445 446 447 448 449 450 451 454 455 456 458 459 460 461 462 463 464 465 468 469 470 471 472 474 475 478 479 480 481 483 484 485 486 487 488 490 491 492 494 497 499 500 501 502 503 505 506 507 508 509 510 512 514 516 517 518 519 522 523 525 526 527 528 529 530 531 532 533 534 535 537 538 539 540 541 542 543 544 547 548 549 550 551 552 554 555 556 558 559 561 562 565 566 567 570 571 572 576 577 579 581 582 583 584 586 587 588 589 590 591 592 595 596 597 598 601 602 603 604 605 606 607 608 610 611 613 614 615 616 618 619 620 621 622 623 625 626 627 628 629 631 632 633 635 636 637 638 639 640 641 642 643 644 647 649 650 652 653 654 655 656 658 659 661 662 666 668 669 670 671 672 673 674 678 679 680 681 682 683 685 686 687 688 689 691 692 693 694 695 696 697 699 700 703 704 705 707 708 709 711 712 713 714 715 716 717 719 721 722 723 724 725 726 730 731 732 733 736 737 738 739 740 741 743 745 746 747 748 749 750 751 752 753 754 755 756 757 760 762 763 765 767 768 769 770 771 773 775 776 777 778 779 780 781 782 783 785 786 787 788 789 790 792 793 794 796 797 798 799 801 802 803 804 805 806 807 808 809 810 811 812 813 814 815 816 818 819 820 822 824 825 828 829 830 831 833 834 835 837 838 839 841 844 845 846 847 849 851 852 854 855 856 857 858 861 862 863 864 865 867 868 869 870 871 872 873 877 878 882 883 884 885 886 890 891 892 893 895 896 898 899 901 902 903 904 905 907 908 909 910 911 912 913 916 917 919 920 923 924 925 926 927 929 930 934 935 936 937 939 942 944 945 946 948 950 951 952 953 954 955 956 957 958 959 961 962 963 964 965 967 968 969 970 974 979 980 981 983 984 986 987 988 989 990 991 992 993 994 997 999
campaign,reference,1000,2-0.75-M,3,36859,749,1 2 3 4 5 7 8 10 11 12 13 15 17 19 20 21 22 23 25 26 27 28 29 31 32 34 35 36 37 38 39 40 41 42 44 46 47 48 49 50 51 52 53 54 56 57 59 60 62 64 65 66 68 70 72 75 76 77 78 79 81 82 83 84 87 88 89 91 92 93 94 96 97 98 101 102 104 105 106 108 110 112 113 114 115 116 117 118 119 120 122 123 124 125 126 129 130 131 132 133 135 136 137 138 139 140 141 143 144 146 147 151 152 153 154 155 156 157 159 160 161 162 163 166 167 168 169 171 172 173 174 175 177 178 179 180 181 183 185 186 187 189 190 191 192 193 194 195 196 198 199 200 201 202 204 205 206 207 208 209 210 211 212 213 215 216 218 219 220 221 222 223 225 227 228 229 230 231 232 233 235 237 238 239 240 241 242 243 244 245 246 248 249 250 251 252 253 254 255 257 258 259 260 261 262 263 264 265 266 267 270 271 273 274 275 277 279 281 282 284 285 286 288 290 291 292 293 295 296 297 298 301 304 305 307 308 309 311 312 313 314 315 316 318 322 323 324 325 326 327 328 329 331 333 334 335 338 339 340 341 342 343 344 346 347 348 349 350 351 352 353 354 355 356 358 359 360 362 363 365 366 367 368 370 371 372 374 376 377 378 380 381 382 383 384 385 386 387 388 389 390 391 393 394 395 396 397 398 399 400 401 402 403 405 406 408 409 410 411 412 413 416 418 420 421 423 425 428 429 433 434 435 438 439 441 443 444 445 446 447 448 449 450 451 454 455 456 457 458 459 460 461 462 463 464 465 468 469 470 471 474 475 477 478 479 480 481 483 484 485 486 488 490 492 494 496 498 499 501 502 503 505 506 507 508 509 510 511 512 514 516 517 518 519 520 522 523 525 526 527 528 529 530 531 532 533 534 535 537 538 539 540 541 542 543 544 545 547 549 550 551 552 556 558 559 561 562 565 566 570 571 572 576 577 579 581 582 583 584 586 587 588 589 590 591 592 595 596 597 598 600 601 602 603 604 605 606 607 608 610 611 612 613 614 615 616 617 618 619 620 621 622 623 625 626 627 628 631 632 633 635 636 637 638 639 640 641 642 643 644 647 649 650 652 653 654 655 656 658 659 661 662 666 668 669 671 673 674 679 680 681 682 683 685 687 688 689 691 692 693 694 695 696 697 699 700 702 703 705 707 708 709 711 712 713 714 715 716 719 721 722 723 724 725 730 731 732 733 736 737 738 739 740 741 743 744 745 746 747 748 749 750 751 752 754 755 756 757 760 762 763 765 767 769 770 771 775 776 777 778 779 780 781 782 783 785 786 787 788 789 790 792 793 794 796 797 798 799 801 802 803 804 805 807 808 809 810 811 812 813 814 815 816 818 819 820 822 824 825 828 829 830 831 833 834 835 837 838 839 840 841 844 845 846 847 849 850 851 852 854 855 856 857 858 861 862 863 864 865 867 868 869 870 871 872 873 876 877 878 881 882 883 884 885 886 887 890 891 892 893 895 896 898 899 901 903 904 905 907 908 909 910 911 912 913 914 916 917 918 919 920 922 923 924 925 926 927 929 930 934 935 936 937 939 940 942 943 944 945 946 948 950 951 952 953 954 955 956 957 958 959 961 962 964 965 967 968 969 970 971 973 974 976 979 980 981 983 984 986 987 988 989 990 991 993 994 995 997 999
campaign,reference,1000,2-0.75-M,4,36836,748,1 2 3 4 5 7 8 9 10 12 13 15 17 19 20 21 22 25 26 27 28 29 31 32 34 35 36 37 38 39 40 41 42 44 46 47 48 49 50 51 53 54 55 56 57 59 60 62 63 64 66 68 69 70 72 75 76 77 78 79 81 82 83 84 87 88 89 90 92 93 94 97 98 101 102 104 105 106 108 109 110 112 113 114 116 117 118 119 120 122 123 124 125 126 129 130 131 132 133 135 136 137 138 139 140 141 143 144 146 147 151 152 153 154 155 156 157 158 159 160 161 163 166 167 168 169 171 172 173 174 175 177 178 179 180 181 183 185 186 187 189 190 191 192 193 194 195 196 197 198 199 200 201 202 203 204 205 206 207 208 209 210 211 212 213 215 216 218 219 220 221 222 223 224 225 227 228 229 230 231 232 233 235 237 238 239 240 242 243 244 245 246 247 248 249 250 251 252 253 254 255 257 258 259 260 261 262 263 264 265 266 267 270 271 274 275 276 277 279 281 282 284 285 286 288 290 291 292 293 295 296 297 298 301 302 304 305 306 307 309 311 312 313 314 315 316 318 322 323 324 326 327 328 329 330 331 333 334 335 337 338 339 340 341 342 343 344 346 347 348 349 350 351 352 353 354 355 356 357 358 359 360 362 363 365 366 367 368 370 371 372 373 374 376 377 378 380 381 382 383 384 385 386 387 388 389 390 391 393 394 395 396 397 398 399 400 401 402 403 405 406 407 408 409 410 412 413 416 418 420 421 422 423 425 428 430 433 434 435 438 439 441 443 444 445 446 447 448 449 451 454 455 456 457 458 459 460 461 462 463 464 465 468 469 470 471 472 475 478 479 480 481 483 484 486 487 488 490 492 494 497 498 499 501 502 503 505 506 507 508 509 510 512 514 516 517 518 520 522 523 525 527 528 529 530 531 532 533 534 537 539 541 542 543 544 545 547 548 549 550 551 552 553 554 555 556 557 558 559 561 562 563 565 566 570 571 572 576 577 579 581 582 583 584 586 587 588 589 590 591 592 595 596 597 598 599 600 601 602 603 604 606 607 608 610 611 613 615 616 617 620 621 622 623 625 626 627 628 631 632 633 636 637 638 639 640 641 642 643 644 647 649 650 652 653 654 655 656 658 659 661 662 663 666 668 669 671 672 673 674 678 679 680 681 682 683 685 686 687 688 689 691 692 693 694 695 696 697 700 702 703 704 705 707 708 709 710 711 712 714 715 716 717 719 720 721 722 725 730 731 732 733 736 737 738 739 740 741 743 745 746 747 748 749 750 751 752 753 754 755 756 757 760 762 763 765 766 768 769 770 771 773 775 776 777 778 780 781 782 783 785 786 787 788 789 790 792 793 794 796 798 799 801 802 803 804 805 806 807 808 809 810 811 812 813 814 815 816 818 819 820 822 824 825 829 830 831 833 834 835 837 838 839 841 844 845 846 847 849 850 851 852 854 855 856 857 858 861 862 864 865 866 867 868 869 870 871 872 873 876 877 878 882 883 884 885 886 890 891 892 893 895 896 898 899 901 902 904 905 907 908 909 910 911 912 913 916 917 918 919 920 922 923 924 925 926 927 929 930 934 935 936 937 939 942 943 944 945 946 948 949 950 951 952 953 954 955 956 957 959 961 962 963 964 965 966 967 968 970 975 976 979 980 981 983 984 986 987 988 989 990 991 992 993 994 997 998 999
campaign,reference,1000,2-0.75-M,5,36979,749,1 2 3 4 5 7 8 10 12 13 15 17 19 20 21 22 23 25 26 27 28 29 31 32 34 35 36 37 38 40 41 42 44 45 46 47 48 50 51 52 53 54 55 56 57 59 60 62 64 66 68 70 72 75 76 77 78 79 81 82 83 84 87 88 89 90 91 92 93 94 96 97 98 100 101 102 104 105 106 108 110 113 114 116 117 118 119 120 122 123 124 125 126 129 130 131 132 133 135 136 137 138 139 140 141 143 146 147 151 152 153 154 155 156 157 158 159 160 161 162 163 167 168 169 171 172 173 174 175 177 178 179 180 181 183 185 186 187 189 190 191 192 193 194 195 196 197 198 199 200 201 202 203 204 205 206 207 208 209 210 211 212 213 215 216 218 219 220 221 222 223 224 225 227 228 229 230 231 232 233 235 237 239 240 242 243 244 245 246 248 249 250 251 252 253 254 255 257 258 259 260 261 262 263 264 265 266 267 270 271 273 274 275 277 279 281 282 284 285 286 287 288 290 291 292 293 294 295 296 297 298 301 302 304 305 306 307 309 311 312 313 314 315 316 318 322 323 324 325 326 327 328 329 330 331 332 333 334 335 338 339 340 341 342 343 344 346 347 348 349 350 351 352 353 354 355 356 358 359 360 362 363 365 366 367 368 370 371 372 373 374 376 377 378 380 381 382 383 384 385 386 387 388 389 390 391 393 394 395 396 397 398 399 400 401 402 403 404 405 406 407 408 409 410 411 412 413 416 418 419 420 421 422 425 428 433 434 435 438 439 441 443 444 445 446 447 448 449 451 454 455 456 457 458 459 460 461 462 463 464 465 466 468 469 470 471 475 478 479 480 481 483 484 486 488 490 494 496 499 501 502 503 505 506 507 508 509 510 512 514 516 517 518 520 522 523 525 526 527 528 529 531 532 533 534 537 538 539 541 542 543 544 547 548 549 550 551 552 555 556 558 559 561 562 565 566 567 568 570 571 572 576 577 578 579 581 582 583 584 586 587 588 589 590 591 592 593 595 596 597 598 600 601 602 603 604 606 607 610 611 613 614 615 616 618 619 620 621 622 623 625 626 627 628 629 631 632 633 635 636 637 638 639 640 641 642 643 644 645 647 649 650 652 653 654 655 656 658 659 661 662 666 668 669 671 673 674 677 680 681 682 683 685 686 687 688 689 691 693 694 695 696 697 699 700 702 703 704 705 707 708 709 710 711 712 713 714 715 716 717 719 721 722 723 724 725 726 728 731 732 733 736 737 738 739 740 741 742 743 745 746 747 748 749 750 751 752 753 754 755 756 757 760 762 763 765 768 769 770 771 773 775 776 777 778 780 781 782 783 785 786 787 788 789 790 792 793 794 796 797 798 799 801 802 803 804 805 806 807 808 810 811 812 813 814 815 816 817 818 819 820 821 822 824 825 828 829 830 831 833 834 835 836 837 838 839 841 844 845 846 847 849 851 852 854 855 856 857 858 861 862 863 864 865 866 867 868 869 870 871 872 873 876 877 878 881 882 883 884 885 886 889 890 891 892 893 895 898 899 900 901 902 903 904 905 907 908 909 910 911 912 913 915 916 917 918 919 920 922 923 924 925 926 927 929 930 934 936 937 939 942 944 945 946 947 948 950 951 952 953 954 955 956 957 958 959 961 962 963 965 967 968 970 972 975 980 981 983 984 986 987 988 989 990 991 993 994 997 999
campaign,reference,1000,3-0.75-M,1,37949,749,0 3 4 5 6 7 8 9 10 11 13 14 15 16 18 20 21 22 23 24 25 27 28 29 30 31 32 37 38 39 41 42 43 44 45 46 48 49 50 51 52 54 55 56 58 59 61 64 66 67 68 70 71 72 73 75 77 78 79 81 82 83 84 86 87 88 89 93 94 95 97 98 99 100 101 102 103 104 105 106 107 109 112 113 114 115 116 118 121 122 123 126 127 129 131 132 135 136 137 139 143 145 147 148 150 152 153 154 155 156 158 159 160 162 163 164 166 167 168 169 170 171 172 173 175 178 179 180 181 182 183 185 186 187 188 189 190 192 194 197 198 199 200 201 202 203 204 205 207 208 209 213 218 220 221 223 224 225 226 227 228 229 231 232 233 234 235 239 240 241 243 245 246 247 248 249 250 252 253 254 255 256 257 258 261 262 263 264 265 266 268 269 273 274 275 277 278 279 280 281 282 283 284 285 287 289 290 291 293 294 295 296 298 300 302 303 304 305 306 307 310 311 312 313 314 315 317 319 320 322 323 324 326 328 329 330 331 332 333 334 335 337 338 339 342 343 344 345 347 348 349 350 351 352 354 355 357 358 360 361 363 365 366 367 368 369 371 372 373 374 375 376 377 378 379 380 381 382 384 385 388 389 390 391 392 393 394 395 396 398 399 400 401 402 403 407 408 409 410 411 412 413 414 415 417 419 421 422 423 425 426 427 429 431 432 435 436 438 439 440 442 444 445 446 447 449 450 451 452 453 454 455 456 457 459 461 468 469 470 471 474 475 477 479 480 481 482 483 484 485 486 488 489 490 491 492 493 494 495 496 497 500 501 502 503 504 506 507 508 509 510 511 512 513 514 515 516 517 521 523 524 525 526 527 528 529 530 531 533 534 536 537 538 539 540 541 543 544 545 546 547 548 549 552 553 554 555 556 557 559 561 562 563 564 565 566 567 568 569 570 571 573 575 576 577 578 579 580 581 582 583 584 585 590 591 592 593 595 597 598 600 601 602 604 607 608 609 610 611 614 615 616 617 618 619 620 622 624 625 627 628 629 631 632 633 634 635 636 637 638 639 641 642 644 648 649 650 651 652 653 654 655 656 657 660 662 663 664 665 666 667 668 669 670 671 672 673 675 676 677 678 679 680 681 682 683 684 685 687 688 689 690 691 692 694 695 696 697 699 700 701 702 703 705 706 709 710 712 714 715 716 717 718 721 722 724 726 727 728 729 730 731 733 734 735 736 737 739 740 741 742 743 744 745 746 748 749 750 751 752 753 755 757 758 759 760 761 762 764 765 766 767 769 770 771 772 773 774 775 776 777 778 780 781 782 783 784 785 786 787 788 789 790 791 792 793 794 796 798 799 801 802 804 805 808 809 810 812 814 815 816 818 820 821 822 823 824 825 826 827 828 829 830 831 832 833 834 836 837 839 840 841 842 843 844 845 846 847 848 850 851 852 855 856 857 858 859 860 861 862 864 865 866 867 868 870 871 873 874 875 876 877 878 880 882 884 885 887 888 890 894 896 898 900 901 903 906 907 908 909 910 912 913 914 915 916 917 918 920 921 922 923 924 925 926 928 929 931 932 933 934 935 936 937 939 940 941 942 944 945 946 947 948 949 950 951 952 953 955 957 958 960 961 962 963 964 965 972 975 977 978 979 980 981 982 983 984 985 986 987 990 991 992 993 995 996 997 998 999
campaign,reference,1000,3-0.75-M,2,38080,749,0 3 4 5 7 8 9 10 13 14 15 16 17 18 20 21 22 23 24 25 27 28 29 30 31 32 37 39 41 42 43 44 45 46 49 50 51 52 54 55 56 59 61 62 64 66 67 68 70 71 72 75 77 78 79 81 82 83 84 86 87 88 91 93 94 95 97 98 99 100 101 102 103 104 105 106 107 108 109 112 113 114 115 116 117 118 120 121 122 123 126 127 128 129 131 132 135 136 137 139 143 145 147 148 150 152 153 154 155 156 157 158 159 160 162 163 164 166 167 168 169 170 171 172 173 175 178 179 180 181 182 183 185 186 187 188 189 190 192 194 196 197 198 199 200 201 202 203 204 205 207 209 211 213 214 218 220 221 223 224 225 226 227 228 229 231 232 233 234 235 236 239 240 241 243 245 246 247 248 249 250 251 252 253 254 255 256 257 258 261 262 263 264 265 266 267 268 269 273 274 275 277 278 279 280 281 282 283 284 285 287 289 290 291 293 294 295 296 298 302 303 304 305 306 307 310 311 312 313 314 315 318 319 320 322 323 324 328 329 330 331 332 333 334 335 337 338 339 341 342 343 344 345 347 348 349 350 351 352 354 355 357 358 361 362 363 365 366 367 368 369 371 372 373 374 375 377 378 379 380 381 382 384 385 386 388 389 390 391 392 393 394 395 396 398 399 400 401 402 403 407 408 409 410 411 412 413 414 415 417 419 420 421 422 423 426 429 431 432 435 436 438 439 440 442 443 444 445 446 447 449 450 451 452 453 454 455 456 457 459 461 467 468 469 470 471 474 475 477 479 480 481 482 483 484 485 486 487 488 489 490 491 492 493 494 495 497 501 502 503 504 505 506 507 508 510 511 512 513 514 515 516 518 520 521 523 524 525 526 528 530 531 533 534 536 537 538 539 540 543 545 546 547 548 552 553 554 555 556 557 559 561 562 563 564 565 566 567 568 569 570 571 575 576 577 578 579 580 581 583 584 585 587 588 590 591 592 593 594 595 598 599 600 602 604 607 608 609 610 611 612 613 614 615 616 617 618 619 620 624 626 628 629 631 632 633 634 635 636 637 638 641 642 643 644 648 649 650 651 652 653 654 655 656 657 658 660 661 662 663 665 666 667 668 669 670 671 672 673 675 676 677 678 679 680 681 682 683 684 686 687 688 689 690 691 692 694 695 696 697 700 701 702 703 705 706 709 710 714 715 716 717 718 719 721 722 724 726 727 728 729 731 733 734 735 736 737 739 740 741 742 743 744 745 746 748 749 750 751 752 753 755 757 758 759 760 761 762 764 765 766 767 768 769 770 771 772 773 774 775 776 777 778 779 780 781 782 783 784 785 786 787 788 789 790 791 792 793 794 796 798 799 801 802 804 805 809 812 814 815 816 818 820 821 822 823 824 825 826 827 828 829 830 831 832 833 834 836 837 838 839 840 841 842 843 844 845 846 847 848 850 851 855 856 857 858 859 860 861 862 864 865 866 867 868 870 871 873 875 876 877 878 880 882 884 885 887 888 890 891 894 896 898 900 901 903 906 907 908 909 910 912 913 914 915 916 917 918 920 921 922 923 924 925 926 928 929 932 933 934 936 937 939 941 942 944 945 946 947 948 949 950 951 952 953 955 956 957 958 960 961 962 963 964 965 966 970 972 975 977 978 979 980 981 982 983 984 985 986 987 990 991 992 993 995 996 997 998 999
campaign,reference,1000,3-0.75-M,3,38209,749,0 3 4 5 6 7 8 9 10 13 14 15 16 17 18 20 21 22 23 24 25 27 28 29 30 31 32 37 39 41 42 43 44 45 46 49 50 51 52 54 55 56 61 62 64 66 67 68 70 71 72 75 78 79 81 82 83 86 87 88 89 91 92 93 94 95 97 98 99 100 101 102 103 104 105 106 107 109 113 114 115 116 118 120 121 122 123 126 127 128 131 132 135 136 137 139 143 145 147 148 150 152 153 154 155 157 158 159 160 162 163 166 167 168 169 170 171 172 173 174 175 177 178 179 180 181 182 183 185 186 187 188 189 190 191 192 193 194 197 198 199 200 201 202 203 204 205 207 209 213 214 215 218 220 221 222 223 224 225 226 227 228 229 231 232 233 234 235 236 239 240 241 243 245 246 247 248 249 250 252 253 254 255 256 257 258 260 261 262 263 264 265 266 267 268 269 273 274 275 277 278 279 280 281 282 283 284 285 287 289 290 293 294 295 296 298 300 302 303 304 305 306 307 310 311 312 313 315 318 319 320 323 324 328 329 330 331 332 333 334 335 337 338 339 341 342 343 344 345 346 347 349 350 351 352 354 355 357 358 363 365 366 367 368 369 371 372 373 374 375 376 377 378 379 380 381 382 384 385 388 389 390 391 392 393 394 395 396 398 399 400 401 402 403 407 408 409 410 411 412 413 414 415 417 419 420 421 422 423 426 429 431 432 435 436 438 439 440 442 443 444 445 446 449 450 451 452 453 454 455 456 457 459 461 462 467 468 469 470 471 474 475 477 479 480 481 482 483 484 485 486 487 488 489 490 491 492 493 494 495 496 497 500 501 502 503 504 505 506 507 508 509 510 511 512 513 514 515 516 517 518 521 523 524 525 526 528 529 531 533 534 536 537 538 539 540 541 543 545 546 547 548 549 552 553 554 555 556 557 559 561 562 563 564 565 566 567 568 569 570 571 574 575 576 577 578 579 580 581 583 584 585 588 589 590 591 592 593 595 598 599 600 602 604 607 608 609 610 611 613 614 615 616 617 618 619 620 624 625 626 627 628 629 631 632 633 634 635 636 637 638 639 641 643 644 645 648 649 650 651 652 653 654 655 656 657 660 661 662 663 664 665 666 667 668 669 670 671 672 673 675 676 677 678 679 680 681 682 683 684 685 687 688 689 690 691 692 694 695 696 697 700 701 702 703 705 706 709 710 712 714 715 716 717 718 719 721 722 724 726 727 728 729 731 734 735 736 737 739 740 741 742 743 744 745 746 747 748 749 750 751 752 753 755 757 758 759 760 761 762 764 765 766 767 768 769 770 771 772 773 774 775 776 777 778 779 780 781 782 783 784 786 787 788 789 790 791 792 793 794 796 798 799 801 802 804 805 808 809 810 814 815 816 817 818 820 821 822 823 824 825 826 827 828 829 830 831 832 833 834 836 837 838 839 840 841 842 843 844 845 846 847 848 850 851 855 856 857 858 859 860 862 864 865 866 867 868 870 871 873 874 875 876 877 878 880 882 884 885 887 888 890 891 896 898 900 901 903 906 907 908 909 910 912 913 914 915 916 917 918 920 921 922 923 924 925 929 932 933 934 936 937 939 940 941 942 945 946 947 948 949 950 951 952 953 954 955 956 957 958 960 961 963 964 965 966 970 972 975 977 978 979 980 981 982 983 984 985 986 987 990 991 992 993 995 996 997 998 999
campaign,reference,1000,3-0.75-M,4,38112,749,0 3 4 5 7 8 9 10 13 14 15 16 17 18 20 21 22 23 24 25 27 28 29 30 31 32 39 40 41 42 43 44 45 46 49 50 52 54 55 56 58 59 61 62 64 66 67 68 70 71 72 75 79 80 82 83 84 86 87 88 89 91 93 94 95 97 98 99 100 101 102 103 104 105 106 107 109 112 113 114 115 116 118 120 121 122 123 126 127 128 129 131 132 135 136 137 139 143 145 147 148 150 152 153 154 155 156 158 159 160 162 163 164 166 167 168 169 170 171 172 173 174 175 177 178 179 180 181 182 183 187 188 189 190 192 193 197 198 199 200 201 202 203 204 205 207 209 213 214 218 220 221 223 224 225 226 227 228 229 231 232 233 234 235 236 238 239 240 241 243 245 246 247 248 249 250 251 252 253 254 255 256 257 258 260 261 262 263 264 265 266 268 269 273 274 275 277 278 279 280 281 282 283 284 285 287 289 290 291 293 294 295 296 298 302 303 304 305 306 307 310 311 312 313 314 315 317 319 320 322 323 324 326 328 329 330 331 332 333 334 335 337 338 339 341 342 343 344 345 347 349 350 351 352 354 355 357 358 360 361 363 365 366 367 368 369 371 372 373 374 375 376 377 378 379 380 381 382 384 385 386 388 389 390 391 392 393 394 395 396 398 399 400 401 402 403 407 408 409 410 411 412 413 414 415 417 419 420 421 422 423 425 426 429 431 432 435 436 438 439 440 441 442 443 444 445 446 449 450 451 452 453 454 455 456 457 459 461 465 467 468 469 470 471 474 475 477 479 480 481 482 483 484 485 486 487 488 489 490 491 492 493 494 495 496 497 500 501 502 503 504 506 507 508 510 511 512 513 514 515 516 517 518 521 523 525 526 528 531 533 534 536 537 538 539 540 543 544 545 546 547 548 552 553 554 555 556 557 559 561 562 563 565 566 567 568 569 570 571 573 575 576 577 578 579 580 581 583 584 585 588 590 591 592 593 595 596 597 598 599 600 602 604 607 608 609 610 611 613 614 615 617 618 620 622 624 626 627 628 629 630 631 632 633 634 635 636 637 638 639 641 642 643 644 648 649 650 651 652 653 654 655 656 657 658 660 661 663 664 665 666 667 668 669 670 671 672 673 675 676 677 678 679 680 681 683 684 687 688 689 690 691 692 693 694 695 696 700 701 702 703 705 706 709 710 711 715 716 717 718 719 721 722 724 726 727 728 729 731 734 735 736 737 739 740 741 742 743 744 745 746 747 748 749 750 751 752 753 754 755 757 758 759 760 761 762 764 765 766 767 769 770 771 772 773 774 775 776 777 778 779 780 781 782 783 784 786 787 788 789 790 791 792 793 794 796 798 799 801 802 804 805 806 808 809 810 812 815 816 817 818 820 821 822 823 824 825 826 827 828 829 830 831 832 833 834 836 837 839 840 841 842 843 844 845 846 847 848 850 851 852 855 856 857 858 859 860 864 865 866 867 868 870 871 873 874 875 876 877 878 880 884 885 887 888 890 894 896 897 898 900 901 903 904 906 907 908 909 910 912 913 914 915 916 917 918 920 921 922 923 924 925 928 929 932 933 934 936 937 938 939 940 941 942 945 946 947 948 949 950 951 952 953 955 956 957 958 960 961 962 963 964 965 966 970 972 975 977 978 979 980 981 982 983 984 985 986 987 988 990 991 992 993 994 995 996 997 998 999
campaign,reference,1000,3-0.75-M,5,38113,749,0 1 3 4 5 6 7 8 9 10 13 14 15 16 17 18 20 21 22 23 24 25 27 28 29 30 31 32 39 42 43 44 45 46 49 50 51 52 54 55 56 59 61 62 64 66 67 68 70 71 72 75 77 78 79 82 83 84 86 87 88 91 92 93 94 95 97 98 99 100 101 102 103 104 105 106 107 109 112 113 114 115 116 118 120 121 122 123 126 127 129 131 132 135 136 137 139 143 145 147 148 150 152 153 154 155 156 157 158 159 160 162 163 164 166 167 168 169 170 171 172 173 175 176 177 178 179 180 181 182 183 185 186 187 188 190 192 194 196 197 198 199 200 201 202 203 204 205 207 209 213 218 220 221 223 224 225 226 227 228 229 231 232 233 234 235 236 238 239 240 241 243 245 246 247 248 249 250 251 252 253 254 255 256 257 258 261 262 263 264 265 266 267 268 269 270 273 274 275 277 278 279 280 281 282 283 284 287 289 290 293 294 295 296 298 299 302 303 304 305 306 307 310 311 312 313 314 315 318 319 320 322 323 324 326 328 329 330 331 332 333 334 335 337 338 339 342 343 344 345 346 347 349 350 351 352 355 357 358 360 363 365 366 367 368 369 371 372 373 374 375 377 378 379 380 381 382 384 385 386 388 389 390 391 392 393 394 395 396 398 399 400 401 402 403 407 408 409 410 411 412 413 414 415 417 419 420 421 422 423 426 427 429 431 432 433 435 436 438 439 440 442 443 444 445 446 449 450 451 452 453 454 455 456 457 459 461 465 467 468 469 470 471 474 475 477 479 480 481 482 483 484 485 486 487 488 489 490 491 492 493 494 495 496 497 500 501 502 503 504 505 506 507 508 509 510 511 512 513 514 515 516 517 521 522 523 524 525 526 528 531 533 534 536 537 538 539 540 541 543 544 545 546 547 548 552 553 554 555 556 557 559 561 562 563 564 565 566 567 568 569 570 571 575 576 577 578 579 580 581 583 584 585 588 590 591 592 593 595 598 599 600 602 604 607 608 609 610 611 613 614 615 616 617 618 619 620 624 625 626 627 628 629 631 632 633 634 635 636 637 638 639 641 642 643 644 647 648 649 650 651 652 653 654 655 656 657 658 660 661 662 663 664 665 666 667 668 669 670 671 672 675 676 677 678 679 680 681 682 683 684 687 688 689 690 691 692 693 694 695 696 697 700 701 702 703 705 706 709 710 711 715 716 717 718 719 721 722 726 727 728 729 731 734 735 736 737 739 740 741 742 743 744 745 746 748 749 750 751 752 753 755 757 759 760 761 762 764 765 766 767 769 770 771 772 773 774 775 776 778 779 780 781 782 783 784 785 786 787 788 789 790 791 792 793 794 796 798 799 801 802 804 805 806 809 812 814 815 816 820 821 822 824 825 826 827 828 829 830 831 832 833 834 836 837 838 839 840 841 842 843 844 845 846 847 848 850 851 852 855 856 857 858 859 860 861 862 864 865 866 867 868 870 871 872 873 874 875 876 877 878 880 882 883 884 885 886 887 888 890 891 894 896 898 900 901 903 906 907 908 909 910 912 913 914 915 916 917 918 920 921 922 923 924 925 926 929 932 933 934 936 937 939 940 941 942 945 946 947 948 949 950 951 952 953 955 956 957 958 960 961 962 963 964 965 966 970 972 975 976 977 978 979 980 981 983 984 985 986 987 990 991 992 993 995 996 997 998 999
campaign,reference,1000,4-0.75-M,1,44590,749,0 2 4 6 7 8 9 11 12 13 14 15 16 17 18 19 22 23 24 25 32 33 34 37 39 41 42 43 45 46 48 49 50 52 55 57 58 59 61 62 63 64 65 66 68 69 71 72 73 74 75 77 78 79 82 83 84 85 87 88 89 91 92 93 94 95 96 97 98 99 101 102 103 104 106 107 108 109 110 111 112 113 114 115 116 117 118 119 122 123 124 125 126 127 128 129 130 131 132 133 134 135 136 138 139 140 141 142 143 145 146 147 148 150 153 155 156 157 158 159 160 162 163 166 167 168 169 170 171 173 174 175 176 177 178 179 180 181 182 185 186 187 188 190 191 192 194 195 196 197 198 199 200 203 204 205 208 209 210 211 212 213 214 215 216 217 218 219 223 224 225 226 228 229 230 231 232 233 234 235 237 238 239 240 242 243 244 245 246 247 248 249 250 251 254 255 257 258 259 260 261 265 266 267 268 269 270 271 273 274 276 277 280 281 283 285 289 290 291 292 293 294 296 299 300 305 306 307 308 309 312 313 314 315 316 317 318 320 321 322 323 325 326 328 329 330 332 333 335 337 339 340 342 343 345 346 347 348 350 351 352 353 354 355 356 357 358 359 360 361 362 364 365 366 367 369 371 372 373 374 375 376 378 379 380 383 384 385 388 389 390 392 394 395 396 397 398 399 400 401 402 405 407 408 410 411 412 414 415 416 418 421 422 423 424 425 427 428 429 430 431 432 434 435 436 437 438 439 441 443 444 446 447 449 450 453 454 455 457 458 459 460 461 462 463 464 466 467 469 470 472 473 474 475 476 477 478 479 480 482 483 485 486 487 489 490 492 493 494 495 496 497 498 500 501 505 506 507 508 510 512 513 514 516 517 518 520 521 525 527 528 529 531 532 533 534 535 536 537 538 539 540 541 543 544 545 546 547 548 549 551 552 553 555 556 557 558 559 560 561 562 563 564 565 566 567 568 569 572 573 574 575 576 579 580 582 583 584 586 587 589 590 591 592 593 594 595 596 597 598 600 601 602 608 610 613 614 615 616 617 618 620 621 622 623 624 627 628 629 630 631 632 633 634 635 636 638 639 640 642 644 645 646 648 649 650 651 652 655 657 658 661 662 663 665 666 667 670 671 672 673 674 675 676 679 680 682 683 684 685 687 688 689 691 692 694 695 697 698 700 701 702 703 704 705 706 707 708 709 710 711 712 713 714 715 716 717 719 721 723 724 725 726 727 729 730 731 732 733 734 737 738 739 740 741 742 743 744 745 746 749 751 752 753 754 755 756 760 763 764 765 766 767 768 769 770 771 773 774 777 779 780 781 782 783 784 785 786 787 789 790 793 796 797 798 799 801 802 803 804 805 806 807 808 809 810 811 812 813 814 815 816 817 818 819 820 821 822 824 826 829 830 831 832 833 834 835 836 837 838 839 840 841 845 846 847 848 849 850 851 852 853 854 855 857 858 859 862 864 865 866 867 868 870 872 874 876 877 879 881 882 884 888 889 891 892 893 895 897 898 899 900 901 902 904 905 907 908 909 910 911 912 913 914 915 917 918 919 920 921 922 923 924 925 926 927 931 933 934 935 937 938 939 940 942 943 944 945 947 948 950 952 953 954 955 956 957 958 959 961 962 964 966 967 969 971 972 973 974 975 976 977 978 979 980 981 982 983 984 985 986 987 988 991 993 994 995 998 999
campaign,reference,1000,4-0.75-M,2,44619,748,0 2 6 8 9 11 12 13 14 15 16 18 19 22 23 24 25 26 32 33 34 37 38 39 41 42 43 44 45 46 48 49 50 52 55 57 58 59 61 62 63 64 65 66 68 69 71 72 73 74 75 77 78 79 83 84 85 87 88 89 91 92 93 94 95 96 97 98 99 101 102 103 104 106 107 108 109 110 111 112 113 116 117 118 119 121 122 123 124 125 126 127 128 129 130 131 132 134 135 136 138 139 140 141 142 143 145 146 147 148 150 153 155 156 157 158 159 160 162 163 166 167 168 169 170 171 173 174 175 176 178 179 180 181 182 185 187 188 192 194 195 196 197 198 199 200 203 204 205 206 208 209 210 211 212 213 214 215 216 217 218 219 221 223 224 225 226 228 230 231 232 233 234 235 236 237 238 239 242 243 244 245 246 247 248 249 250 251 254 255 257 258 259 260 261 265 266 267 268 269 270 271 273 274 276 277 280 281 282 283 285 289 290 291 292 293 294 296 298 299 300 302 305 306 307 308 309 312 313 314 315 316 317 318 319 320 321 322 323 326 328 329 330 332 333 335 339 340 342 343 345 346 347 348 350 351 352 353 354 355 356 358 359 360 361 362 363 364 365 366 368 369 371 372 373 374 375 376 378 379 380 383 384 385 388 389 392 394 395 396 397 398 399 400 401 402 405 406 407 408 410 411 412 414 415 416 418 419 421 422 423 424 425 427 428 429 430 431 432 434 435 436 437 438 439 441 443 444 445 446 447 449 450 453 455 457 458 459 460 461 462 463 464 466 467 469 470 472 474 475 476 477 478 479 480 482 483 484 485 486 487 488 489 490 492 494 495 496 497 498 499 500 501 505 506 507 508 510 512 513 514 516 517 518 519 520 525 527 528 529 530 531 532 533 534 535 536 537 538 539 540 544 545 546 547 548 551 552 553 555 556 557 558 559 560 561 562 563 564 566 567 568 569 570 571 572 573 575 576 579 580 582 583 584 586 589 590 591 592 593 594 595 596 597 598 600 601 602 604 607 608 610 613 614 615 616 617 618 619 620 621 622 623 624 627 628 629 631 632 633 634 635 636 638 639 640 642 644 645 646 648 649 650 651 652 653 654 655 657 658 659 661 663 665 666 667 668 671 672 673 674 675 676 679 680 684 685 687 688 689 691 692 694 695 697 698 700 701 702 703 704 705 706 708 709 710 711 712 713 714 715 716 717 719 721 723 724 726 727 729 730 731 732 733 734 736 737 738 739 740 741 742 743 744 745 746 747 749 751 752 753 754 755 756 760 763 764 765 766 767 768 769 770 771 772 773 774 777 779 780 781 782 783 784 785 786 787 789 790 793 796 797 798 799 800 801 803 804 805 806 807 808 809 810 811 812 813 814 815 816 817 818 819 821 822 824 826 829 830 831 832 833 834 835 836 837 838 839 840 841 845 847 848 849 851 852 853 854 855 857 858 859 861 862 863 864 865 866 867 868 869 870 872 874 876 877 879 884 887 888 889 891 892 893 895 897 898 899 900 901 902 904 905 908 909 910 911 912 913 914 915 917 918 919 920 921 922 923 924 925 926 927 928 931 933 934 935 936 937 938 939 940 942 943 944 945 947 948 950 952 953 954 955 956 957 958 959 961 962 963 964 966 967 969 971 972 973 974 975 976 977 978 979 980 981 982 983 984 985 986 987 988 991 993 994 995 998 999
campaign,reference,1000,4-0.75-M,3,44348,748,0 2 4 6 7 8 9 11 12 13 14 15 16 18 19 21 22 23 24 25 26 27 32 33 34 35 37 38 39 41 42 43 45 46 48 49 50 52 53 55 58 59 60 61 62 63 64 65 66 68 69 71 72 73 74 75 77 78 79 83 84 85 87 88 89 90 91 92 93 94 95 97 98 101 103 104 105 106 107 108 109 110 111 112 113 114 116 117 118 119 122 123 124 125 126 127 128 129 130 131 132 133 134 135 136 137 138 139 140 141 142 143 145 146 147 148 150 153 155 156 157 158 159 160 162 163 166 167 168 169 170 171 173 174 175 176 177 178 179 180 182 185 187 188 191 192 194 195 196 197 198 199 200 203 204 207 208 209 210 211 212 213 214 215 216 217 218 219 223 224 225 226 228 229 230 231 232 233 234 235 237 238 239 242 243 244 245 246 247 248 249 251 254 255 258 259 260 261 265 266 267 268 269 270 271 273 276 277 280 281 282 283 284 285 289 290 291 292 293 294 296 297 299 300 302 305 306 307 308 309 310 312 313 314 315 316 317 318 319 320 321 322 323 324 326 328 329 330 332 333 335 337 339 340 342 343 345 346 348 350 351 352 353 354 355 356 358 359 360 361 362 364 365 366 368 369 372 374 375 376 378 379 380 383 384 385 388 391 392 394 395 396 397 398 399 400 401 402 405 407 408 410 411 412 414 415 416 417 418 419 421 422 423 424 425 427 428 429 430 431 432 433 434 435 436 437 438 439 441 443 444 445 447 449 450 453 454 455 456 457 458 459 460 461 462 464 465 466 467 468 469 470 472 473 474 475 476 477 478 479 480 482 483 484 485 486 487 489 490 492 494 495 496 497 498 499 500 501 505 506 507 508 510 512 513 514 516 517 518 520 521 523 525 527 528 529 530 531 533 534 535 536 537 538 539 540 541 543 544 545 546 547 548 549 551 552 556 557 558 559 561 562 563 564 566 567 568 569 570 572 573 575 576 579 580 582 583 584 586 589 590 591 592 593 594 595 596 597 598 600 601 602 604 608 609 610 613 614 615 616 617 618 620 621 622 623 624 627 628 629 631 633 634 635 636 638 639 640 642 644 645 646 648 649 650 651 652 653 655 657 658 661 663 665 666 667 668 671 672 673 674 675 676 679 680 682 683 684 685 687 688 689 691 692 694 695 697 698 699 700 701 702 703 704 705 706 707 708 709 710 711 712 713 715 716 717 718 719 721 723 724 725 726 727 729 730 732 733 734 737 738 739 740 741 742 743 744 745 746 747 749 751 752 753 754 755 756 760 763 764 765 766 767 768 769 770 771 772 773 774 777 779 780 781 782 783 784 785 786 787 789 790 793 796 797 798 799 800 801 803 804 805 806 807 808 809 810 811 812 813 816 817 818 819 821 824 826 829 830 831 832 833 834 835 836 837 838 839 840 841 845 846 847 848 849 850 851 852 853 854 855 857 858 859 860 862 864 865 866 867 868 869 870 872 873 874 876 877 879 881 882 883 884 888 889 891 892 893 895 897 898 899 900 901 902 904 905 908 909 910 911 912 913 914 915 917 918 919 920 921 922 923 924 925 926 927 928 931 933 934 935 936 937 938 939 942 943 944 945 947 948 950 952 953 954 955 956 957 958 959 961 962 964 966 967 969 971 972 973 974 975 976 977 978 979 980 981 982 983 984 986 987 988 993 994 995 998 999
campaign,reference,1000,4-0.75-M,4,44560,749,0 2 4 6 7 8 9 10 11 13 14 15 16 17 18 19 22 23 24 25 32 33 34 37 38 39 41 42 43 45 46 48 49 50 52 54 55 57 58 59 61 62 63 64 65 66 68 69 71 72 73 74 75 77 78 79 83 84 85 87 88 89 91 92 93 94 95 96 97 98 99 100 101 103 105 106 107 108 109 110 111 112 113 114 116 117 118 119 121 122 123 124 125 126 127 128 129 130 131 132 133 134 135 136 138 139 140 141 142 143 145 146 147 148 150 153 155 156 157 158 159 160 162 163 166 167 168 169 170 171 173 174 175 176 178 179 180 181 182 185 186 187 188 190 191 192 194 195 196 197 198 199 200 203 204 208 209 210 211 212 213 214 215 216 217 218 219 223 224 225 226 228 230 231 232 233 234 235 237 238 239 242 243 244 245 246 247 248 249 251 254 255 257 258 259 260 265 266 267 268 269 270 271 273 276 277 280 281 282 283 284 285 287 289 290 291 292 293 294 296 299 300 305 306 308 309 310 312 313 314 315 316 317 318 319 320 321 322 324 326 327 328 329 330 332 333 335 337 339 340 342 343 345 346 350 351 352 353 354 355 356 358 359 360 361 362 363 364 365 366 369 371 372 374 375 376 378 379 380 383 384 385 388 389 390 392 394 395 396 397 398 399 400 401 402 405 408 410 411 412 414 415 416 418 419 421 422 423 424 425 427 428 429 430 431 432 434 435 436 437 439 441 442 443 444 445 446 447 449 450 453 455 456 457 458 459 460 461 462 463 464 466 467 468 469 470 472 474 475 476 477 478 479 480 482 483 484 485 486 487 489 490 492 494 495 496 497 498 500 501 505 506 507 508 510 512 513 514 516 517 518 520 525 527 528 529 530 531 532 533 534 535 536 537 538 539 540 541 542 543 544 545 546 547 548 551 552 553 555 556 557 558 559 560 561 562 563 564 565 566 567 568 569 570 572 573 575 576 579 580 582 584 586 587 589 590 591 592 593 594 595 596 597 598 600 601 602 604 607 608 610 613 614 615 616 617 618 620 621 622 623 624 628 629 631 632 633 634 635 636 638 639 640 642 644 645 646 648 649 650 652 653 654 655 657 658 659 661 663 665 666 667 669 670 671 672 673 674 675 676 679 680 682 685 687 688 689 691 692 694 695 697 698 700 701 702 703 704 706 708 709 710 711 712 713 714 715 716 717 719 721 723 724 725 726 727 728 729 730 731 732 733 734 736 737 738 739 741 742 743 744 745 746 747 749 750 751 752 753 754 755 756 760 763 764 765 766 767 768 769 770 771 772 773 774 777 778 779 781 782 783 784 785 786 787 789 790 793 796 797 798 799 801 802 803 804 805 806 807 808 809 810 811 812 813 815 816 817 818 819 821 822 824 826 829 830 831 832 833 834 835 837 838 839 840 841 845 847 848 849 850 851 852 853 854 855 857 858 859 860 861 862 864 865 866 867 868 870 872 874 875 876 877 878 879 881 882 887 888 889 891 892 893 895 897 898 899 900 901 902 904 905 908 909 910 911 912 913 914 915 917 918 919 920 921 922 923 924 925 926 927 928 929 931 933 934 935 936 937 938 939 940 942 943 944 945 947 948 950 952 953 954 955 956 957 958 959 961 962 964 966 967 969 971 972 973 974 975 976 977 978 979 980 981 982 983 984 985 986 987 988 990 991 993 994 995 997 998 999
campaign,reference,1000,4-0.75-M,5,44464,749,0 2 4 6 7 8 9 11 14 15 16 18 19 22 23 24 25 28 32 33 34 37 38 39 41 42 43 45 46 48 49 50 52 55 57 58 59 61 62 63 64 65 66 68 69 71 72 73 74 75 77 78 79 83 84 85 87 88 89 91 92 93 94 95 97 98 99 100 101 103 104 106 107 108 109 110 111 112 114 116 117 118 119 121 122 123 124 125 126 127 128 129 130 131 132 133 134 135 136 137 138 139 140 141 142 143 145 146 147 148 150 153 155 156 157 158 159 160 162 163 167 168 169 170 171 173 174 175 176 177 178 179 180 181 182 185 186 187 188 190 191 192 194 195 196 197 198 199 200 203 204 207 208 209 210 211 212 213 214 215 216 217 218 219 223 224 225 226 228 230 231 232 233 234 235 237 238 239 242 243 244 245 246 247 248 249 250 251 254 255 257 258 259 260 261 265 266 267 268 269 270 271 273 274 275 276 277 280 281 282 283 284 285 287 290 291 292 293 294 296 299 300 302 305 306 308 309 310 312 313 314 315 316 317 318 319 320 321 322 323 325 326 328 329 330 332 333 335 337 339 340 342 343 345 346 348 350 351 352 353 354 355 356 358 359 360 361 362 363 364 365 366 369 371 372 373 374 375 376 378 379 380 383 384 385 388 389 390 392 394 395 396 397 398 399 400 401 402 405 407 408 410 411 412 414 415 416 418 419 421 422 424 425 427 428 429 430 431 432 434 435 436 437 439 441 443 444 445 446 447 449 450 453 455 456 457 458 459 460 461 462 463 464 466 467 468 469 470 472 473 474 475 476 477 478 479 480 482 483 484 485 486 487 489 490 492 494 495 496 497 498 500 501 505 506 507 508 510 512 513 514 516 517 518 520 521 525 527 528 529 532 533 534 535 536 537 538 539 540 541 544 545 546 547 548 551 552 553 555 556 557 558 559 560 562 563 564 565 566 567 568 569 570 572 573 575 576 579 580 582 583 584 586 589 590 591 592 593 594 595 596 597 598 599 600 601 602 608 609 610 613 614 615 616 617 618 619 620 621 622 623 624 627 628 629 631 632 633 634 635 636 638 639 640 641 642 643 644 645 646 648 649 650 651 652 653 655 657 661 663 665 666 667 668 671 672 673 674 675 676 679 680 682 685 687 688 689 691 692 694 695 697 698 699 700 701 702 703 704 705 706 707 708 709 710 711 712 713 714 715 716 717 719 721 723 724 725 726 727 729 730 731 732 733 734 737 738 739 740 741 742 743 744 745 746 747 749 751 752 753 754 755 756 760 763 764 765 766 767 768 769 770 771 772 773 774 777 779 780 781 782 783 784 785 786 787 789 790 792 793 796 797 798 799 800 801 803 804 805 806 807 808 809 810 811 812 813 814 815 816 817 818 819 821 824 826 829 831 832 833 834 835 837 838 839 840 841 843 845 847 848 849 850 851 852 853 854 855 857 858 861 862 864 865 866 867 868 869 870 872 874 875 876 877 878 879 881 882 884 885 887 888 889 891 892 893 895 897 898 899 900 901 902 904 905 908 909 910 911 912 914 915 917 918 919 920 921 922 923 924 925 926 927 931 933 934 935 936 937 938 939 940 942 944 945 947 948 950 952 953 954 955 956 957 958 959 961 962 963 964 966 967 969 971 972 973 974 975 976 977 978 979 980 981 982 983 984 985 986 987 988 990 991 993 994 995 996 998 999
campaign,reference,1000,5-0.75-M,1,43847,749,0 1 3 4 6 7 9 10 11 12 14 15 17 18 19 21 22 24 26 27 28 29 30 31 32 33 34 38 39 40 41 42 44 45 46 47 48 49 50 53 54 55 56 57 58 59 61 62 63 65 66 67 68 69 71 72 73 74 76 78 80 81 83 84 85 86 87 88 89 90 91 92 93 94 95 96 97 98 99 100 101 103 104 105 107 109 110 113 114 115 116 117 118 119 121 123 125 127 128 129 131 133 135 136 138 142 143 144 145 146 147 148 149 151 152 153 154 157 158 159 161 163 164 165 166 169 171 172 173 174 175 176 178 179 181 182 183 186 187 188 189 190 191 192 193 194 195 198 199 200 201 202 203 204 206 207 208 209 210 211 212 215 216 217 219 220 222 223 224 226 227 228 229 230 231 233 236 237 238 240 241 242 243 245 246 247 248 249 250 252 254 255 256 257 259 261 262 263 264 265 266 267 269 270 271 272 273 274 278 279 280 282 283 284 286 287 288 289 291 292 293 294 295 296 297 299 300 301 302 303 304 305 306 308 309 310 312 313 314 315 316 317 318 320 321 322 323 325 327 328 330 331 332 333 334 336 337 340 341 342 343 344 346 347 349 350 351 353 354 355 356 357 358 359 360 361 362 363 364 365 366 367 368 369 370 371 372 373 375 376 377 378 379 380 381 382 383 384 385 387 389 390 391 393 394 396 397 398 399 400 401 402 404 405 406 407 408 409 410 411 412 413 414 415 416 417 418 419 420 421 422 423 424 425 427 428 431 433 435 436 437 439 440 442 443 444 445 446 448 449 450 452 454 456 457 458 459 460 462 463 464 468 469 470 472 473 478 479 481 483 485 486 487 490 492 493 494 496 497 498 500 501 502 503 504 505 506 509 510 511 512 513 514 515 516 517 520 521 522 523 524 525 527 529 530 531 532 533 535 536 538 539 541 543 544 546 547 548 549 550 552 553 556 557 558 559 561 562 566 567 568 569 570 571 572 573 575 577 580 582 583 584 585 586 587 589 590 593 595 596 597 598 599 600 603 604 606 608 609 610 611 612 613 614 615 616 617 618 619 620 621 622 623 624 625 626 628 629 631 632 634 635 636 637 638 639 641 642 643 645 646 647 648 649 650 651 652 654 655 656 657 658 659 660 662 663 664 665 666 667 668 669 670 671 673 674 675 676 678 679 681 682 683 686 688 690 691 692 693 694 696 697 698 699 702 703 704 706 707 708 709 710 712 714 717 719 720 722 723 727 729 730 731 733 736 738 739 740 743 745 746 747 748 749 751 752 753 754 755 757 758 759 760 761 762 763 764 765 767 768 770 771 772 775 778 779 780 781 782 783 784 786 787 789 790 792 794 796 798 800 802 804 806 807 810 811 813 814 816 817 818 819 821 822 823 824 825 826 827 828 829 830 832 834 835 837 838 839 841 844 845 846 847 848 849 850 852 853 854 856 857 858 859 860 861 862 863 865 866 867 869 870 872 873 875 876 877 879 880 881 882 883 884 885 886 887 888 889 892 895 896 898 899 900 901 902 903 904 905 906 908 911 913 914 916 917 918 919 920 922 923 924 925 926 930 931 933 934 935 938 939 940 941 944 945 947 948 949 950 952 953 954 955 956 957 958 960 961 962 963 964 965 966 967 968 969 971 973 974 976 978 979 981 982 983 984 985 986 987 988 989 990 992 993 994 995 996 997 998
campaign,reference,1000,5-0.75-M,2,44006,749,0 1 3 4 5 6 7 9 10 11 12 13 14 15 17 18 19 21 22 24 25 27 28 29 30 31 32 33 34 38 39 40 41 42 44 45 46 47 48 49 50 53 54 55 56 57 58 59 60 61 62 63 66 67 68 69 71 73 74 75 76 78 79 80 81 83 84 85 86 87 88 89 90 91 92 93 94 95 96 97 98 99 100 101 103 104 105 108 109 110 113 114 115 116 117 118 119 121 122 123 125 127 129 131 133 135 136 138 142 143 145 146 147 148 149 151 152 153 154 157 158 159 161 163 164 165 166 169 171 173 174 176 178 179 181 182 183 186 187 188 189 190 191 192 193 194 195 198 200 201 202 203 204 206 207 208 209 210 211 212 215 216 217 219 220 222 224 226 227 228 229 230 231 233 236 237 238 240 241 242 243 245 246 247 248 250 252 254 255 256 257 259 261 262 263 265 266 267 269 270 271 272 273 274 278 279 282 283 284 286 287 288 289 290 291 292 293 294 295 296 297 299 300 301 302 304 305 306 307 308 309 310 312 313 315 316 317 318 319 320 321 322 323 325 327 328 330 331 332 333 334 336 337 340 341 342 343 344 345 346 347 349 350 351 353 354 355 356 357 358 359 360 361 363 364 365 366 367 369 370 371 372 373 375 376 377 378 379 380 381 382 383 384 385 387 389 390 391 392 393 394 395 396 397 398 399 400 401 402 404 405 407 408 409 410 411 412 413 414 415 416 418 419 420 421 422 423 424 425 427 428 431 433 435 436 437 438 439 440 442 443 445 446 447 448 449 450 452 453 454 455 456 457 458 459 460 461 462 463 464 469 470 472 473 475 478 479 481 483 485 486 487 490 491 492 493 494 496 497 498 500 501 502 503 504 505 506 509 510 511 512 513 514 515 516 517 520 521 522 523 524 525 527 529 530 531 532 533 534 535 536 538 539 541 543 544 546 547 548 549 550 552 553 555 556 557 558 559 561 562 566 567 568 569 570 571 572 573 575 577 578 580 582 583 584 585 586 587 589 590 593 595 596 597 598 599 600 602 604 608 609 610 612 613 614 615 616 617 618 619 620 621 622 623 624 625 626 628 629 631 632 634 635 636 637 638 639 641 642 643 645 646 647 648 649 650 651 652 654 655 657 658 659 660 662 663 664 665 666 667 668 669 670 671 673 674 675 678 679 681 682 683 686 688 689 690 691 692 693 694 695 696 697 698 699 702 703 704 705 706 707 708 709 710 712 714 716 717 719 720 722 727 729 730 731 733 735 736 738 740 743 745 746 747 749 751 752 753 754 755 757 758 759 760 761 763 764 765 767 768 770 771 772 775 778 779 780 781 782 783 784 786 787 789 790 792 794 796 798 800 802 804 806 807 808 810 811 813 814 816 817 818 819 821 822 823 824 825 826 827 828 830 832 833 834 837 838 839 841 844 845 846 847 848 849 850 852 853 854 856 857 858 859 860 861 863 865 866 867 869 870 871 872 873 875 876 877 878 879 880 881 882 883 884 885 886 887 888 889 892 895 896 898 899 900 901 902 903 905 906 908 911 913 914 916 917 918 920 921 922 923 924 925 926 928 930 931 935 938 939 940 941 944 945 947 948 949 950 952 954 955 956 957 958 959 960 961 962 963 964 965 966 967 968 970 971 973 974 975 976 978 979 981 982 983 984 985 986 987 988 989 990 992 993 994 995 996 997 998
campaign,reference,1000,5-0.75-M,3,44012,749,0 1 3 4 5 6 7 9 10 11 12 14 15 17 18 19 21 22 24 26 27 28 29 30 31 32 33 34 38 39 40 41 42 44 45 46 47 48 49 50 53 54 55 56 57 58 59 60 61 62 63 65 66 67 68 69 71 72 73 74 76 78 79 81 83 84 85 86 87 88 89 90 91 92 93 94 95 96 97 98 99 100 101 103 104 105 107 109 110 113 114 115 116 117 119 121 122 123 125 127 128 129 131 133 134 135 136 138 142 143 145 146 147 148 149 151 152 153 154 157 158 159 160 161 163 164 165 166 169 171 173 174 176 178 179 181 183 186 187 188 189 190 191 192 193 194 195 197 198 199 200 201 202 203 204 206 207 208 209 210 211 212 215 216 217 218 219 220 222 224 226 227 228 229 230 231 233 236 237 238 240 241 242 243 245 246 247 248 250 251 252 254 255 256 257 259 261 262 263 264 265 267 269 270 271 272 273 274 278 279 280 282 283 284 286 287 288 289 291 292 293 294 295 297 299 300 301 302 304 305 306 308 309 310 312 313 315 316 317 318 320 321 322 323 325 327 328 330 331 332 333 334 336 337 340 341 342 343 344 346 347 349 350 351 353 354 355 356 358 359 360 361 363 364 365 366 367 368 369 370 371 372 373 375 376 377 378 379 380 381 382 383 384 385 387 389 390 391 393 394 396 397 398 399 400 401 402 404 405 407 408 409 410 411 412 413 415 416 418 419 420 421 422 423 424 425 427 431 435 436 437 439 440 442 443 445 446 447 448 449 450 452 454 455 456 457 458 459 460 461 462 463 464 469 470 472 473 478 479 481 483 485 486 487 489 490 491 492 493 494 496 497 498 500 501 502 503 504 505 506 509 510 511 512 514 515 516 517 520 521 522 523 524 525 527 530 531 532 533 534 535 536 538 539 541 543 544 545 546 547 548 549 550 552 553 556 557 558 559 561 562 566 567 568 569 570 571 572 573 574 575 577 578 580 582 583 584 585 586 587 588 589 590 593 595 596 597 598 599 600 602 604 606 608 609 611 612 613 614 615 616 617 618 619 620 621 622 623 624 625 626 628 629 631 632 634 635 636 637 638 639 641 642 643 645 646 647 648 649 650 651 652 653 654 655 656 657 658 659 660 662 663 664 665 666 667 668 669 670 671 673 674 675 676 678 679 680 681 682 683 686 688 690 691 692 693 694 696 697 698 699 701 702 703 704 706 707 708 709 710 712 714 716 717 719 720 721 723 729 730 731 733 736 738 739 740 743 745 746 747 748 749 751 752 753 754 755 757 758 759 760 761 763 764 765 768 770 771 772 775 778 779 780 781 782 783 784 786 787 789 790 792 794 796 798 800 801 802 804 805 806 807 808 810 811 813 814 816 817 818 819 821 822 823 824 825 826 827 828 830 832 833 834 835 837 838 839 841 844 845 846 847 848 849 850 852 853 854 856 857 858 859 860 861 863 864 865 866 867 869 870 871 872 873 875 876 877 878 879 880 881 882 883 884 885 886 887 888 889 892 895 896 898 899 900 901 902 903 905 906 908 911 913 914 916 917 918 920 922 923 924 925 926 928 929 930 931 933 935 936 938 939 940 941 944 945 947 948 949 950 952 954 955 956 957 958 960 961 962 963 964 965 966 967 968 970 971 973 974 975 976 978 979 981 982 983 984 985 987 988 989 990 992 993 994 995 996 997 998
campaign,reference,1000,5-0.75-M,4,43954,749,1 3 4 5 6 7 9 10 11 12 14 17 18 19 21 22 24 27 28 29 30 31 32 33 34 38 39 40 41 42 44 45 46 47 48 49 50 53 54 55 56 57 58 59 61 62 63 66 67 68 69 71 73 74 75 76 78 79 80 81 83 84 85 86 87 88 89 90 91 92 93 94 95 96 97 98 99 100 101 103 104 107 109 110 112 113 114 115 116 117 118 119 121 122 123 125 127 129 131 133 135 136 138 142 143 144 145 146 147 148 149 151 152 153 154 157 158 159 161 164 165 166 169 171 173 174 175 176 178 179 181 182 183 186 187 188 189 190 191 192 193 194 195 198 199 200 201 202 203 204 206 207 208 209 210 211 212 214 215 216 217 218 219 220 222 224 226 227 228 229 230 231 233 236 237 240 241 242 243 245 246 247 248 250 252 254 255 256 257 259 261 262 263 265 266 267 269 270 271 272 273 274 278 279 280 282 283 284 285 286 287 288 289 290 291 292 293 294 295 296 297 299 300 301 302 304 305 306 308 309 310 312 313 315 316 317 318 321 322 323 325 327 328 330 331 332 333 334 336 337 340 341 342 343 344 345 346 347 349 350 351 353 354 355 356 358 359 360 361 363 364 365 366 367 368 369 370 371 372 373 375 376 377 378 379 380 381 382 383 384 385 387 389 390 391 393 394 395 396 397 398 399 400 401 402 404 405 407 408 409 410 411 412 413 414 415 416 419 420 421 422 423 424 425 427 428 431 432 435 436 437 438 439 440 442 443 445 446 447 448 449 450 452 453 454 455 456 457 458 459 460 461 462 463 464 468 469 470 471 473 478 479 481 483 485 486 487 490 492 493 495 496 497 498 500 501 502 503 504 505 506 509 510 511 512 514 515 516 517 518 520 522 523 524 525 527 528 529 530 531 532 533 535 536 538 539 540 541 543 544 545 546 547 548 549 550 552 553 555 556 557 558 559 561 562 563 566 567 568 569 570 571 572 573 574 575 577 578 580 583 584 585 586 587 588 589 590 593 595 597 598 599 600 602 603 604 606 608 609 611 612 613 614 615 616 617 618 619 620 621 622 623 624 625 626 628 629 631 632 634 635 636 637 638 639 641 642 643 645 646 647 648 649 650 651 652 654 655 656 657 658 659 660 662 664 665 666 667 668 669 670 671 673 674 675 676 678 679 681 682 683 686 688 689 690 691 692 693 694 696 697 698 700 702 703 706 707 708 709 710 712 714 716 717 719 720 727 729 731 733 735 736 738 739 740 743 745 746 747 749 751 752 753 754 755 757 758 759 760 761 763 764 765 767 768 770 771 772 775 778 779 781 782 783 784 785 786 787 789 790 792 794 796 798 800 801 802 804 805 806 807 808 810 811 813 814 816 817 818 819 821 822 823 824 825 826 827 828 830 832 834 835 837 838 839 841 844 845 846 847 848 849 850 852 853 854 856 857 858 859 860 861 863 865 866 867 869 870 871 872 873 875 876 877 878 879 880 881 882 883 884 885 886 888 889 891 895 896 898 899 900 901 902 903 904 905 906 908 911 913 914 916 917 918 920 922 923 924 925 926 927 928 929 930 931 934 935 936 938 939 940 941 944 945 947 948 949 950 952 954 955 956 957 958 959 960 961 962 963 964 965 966 967 968 970 971 973 974 975 976 978 979 980 981 982 983 984 985 987 988 989 990 992 993 994 995 996 997 998
campaign,reference,1000,5-0.75-M,5,43892,749,1 3 4 5 6 7 9 10 11 12 14 15 17 18 19 21 22 24 26 27 28 29 30 31 32 33 34 38 39 41 42 44 45 46 47 48 50 53 54 55 56 57 58 59 61 62 63 65 66 67 68 69 71 72 73 74 75 78 79 80 81 83 84 85 86 87 88 89 90 91 92 93 94 95 96 97 98 99 100 101 102 103 104 107 109 113 114 115 116 117 118 119 121 122 123 125 126 127 129 131 133 135 136 138 142 144 145 146 147 148 149 151 152 153 154 157 158 159 161 163 164 165 166 168 169 171 172 173 174 176 178 179 181 182 183 186 187 188 189 190 191 192 193 194 195 197 198 199 200 201 202 203 204 206 207 208 209 210 211 212 214 216 217 218 219 220 221 222 224 226 227 228 229 230 231 233 236 237 240 241 242 243 245 246 247 248 249 250 254 255 256 257 259 261 262 263 264 265 266 267 269 270 271 272 273 274 278 279 280 282 283 284 285 286 287 288 289 291 292 293 294 295 296 297 299 300 301 302 304 305 306 308 309 310 312 313 315 316 317 318 320 321 322 323 324 325 327 328 330 331 332 333 334 336 337 338 340 341 342 343 344 346 347 349 350 351 353 354 355 356 357 358 359 360 361 363 364 365 366 367 368 369 370 371 372 373 375 376 377 378 379 380 381 383 384 385 387 389 390 391 394 395 396 397 398 399 400 401 402 404 405 406 407 408 409 410 411 412 413 415 416 419 420 421 422 423 424 425 427 428 430 431 433 435 436 437 438 439 440 442 443 444 445 446 447 448 449 450 452 454 455 456 457 458 459 460 461 462 463 464 468 469 470 472 473 475 478 479 481 483 485 486 487 490 492 493 494 496 497 498 502 503 504 505 509 510 511 512 513 514 515 516 517 521 522 523 524 525 527 528 529 530 531 532 533 535 536 538 539 541 543 544 546 547 548 549 550 552 553 556 557 558 559 561 562 565 566 567 568 569 570 571 572 573 574 575 577 578 580 583 584 585 586 587 588 589 590 593 595 596 597 598 599 600 602 603 604 605 606 608 609 610 611 612 613 614 615 616 617 618 619 621 622 623 624 625 626 628 629 631 632 634 635 636 637 638 639 641 642 643 645 646 647 648 649 650 651 652 654 655 656 657 658 659 660 662 663 664 665 667 668 669 670 671 673 674 675 676 678 679 681 682 683 686 688 689 690 691 692 693 694 696 697 698 700 702 703 704 706 707 708 710 712 714 716 717 719 720 722 723 727 729 730 731 733 735 736 738 739 740 743 745 746 747 749 751 752 753 754 755 757 758 759 760 761 763 764 765 766 768 770 771 772 775 778 779 781 782 783 784 786 787 789 790 791 792 794 795 796 798 800 802 804 806 807 810 811 813 814 816 817 818 819 821 822 823 824 825 826 827 828 830 832 834 835 837 838 839 841 842 844 845 846 847 848 849 850 852 853 854 856 857 858 859 860 861 863 865 866 867 869 870 871 872 873 875 876 877 878 879 880 881 882 884 885 886 887 888 889 892 896 898 899 900 901 902 903 904 905 906 908 911 913 914 916 917 918 919 920 922 923 924 925 926 930 931 933 934 935 936 938 939 940 941 942 944 945 947 948 949 950 952 954 955 956 957 958 959 960 961 962 963 964 965 966 967 968 971 973 974 976 978 979 981 982 983 984 985 987 988 989 990 992 993 994 995 996 997 998
campaign,reference,1000,6-0.75-M,1,41152,749,0 1 4 5 10 11 13 14 15 16 17 18 20 22 23 24 26 27 28 29 30 31 32 33 34 36 37 39 42 45 47 48 49 50 51 55 56 57 59 61 62 63 64 65 66 68 69 71 72 73 74 75 77 78 79 81 82 83 84 85 86 87 88 89 90 91 94 95 96 97 100 102 103 105 106 107 108 110 112 113 114 116 117 118 119 121 122 123 124 125 126 128 129 130 133 134 135 136 137 140 141 142 144 145 147 148 149 150 152 153 155 156 157 158 159 160 161 162 163 164 165 166 167 169 171 172 173 174 175 176 177 180 182 183 184 185 187 188 189 190 191 192 193 194 195 196 197 198 199 200 201 202 203 204 206 207 208 209 210 211 213 216 217 218 219 220 221 222 223 225 226 227 229 230 231 232 233 236 238 240 241 242 244 245 246 247 249 250 251 256 257 258 261 262 264 267 268 269 270 271 272 273 274 275 276 278 279 280 281 282 283 284 285 287 290 291 293 295 296 297 299 300 301 303 305 306 307 308 309 310 311 312 313 314 315 316 317 318 320 321 322 323 324 325 326 327 328 329 330 332 333 335 336 338 339 340 341 342 343 344 345 346 347 348 349 350 351 352 353 357 358 359 360 361 362 363 364 365 366 367 368 371 372 373 375 377 378 379 380 381 382 383 384 385 386 387 388 389 390 392 393 397 398 400 401 403 404 405 406 408 410 412 414 415 416 417 418 419 421 422 423 425 426 427 431 432 433 434 435 436 437 438 440 443 444 445 449 450 451 452 453 455 456 457 458 459 460 461 462 464 465 468 469 470 473 474 475 476 477 478 479 480 482 483 484 485 486 487 488 489 490 491 492 494 495 496 497 498 500 501 502 503 505 506 507 508 509 510 511 512 513 514 515 516 517 518 519 520 521 523 525 526 527 528 530 531 532 533 534 535 537 538 540 541 544 546 547 548 549 550 551 553 554 556 557 558 559 561 562 563 564 565 566 567 568 570 571 573 574 575 576 577 578 579 580 581 583 584 585 586 587 588 589 590 592 593 595 596 597 598 599 601 602 603 605 606 607 609 610 611 613 614 616 617 618 619 620 621 622 623 624 625 626 627 628 629 630 631 633 634 636 637 638 640 641 642 649 650 651 652 653 654 655 656 658 659 660 661 662 663 666 668 670 671 672 673 674 675 676 677 678 679 681 682 683 684 685 686 687 688 690 691 692 693 696 698 701 702 704 705 706 708 709 710 716 717 718 719 720 721 724 725 728 730 731 732 733 734 735 736 737 739 740 741 742 743 744 745 746 747 748 749 750 752 755 757 758 760 762 764 765 766 767 768 769 770 772 773 775 776 778 779 781 783 784 786 787 789 790 791 792 793 795 796 797 800 803 806 807 808 809 810 811 812 813 815 816 817 818 819 820 822 823 825 826 828 830 831 832 834 837 838 840 841 842 843 844 845 846 848 849 852 853 854 857 858 859 860 861 862 864 866 867 868 869 872 874 876 877 878 880 883 884 885 886 887 889 891 892 893 894 895 896 897 898 899 901 902 904 905 906 907 908 909 911 912 913 914 915 916 917 918 919 920 921 925 926 927 928 929 930 931 932 933 936 937 942 943 944 945 946 947 948 951 952 953 954 955 956 957 959 960 961 963 964 965 966 967 968 970 971 972 973 974 975 977 979 981 982 983 985 986 988 989 991 993 994 995 998
campaign,reference,1000,6-0.75-M,2,41169,748,0 1 4 5 7 10 11 13 14 15 16 17 18 20 22 23 24 26 28 31 32 33 34 36 37 39 42 45 46 48 49 50 51 55 56 57 59 61 62 63 64 65 66 68 69 71 72 73 74 75 77 78 79 81 82 83 84 85 86 87 88 89 90 91 92 94 95 96 97 98 100 101 102 103 104 105 106 107 108 110 111 112 113 114 116 117 119 121 122 123 124 125 126 128 129 130 133 135 136 137 138 140 141 142 144 145 146 147 148 149 150 151 156 157 158 159 160 161 162 163 164 165 166 167 169 171 172 173 174 175 176 177 180 182 183 184 187 188 189 190 191 192 193 194 195 197 198 199 200 201 202 203 204 206 207 208 209 210 211 213 216 217 218 219 220 221 223 224 225 226 229 230 233 236 238 241 242 243 244 245 246 247 249 250 251 253 254 255 256 258 260 261 262 264 267 268 269 270 271 272 273 274 275 276 277 278 279 281 282 283 284 285 287 290 291 292 293 294 295 296 297 299 300 301 302 303 305 306 307 308 309 310 311 312 313 314 315 316 317 318 320 321 322 323 324 325 326 327 328 329 330 332 333 335 336 338 339 340 341 342 343 344 346 347 348 349 350 351 352 353 357 358 359 360 361 362 363 364 366 367 368 371 372 373 375 377 378 380 381 382 383 384 385 387 388 389 390 392 393 397 398 400 401 403 404 405 406 408 410 412 414 415 416 417 419 420 421 422 423 425 426 427 431 432 433 434 435 436 437 438 440 442 443 445 449 451 452 455 456 457 458 459 460 461 462 464 465 468 469 470 471 472 473 474 475 476 477 478 479 482 483 484 485 486 487 488 489 490 491 492 494 495 496 497 498 500 501 502 503 505 506 507 508 509 510 512 513 514 515 516 517 518 519 520 521 522 523 525 526 527 528 529 530 531 532 533 534 535 537 538 539 540 544 546 547 548 549 550 551 554 556 557 558 559 561 562 564 565 566 567 568 571 573 574 575 576 578 579 580 581 583 584 585 587 588 589 590 591 592 593 595 596 597 598 599 600 601 602 603 606 607 609 610 611 613 614 616 617 618 619 620 621 622 623 624 625 626 627 628 629 630 631 633 634 637 638 640 641 642 648 649 650 651 652 653 654 655 656 658 659 660 661 662 663 666 667 668 670 671 672 673 674 675 676 677 678 679 681 682 683 684 685 686 687 688 690 691 692 693 696 698 701 702 703 704 705 706 708 709 710 711 712 716 717 718 719 720 721 724 725 728 729 730 731 732 733 734 735 737 739 740 741 742 743 744 745 746 747 748 749 750 755 757 758 760 762 764 765 766 768 769 770 772 773 774 775 776 777 778 779 781 783 785 786 787 789 790 792 793 795 796 797 800 806 807 809 810 811 812 813 815 817 818 819 820 822 823 825 826 828 830 831 833 834 835 837 838 839 840 841 842 843 844 845 848 849 852 853 854 855 857 858 859 860 861 862 864 866 867 868 872 873 874 876 877 878 879 880 882 883 884 885 886 887 889 892 893 894 895 896 897 898 899 901 902 903 904 905 906 907 908 909 911 912 913 914 915 916 917 918 919 920 921 922 925 926 927 928 929 930 931 932 933 934 936 937 939 942 943 944 945 946 947 948 951 952 953 954 955 957 959 960 961 963 964 965 966 967 968 970 971 972 973 974 975 977 979 981 983 986 988 989 991 993 994 995 996 998
campaign,reference,1000,6-0.75-M,3,41401,749,0 1 4 5 10 11 13 14 15 16 17 18 19 20 22 23 24 26 28 31 32 33 34 35 36 37 39 42 44 45 47 48 49 50 51 53 56 57 61 62 63 64 65 66 68 69 71 72 73 74 75 77 78 79 81 82 83 84 85 86 87 88 89 90 91 93 94 96 97 98 100 101 102 103 104 105 106 107 108 110 113 114 116 117 118 119 121 122 123 124 125 126 128 129 130 133 135 136 137 138 140 141 142 144 145 147 148 149 150 151 152 156 157 158 159 160 161 162 163 164 165 166 167 169 171 172 173 174 175 176 177 180 182 183 184 185 187 188 189 190 191 192 193 194 195 196 197 198 199 200 201 202 203 204 206 207 208 209 210 211 213 216 217 218 219 220 221 222 223 224 225 226 227 229 230 232 233 235 236 238 241 242 243 244 245 246 247 249 250 251 253 254 256 258 261 262 264 267 268 269 270 271 272 273 274 276 278 279 280 281 282 283 284 285 287 290 291 292 293 294 295 296 297 299 300 301 303 305 306 307 308 309 310 311 312 313 314 316 317 318 320 321 323 324 325 326 327 328 329 330 332 333 335 336 338 339 340 341 342 343 344 345 347 348 349 351 352 353 357 358 359 360 361 362 363 364 365 366 367 368 371 372 373 376 377 378 379 380 381 382 383 384 385 387 388 389 390 391 392 393 398 399 400 401 403 404 405 406 407 408 410 412 414 415 416 417 418 419 420 421 422 423 425 426 427 431 433 434 435 436 437 438 439 440 443 444 445 449 451 452 455 456 457 458 459 460 461 462 464 465 468 469 470 473 474 475 476 477 478 479 480 482 483 484 485 486 487 488 489 490 491 492 494 495 496 497 498 500 501 502 503 505 506 507 508 510 511 512 513 514 515 516 517 518 519 520 521 523 525 526 527 528 529 530 531 532 533 534 535 537 538 540 544 546 547 548 549 550 551 553 554 556 557 558 559 561 562 564 565 566 567 568 569 571 573 574 575 576 578 579 580 581 583 584 585 587 588 589 590 591 592 593 595 596 597 598 599 600 601 602 603 605 606 607 608 609 610 611 613 614 616 617 618 619 620 621 622 623 624 625 626 628 629 630 631 633 634 636 637 638 640 641 642 650 651 652 653 654 655 656 658 660 661 662 663 666 667 668 670 671 674 675 676 677 678 679 681 682 683 684 685 687 688 690 691 692 693 695 696 698 701 702 703 704 705 706 708 709 710 712 716 717 718 719 720 721 722 724 725 728 729 730 731 732 733 734 735 736 737 739 740 741 742 743 744 745 746 747 748 749 750 752 755 757 760 762 764 765 766 768 769 770 772 773 775 776 777 778 779 781 783 784 785 786 787 789 791 792 793 794 795 796 797 800 801 804 806 807 809 810 811 812 814 815 817 818 819 820 822 823 825 826 827 828 830 831 834 835 837 838 839 840 841 842 843 844 845 848 849 851 852 853 854 857 858 859 860 861 862 864 866 867 868 869 872 874 876 877 878 880 883 884 885 886 887 889 892 893 894 895 896 897 898 899 901 902 903 904 905 907 908 909 911 912 913 914 915 916 917 918 919 920 921 922 925 926 927 928 929 930 931 932 933 934 936 937 938 942 943 944 945 946 947 948 951 952 953 954 955 956 957 959 960 961 963 964 965 966 967 968 970 971 972 974 975 977 979 981 982 983 985 988 989 991 993 994 995 998 999
campaign,reference,1000,6-0.75-M,4,41269,748,0 1 4 5 6 10 11 12 13 14 15 16 17 18 20 22 23 24 26 28 31 32 33 34 36 37 39 42 45 46 47 48 49 50 51 53 56 57 61 62 63 64 65 66 67 68 69 71 72 73 74 75 77 78 81 82 83 84 85 86 87 88 89 90 92 94 96 97 98 100 101 102 103 105 106 107 108 110 112 113 114 116 117 118 119 121 122 123 124 125 126 128 129 130 133 135 136 137 140 141 142 144 145 147 148 149 150 152 156 157 158 159 160 161 162 163 164 165 166 167 169 171 172 173 174 175 176 177 180 182 183 184 187 188 190 191 192 193 194 195 196 197 198 199 200 201 202 203 204 206 209 210 211 213 216 217 218 219 220 221 222 223 224 225 226 227 229 230 231 232 233 235 236 238 241 242 243 245 246 247 249 250 251 253 256 258 261 262 264 267 268 269 270 271 272 273 274 276 278 279 281 282 283 284 285 287 289 290 291 293 294 295 296 297 298 299 300 301 303 305 306 307 308 309 310 311 312 313 314 315 316 317 318 320 321 322 323 324 325 326 327 328 329 330 332 333 335 336 338 339 340 341 342 343 344 345 346 347 348 349 350 351 352 353 357 359 360 361 362 363 364 365 366 367 368 371 372 373 375 376 377 378 379 380 381 382 383 384 385 387 388 389 390 391 392 393 397 398 400 401 403 404 405 406 408 410 412 414 415 416 417 418 419 420 421 422 423 425 426 427 429 431 433 434 435 436 437 438 440 442 443 444 445 449 450 451 452 453 455 456 457 458 459 460 461 462 464 465 468 469 470 471 473 474 475 476 477 478 479 480 482 483 484 485 486 487 488 489 490 491 492 493 494 495 496 497 498 500 501 502 505 506 507 508 509 512 513 514 515 516 517 518 519 520 521 523 525 526 527 528 529 530 531 532 533 534 535 537 538 540 543 544 548 549 550 551 553 554 556 557 558 559 561 562 564 565 566 567 568 571 573 574 575 576 578 579 580 581 583 584 585 587 588 589 590 592 593 595 597 598 599 601 602 603 605 606 607 608 609 610 611 613 614 616 617 618 619 620 621 622 623 624 625 626 627 628 629 630 631 632 633 634 636 637 638 640 641 642 645 649 650 651 652 653 654 655 656 658 659 660 661 662 663 664 666 667 668 669 670 671 672 673 674 675 676 677 678 679 681 682 683 684 685 686 687 688 690 691 692 693 695 696 698 701 702 703 704 705 706 708 709 710 711 716 717 718 719 720 721 722 724 725 727 728 729 730 731 732 733 734 735 737 739 740 741 742 743 744 745 746 747 748 749 750 755 757 758 760 762 764 765 766 767 768 769 770 772 773 774 775 777 778 779 781 783 784 785 786 787 789 790 791 792 793 795 796 797 800 804 806 807 808 809 810 811 812 814 815 816 817 818 819 820 822 823 825 826 828 830 831 834 837 838 839 840 841 842 843 844 845 848 849 852 853 854 857 858 859 860 861 862 864 866 867 868 872 874 876 877 878 879 880 883 884 885 886 887 889 893 894 895 896 897 898 899 903 904 905 906 907 908 909 911 912 913 914 915 916 917 918 919 920 921 922 925 926 927 928 929 930 931 932 933 934 936 937 938 939 942 943 944 945 946 947 948 952 953 954 955 957 959 960 961 963 964 965 966 967 968 970 971 972 973 974 975 977 979 981 983 986 988 989 991 993 994 995 996 998
campaign,reference,1000,6-0.75-M,5,41366,749,0 1 4 5 7 10 11 13 14 15 16 17 18 19 20 22 23 24 25 26 28 31 32 33 34 36 37 39 42 45 46 47 48 49 50 56 57 61 62 63 64 65 66 68 69 71 72 73 74 75 77 78 79 81 82 83 84 85 86 87 88 89 90 94 95 96 97 98 99 100 101 102 104 105 106 107 108 110 111 112 113 114 116 117 118 119 121 122 123 124 125 126 128 129 130 133 135 136 137 138 140 141 142 144 145 147 148 149 150 151 152 153 156 157 158 159 160 161 162 163 165 166 167 169 171 172 173 174 175 176 177 180 181 182 184 187 188 189 190 191 192 193 194 195 196 197 198 199 200 201 202 203 204 206 208 209 210 211 213 216 217 218 219 220 221 222 223 224 225 226 227 229 230 233 236 238 241 242 243 244 245 246 247 249 250 251 254 256 258 261 262 264 267 268 269 270 271 272 273 274 276 278 279 281 282 283 284 285 287 290 291 292 293 294 295 296 297 298 299 300 301 303 305 306 307 308 309 310 311 312 313 314 315 316 317 318 320 321 322 323 324 325 326 327 328 329 330 332 333 335 336 338 339 340 341 342 343 344 345 346 347 348 349 350 351 352 353 357 358 359 360 361 362 363 364 365 366 367 368 370 371 372 373 375 376 377 378 379 380 381 382 383 384 385 386 387 388 389 390 392 393 397 398 400 401 402 404 405 406 408 410 412 414 415 416 417 418 419 420 421 422 423 425 426 427 431 433 434 435 436 437 438 440 442 443 444 445 449 450 451 452 453 455 456 457 458 459 460 461 462 464 465 468 469 470 473 474 475 476 477 478 479 480 482 483 484 485 486 487 488 489 490 491 492 494 495 496 497 498 500 501 502 505 506 507 508 512 513 514 515 516 517 518 519 520 521 522 523 525 526 527 528 529 530 531 532 533 534 535 537 538 539 540 541 544 547 548 549 550 551 554 556 557 558 559 561 562 564 565 566 567 568 570 571 573 574 575 576 578 579 580 581 583 584 585 587 588 589 590 592 593 595 596 597 598 599 600 601 602 605 606 607 608 609 610 611 613 614 616 617 618 619 620 621 622 623 624 625 626 627 628 629 630 631 632 633 634 636 637 638 640 641 642 645 648 649 650 651 652 653 654 655 656 658 659 660 661 662 663 666 668 669 670 671 673 674 675 676 677 678 679 682 683 684 685 686 687 688 690 691 692 693 695 696 698 701 702 703 704 705 706 708 709 710 712 716 717 718 719 720 721 722 724 725 728 729 730 731 732 733 734 735 737 739 740 741 742 743 744 745 746 747 749 750 752 755 756 757 758 760 762 764 765 766 768 769 770 772 773 775 777 778 779 781 783 784 786 787 789 790 792 793 795 796 797 800 806 807 808 809 810 811 812 814 815 816 817 818 819 820 822 823 825 826 827 828 830 831 832 834 837 838 839 840 841 842 843 844 846 848 849 852 853 854 857 858 859 860 861 862 864 866 867 868 872 874 876 877 878 879 880 881 882 883 884 885 886 887 889 893 894 895 896 897 898 899 900 901 903 904 905 906 907 908 909 911 912 913 914 915 916 917 918 919 920 921 922 925 926 927 928 929 930 931 932 933 936 937 938 942 943 944 945 946 947 948 950 952 953 954 955 957 959 960 961 963 964 965 966 967 968 970 971 972 974 975 977 979 981 982 983 985 988 989 991 993 994 995 998
campaign,reference,1000,7-0.75-M,1,42127,749,0 1 2 3 5 6 8 10 11 12 14 15 16 17 19 20 22 25 26 28 29 30 31 32 33 34 35 36 39 41 43 44 45 46 47 48 49 51 52 53 54 55 57 58 59 61 62 63 64 65 66 67 68 69 70 71 72 73 74 76 78 79 82 83 84 86 87 88 89 90 91 92 94 96 98 99 100 101 102 103 104 105 106 107 108 109 110 111 114 115 116 117 119 120 121 122 123 124 125 126 127 128 129 130 131 132 133 134 135 137 139 140 141 142 143 144 145 146 147 148 149 151 152 153 156 157 159 161 163 165 166 167 168 169 170 171 172 173 174 176 177 178 179 181 182 183 184 185 186 187 188 189 191 192 194 196 197 198 199 200 201 202 205 206 207 209 210 211 212 213 214 215 216 218 219 220 221 222 223 224 225 226 227 228 229 232 233 234 235 236 238 240 241 242 245 246 247 248 249 251 252 253 254 255 256 257 259 260 261 262 264 265 266 268 269 270 271 272 273 274 275 276 278 279 281 283 284 286 287 288 289 290 291 293 294 296 297 299 302 303 304 305 307 308 311 313 315 316 317 318 319 320 322 323 324 325 326 327 328 329 330 331 332 333 334 335 336 337 338 339 340 342 343 344 345 348 349 350 351 354 355 356 358 359 360 363 364 365 366 367 368 369 370 371 372 374 375 376 379 382 383 385 386 387 388 389 390 392 395 397 398 399 400 403 404 405 406 407 408 409 410 411 413 414 415 416 419 420 421 422 424 425 426 427 428 430 432 433 435 436 437 438 439 441 443 445 446 447 450 451 453 455 456 457 458 459 461 462 463 465 466 467 468 469 470 471 472 473 474 475 476 477 478 480 482 483 484 485 486 487 488 494 496 497 498 499 500 502 503 505 506 507 508 509 510 511 512 513 514 515 516 517 519 520 521 523 524 525 526 527 528 530 531 532 533 535 537 538 540 541 542 543 544 545 546 547 548 549 550 552 556 559 560 561 562 563 564 565 566 568 570 574 575 576 577 579 582 583 584 585 586 588 592 593 594 595 596 597 598 599 600 601 606 608 609 611 613 615 616 617 619 620 622 623 624 625 627 628 632 634 635 636 639 640 641 642 643 644 645 648 649 650 651 652 654 655 656 657 658 659 661 662 663 664 665 667 669 670 671 672 673 674 675 676 677 678 679 681 682 683 684 685 687 688 689 690 692 693 694 695 697 700 701 704 705 707 709 710 711 712 713 714 715 716 721 723 725 726 727 728 730 731 732 733 734 735 740 741 742 744 745 747 748 749 751 752 753 754 755 756 757 758 760 761 762 763 764 767 768 769 771 774 775 776 777 778 779 780 781 782 783 784 785 786 787 788 789 791 792 794 795 796 800 802 803 804 805 807 808 810 813 814 815 817 818 819 821 823 826 827 828 830 831 832 833 834 835 836 837 839 844 845 846 848 850 851 852 853 855 856 857 860 862 863 864 865 866 867 868 869 870 872 873 874 875 877 879 881 882 883 884 885 888 889 891 892 895 896 897 898 899 900 901 903 904 905 906 907 908 910 911 912 915 916 917 918 919 920 921 922 923 924 925 927 928 929 930 931 933 934 935 938 939 940 941 942 943 944 947 948 949 953 954 955 958 959 960 961 962 963 964 965 966 967 968 969 970 971 972 973 975 976 979 980 982 984 985 986 987 988 990 991 993 994 995 996 997 998 999
campaign,reference,1000,7-0.75-M,2,42011,749,0 1 2 3 4 5 6 7 8 10 11 12 14 15 16 17 19 20 21 25 26 27 28 29 30 31 32 33 34 35 36 39 40 41 43 44 45 46 47 48 49 50 51 52 53 54 55 57 59 61 62 63 64 65 66 67 68 69 71 72 73 74 76 78 79 82 83 84 87 89 90 91 92 94 96 98 99 100 102 103 104 105 106 107 108 109 110 111 114 115 116 117 119 121 122 123 124 125 126 127 128 129 130 131 132 133 134 135 137 138 139 140 141 142 143 144 145 146 147 148 149 151 152 153 155 156 157 158 159 161 162 163 164 165 166 167 168 169 170 171 172 173 174 176 177 178 179 181 183 184 185 186 187 188 189 190 191 192 196 197 198 200 201 202 205 206 207 210 211 212 213 214 215 216 217 218 219 220 222 223 224 225 226 227 228 229 230 232 233 234 235 236 238 240 241 242 245 246 247 248 249 251 252 253 255 256 257 259 260 261 262 264 265 266 268 269 270 271 273 274 275 276 278 279 281 283 284 286 287 288 289 290 291 293 294 295 296 297 299 302 303 304 305 307 308 311 313 315 316 317 318 319 320 323 325 326 327 328 329 331 332 333 334 335 336 337 338 339 340 342 343 344 345 346 348 349 350 351 354 355 356 358 360 363 364 365 366 367 368 369 370 371 372 374 375 376 379 382 383 385 386 388 389 390 392 395 397 398 399 403 404 405 406 407 408 409 410 411 413 414 415 416 417 419 420 422 423 424 425 426 427 428 430 431 432 433 435 436 437 438 439 441 443 445 446 447 450 453 455 457 458 459 461 462 463 465 466 467 468 469 470 471 472 473 474 475 476 477 478 480 482 483 484 485 486 487 488 494 496 497 498 499 500 502 503 505 506 507 508 509 510 511 512 513 514 515 516 517 519 521 523 524 525 526 527 528 530 531 532 533 535 537 538 539 540 541 542 543 544 545 546 547 548 549 550 552 556 559 560 562 563 565 566 568 570 571 574 575 576 577 578 579 582 583 584 585 592 593 594 595 596 597 598 599 600 601 603 606 608 609 611 613 614 615 616 617 618 619 620 622 623 624 625 626 627 628 632 634 635 636 639 640 642 643 644 645 646 648 649 650 651 652 654 655 656 657 658 659 661 662 663 665 667 669 670 671 672 673 674 675 677 678 679 680 681 682 683 684 686 687 689 690 692 693 694 695 697 699 700 701 704 705 706 707 709 710 711 712 713 714 715 720 721 723 725 726 727 728 730 731 732 733 734 735 737 738 740 741 742 744 745 747 748 749 751 752 753 754 755 756 758 760 761 762 763 767 768 769 771 773 774 775 776 777 778 779 780 781 782 783 784 785 786 787 788 789 792 794 795 796 799 800 801 802 804 805 807 808 809 810 813 814 815 817 818 819 821 823 826 827 830 831 832 833 834 835 836 837 839 844 845 846 847 850 852 853 854 856 857 860 861 862 863 864 865 866 867 868 869 870 872 873 874 875 877 878 879 881 882 884 885 888 889 891 892 895 896 897 898 899 900 901 903 904 905 906 907 908 910 911 912 915 916 917 918 919 920 921 922 923 924 926 927 928 929 930 931 933 934 935 937 938 939 940 941 942 943 944 945 948 949 950 953 954 955 958 959 960 961 962 963 964 965 966 967 969 970 971 972 973 975 976 979 980 982 984 985 986 987 988 990 991 992 993 994 995 996 997 998
campaign,reference,1000,7-0.75-M,3,42399,749,0 1 2 3 5 6 7 8 10 11 12 14 16 17 19 20 21 25 26 28 29 30 31 32 33 35 36 40 41 43 44 45 46 47 48 49 50 51 52 53 54 55 57 59 61 62 63 64 65 66 67 68 69 71 72 73 74 76 79 80 82 83 84 85 86 87 89 90 91 92 94 96 98 99 100 102 103 104 105 106 107 108 109 110 111 114 115 116 117 119 121 122 123 125 126 127 128 129 130 131 132 133 134 135 137 139 140 141 142 143 145 146 147 148 149 151 152 153 156 157 159 161 163 164 165 166 167 168 169 170 171 172 173 174 176 177 178 179 181 182 183 184 185 186 187 188 189 191 192 196 197 198 199 200 201 203 205 206 207 208 209 210 211 212 213 214 215 216 217 218 220 221 222 223 224 225 226 227 228 229 232 233 234 235 236 238 240 241 242 245 246 247 248 249 251 252 253 255 256 257 259 260 261 262 265 266 268 269 270 271 272 273 274 275 276 278 279 281 284 286 287 288 289 290 291 293 294 295 296 297 299 302 303 304 305 306 307 308 311 313 315 316 317 318 319 320 322 323 325 326 327 328 329 331 332 334 335 336 337 338 339 340 342 343 344 345 346 348 349 350 351 352 354 355 356 358 360 363 364 365 366 367 368 369 370 371 372 374 375 376 379 382 383 384 385 386 388 389 392 395 397 398 399 400 403 405 406 407 408 409 410 411 412 413 414 415 416 417 419 420 421 422 423 424 425 426 427 428 430 431 432 433 435 436 437 438 439 441 442 443 445 447 450 453 455 456 457 458 459 461 462 463 465 466 467 469 470 471 472 473 474 475 476 477 478 480 482 483 484 485 486 487 488 494 496 497 498 499 500 502 503 505 506 507 508 509 510 511 512 514 515 516 517 519 520 521 523 524 525 526 527 528 530 531 533 535 538 539 540 541 542 543 544 545 546 547 548 549 550 552 555 556 557 559 562 563 565 566 567 568 570 571 574 575 576 577 578 579 582 583 584 585 586 588 592 593 594 595 596 597 598 599 600 601 605 606 608 609 611 613 615 616 617 619 620 622 623 624 625 627 628 632 633 634 635 639 640 641 642 643 644 645 646 649 650 651 652 654 655 656 657 658 659 661 662 663 664 665 666 667 669 670 671 672 673 674 675 677 678 679 681 682 683 684 685 686 687 688 689 690 692 693 694 695 696 697 700 701 702 704 705 707 709 710 712 714 715 716 720 721 723 725 726 728 730 731 732 733 734 735 737 738 740 741 742 744 745 747 748 749 751 752 753 754 755 756 758 760 761 762 763 766 767 768 769 771 773 774 775 776 777 778 779 780 781 782 783 784 785 786 787 788 789 791 792 794 795 796 799 800 801 802 803 804 805 806 807 808 810 813 814 815 817 818 819 821 826 827 830 831 832 833 834 835 836 837 839 844 845 846 847 850 851 852 853 856 857 859 862 863 864 865 866 867 868 869 870 872 873 874 875 876 877 879 881 882 883 884 885 888 889 891 892 895 896 897 898 899 900 901 903 904 905 906 907 908 910 911 912 914 915 916 917 918 919 920 921 922 923 924 926 927 928 929 930 931 933 934 935 938 939 940 941 942 943 944 945 947 948 949 950 953 954 955 956 958 959 961 962 963 964 965 966 967 968 969 970 971 972 973 975 976 979 980 982 984 985 986 988 989 990 991 992 993 994 995 996 997 998
campaign,reference,1000,7-0.75-M,4,42238,749,0 1 2 3 5 6 7 8 10 11 12 14 16 17 19 20 21 25 26 28 29 30 31 32 33 34 35 36 40 41 43 44 45 46 47 48 49 50 51 52 53 54 55 57 58 59 61 62 63 64 65 66 67 68 69 70 71 72 74 76 78 79 80 82 83 84 86 87 89 90 91 92 96 98 99 100 101 102 103 104 105 106 107 108 109 110 111 114 115 116 117 118 120 121 122 123 124 125 126 127 128 129 130 131 132 133 134 135 137 139 140 141 142 143 144 145 146 147 148 149 151 152 153 155 156 157 159 160 161 162 163 164 165 166 167 168 169 170 171 172 173 174 176 177 178 179 181 183 184 185 186 187 188 189 190 191 192 193 194 195 196 197 198 199 200 201 202 203 205 206 207 209 210 211 212 213 214 215 216 218 219 220 222 223 224 225 226 227 228 229 232 233 234 235 236 238 240 241 242 245 246 247 248 249 251 253 255 256 257 259 260 261 262 265 266 268 269 270 271 272 273 274 275 276 278 279 280 281 283 284 286 287 288 289 290 291 293 294 296 297 299 303 304 305 307 308 311 313 315 316 317 318 319 320 322 323 325 326 327 328 329 331 332 333 334 335 336 337 338 339 340 342 343 344 345 346 348 349 350 354 355 356 358 360 361 363 364 365 366 367 368 369 370 372 374 375 376 379 380 382 383 385 386 387 388 389 390 392 395 397 398 399 400 403 405 406 407 408 409 410 411 412 413 414 415 416 417 419 420 424 425 426 427 428 430 432 433 435 437 438 439 441 443 445 446 447 450 453 455 456 457 458 459 461 462 463 465 466 467 468 469 470 471 472 473 474 475 476 477 478 480 481 482 483 485 486 487 488 494 496 497 498 499 500 502 503 505 506 507 508 509 510 511 512 513 514 515 516 517 519 520 521 523 524 525 526 527 528 530 531 533 535 537 538 539 540 541 542 543 544 545 546 547 548 549 550 552 556 557 559 562 563 565 566 567 568 570 571 574 575 576 577 578 579 582 583 584 585 588 592 593 594 595 596 597 598 599 600 601 603 605 606 608 609 611 612 613 615 616 617 618 619 620 622 623 624 625 626 627 628 630 632 634 635 636 639 640 641 642 643 644 645 646 649 650 651 652 654 655 656 657 658 659 661 662 663 664 665 667 669 670 671 672 673 674 675 677 678 679 681 682 683 684 685 686 687 689 690 693 694 695 696 697 701 704 705 706 707 709 710 711 712 714 715 716 718 720 721 723 725 726 727 728 730 731 732 733 734 735 738 740 741 742 744 745 747 748 749 751 752 753 754 755 756 758 760 761 762 763 767 768 769 771 774 775 776 777 778 779 780 781 782 783 784 785 786 787 788 789 791 792 794 795 796 800 802 805 808 810 813 814 815 817 818 819 821 823 826 827 830 831 832 833 834 835 836 837 839 842 844 845 846 850 851 852 853 856 857 859 860 862 863 864 865 866 867 868 869 870 872 873 874 875 876 877 879 881 882 884 885 888 889 891 892 895 896 897 898 899 900 901 903 905 906 907 908 910 911 912 915 916 917 918 919 920 921 922 923 924 925 926 927 928 929 930 931 933 934 935 938 939 940 941 942 943 944 945 947 948 949 950 953 954 955 958 959 960 961 962 963 964 965 966 967 969 970 971 972 973 975 976 979 980 982 984 985 986 987 988 990 991 992 993 994 995 996 997 998 999
campaign,reference,1000,7-0.75-M,5,42215,749,0 1 2 3 5 6 8 10 11 12 14 16 17 19 20 21 25 26 27 28 29 30 31 32 33 34 35 36 37 39 40 41 43 44 45 46 47 48 49 50 51 52 53 54 55 57 58 59 61 62 63 64 65 66 67 68 69 70 71 72 73 74 76 79 80 82 83 84 86 87 89 90 91 92 94 96 98 99 100 102 103 104 105 106 107 108 109 110 111 114 115 116 117 121 122 123 124 125 126 127 128 129 130 131 132 133 134 135 137 138 139 140 141 142 143 144 145 146 147 148 149 151 152 153 155 156 157 158 159 161 162 163 164 165 166 167 168 169 170 171 172 173 174 176 177 178 179 181 182 183 184 185 186 187 188 189 191 192 196 197 198 199 200 201 202 203 205 206 207 208 210 211 212 213 214 215 216 217 218 220 221 222 223 224 225 226 227 228 229 232 233 234 235 236 238 240 241 242 245 246 247 248 249 252 253 254 255 256 257 259 260 261 262 265 266 268 269 270 271 272 273 275 276 278 279 281 283 284 286 287 288 289 290 291 293 294 296 297 299 302 303 304 305 307 308 310 311 313 315 316 317 318 319 320 322 325 326 327 328 329 330 331 332 333 334 335 336 337 338 339 340 341 342 343 344 345 346 348 349 350 354 355 356 358 360 363 364 365 366 367 368 369 370 372 374 375 376 377 379 380 382 383 385 386 388 389 390 392 395 397 398 399 400 403 405 406 407 408 409 410 411 412 413 414 415 416 417 419 420 421 422 424 425 426 427 428 430 431 432 433 435 436 437 438 439 441 443 445 446 447 450 451 453 455 456 457 458 459 460 461 463 466 467 468 469 470 471 472 473 474 475 476 477 478 480 482 483 484 485 486 487 488 494 496 497 498 499 500 502 503 504 505 506 507 508 509 510 511 512 514 515 516 517 518 519 521 523 524 525 526 527 528 530 531 533 535 537 538 540 541 542 543 544 545 546 547 548 549 550 552 556 559 560 562 563 565 566 570 571 574 575 576 577 578 579 582 583 584 585 586 588 592 593 594 595 596 597 598 599 600 601 605 606 607 608 609 611 613 615 616 617 618 619 620 622 623 624 625 626 627 628 629 632 633 634 635 636 639 640 641 642 643 644 645 646 649 650 651 652 654 655 656 657 658 659 661 662 663 664 665 666 667 669 670 671 672 673 674 675 676 677 678 679 681 682 683 684 687 689 690 693 694 695 697 700 701 704 705 709 710 711 712 714 715 716 720 721 723 725 726 728 730 731 732 733 734 735 737 740 741 742 744 745 747 748 749 752 754 755 756 758 760 761 762 763 764 767 768 769 771 774 775 776 777 778 779 780 781 782 783 784 785 786 787 788 789 791 792 794 795 796 801 802 804 805 807 808 810 813 814 815 817 818 819 821 826 828 830 831 832 833 834 835 836 837 844 845 846 847 850 851 852 853 854 855 856 857 861 862 863 864 865 866 867 868 869 870 872 873 874 875 877 879 881 882 883 884 885 888 889 891 892 895 896 897 898 899 900 901 903 904 905 906 907 908 910 911 912 914 915 916 917 918 919 920 921 922 923 924 926 927 928 929 931 933 934 935 937 938 939 940 941 942 943 944 945 947 948 949 950 953 954 955 958 959 960 961 962 963 964 965 966 967 968 969 970 971 972 973 975 976 979 980 982 984 985 986 987 988 990 991 992 993 994 995 996 997 998 999
campaign,reference,1000,8-0.75-M,1,42052,749,1 2 6 8 9 10 12 13 14 16 17 18 19 22 23 26 27 32 33 34 35 36 37 38 39 40 42 43 44 45 46 49 51 52 53 54 55 56 57 58 60 61 62 63 64 65 66 67 68 71 73 74 75 76 77 79 80 81 82 84 85 86 87 88 90 91 92 93 94 95 96 97 98 99 101 102 103 105 106 107 109 110 111 112 113 114 116 117 119 120 121 124 125 126 127 129 130 131 132 133 134 135 136 137 138 139 140 141 142 143 145 147 148 149 150 151 153 154 155 156 158 159 160 161 162 163 164 165 166 168 169 171 172 173 174 175 176 177 178 179 180 183 184 185 186 187 188 189 190 191 192 193 194 195 197 198 199 200 201 202 203 204 205 206 207 208 210 211 214 215 216 217 218 220 221 222 223 226 227 228 229 230 231 232 233 234 235 236 239 240 243 244 246 250 251 252 253 254 255 256 257 258 259 261 262 263 264 265 266 267 269 270 272 273 274 275 276 277 278 279 280 281 282 283 286 287 288 289 291 292 293 295 296 297 299 300 302 305 306 307 308 309 310 313 315 317 318 319 320 321 322 323 324 327 328 329 330 331 332 333 335 336 337 338 339 340 341 342 343 344 346 347 352 353 354 355 357 358 360 362 363 365 366 367 368 369 370 371 373 374 375 376 377 378 379 381 382 384 385 387 388 389 390 392 393 394 395 397 398 399 400 402 403 404 405 407 409 410 411 412 413 414 415 416 418 419 420 422 423 424 425 426 427 428 429 430 431 432 434 436 437 438 439 440 441 442 443 444 445 446 447 448 450 452 454 455 456 457 459 460 463 464 466 467 468 469 470 471 472 473 474 475 477 481 482 483 484 485 486 487 488 489 490 493 494 495 496 497 498 499 500 501 503 504 507 508 510 511 512 513 515 516 517 518 519 521 522 525 527 528 530 531 532 533 535 536 539 540 542 544 545 546 547 548 550 551 552 553 555 556 557 558 559 560 561 562 563 564 566 571 572 573 574 575 576 577 578 579 581 582 583 584 586 587 588 589 590 592 593 594 595 596 597 598 599 600 601 604 605 606 609 610 616 620 621 623 624 625 626 627 628 629 630 631 632 634 635 636 637 638 640 641 642 643 644 645 646 647 648 649 651 653 656 657 659 660 661 663 664 666 668 670 671 675 676 677 678 679 680 681 682 683 685 686 687 688 689 690 691 692 693 695 696 697 700 701 702 703 704 705 707 708 709 710 713 714 715 718 719 720 721 722 723 725 726 728 729 731 732 733 734 737 740 741 743 744 745 746 748 751 753 755 756 757 758 759 761 762 764 766 767 768 769 771 772 773 774 775 776 777 778 779 781 782 783 784 786 789 790 791 793 795 796 797 799 800 801 802 803 804 806 807 808 809 810 812 813 815 816 817 820 821 824 825 826 828 830 831 832 833 835 836 837 838 839 841 842 843 844 845 847 848 850 851 852 853 855 856 857 858 859 860 861 862 863 864 865 866 867 869 870 871 873 874 875 877 879 880 881 883 886 887 888 890 892 895 897 898 901 902 903 905 907 908 909 910 911 913 914 918 919 920 921 922 925 926 927 928 929 930 931 932 934 935 938 939 940 943 944 945 946 947 948 949 950 951 953 954 955 956 959 960 961 962 963 965 966 969 970 972 975 976 977 979 980 981 982 983 985 986 987 988 989 990 992 994 995 997 999
campaign,reference,1000,8-0.75-M,2,42223,749,1 2 6 8 9 12 13 14 15 16 17 18 19 22 23 26 27 32 34 35 36 37 38 39 40 42 43 44 45 46 49 52 53 54 55 56 57 58 60 61 62 63 64 65 66 67 68 71 73 74 75 76 77 79 80 81 82 85 86 87 88 90 91 92 93 94 95 96 97 98 99 101 102 103 105 106 107 108 109 110 112 113 114 116 117 119 120 121 123 124 125 126 127 128 129 130 131 132 133 134 135 136 137 138 140 141 143 144 145 147 148 149 150 151 153 154 155 156 158 159 160 161 162 163 164 165 166 167 168 169 171 172 173 174 175 176 177 178 179 180 183 184 185 186 187 188 190 191 192 193 194 195 197 198 199 200 201 202 203 204 205 206 207 208 210 211 214 215 216 218 220 221 222 223 227 228 229 230 231 233 234 236 237 239 240 243 244 246 250 251 252 253 255 256 257 258 259 261 262 263 264 265 266 267 269 270 272 273 275 276 277 278 279 280 281 282 283 286 287 288 289 291 292 293 295 297 299 300 302 305 306 307 308 309 310 313 315 317 318 319 320 321 322 323 324 326 327 328 329 330 331 332 333 335 336 337 338 340 341 342 344 345 346 347 352 353 354 355 357 359 360 362 363 365 366 367 368 369 370 371 373 374 375 376 377 378 379 381 382 384 385 387 388 389 392 394 395 398 399 400 402 403 404 405 407 409 410 411 412 413 414 415 416 418 419 420 422 423 424 425 426 427 428 429 430 431 432 434 435 436 437 438 439 440 441 442 443 444 445 447 448 450 452 453 454 455 456 457 459 460 461 463 464 466 467 468 469 470 471 472 473 474 475 477 481 482 483 486 487 488 490 491 492 493 494 496 497 498 499 500 501 502 503 504 507 508 510 511 512 513 515 516 517 518 519 521 522 523 524 525 527 528 530 531 532 533 535 536 539 540 542 544 545 546 547 548 550 551 552 553 555 556 557 558 559 560 561 562 563 564 566 567 571 572 573 574 575 576 577 578 579 582 583 584 586 587 588 589 590 591 592 594 595 596 597 598 599 600 601 605 606 609 610 614 616 620 621 623 624 625 627 628 629 630 631 632 634 635 636 637 638 639 640 641 642 643 644 645 646 647 648 649 651 655 656 657 659 660 661 663 664 666 668 670 671 675 676 677 678 679 680 681 682 685 686 687 688 689 690 691 692 693 695 696 697 700 701 702 703 704 705 707 708 709 710 711 713 714 715 718 719 720 721 722 723 725 726 727 728 729 731 732 733 734 737 739 740 741 743 745 746 748 751 752 753 755 756 757 758 759 761 762 764 765 766 767 768 769 771 772 773 774 775 776 777 778 779 782 783 785 786 789 790 791 793 795 796 797 799 801 802 803 804 806 807 808 809 810 812 813 815 816 817 821 822 824 825 826 828 830 831 832 833 834 835 836 837 838 839 840 841 843 845 847 848 850 851 852 853 854 855 856 857 858 859 860 861 862 863 864 865 866 867 869 870 871 873 874 875 877 879 880 881 883 884 885 886 887 888 890 892 895 897 898 901 902 903 904 905 907 908 909 913 914 918 919 920 921 922 925 926 927 928 929 930 931 932 934 935 937 938 939 940 942 943 944 945 946 947 948 949 950 951 953 954 955 956 959 960 961 962 963 965 966 969 970 972 975 976 977 978 980 981 982 983 984 985 986 987 988 989 990 992 993 994 995 996 997 999
campaign,reference,1000,8-0.75-M,3,42233,749,1 2 6 8 9 13 14 16 17 18 19 22 23 26 27 32 34 35 36 37 38 39 40 42 43 44 45 46 49 51 52 53 54 55 56 57 58 60 61 62 63 64 65 66 67 68 71 73 74 75 76 79 80 81 82 85 86 87 88 90 91 92 93 94 95 96 97 98 99 101 102 105 106 107 108 109 110 112 113 114 116 117 119 120 121 123 124 125 126 127 129 130 131 132 133 134 135 136 137 138 140 141 142 143 144 145 147 148 149 150 151 153 154 155 156 158 159 160 161 162 163 164 165 166 168 169 171 172 173 174 175 176 177 178 179 180 183 184 185 186 187 188 190 191 192 193 194 195 197 198 199 200 201 202 203 204 205 206 207 208 210 211 214 216 218 220 221 222 223 226 227 228 229 230 231 233 234 235 236 237 239 240 243 244 246 249 250 251 252 253 255 256 257 258 259 261 262 263 264 265 266 267 269 270 272 273 275 276 277 278 279 280 281 282 283 286 287 288 289 291 292 293 295 297 299 302 305 307 308 309 310 313 314 315 317 318 319 320 321 322 323 324 326 327 328 329 330 331 332 333 335 336 337 338 339 340 341 342 343 344 346 347 352 353 354 355 356 357 360 362 363 365 366 367 368 369 370 371 372 373 374 375 377 378 379 381 382 384 385 387 388 389 390 392 394 395 397 398 399 400 402 403 404 405 407 409 410 411 412 413 414 415 416 417 418 419 420 422 423 424 425 426 427 428 429 431 432 434 436 437 438 439 440 441 442 443 444 445 447 448 450 452 453 454 455 456 457 458 459 460 463 464 466 467 468 469 470 471 472 473 474 475 477 481 482 483 484 485 486 487 488 490 491 493 494 495 496 497 498 499 500 501 503 504 505 507 508 510 511 512 513 515 516 517 518 519 521 522 525 526 527 528 529 530 531 532 533 535 536 537 539 542 544 545 546 547 548 550 551 552 553 555 556 557 558 559 560 561 562 563 564 566 567 570 571 572 573 574 575 576 577 578 579 582 583 584 586 588 589 590 591 592 593 594 595 596 597 598 599 600 601 605 606 608 609 610 612 616 618 620 623 624 625 626 627 628 629 630 631 632 634 635 636 637 638 640 641 642 643 644 645 646 647 648 649 651 654 655 656 657 659 660 661 663 664 666 667 668 670 671 675 676 677 678 679 680 681 682 683 684 685 686 687 688 689 690 691 692 693 695 696 697 699 701 702 703 704 705 707 708 709 710 711 714 715 718 719 720 721 722 723 725 726 728 729 731 732 733 734 737 740 741 743 744 745 746 748 751 753 755 756 757 758 759 761 762 764 765 766 767 768 769 771 772 773 774 775 776 777 778 779 782 783 786 789 790 791 793 795 796 797 798 799 802 803 804 806 807 808 809 810 812 813 815 816 817 820 821 822 824 825 826 828 830 831 832 833 834 835 836 837 838 839 841 842 843 845 847 848 850 851 852 853 854 855 856 857 858 859 860 861 863 864 865 866 867 869 870 871 873 874 875 877 879 880 881 883 884 885 886 887 888 890 892 895 897 898 901 902 903 904 905 907 908 909 911 913 914 915 918 919 922 925 926 927 928 929 930 931 932 934 935 938 939 940 943 944 945 946 947 948 949 950 951 953 954 955 956 959 960 961 962 963 964 965 966 968 969 970 972 975 976 977 980 981 982 983 984 985 986 987 988 989 990 994 995 996 997 999
campaign,reference,1000,8-0.75-M,4,42108,749,1 2 6 8 9 12 13 14 16 17 18 19 22 23 26 27 29 32 33 34 35 37 38 39 40 42 43 44 45 46 49 51 52 53 55 56 57 58 60 61 62 63 64 66 67 68 71 73 74 75 76 77 79 80 81 82 85 86 87 88 89 90 91 92 93 94 95 96 97 98 99 101 102 103 105 106 107 108 109 110 112 113 114 116 117 119 120 121 123 124 125 126 127 129 130 131 132 133 134 135 136 137 138 140 141 142 143 144 145 147 148 149 150 151 153 154 155 156 158 159 160 161 162 163 164 165 166 168 169 171 172 173 174 175 176 178 179 180 183 184 185 186 187 188 190 191 192 193 194 195 197 198 199 200 201 202 203 204 205 206 207 208 210 211 214 216 218 219 220 221 222 223 227 228 229 230 231 232 233 234 236 237 239 240 243 244 246 249 250 251 252 253 255 256 257 258 259 261 262 263 264 265 266 267 269 270 272 273 275 276 277 278 279 280 281 282 283 284 286 287 288 289 291 292 293 295 297 299 302 305 307 308 309 310 313 315 317 318 319 320 322 323 324 326 327 328 329 330 331 332 333 335 336 337 338 339 340 341 342 343 344 345 346 347 352 353 354 355 356 357 359 360 362 363 365 366 367 368 369 370 371 372 373 374 375 376 377 378 379 381 382 384 385 387 388 389 390 392 393 394 395 398 399 400 402 403 404 405 407 409 410 411 412 413 414 415 416 417 418 420 422 423 424 425 426 428 429 430 431 432 434 435 436 437 438 439 440 441 442 443 444 445 446 447 448 450 452 453 454 455 456 457 459 460 461 463 464 466 467 468 469 470 471 472 473 474 475 477 481 482 483 484 486 487 488 490 492 493 494 495 496 497 498 499 500 501 502 503 504 507 508 510 511 512 513 515 516 517 518 519 521 522 525 526 527 528 529 530 531 532 533 535 536 537 540 542 544 545 546 547 548 550 551 552 553 555 556 557 558 559 560 561 562 563 564 566 567 570 571 572 573 574 575 576 577 578 579 582 583 584 586 587 588 589 590 591 592 593 594 595 597 599 600 601 605 606 610 612 615 616 620 622 623 624 625 627 628 629 630 631 632 634 635 636 637 638 639 640 641 642 643 644 645 646 647 648 649 651 654 655 656 657 659 660 661 663 664 666 667 668 670 671 675 676 677 678 679 680 681 682 683 685 686 687 688 689 690 691 692 693 695 696 697 700 701 702 703 704 705 707 708 709 710 711 713 714 715 718 719 720 721 722 723 725 726 728 731 732 733 734 737 740 741 743 745 748 751 753 755 756 757 758 759 761 762 764 766 767 768 769 771 772 773 774 775 776 777 778 779 782 783 784 786 789 790 791 793 795 796 797 799 801 803 804 806 807 808 809 810 812 813 815 816 817 821 822 824 825 826 828 830 831 832 833 834 835 837 838 839 840 841 842 843 845 847 848 850 851 852 853 854 855 856 857 859 860 861 862 863 864 865 866 867 869 870 871 873 874 875 876 877 879 880 881 883 884 885 886 887 888 890 892 895 897 898 901 902 903 904 905 907 908 909 913 914 918 919 920 922 925 926 927 928 929 930 931 932 934 935 937 938 939 940 942 943 944 945 946 947 948 949 950 951 953 954 955 956 959 960 961 962 963 964 965 966 969 970 972 974 975 976 977 980 981 982 983 984 985 986 987 988 989 990 993 994 995 996 997 999
campaign,reference,1000,8-0.75-M,5,42120,749,1 2 6 8 9 12 13 14 16 17 18 19 22 23 26 27 32 33 34 35 36 37 38 39 40 42 43 44 45 46 49 51 52 53 54 55 56 57 58 61 62 63 64 66 67 68 71 73 74 75 76 77 79 80 81 82 84 85 86 87 88 89 90 91 92 93 94 95 96 97 98 99 101 102 103 105 106 107 108 109 110 112 113 114 116 117 119 120 121 122 123 124 125 126 127 129 130 131 132 133 134 135 136 137 138 140 141 143 145 148 149 150 151 153 154 155 156 158 159 160 161 162 163 164 165 166 168 169 170 171 172 173 174 175 176 177 178 179 180 184 185 186 187 188 190 191 192 193 194 195 197 198 199 200 201 202 203 204 205 206 207 208 210 211 214 215 216 217 218 220 221 222 223 227 228 229 230 231 233 234 235 236 237 239 240 243 244 246 250 251 252 253 255 256 257 258 259 262 263 264 265 266 267 269 270 272 273 275 276 277 278 279 280 281 282 283 284 286 287 288 289 291 292 293 295 297 300 302 305 307 308 309 310 313 315 317 318 319 320 322 323 324 326 327 328 329 330 331 332 333 335 336 337 338 340 341 342 343 344 345 346 347 352 353 354 355 356 357 359 360 362 363 365 366 368 369 370 371 373 374 375 376 377 378 379 380 381 382 384 385 387 388 389 390 391 392 394 395 398 399 400 402 403 404 405 407 409 410 411 412 413 414 415 416 418 419 420 422 423 424 425 426 428 429 431 432 434 435 436 437 438 439 440 441 442 443 444 445 447 448 450 452 453 454 455 456 457 458 459 460 461 463 464 466 467 468 469 470 471 472 473 474 475 477 481 482 483 484 486 487 488 489 490 492 493 494 495 496 497 498 499 500 501 502 503 504 505 507 508 510 511 512 513 515 516 517 518 519 521 522 523 524 525 526 527 528 529 530 531 532 533 535 536 539 540 542 544 545 546 547 548 550 551 552 553 555 556 557 558 559 560 561 562 563 564 566 567 571 572 573 574 575 576 577 578 579 581 583 584 586 587 588 589 590 591 592 594 595 597 598 599 601 604 605 606 609 610 616 620 623 624 625 626 627 628 629 630 631 632 633 634 635 636 637 638 639 640 641 642 644 645 646 647 648 649 651 654 655 656 657 659 660 661 662 663 664 666 667 668 670 671 675 676 677 678 679 680 681 682 685 686 687 688 689 690 691 692 693 695 696 697 699 700 701 702 703 704 707 708 709 710 711 713 714 715 718 719 720 721 723 725 726 728 729 731 732 733 734 737 740 741 743 744 745 746 748 751 753 755 756 757 758 759 761 762 764 765 766 767 768 769 771 772 773 774 775 776 777 778 779 782 783 784 786 788 789 790 791 793 795 796 797 799 801 803 804 806 807 809 810 812 813 815 816 817 820 821 822 824 825 826 828 829 830 832 833 834 835 836 837 838 839 841 842 843 845 847 848 850 851 852 853 854 855 856 857 858 859 860 861 863 864 865 866 867 869 870 871 873 874 875 877 879 880 881 883 884 885 886 887 888 890 892 895 896 897 898 901 902 903 905 907 908 909 913 914 918 919 920 922 925 926 927 928 929 930 931 932 934 935 937 938 939 940 943 944 945 946 947 950 951 953 954 955 956 959 960 961 962 963 964 965 966 968 969 970 972 975 976 977 978 980 981 982 983 984 985 986 987 988 989 990 991 992 994 995 996 997 999
campaign,reference,1000,9-0.75-M,1,32298,749,0 1 2 3 4 5 6 7 8 9 11 12 14 15 18 19 20 21 22 23 24 27 28 30 31 32 33 34 35 36 38 39 40 41 43 44 45 47 48 49 50 51 54 55 56 57 58 59 60 61 62 63 65 67 68 69 70 71 72 73 74 75 78 80 81 82 83 84 85 86 88 89 90 91 92 93 94 95 96 97 98 99 100 102 104 105 106 107 108 109 110 112 113 114 116 117 118 121 123 124 125 128 130 132 133 134 136 137 139 140 141 144 145 146 148 149 150 152 153 154 155 156 157 158 159 161 162 163 164 165 168 171 173 174 175 177 178 179 180 181 182 183 184 185 186 187 189 190 191 192 193 195 196 197 198 199 201 202 203 204 206 207 208 209 210 211 213 218 219 220 222 223 225 226 227 229 230 231 232 233 234 239 240 241 242 245 246 248 249 250 252 253 258 259 260 264 265 266 267 268 269 274 275 277 278 279 280 281 282 284 285 288 290 292 294 296 298 299 300 301 302 303 304 305 306 307 308 309 313 314 315 316 317 318 319 320 321 322 324 326 327 328 329 331 332 333 334 336 337 339 340 341 343 344 345 347 348 349 350 351 353 354 355 357 358 360 362 363 364 365 366 368 370 371 372 374 375 376 377 379 381 384 385 386 387 388 389 390 392 393 394 395 396 398 399 401 402 403 405 406 407 408 409 410 412 413 414 415 416 418 419 420 421 422 423 425 427 428 429 430 431 433 434 435 436 437 440 443 444 445 447 449 451 453 454 455 456 458 459 460 461 464 465 466 467 469 470 471 472 473 474 475 476 477 478 479 480 481 482 483 485 486 487 488 490 492 493 494 496 498 499 500 501 502 503 505 506 507 508 509 510 511 513 514 515 516 517 518 519 520 521 523 525 527 528 529 531 532 533 534 536 538 539 540 541 542 543 544 546 547 548 549 550 552 553 554 557 558 559 561 562 563 564 568 569 571 572 573 576 579 580 581 582 583 585 586 587 589 590 591 593 594 595 596 597 598 599 600 602 603 604 605 606 607 608 612 613 614 616 617 618 619 620 622 623 624 625 626 627 628 629 630 631 632 633 634 635 636 637 638 639 640 641 642 643 644 645 646 649 650 651 652 653 655 656 658 659 660 661 662 664 665 666 668 669 672 675 676 677 679 680 681 682 683 684 685 686 688 689 691 692 693 694 696 698 699 700 701 702 703 704 707 708 709 710 711 712 713 714 715 718 719 721 723 724 725 726 729 730 732 734 735 736 738 739 742 743 744 745 746 747 748 751 753 754 755 756 757 758 760 761 762 763 764 766 767 768 769 770 772 773 774 775 776 777 778 779 780 781 782 783 784 785 790 791 792 793 795 796 797 798 800 801 803 804 805 806 807 809 810 811 813 814 815 816 817 820 821 823 825 826 827 828 831 832 833 834 835 836 837 838 839 840 841 842 843 844 845 848 849 853 854 855 856 857 858 859 863 865 866 867 868 869 872 873 874 875 876 877 878 881 882 885 886 887 888 889 890 891 892 893 894 896 897 898 899 901 902 903 904 905 906 907 908 910 911 913 914 916 917 918 919 921 923 924 925 926 927 928 930 931 932 936 938 939 942 943 945 946 947 949 950 951 952 953 954 955 956 957 958 959 961 962 966 967 969 971 973 974 975 976 977 978 979 980 982 983 984 986 987 989 990 991 992 993 994 995 996 997
campaign,reference,1000,9-0.75-M,2,32233,749,0 1 2 3 4 5 6 7 8 9 11 12 14 15 17 18 19 21 22 24 27 28 30 31 32 33 34 35 36 38 39 40 41 43 44 45 47 48 49 50 51 54 55 56 57 58 59 60 61 62 63 65 67 68 69 70 71 72 73 74 75 78 80 81 82 83 84 85 86 88 89 90 91 93 94 95 96 97 98 99 100 102 104 105 106 107 108 109 110 113 114 115 116 117 118 121 123 124 125 128 130 132 133 134 136 137 139 140 141 142 145 146 148 149 150 152 153 154 155 156 157 158 159 162 163 164 165 168 171 173 174 175 177 178 179 180 181 182 183 184 185 186 187 188 189 190 191 192 193 195 196 197 198 199 201 202 203 204 206 207 208 209 210 211 213 218 219 220 222 223 225 226 227 229 230 231 232 233 234 239 240 241 242 245 246 248 249 250 252 253 255 258 259 260 263 264 265 266 267 268 269 272 274 275 278 279 280 281 282 284 285 286 288 290 291 292 294 296 298 299 300 301 302 303 304 305 306 307 308 309 313 314 316 317 318 319 320 321 322 324 326 327 328 329 330 331 332 333 334 336 337 339 340 341 343 344 345 346 348 350 351 352 353 354 355 357 358 360 363 364 365 366 368 369 370 371 372 374 375 376 377 379 380 381 384 385 386 387 388 389 390 392 393 394 395 396 398 399 401 402 403 404 405 406 407 408 409 410 411 412 413 414 415 416 419 420 421 422 423 425 427 428 429 430 431 433 434 435 436 437 440 443 444 445 447 449 451 453 454 455 456 458 459 460 461 464 465 466 467 469 470 471 472 474 475 476 478 479 480 481 482 483 485 486 487 488 490 492 493 494 496 499 500 501 502 503 505 506 507 508 509 510 511 513 514 515 516 517 518 519 520 522 525 527 528 529 531 532 533 534 537 538 539 540 541 542 543 544 546 547 549 550 552 553 554 557 558 559 561 562 563 564 565 566 568 569 572 573 577 579 580 581 582 583 584 585 586 587 589 590 591 593 594 596 597 598 599 600 602 603 604 605 606 607 608 609 612 613 614 616 617 618 619 620 622 623 624 625 626 627 628 629 630 631 632 633 634 635 636 637 638 639 640 641 642 643 644 645 646 649 650 651 652 653 655 658 659 660 661 662 663 664 665 667 668 669 672 676 677 679 680 681 682 683 684 686 688 689 690 691 692 694 695 696 698 699 700 701 702 703 704 707 708 709 710 711 712 713 714 715 718 719 721 724 725 727 729 730 732 734 735 736 738 739 742 743 744 745 746 747 748 751 753 754 755 756 757 758 760 761 764 766 767 768 769 770 771 772 773 774 775 776 777 778 779 780 781 782 783 784 785 790 791 792 793 795 796 797 798 799 800 801 803 804 805 806 807 809 810 811 813 814 815 816 817 820 821 823 825 826 827 828 830 831 832 833 834 835 836 837 838 839 840 841 842 843 844 845 848 849 852 853 854 855 856 857 858 859 860 863 865 867 868 869 870 872 873 874 875 876 877 878 881 882 885 886 887 888 889 890 891 892 893 894 896 897 898 899 901 902 903 904 905 906 907 908 910 911 913 914 915 916 917 918 919 921 923 924 925 926 927 928 929 930 931 932 936 939 943 945 946 947 949 950 951 952 953 954 955 956 957 958 959 961 962 966 967 969 971 973 974 975 976 978 980 982 983 984 986 987 989 990 991 992 993 994 995 996 997
campaign,reference,1000,9-0.75-M,3,31950,748,0 1 2 3 4 5 6 7 8 9 10 11 12 15 17 18 19 20 21 22 24 25 27 28 30 31 32 33 34 35 36 38 39 40 41 43 44 45 46 47 48 49 50 51 54 55 56 57 58 59 60 61 62 63 65 67 68 69 70 71 72 73 74 75 78 80 81 82 83 84 85 86 88 89 90 91 93 95 96 97 98 99 100 102 104 105 106 108 109 110 112 113 114 116 117 118 121 123 124 125 128 130 132 133 134 136 137 139 140 141 144 145 148 149 150 152 153 154 155 156 157 158 159 162 163 164 165 168 169 171 173 174 175 177 178 179 180 181 182 183 184 185 186 187 189 190 191 192 193 195 196 197 198 199 201 202 203 204 206 207 208 209 210 211 213 218 219 220 222 223 225 226 227 229 230 231 232 233 234 235 239 240 241 242 245 246 247 248 249 250 252 253 255 258 259 260 264 265 266 267 268 269 272 274 275 277 278 279 280 281 282 284 285 288 289 290 292 294 296 298 300 301 302 303 304 305 306 307 308 309 313 314 317 319 320 321 322 324 326 327 328 329 330 331 332 333 334 336 337 339 340 341 343 344 345 346 347 348 349 350 351 352 353 354 355 357 358 360 363 364 365 366 368 370 371 372 374 375 376 377 378 379 381 384 385 386 387 388 389 392 393 394 395 396 398 399 401 402 403 405 406 407 408 409 410 411 412 413 414 415 416 419 420 421 422 423 424 425 426 427 429 430 431 433 434 435 436 437 440 443 444 445 448 449 451 453 454 455 456 458 459 460 461 464 465 466 467 469 470 471 472 473 474 475 476 477 478 479 481 482 483 485 486 487 488 490 492 493 496 499 500 501 502 503 505 506 507 508 509 510 511 513 514 515 517 518 519 520 521 522 523 525 527 528 529 531 533 534 536 537 538 539 540 541 542 543 544 546 547 548 549 550 552 553 554 557 558 559 561 562 563 564 567 568 569 571 572 573 576 579 580 581 582 583 585 586 587 588 590 591 594 596 597 598 599 602 603 604 605 606 607 608 612 613 614 616 617 618 619 620 621 622 623 624 625 627 628 629 630 631 632 633 634 635 636 637 638 639 640 641 642 643 644 645 646 648 649 650 651 652 653 655 658 659 660 661 662 663 664 665 666 667 668 669 672 676 677 679 680 681 682 683 684 685 686 688 689 690 691 692 693 694 695 696 697 698 699 701 702 703 704 707 708 709 710 711 712 713 714 715 718 719 721 724 725 727 729 730 732 734 735 736 738 739 742 743 744 745 746 747 748 751 753 754 755 756 757 758 760 761 762 764 766 767 768 769 770 772 773 774 775 776 777 778 779 780 781 782 783 784 785 790 791 792 793 794 795 796 797 798 800 801 803 804 805 806 807 809 810 811 813 814 815 816 817 820 821 823 825 826 827 828 831 832 833 834 835 836 837 838 839 840 841 842 843 844 845 848 849 852 853 854 855 856 857 858 859 860 863 865 867 868 869 872 873 874 875 876 877 878 881 882 883 885 886 887 888 889 890 891 892 893 894 896 897 898 899 901 902 903 904 905 907 908 910 913 914 916 917 918 919 921 924 925 926 927 928 930 931 932 934 935 936 938 939 942 943 945 946 947 948 949 950 951 952 953 954 955 956 957 958 959 961 962 966 967 969 971 972 973 974 975 978 979 980 982 983 984 986 987 989 990 991 992 993 994 995 996
campaign,reference,1000,9-0.75-M,4,32126,749,0 1 2 3 4 5 6 7 8 9 11 12 14 15 18 19 21 22 24 25 27 28 30 31 32 33 34 35 36 38 39 40 41 43 44 45 46 47 48 49 50 51 54 55 56 57 58 59 60 61 62 63 65 67 68 69 70 71 72 73 74 75 78 80 81 82 83 84 85 86 88 89 90 91 93 94 95 96 97 98 99 100 102 104 105 106 107 108 109 110 113 114 116 117 118 121 123 124 125 128 130 132 133 134 136 137 139 140 141 142 144 145 146 148 149 150 152 153 154 155 156 157 158 159 162 163 164 165 168 171 173 174 175 177 178 179 180 181 182 183 184 185 186 187 188 189 190 191 192 193 195 196 197 198 199 201 202 203 204 206 207 208 209 211 213 218 219 220 222 223 225 226 227 228 229 230 231 232 233 234 235 236 239 240 241 242 245 246 248 249 250 252 253 255 258 259 264 265 266 267 268 269 272 274 275 277 278 279 280 281 282 284 285 286 287 288 290 292 294 296 298 299 300 301 302 303 304 305 306 307 308 309 313 314 317 318 319 320 321 322 324 326 327 328 329 330 331 332 333 334 336 337 339 341 343 344 345 346 347 348 350 351 353 354 355 356 357 358 360 361 363 364 365 366 368 369 370 371 372 374 375 376 377 379 381 384 385 386 387 388 389 392 393 394 395 396 398 399 401 402 403 405 406 407 408 409 410 411 412 413 414 415 416 418 419 420 421 422 423 424 425 426 427 429 430 433 434 435 436 437 440 443 444 445 447 448 449 451 453 454 455 456 458 459 460 461 463 464 465 466 467 469 470 471 472 474 475 476 477 478 479 481 482 483 485 486 487 488 490 492 493 496 499 500 501 502 503 505 506 507 508 509 510 511 512 513 514 515 516 517 518 519 520 521 525 527 528 529 531 532 533 534 537 538 539 540 541 542 543 544 545 546 547 549 550 552 553 554 555 557 558 559 561 562 563 564 566 568 569 571 572 573 576 579 580 581 582 583 585 586 587 589 590 591 594 596 597 598 599 602 603 604 605 606 607 608 612 613 614 616 617 618 619 620 622 623 624 625 627 628 629 630 631 632 633 634 635 636 637 638 639 640 641 642 643 645 646 648 649 650 651 652 653 655 656 658 659 660 661 662 663 664 665 666 668 669 672 673 676 677 679 680 681 682 683 684 685 686 688 689 690 691 692 693 694 695 696 698 699 700 701 702 703 704 707 708 709 710 711 712 713 714 715 718 719 721 724 725 727 729 730 732 734 735 736 738 739 742 743 744 745 746 747 748 751 753 754 755 756 757 758 760 761 762 764 766 767 768 769 770 772 773 774 775 776 777 778 779 780 781 783 784 785 790 791 792 793 794 795 796 797 798 800 801 803 804 805 806 807 809 811 813 814 815 816 817 820 821 823 825 826 827 828 830 831 832 833 834 835 836 837 838 839 840 841 842 843 844 845 848 849 852 853 854 855 856 857 859 861 862 863 865 866 867 868 869 870 872 873 874 875 876 877 878 881 882 886 887 888 889 890 891 892 893 894 896 897 898 899 901 902 903 904 905 906 907 908 909 910 911 913 914 916 917 918 919 921 923 924 925 926 927 928 930 931 932 934 936 938 939 943 945 946 947 948 949 950 951 952 953 954 955 956 957 958 959 961 962 966 967 969 971 973 974 975 978 980 982 983 984 986 987 989 990 991 992 993 995 996
campaign,reference,1000,9-0.75-M,5,32127,749,0 1 2 3 4 5 6 7 8 9 11 12 14 15 18 19 20 21 22 24 27 28 30 31 32 33 34 35 36 38 39 40 41 43 44 45 47 48 49 50 51 54 55 56 57 58 59 60 61 62 63 65 67 68 69 70 71 72 73 74 75 78 80 81 82 83 84 85 86 88 89 90 91 93 95 96 97 98 99 100 102 104 105 106 107 108 109 110 113 114 116 117 118 121 123 124 125 126 128 130 132 133 134 136 137 139 140 141 142 145 146 148 149 150 152 153 154 155 156 157 158 159 162 163 164 165 166 168 171 173 174 175 177 178 179 180 181 182 183 185 186 187 188 189 190 191 192 193 195 196 197 198 199 201 202 203 204 206 207 208 209 210 211 213 218 219 220 222 223 225 226 227 229 230 231 232 233 234 239 240 241 242 245 246 248 249 250 252 253 255 258 259 260 263 264 265 266 267 268 269 271 274 275 277 278 279 280 281 282 284 285 288 289 290 292 294 296 298 300 301 302 303 304 305 306 307 308 309 313 314 316 317 318 319 320 321 322 324 326 327 328 329 330 331 332 333 334 336 337 339 340 341 344 345 347 348 350 351 353 354 355 357 358 360 361 363 364 365 366 368 370 371 372 374 375 376 377 379 381 384 385 386 387 388 389 390 392 393 394 395 396 398 399 401 402 403 404 405 406 407 408 409 410 411 412 413 414 415 416 418 419 420 421 422 423 424 425 427 429 430 433 434 435 436 437 438 440 441 443 444 445 446 447 449 451 453 454 455 456 458 459 460 461 464 465 466 467 469 470 471 472 474 475 476 477 478 479 481 482 483 485 486 487 488 490 492 493 494 495 496 499 500 501 502 503 505 506 507 508 509 510 511 512 513 514 515 516 517 518 519 520 521 522 523 525 527 528 529 531 532 533 534 537 538 539 540 541 542 543 544 545 546 547 549 550 552 553 554 557 558 559 561 562 563 564 565 566 568 569 571 572 573 576 579 580 581 582 583 585 586 587 589 590 591 593 594 595 596 597 598 599 600 602 603 604 605 606 607 608 612 613 614 616 617 618 619 620 622 623 624 625 627 628 629 630 631 632 633 634 635 636 637 639 640 641 642 643 645 646 649 650 651 652 653 655 656 658 659 660 661 662 663 664 665 666 667 668 669 672 676 677 679 680 681 682 683 684 685 686 688 689 692 694 695 696 698 699 700 701 702 703 704 707 708 709 710 711 712 713 714 715 718 719 721 724 725 727 729 730 732 734 735 736 738 739 742 743 744 745 746 747 748 751 753 754 755 756 757 758 760 761 762 764 766 767 768 769 770 771 773 774 775 777 778 779 780 781 783 784 785 790 791 792 793 795 796 797 799 800 801 803 804 805 806 807 810 811 813 814 815 816 817 820 821 823 825 826 827 828 831 832 833 834 835 836 837 838 839 840 841 842 843 844 845 847 848 849 852 853 854 855 856 857 859 860 863 865 867 868 869 870 873 874 875 876 877 878 881 882 885 886 887 888 889 890 891 892 893 894 896 897 898 899 901 902 903 904 905 906 907 908 910 911 913 914 916 917 918 919 921 923 924 925 926 927 928 929 930 931 932 933 934 935 936 938 939 942 943 945 946 947 948 949 950 951 952 953 954 955 956 957 958 959 961 962 966 967 969 971 973 974 975 978 979 980 982 983 984 986 987 989 990 991 992 993 994 995 996 998
campaign,reference,1000,10-0.75-M,1,41111,749,0 1 2 4 5 6 7 8 9 10 11 13 14 16 17 18 19 20 21 22 23 25 26 27 28 29 31 32 33 34 35 37 38 39 40 41 42 43 44 45 50 51 52 53 54 55 56 57 59 60 61 62 63 64 65 67 68 69 70 71 72 73 75 77 79 80 81 82 83 84 85 86 88 89 90 91 92 93 95 96 97 98 99 101 102 103 104 106 107 108 109 110 111 113 114 116 117 118 119 122 123 124 125 126 127 128 129 130 131 133 134 136 137 139 140 141 142 143 145 146 147 148 149 151 152 153 154 155 158 159 160 162 164 165 167 168 169 170 173 175 177 178 179 180 181 184 185 187 188 189 191 193 194 195 196 197 198 199 201 202 205 206 207 208 209 210 211 212 214 216 217 218 219 220 221 222 225 227 231 232 233 236 238 240 242 243 245 246 248 250 252 254 256 258 260 261 263 264 265 266 269 270 271 273 274 276 277 278 279 280 281 282 283 285 286 287 288 291 292 294 295 296 297 298 299 300 301 303 305 306 307 308 310 313 314 315 316 317 319 320 321 322 323 324 326 327 328 329 330 331 335 336 340 341 344 345 346 347 348 350 351 352 353 354 355 356 357 358 359 360 361 362 364 366 367 368 369 370 371 372 373 374 375 376 377 378 379 383 385 386 387 388 389 390 393 394 396 397 399 401 402 403 405 406 407 408 410 411 413 414 415 416 417 418 420 423 424 425 426 427 428 429 430 431 432 433 434 435 436 437 438 439 440 441 443 444 446 450 451 452 454 456 458 459 460 461 463 465 466 467 468 469 470 471 472 474 475 476 477 478 479 480 481 482 483 484 485 486 487 488 490 492 493 494 495 496 497 498 499 500 501 502 504 505 506 507 508 509 510 511 512 514 515 516 517 519 521 523 524 525 526 527 528 533 534 535 537 538 539 540 541 542 544 545 546 547 549 550 551 553 555 557 558 559 561 562 563 564 565 566 567 568 569 570 571 574 576 577 578 579 580 581 583 584 587 588 589 591 592 593 594 596 597 598 599 600 601 603 604 605 607 609 610 611 613 614 615 617 618 619 621 623 624 626 627 628 629 630 631 634 635 636 637 638 639 642 643 644 645 646 647 649 650 651 653 654 655 657 658 659 662 664 665 667 668 669 670 673 675 676 678 679 680 681 682 683 684 685 687 689 690 692 693 694 696 697 698 699 700 701 702 703 704 706 707 710 711 712 713 714 715 716 717 718 719 720 721 722 723 725 726 727 729 730 731 732 733 734 735 736 738 740 741 742 743 750 752 753 754 755 756 757 758 759 760 761 763 764 767 768 769 770 771 772 773 774 775 777 779 780 782 783 784 785 786 788 789 790 791 792 793 794 795 796 798 800 801 803 805 808 809 810 811 815 816 819 820 821 822 823 824 825 826 828 829 830 831 834 835 836 837 839 840 841 842 844 846 848 849 850 853 854 855 857 858 859 862 863 864 865 866 867 868 869 870 871 874 875 876 878 880 881 882 883 885 886 888 890 892 894 897 898 899 900 901 902 903 905 906 908 909 910 911 912 913 914 916 917 918 919 920 921 922 923 924 925 926 927 928 930 931 933 934 935 936 938 940 941 942 943 944 946 947 949 952 953 954 957 958 960 961 962 966 967 968 969 971 972 973 974 975 976 977 978 979 981 984 985 986 987 988 989 991 993 994 995 996 997 999
campaign,reference,1000,10-0.75-M,2,40945,749,0 1 2 4 5 6 7 8 9 10 11 12 13 14 16 18 19 20 21 22 23 25 26 27 28 29 31 32 33 34 35 37 38 39 40 41 42 43 44 45 50 51 52 53 54 55 56 57 59 60 61 62 63 64 65 67 69 70 71 72 73 75 77 79 80 81 82 83 84 85 86 88 89 90 91 92 93 95 96 97 98 99 101 102 103 104 106 107 108 109 110 111 113 114 115 116 117 118 119 122 123 124 125 126 127 128 129 130 131 133 134 136 137 139 140 141 142 143 145 146 148 149 151 152 153 154 155 158 159 160 162 164 165 167 168 169 170 173 175 177 178 179 180 181 184 185 187 188 189 191 193 194 195 196 197 198 199 201 202 205 206 207 208 209 210 211 212 214 215 216 217 218 219 220 221 222 223 225 226 227 229 231 232 233 235 236 237 238 240 241 242 243 246 248 250 252 254 255 256 258 260 263 264 266 267 269 270 271 273 274 275 276 277 278 279 280 281 285 286 287 288 291 292 293 294 295 296 297 298 299 300 301 303 305 306 307 308 310 313 314 315 316 317 319 320 321 322 323 324 325 326 328 329 330 331 335 336 340 341 344 345 346 347 348 350 351 352 353 354 355 356 357 358 359 360 361 362 364 366 367 368 369 370 371 372 373 374 375 376 377 378 379 383 385 386 387 388 389 390 393 394 396 397 399 401 402 403 405 406 407 408 410 411 413 414 415 416 418 423 424 425 426 427 428 429 430 431 432 433 434 435 436 437 438 439 440 441 443 444 446 450 451 452 454 456 458 459 460 461 463 465 466 467 468 469 470 471 472 474 475 476 477 478 479 480 481 482 483 484 485 486 487 488 490 492 493 494 495 496 498 499 500 501 502 504 505 506 507 508 509 510 511 512 514 515 516 517 518 519 521 523 525 526 527 528 530 533 534 535 537 538 539 540 541 542 544 545 546 550 551 553 555 558 559 561 562 563 564 565 566 567 568 569 570 571 574 576 577 578 579 580 581 582 583 587 588 591 592 593 594 595 596 597 598 599 600 601 603 604 605 607 609 610 611 613 614 615 618 619 621 623 624 626 627 628 629 630 631 632 634 635 636 637 638 639 640 642 643 645 646 647 648 649 650 651 653 654 655 657 658 659 662 664 665 667 668 669 670 673 675 676 678 679 680 681 682 683 684 685 689 690 693 694 696 697 698 699 700 701 702 703 704 706 707 710 711 712 713 714 715 716 717 718 719 720 721 722 723 725 726 727 729 730 731 732 733 734 735 736 738 740 741 742 743 750 752 753 754 755 756 757 758 759 760 761 763 764 766 767 768 769 770 771 772 774 775 776 777 778 779 780 782 783 784 785 786 788 789 790 791 792 793 794 795 796 798 800 801 803 805 808 809 810 811 815 816 819 820 821 822 825 826 828 829 830 831 834 835 836 837 839 840 841 842 843 844 846 848 849 850 854 855 857 858 859 860 862 863 864 865 866 867 868 869 870 871 874 875 876 878 880 881 882 883 885 886 888 890 892 894 897 898 899 900 901 902 903 905 906 908 910 911 912 913 914 916 917 918 919 920 921 922 923 925 926 927 928 929 930 931 933 934 935 936 938 940 941 942 943 944 946 949 952 953 954 957 958 960 961 962 963 966 967 968 969 971 972 973 974 975 976 977 978 979 981 984 985 986 987 988 989 990 991 992 993 994 995 997 999
campaign,reference,1000,10-0.75-M,3,40932,750,0 1 2 4 5 6 7 8 9 10 11 13 14 16 18 19 20 22 23 25 26 27 28 29 31 32 33 34 35 37 38 39 40 41 42 43 44 45 50 51 52 53 54 55 56 57 59 60 61 62 63 64 65 67 69 70 71 72 73 75 77 79 80 81 82 83 84 85 88 89 90 91 92 93 95 96 97 98 99 100 101 102 103 104 106 107 108 109 110 111 113 114 116 117 118 119 122 123 124 125 126 127 128 129 130 131 133 134 135 136 137 139 140 141 142 143 145 146 147 148 149 151 152 153 154 155 158 159 160 164 165 167 168 169 170 173 175 177 178 179 180 181 184 185 186 187 188 189 191 193 194 195 196 197 198 199 202 205 206 207 208 209 211 212 214 215 216 217 218 219 220 221 222 225 226 227 229 231 232 233 236 238 240 242 243 245 246 248 250 251 252 254 255 256 258 261 263 264 265 266 267 269 270 271 273 274 276 277 278 279 280 281 283 286 287 288 291 292 294 295 296 297 298 299 300 301 303 305 306 307 308 310 311 313 314 315 316 317 319 320 321 322 323 324 325 326 327 328 329 330 331 335 336 340 341 344 345 346 347 348 350 351 352 353 354 355 356 357 358 359 360 361 362 364 366 367 368 369 370 371 372 373 374 375 376 377 378 379 383 385 386 387 388 389 390 391 393 394 396 397 399 400 401 402 403 405 406 407 408 410 411 413 414 415 416 418 423 424 425 426 428 429 430 431 432 433 434 435 436 437 438 439 440 441 443 444 446 450 451 452 454 456 458 459 460 461 463 465 466 467 468 469 470 471 472 474 475 476 477 478 479 480 481 482 483 484 485 486 487 488 490 492 493 494 495 496 497 498 499 500 501 502 504 505 506 507 508 509 510 511 514 515 516 517 519 521 523 524 525 526 527 528 530 533 534 535 536 537 538 539 540 541 545 546 550 551 553 555 558 559 561 562 563 564 565 566 567 568 569 570 571 574 576 577 578 579 580 581 582 583 584 587 588 589 591 592 593 594 595 596 597 598 599 600 601 603 604 605 607 609 610 611 613 614 615 617 618 619 620 621 623 624 626 627 628 629 630 631 634 635 636 637 638 639 642 643 645 646 647 648 649 650 651 653 654 655 657 658 659 662 664 665 667 668 669 670 672 673 675 678 679 680 681 682 683 684 685 687 689 690 692 693 694 696 697 698 699 700 701 702 703 704 706 707 710 711 712 713 714 715 716 717 718 719 720 721 722 723 725 726 727 729 731 732 733 734 735 736 738 740 741 742 743 750 752 753 754 755 756 757 758 759 760 761 763 764 767 768 769 770 771 772 773 774 775 776 777 778 779 780 781 782 783 784 785 786 788 789 790 791 792 793 794 795 796 798 800 801 803 805 808 809 810 811 815 816 817 818 819 820 821 822 825 826 828 830 831 834 835 836 839 840 841 842 846 847 848 849 850 853 854 855 857 858 859 861 862 863 864 865 866 867 868 869 870 871 874 875 876 878 880 881 882 883 885 886 888 890 892 894 897 898 899 900 901 902 903 905 906 908 909 910 911 912 913 914 915 916 917 918 919 920 921 922 923 925 926 927 928 930 931 933 934 935 936 938 940 941 942 943 944 947 949 952 953 954 958 960 961 962 963 964 965 966 967 968 969 971 974 975 976 977 978 979 981 982 984 985 986 987 988 989 990 991 992 993 994 995 997 999
campaign,reference,1000,10-0.75-M,4,40948,749,0 1 2 4 5 6 7 8 9 10 11 13 14 16 17 18 19 20 22 23 25 26 27 28 29 31 32 33 34 35 37 38 39 40 41 42 43 44 45 49 50 51 52 53 54 55 56 57 59 60 61 62 63 64 65 67 69 70 71 72 73 75 77 79 80 81 83 84 85 86 88 89 90 91 92 93 95 96 97 98 99 101 102 103 104 106 107 108 109 110 111 113 114 116 117 118 119 122 123 124 125 126 127 128 129 130 131 133 134 136 137 139 140 141 142 143 145 146 147 149 151 152 153 154 155 158 159 160 162 164 165 167 168 169 170 173 175 177 178 179 180 181 184 185 186 187 188 189 191 193 194 195 196 197 198 199 202 204 205 206 208 209 210 211 212 214 216 217 218 219 220 221 222 225 226 227 229 230 231 232 233 236 238 240 242 243 245 246 248 250 252 255 256 258 263 264 265 266 267 269 270 271 273 274 275 276 277 278 279 280 281 286 287 288 291 292 294 295 296 297 298 299 300 303 305 306 307 308 310 313 314 315 316 317 318 319 320 321 322 323 324 325 326 327 328 329 330 331 335 336 340 341 344 345 346 347 348 350 351 352 353 354 355 356 357 358 359 360 361 362 363 364 366 367 368 369 370 372 373 374 375 376 377 378 379 383 385 386 387 388 389 390 391 393 394 396 397 399 401 402 403 405 406 407 408 410 411 413 414 415 416 418 423 424 425 426 427 428 429 430 431 432 433 434 435 436 437 438 439 440 441 443 444 446 449 450 451 452 454 456 458 459 460 461 463 465 466 467 468 469 470 471 472 474 475 476 477 478 479 480 481 482 483 484 485 486 487 488 490 492 493 494 495 496 497 498 499 500 501 502 504 505 506 507 508 510 511 514 515 516 517 518 519 521 523 524 525 526 527 528 530 533 534 535 537 538 539 540 541 542 544 545 546 547 549 550 551 553 555 558 559 561 563 564 565 566 567 568 569 570 571 574 576 577 578 579 580 581 583 584 587 588 589 591 592 593 594 595 596 597 598 599 600 601 602 603 604 605 606 607 609 610 611 613 614 615 617 618 619 621 623 624 626 627 628 629 630 631 632 634 635 636 637 638 639 642 643 645 646 647 648 649 650 651 653 654 657 658 659 662 664 665 667 668 669 670 673 675 678 679 680 681 682 683 684 685 689 690 692 693 694 696 697 698 699 700 701 702 703 704 706 707 710 711 712 713 714 715 716 717 718 719 720 721 722 723 725 726 727 729 730 731 732 733 734 735 736 738 740 741 742 743 750 752 753 754 755 756 757 758 759 760 761 763 764 767 768 769 770 771 772 774 775 776 777 778 779 780 782 783 784 785 786 788 789 790 791 792 793 794 795 798 800 801 803 805 808 809 810 811 815 816 819 820 821 822 823 824 825 826 828 829 830 831 834 835 836 837 839 840 841 842 843 844 846 847 848 849 850 853 854 855 857 858 859 861 862 863 864 865 866 867 868 869 870 871 874 876 878 880 881 882 883 885 886 888 890 892 894 897 898 899 900 901 902 903 904 905 906 908 909 910 911 912 913 914 916 917 918 919 920 921 922 923 925 926 927 928 930 931 933 934 935 936 938 940 941 942 944 946 947 952 953 954 956 958 960 961 963 965 966 967 968 969 971 972 973 974 975 976 977 978 979 981 982 984 985 986 987 988 989 990 991 993 994 995 996 997 999
campaign,reference,1000,10-0.75-M,5,40817,749,0 1 2 4 5 6 7 8 9 10 11 13 14 16 18 19 20 21 22 23 25 26 27 28 29 31 32 33 34 35 37 38 39 40 41 42 43 44 45 50 51 52 53 54 55 56 57 59 60 61 62 63 64 65 67 69 71 72 73 75 77 79 80 81 82 83 84 85 86 88 89 90 91 92 93 95 96 97 98 99 101 102 103 104 105 106 107 108 109 110 111 113 114 116 117 118 119 122 123 124 125 126 127 128 129 130 131 133 134 135 136 137 139 140 141 142 143 145 146 147 148 149 151 152 154 155 158 159 160 162 164 165 167 168 169 170 173 174 175 177 178 179 180 181 184 185 187 188 189 191 193 194 195 196 197 198 199 202 204 205 206 207 208 209 211 212 214 215 216 217 218 219 220 221 222 225 226 227 229 231 232 233 236 238 240 242 243 245 246 248 250 252 254 255 256 258 260 263 264 266 269 270 271 272 273 274 276 277 278 279 280 281 285 286 287 288 291 292 294 295 296 297 298 299 300 301 303 305 306 307 308 310 313 314 315 316 317 319 320 321 322 323 324 326 327 328 329 330 331 336 340 341 344 345 346 347 348 350 351 352 353 354 355 356 357 358 359 360 361 362 363 364 366 367 368 369 370 371 372 373 374 375 376 377 378 379 383 385 386 387 388 389 390 393 394 396 397 399 401 402 403 405 406 407 408 410 411 412 413 414 415 416 418 423 424 425 426 427 428 429 430 431 432 433 434 435 436 437 438 439 440 441 443 444 446 449 450 451 452 454 456 458 459 460 461 463 465 466 467 468 469 470 471 472 474 475 476 477 478 479 480 481 482 483 484 485 486 487 488 490 492 493 494 495 496 497 498 499 500 501 502 504 505 506 507 508 509 510 511 512 514 515 516 517 519 521 523 524 525 526 527 528 530 533 534 535 537 538 539 540 541 544 545 546 549 550 551 553 555 558 559 561 562 563 564 565 566 567 568 569 570 571 574 576 577 578 579 580 581 582 583 584 587 588 589 591 592 593 594 596 597 598 599 600 601 603 604 605 607 609 610 611 613 614 615 617 618 619 621 623 624 626 627 628 629 630 631 632 634 635 636 637 638 639 642 643 645 646 647 648 650 651 653 654 657 658 659 662 664 665 667 668 669 670 673 675 676 678 679 680 681 682 683 684 685 687 689 690 693 694 696 697 698 699 700 701 702 703 704 705 706 707 710 711 712 713 714 715 716 717 718 719 720 721 722 723 725 726 727 729 731 732 733 734 735 736 738 740 741 742 743 747 750 752 753 754 755 756 757 758 759 760 761 763 764 767 768 769 770 771 772 774 775 776 777 779 780 782 783 784 785 786 788 789 790 791 792 793 794 795 796 798 800 801 802 803 805 808 809 810 811 815 816 819 820 821 822 823 824 825 826 828 830 831 834 835 836 837 839 840 841 842 843 844 848 849 850 852 853 854 855 857 858 859 860 862 863 864 865 866 867 868 869 870 871 874 876 878 880 881 882 883 885 886 888 890 892 894 897 898 899 900 901 902 903 905 906 907 908 909 910 911 912 913 916 917 918 919 920 921 922 923 925 926 927 928 930 931 933 934 935 936 938 939 940 941 942 943 944 946 949 950 953 954 957 958 960 961 962 963 964 966 967 968 969 971 972 973 974 975 976 977 978 979 981 982 984 985 986 987 988 989 990 991 993 994 995 996 997
