experiment,variant,group,instance,seed,profit,cardinality,items
round1_screening,D,500,3-0.25-P,1,77335,128,1 6 10 19 23 25 28 32 37 39 43 45 53 69 78 81 86 91 92 97 101 103 107 111 112 113 117 121 124 125 134 143 144 145 146 147 149 150 151 154 156 161 169 176 183 184 190 195 197 207 211 213 216 218 222 223 231 241 244 253 257 258 263 268 269 274 279 282 283 286 287 291 293 296 297 298 302 303 304 309 311 316 320 321 322 323 324 327 329 333 339 346 347 351 352 356 357 358 368 370 377 379 386 388 395 399 406 413 417 421 425 429 430 433 435 438 440 451 462 465 473 478 481 487 488 491 494 499
round1_screening,D,500,3-0.25-P,2,77189,128,10 23 25 27 28 32 37 39 43 45 53 56 60 69 71 78 83 86 97 103 112 114 117 121 123 125 131 134 140 143 144 145 146 147 149 150 154 156 165 169 178 181 183 187 190 195 197 207 213 216 222 223 227 243 244 250 253 257 263 268 269 274 279 282 283 284 286 287 290 291 292 293 296 297 298 302 303 304 311 316 320 322 323 325 327 329 339 341 346 347 351 352 356 357 358 368 370 377 379 386 391 395 399 404 406 407 413 416 425 429 430 433 434 435 438 440 451 457 458 462 465 473 481 487 488 491 494 499
round1_screening,D,500,8-0.5-M,1,82437,250,1 4 6 12 13 14 15 17 21 22 26 27 30 34 35 36 38 40 41 42 43 44 45 49 50 55 61 65 66 67 69 73 74 75 76 78 82 84 85 87 88 89 93 94 95 97 101 102 104 105 107 110 112 113 116 117 119 121 122 124 127 129 130 131 132 133 134 135 137 139 140 141 142 149 154 155 162 163 164 165 166 168 169 170 172 173 174 175 176 178 179 184 186 187 188 189 191 194 195 196 197 199 201 202 203 204 205 206 209 210 216 221 225 227 229 232 233 234 236 237 238 239 242 247 249 251 254 258 261 262 263 270 274 277 278 280 282 283 284 286 290 291 292 293 294 300 301 303 304 305 308 312 313 314 318 319 321 322 323 326 333 334 336 339 340 341 343 344 345 346 348 349 350 351 352 353 354 357 358 359 360 363 365 368 369 370 371 374 375 376 383 387 388 390 391 392 393 394 397 398 400 402 403 405 411 412 413 414 418 419 420 423 424 426 431 434 435 436 438 439 440 441 442 443 445 448 449 450 454 457 458 461 465 466 467 471 472 475 476 479 480 484 485 487 488 490 491 492 493 499
round1_screening,D,500,8-0.5-M,2,82479,250,4 6 10 12 13 14 15 17 21 22 26 27 30 33 34 36 38 40 41 43 44 45 49 50 55 61 65 67 69 73 75 76 78 84 85 87 88 89 93 94 95 97 101 102 104 107 110 112 113 116 117 119 121 122 124 125 129 130 131 132 133 134 135 137 139 141 144 149 155 158 162 163 164 165 166 167 168 169 170 171 172 173 174 175 176 178 179 184 185 186 189 191 194 195 196 197 199 201 202 203 204 205 206 209 210 212 216 221 225 227 229 232 233 234 236 237 238 239 242 247 249 251 254 258 261 262 263 268 270 277 278 280 281 282 283 284 286 288 290 291 292 294 300 301 303 304 305 308 312 313 314 316 318 319 321 322 323 326 333 334 336 339 340 341 343 344 345 346 348 349 350 351 352 354 357 360 363 365 368 369 370 371 374 375 376 383 387 388 390 391 392 393 394 396 397 398 400 402 403 405 407 411 412 413 414 416 418 419 420 423 424 426 431 434 435 436 437 438 439 440 441 442 443 445 448 449 454 457 458 461 466 467 468 470 471 472 475 476 479 480 482 484 485 487 488 490 491 492 493 499
round1_screening,D,500,13-0.75-M,1,87173,375,0 2 4 6 8 10 12 13 14 15 16 17 18 19 21 22 23 24 25 26 27 28 30 31 32 34 35 36 37 38 40 41 42 43 44 45 48 49 50 51 53 55 57 58 61 62 63 65 66 67 69 71 72 73 74 75 76 77 78 80 82 84 85 87 88 89 93 94 95 96 97 99 100 101 102 104 105 107 108 110 111 112 113 115 116 117 119 120 121 122 124 126 128 129 130 131 132 133 134 135 136 137 139 140 141 142 144 146 148 149 150 154 155 158 159 162 163 164 165 166 167 168 169 170 171 172 173 174 175 176 177 178 179 181 182 184 185 186 187 188 189 190 191 193 194 195 196 197 199 200 201 202 203 204 205 206 208 209 210 212 216 219 221 222 224 225 227 229 232 233 234 236 237 238 239 240 241 242 244 247 249 250 251 252 253 254 256 259 261 262 263 265 267 268 269 270 272 273 274 276 277 278 280 281 282 283 284 285 286 288 289 290 291 292 293 294 295 297 299 300 301 302 303 304 305 306 307 309 310 311 312 313 314 315 316 318 319 321 322 323 324 326 327 330 332 333 334 336 337 338 339 340 341 343 344 345 346 348 349 350 351 352 353 354 355 356 357 358 359 360 361 362 363 364 365 366 368 369 370 371 374 375 376 378 380 381 383 385 387 388 390 391 392 393 394 396 397 398 400 401 402 403 405 406 409 411 413 414 415 416 417 418 419 420 422 423 424 426 427 431 434 435 436 437 438 439 440 441 442 443 444 445 446 448 449 450 451 453 454 456 457 458 459 461 462 464 465 466 467 468 469 470 471 472 474 475 476 478 479 480 481 482 483 484 485 486 487 488 490 491 492 493 494 497 499
round1_screening,D,500,13-0.75-M,2,87095,375,0 2 4 6 10 12 13 14 15 16 17 21 22 23 25 27 28 30 31 32 34 35 36 37 38 40 41 42 43 44 45 48 49 50 51 52 53 54 55 57 58 60 61 62 63 65 66 67 69 71 73 74 75 76 77 78 80 82 84 85 87 88 89 93 94 95 96 97 99 100 101 102 104 105 107 108 110 111 112 113 116 117 118 119 120 121 122 124 126 128 129 130 131 132 133 134 135 136 137 139 140 141 142 144 146 148 149 150 154 155 158 162 163 164 165 166 167 168 169 170 171 172 173 174 175 176 177 178 179 181 184 185 186 187 188 189 191 192 194 195 196 197 199 200 201 202 203 204 205 206 208 209 210 212 216 219 221 222 223 224 225 227 229 232 233 234 236 237 238 239 240 241 242 244 247 249 250 251 252 253 254 256 259 261 262 263 265 266 267 268 269 270 273 274 276 277 278 280 281 282 283 284 285 286 288 289 290 291 292 293 294 295 297 298 299 300 301 302 303 304 305 306 307 309 310 311 312 313 314 315 316 318 319 320 321 322 323 324 326 327 328 330 332 333 334 336 337 338 339 340 341 343 344 345 346 348 349 350 351 352 353 354 355 356 357 358 359 360 361 362 363 364 366 368 369 370 371 372 374 375 376 378 380 381 382 383 385 387 388 390 391 392 393 394 396 397 398 400 401 402 403 405 406 409 410 411 413 414 416 417 418 419 420 422 423 424 426 427 430 431 434 435 436 437 438 439 440 441 442 443 444 445 446 448 449 450 451 453 454 457 458 459 461 462 463 464 465 466 467 468 469 470 471 472 474 475 476 478 479 480 481 482 483 484 485 486 487 488 490 491 492 493 494 497 499
round1_screening,D,1000,5-0.25-M,1,35178,249,2 4 17 19 20 28 35 38 41 46 47 48 49 57 58 60 61 64 65 69 71 74 82 83 85 90 93 96 97 98 103 106 108 116 122 127 131 141 147 150 154 160 174 175 177 178 181 191 192 197 203 205 223 225 226 230 233 234 237 238 243 245 246 248 249 254 257 264 267 268 271 276 277 283 289 290 293 299 300 301 302 303 305 306 312 313 316 320 324 326 338 340 348 349 350 351 366 368 369 370 380 386 391 402 411 412 416 418 422 423 424 427 428 430 440 444 448 451 452 453 454 459 468 469 473 476 480 485 486 497 503 507 511 514 518 519 522 525 526 540 541 544 550 553 556 567 587 601 602 606 608 609 615 632 633 635 637 644 645 646 655 657 661 662 668 674 681 687 688 690 693 695 698 699 702 708 712 715 722 725 729 740 741 745 746 747 749 752 753 759 765 774 775 783 785 793 797 799 802 806 810 813 814 823 838 840 841 844 846 854 857 860 868 869 878 880 883 884 885 886 891 897 900 902 903 905 907 908 921 925 927 928 930 931 932 937 940 942 947 953 959 963 967 981 983 986 989 990 994
round1_screening,D,1000,5-0.25-M,2,34587,249,2 10 15 17 19 20 22 28 35 38 41 45 48 49 57 60 61 65 69 74 77 82 85 90 93 96 97 103 104 106 113 116 120 122 127 131 141 147 150 160 164 172 174 175 177 181 184 192 195 197 205 213 223 225 226 230 233 237 238 243 245 246 249 254 257 264 268 271 276 283 289 290 299 300 301 302 303 306 310 316 324 326 331 338 339 340 348 349 350 351 357 366 369 370 380 386 391 401 402 411 412 416 418 422 423 426 427 428 430 440 444 446 448 451 453 454 455 459 466 468 469 473 480 482 486 495 497 503 507 511 514 518 519 525 526 527 540 541 544 550 553 555 556 563 567 575 586 601 605 606 609 615 623 628 635 645 646 648 655 657 661 674 681 687 688 689 690 691 692 693 698 702 708 709 712 715 725 729 730 738 740 741 749 752 753 759 764 769 771 774 775 783 785 793 797 802 804 808 810 813 814 817 822 838 840 841 843 844 846 850 854 857 860 866 868 869 878 881 883 884 888 893 896 897 902 903 905 907 921 927 928 931 934 940 941 942 947 953 960 963 967 971 981 983 986 989 990 994 998
round1_screening,D,1000,4-0.5-M,1,51193,500,0 1 4 6 7 8 11 13 14 17 19 20 21 28 31 33 34 35 36 39 41 42 43 46 47 49 52 53 57 59 60 61 62 63 64 65 66 69 70 71 72 75 79 80 82 86 87 89 90 93 94 95 96 100 102 106 109 113 115 116 118 120 122 124 125 126 127 128 129 131 132 133 134 136 137 138 139 142 144 145 151 153 154 156 161 163 165 166 167 171 177 179 180 182 183 184 186 189 191 195 196 197 198 200 204 206 208 209 212 214 218 219 221 222 225 228 229 232 233 236 237 238 241 242 246 248 250 252 257 260 263 264 266 267 269 272 273 277 278 282 283 285 286 287 288 289 290 292 293 294 298 300 304 305 306 312 315 317 318 319 322 323 324 326 327 333 336 338 339 342 343 345 346 347 348 351 353 354 355 357 358 359 364 366 367 369 371 372 378 380 381 383 384 385 388 389 396 401 405 407 411 412 415 416 417 419 420 421 422 423 427 428 431 433 434 438 439 440 441 443 444 445 450 451 453 454 456 460 461 462 463 465 466 468 469 470 472 474 479 481 482 483 484 485 487 488 489 493 495 496 500 501 502 507 509 510 513 515 516 517 519 521 524 525 531 533 534 536 537 542 543 544 545 547 549 551 552 554 556 557 559 561 562 567 568 569 572 573 575 578 579 583 586 587 588 590 593 594 595 597 599 600 604 607 610 611 612 615 617 618 619 621 622 623 626 627 628 633 634 635 636 639 640 644 645 647 649 651 652 654 655 659 660 661 662 664 667 668 669 670 672 673 677 678 680 682 684 688 689 690 691 695 698 700 702 703 705 711 715 721 723 724 728 729 731 732 733 734 735 739 740 745 748 753 754 755 758 761 762 765 768 769 770 774 775 777 778 779 780 781 784 785 786 787 788 790 792 796 797 798 799 801 804 808 811 813 815 817 818 819 822 826 827 828 829 830 831 833 835 838 840 843 844 845 849 851 852 855 856 857 863 864 866 868 871 872 875 876 878 880 881 883 884 887 888 890 894 895 896 902 907 911 912 915 916 922 928 929 930 934 935 937 939 942 944 947 952 953 954 955 957 959 960 961 964 965 966 968 970 971 972 973 978 979 980 981 983 984 985 987 989 990 991 992 993 994 995 997 998 999
round1_screening,D,1000,4-0.5-M,2,50505,499,0 1 4 6 7 8 11 13 14 17 19 20 21 25 28 31 33 34 35 39 41 42 43 46 47 49 52 53 57 59 62 63 65 66 69 70 72 75 79 80 82 85 86 87 89 90 93 94 95 96 100 106 109 113 116 118 119 120 122 124 125 127 128 129 131 132 133 134 135 136 137 138 139 140 142 144 145 153 154 156 158 161 162 163 165 166 167 171 172 177 179 180 182 183 184 185 186 189 191 195 196 197 198 200 204 205 206 208 209 211 212 213 214 218 219 221 222 223 224 225 228 229 236 237 238 240 241 242 243 244 246 248 250 252 254 257 259 260 263 264 266 267 269 272 273 277 278 282 283 285 287 288 289 290 291 292 294 298 300 304 305 306 312 317 318 319 320 321 322 323 326 327 331 333 338 339 342 343 345 346 347 348 351 353 354 355 357 362 364 367 369 372 376 378 380 381 382 383 384 385 388 396 401 405 407 408 411 412 415 416 417 419 420 421 422 423 427 428 430 431 434 439 440 441 443 444 445 450 451 453 456 460 461 462 463 464 465 468 469 470 473 474 481 482 483 484 485 487 488 495 496 499 500 501 507 509 510 513 515 516 517 519 521 524 525 531 533 534 536 537 542 543 544 545 549 551 552 554 556 557 559 561 562 563 567 568 569 572 573 574 575 578 579 586 587 588 590 593 594 595 597 600 604 606 607 610 612 614 617 618 619 621 622 623 626 627 628 629 633 634 636 639 640 644 645 647 649 651 654 655 659 660 661 667 668 669 670 672 673 677 678 680 683 684 685 688 689 690 691 692 695 696 698 700 702 703 705 711 720 721 723 724 730 731 732 733 734 735 739 740 744 745 746 753 754 755 758 762 765 768 769 770 775 777 778 780 781 784 785 786 787 788 790 792 796 797 798 799 801 804 807 808 810 811 813 814 815 816 817 822 826 827 828 829 830 831 833 835 837 838 839 840 843 844 845 849 851 852 854 855 856 857 864 867 868 871 872 875 876 878 880 881 884 887 888 889 890 894 895 896 902 907 911 912 913 915 916 921 928 929 930 934 935 937 939 941 942 944 947 949 952 953 954 955 957 959 960 961 964 965 966 967 968 971 972 973 979 980 981 983 984 985 991 992 993 995 997 998 999
round1_screening,D,1000,3-0.75-P,1,364552,751,0 1 2 6 7 8 9 10 11 12 13 14 15 16 19 20 22 24 25 26 28 29 30 31 32 33 34 35 37 38 39 40 41 43 44 45 46 47 48 49 50 51 53 54 55 56 58 59 60 66 67 68 70 72 73 74 75 76 77 79 80 83 86 87 88 89 90 91 94 95 96 97 98 100 101 102 103 104 107 108 110 111 113 115 116 117 118 119 121 122 123 125 126 127 128 129 130 131 132 133 134 135 137 139 140 141 146 147 149 150 151 153 154 155 156 157 159 160 162 163 165 166 167 170 171 172 174 176 178 179 180 182 183 184 185 186 189 190 191 192 194 195 196 197 198 200 203 204 205 207 208 209 210 212 213 214 215 217 218 220 221 223 224 225 226 227 228 229 230 231 232 233 235 238 239 242 243 244 245 247 248 249 250 251 252 253 256 257 258 260 261 262 263 264 265 267 271 273 275 276 278 279 280 281 283 285 286 287 288 289 290 291 292 293 294 296 297 298 299 300 302 304 306 308 309 310 311 312 314 316 318 319 320 321 322 324 325 327 328 329 330 331 332 333 334 336 337 338 340 341 343 344 347 349 350 351 352 354 356 357 358 359 360 361 362 363 364 365 366 367 370 371 372 373 374 375 376 377 378 379 380 382 383 384 385 386 387 388 390 391 392 393 395 396 397 398 399 400 402 403 404 405 406 407 408 409 410 412 413 414 415 416 418 419 420 421 424 425 426 427 429 430 431 432 433 434 435 436 437 438 440 441 442 443 444 446 447 448 449 451 453 454 455 456 457 458 459 460 461 463 466 468 469 470 471 472 473 474 475 476 481 482 483 485 486 487 488 491 492 493 494 496 497 499 500 501 502 503 504 505 506 507 508 509 510 511 512 513 514 515 516 518 520 521 522 523 524 525 526 527 528 529 530 531 532 533 534 535 539 540 541 542 543 544 545 547 548 549 550 553 554 555 556 557 560 561 563 564 565 567 568 570 571 573 574 576 579 580 581 582 583 584 585 586 587 588 589 590 591 593 594 595 597 598 599 601 602 603 604 606 608 609 610 613 614 615 616 619 620 621 623 624 625 626 627 628 629 630 631 632 633 634 635 636 637 639 640 641 642 643 644 646 648 649 651 652 653 654 655 656 657 658 659 660 661 662 664 666 671 672 673 674 675 677 678 679 681 682 683 686 687 688 689 690 691 692 693 694 696 698 700 701 703 704 706 707 710 711 713 714 715 717 719 720 722 723 724 725 726 727 728 729 730 731 732 734 735 736 737 738 740 742 744 745 748 749 750 752 753 754 755 756 757 758 759 762 763 764 765 768 769 770 772 773 774 775 777 779 782 784 785 786 788 789 790 791 792 793 794 795 796 797 799 801 802 803 804 805 806 808 809 810 811 812 813 814 815 816 817 818 819 821 822 824 825 826 827 828 832 834 835 836 838 839 842 843 844 845 846 847 848 849 850 852 854 855 857 858 859 860 861 862 864 865 866 867 868 869 870 872 874 875 876 877 878 879 883 884 885 886 887 888 891 894 895 897 898 899 900 902 903 904 905 906 908 909 910 911 912 913 914 916 917 919 920 923 924 926 927 928 929 931 932 934 935 936 938 939 940 941 942 943 944 946 947 948 949 950 952 956 957 958 959 962 963 965 966 967 968 969 972 973 975 979 980 981 982 983 984 985 986 987 988 989 990 991 992 993 994 996 997
round1_screening,D,1000,3-0.75-P,2,364065,751,0 1 2 3 6 7 8 9 10 12 13 14 15 16 19 20 22 24 25 26 28 29 31 32 33 34 35 36 37 38 39 40 41 43 44 45 46 47 48 49 50 51 53 54 55 56 58 59 60 65 66 67 68 70 71 72 73 74 75 76 79 80 82 83 86 87 88 89 90 91 94 95 96 97 98 100 101 102 103 104 107 108 110 111 113 115 116 117 118 119 121 122 123 125 127 128 129 130 131 132 133 134 136 137 138 139 141 142 144 146 147 149 150 151 153 154 155 156 157 159 160 162 165 166 167 170 171 172 176 179 180 182 183 184 185 186 189 190 191 192 194 195 196 197 198 200 201 203 204 205 207 208 209 210 211 212 213 214 215 217 218 220 221 223 224 225 226 227 228 229 230 231 232 233 235 238 239 242 243 244 245 246 247 248 249 251 252 253 256 257 258 260 261 262 263 264 265 267 268 271 273 275 276 277 278 279 280 281 283 285 286 287 288 289 290 291 293 294 296 297 298 299 300 302 304 306 308 309 311 312 313 314 315 316 318 319 320 321 322 325 327 328 329 330 331 332 333 334 336 337 338 340 342 343 344 347 349 350 351 352 354 356 357 358 359 360 361 362 363 364 365 367 368 369 370 371 372 373 374 375 377 378 379 380 381 382 383 384 385 386 387 389 390 391 392 393 395 396 397 398 399 400 402 403 404 405 406 407 408 409 410 412 414 415 418 419 420 421 422 424 425 426 427 429 430 431 432 433 434 435 436 437 438 440 441 442 443 444 445 446 447 448 449 450 451 452 453 454 455 456 457 458 459 460 461 463 466 468 469 470 471 472 473 474 475 476 479 481 482 483 485 486 487 488 491 492 494 495 496 497 499 500 501 502 503 504 505 506 508 509 510 512 513 514 515 516 518 520 521 522 523 524 525 526 527 528 529 530 531 532 533 534 535 539 542 543 544 547 548 549 550 553 555 556 557 559 560 561 564 565 566 567 568 570 571 572 573 574 576 579 580 581 582 583 584 585 586 587 588 589 590 591 593 594 595 597 598 599 601 602 603 604 606 608 609 610 612 613 614 615 616 619 620 621 623 624 625 626 627 628 629 630 631 632 633 635 636 637 639 640 641 642 643 646 648 649 651 652 654 655 656 657 658 659 660 661 662 663 664 666 671 673 674 675 677 678 681 682 683 686 687 688 689 690 691 692 693 694 696 698 699 700 701 703 704 706 709 710 711 713 714 715 717 719 721 722 723 724 725 726 727 728 729 730 731 732 734 735 736 737 738 739 740 742 744 745 749 750 752 753 754 755 756 757 758 759 762 763 764 765 768 769 770 772 773 774 775 777 778 779 782 784 785 786 787 788 789 790 791 792 793 794 795 796 797 799 800 801 802 803 804 805 806 808 809 810 811 813 814 815 816 817 818 819 821 822 824 825 826 827 828 834 835 836 838 842 843 844 846 847 848 849 850 852 854 855 856 857 858 860 861 862 863 864 865 866 867 869 872 875 876 877 878 879 881 882 883 884 886 887 888 891 894 895 897 898 899 900 902 903 904 906 908 909 910 911 912 913 914 915 916 917 918 919 920 923 924 926 928 929 931 932 934 935 938 939 940 941 942 943 944 946 947 948 949 950 952 956 957 958 959 961 962 963 965 966 967 968 969 970 972 973 977 978 979 980 982 983 984 985 986 987 988 990 991 992 993 994 996 997 998
round1_screening,f90,500,3-0.25-P,1,77244,129,10 11 19 20 23 25 27 28 37 39 43 45 53 56 60 69 70 72 73 78 79 81 86 90 91 92 103 112 117 121 125 133 134 143 144 145 146 147 149 150 154 156 165 169 172 179 181 183 184 187 190 195 197 198 207 213 216 222 231 243 244 253 257 263 268 269 274 279 282 284 286 287 290 291 292 296 297 298 303 304 308 309 311 316 318 321 322 323 325 327 329 339 341 346 347 351 352 356 368 377 379 386 388 392 395 399 404 406 407 413 421 425 426 430 433 434 435 438 451 452 457 462 465 473 481 487 491 494 499
round1_screening,f90,500,3-0.25-P,2,77405,128,3 10 19 20 23 25 27 28 32 37 39 43 45 53 56 65 69 70 71 73 78 81 83 86 90 91 92 101 103 107 112 114 117 121 123 124 125 134 140 143 144 145 147 151 154 161 165 178 179 183 184 190 195 197 207 213 217 218 222 223 244 253 257 258 263 264 268 269 274 279 282 286 287 290 291 293 297 298 303 304 308 311 316 321 322 323 325 327 329 335 339 346 347 351 352 356 358 368 370 377 379 386 388 395 399 404 406 413 421 430 433 435 438 440 451 453 456 457 458 459 462 473 481 487 488 491 494 499
round1_screening,f90,500,8-0.5-M,1,82469,250,1 4 6 10 12 13 14 15 17 21 22 27 30 34 35 36 38 40 41 42 43 44 45 49 50 55 61 65 67 69 73 75 76 78 84 85 87 88 89 93 94 95 97 100 101 102 104 107 110 112 113 116 117 119 121 124 129 130 131 132 133 134 135 137 139 141 142 149 154 155 158 162 163 164 165 166 168 169 170 171 172 173 174 175 176 178 179 184 186 187 188 189 191 194 196 197 199 202 203 204 205 206 209 210 212 216 221 225 227 229 232 233 234 236 237 238 239 241 242 247 249 251 258 261 262 263 268 270 274 277 278 280 281 282 283 284 286 290 291 292 294 299 300 301 303 304 305 308 312 313 314 316 318 319 321 322 323 326 333 334 336 339 340 341 343 344 345 346 348 350 351 354 357 358 359 360 363 364 368 369 370 371 374 375 376 380 383 387 388 390 391 392 393 394 396 397 398 400 402 403 405 407 411 412 413 414 416 418 419 420 421 423 424 426 431 434 435 436 438 439 440 441 442 445 448 449 450 454 457 458 461 465 466 467 468 470 471 472 475 476 480 484 485 487 488 490 491 492 493 499
round1_screening,f90,500,8-0.5-M,2,82578,250,4 6 10 12 13 14 15 17 21 22 26 27 30 31 34 35 36 40 41 43 44 45 49 50 55 61 65 66 67 69 73 75 76 78 84 85 87 88 89 93 94 95 97 101 102 104 105 107 110 112 113 117 119 121 122 124 127 129 130 131 132 133 134 135 137 139 141 142 150 155 158 162 163 164 165 166 167 168 169 170 171 172 173 174 175 176 178 179 184 185 186 187 188 189 191 194 195 196 197 199 201 202 203 204 205 206 209 210 212 216 221 225 227 229 232 233 234 236 237 238 239 242 247 249 251 258 261 263 268 270 273 274 277 278 280 281 282 283 284 286 290 291 292 293 294 300 301 303 304 305 308 312 313 314 316 318 319 321 322 326 333 334 336 339 340 341 343 344 345 346 348 349 350 351 353 354 357 359 360 363 364 365 368 369 370 371 374 375 376 383 387 388 390 391 392 393 394 396 397 398 400 402 403 405 411 412 413 414 418 419 420 423 424 426 431 434 435 436 438 439 440 441 442 443 445 448 449 453 454 457 458 461 466 467 468 471 472 475 476 479 480 484 485 487 488 490 491 492 493 499
round1_screening,f90,500,13-0.75-M,1,87133,374,2 4 6 7 8 10 12 13 14 15 16 17 18 21 22 23 25 26 27 28 30 31 34 35 36 37 38 40 41 42 43 44 45 46 48 49 50 51 53 54 55 57 58 61 62 63 65 66 67 69 72 73 74 75 76 77 78 80 82 84 85 87 88 89 93 94 95 96 97 99 100 101 102 104 105 107 110 112 113 116 117 119 120 121 122 124 126 128 129 130 131 132 133 134 135 136 137 139 140 141 142 144 146 148 149 150 152 154 155 158 159 162 163 164 165 166 167 168 169 170 171 172 173 174 175 176 177 178 179 181 182 184 185 186 187 188 189 190 191 194 195 196 197 199 200 201 202 203 204 205 206 208 209 210 212 216 219 221 222 223 224 225 227 229 232 233 234 236 237 238 239 240 241 242 244 247 249 250 251 252 253 254 256 258 259 261 262 263 265 266 267 268 270 272 273 274 276 277 278 280 281 282 283 284 285 286 288 289 290 291 292 293 294 295 297 298 299 300 301 302 303 304 305 306 307 309 310 311 312 313 314 315 316 318 319 320 321 322 323 324 326 327 328 330 332 333 334 336 337 338 339 340 341 343 344 345 346 348 349 350 351 352 353 354 355 356 357 358 359 360 361 362 363 364 366 368 369 370 371 372 374 375 376 378 380 381 383 385 387 388 390 391 392 393 394 396 397 398 400 401 402 403 405 406 409 410 411 413 414 415 416 417 418 419 420 422 423 424 426 427 430 431 434 435 436 437 438 439 440 441 442 443 444 445 446 448 449 450 451 453 454 457 458 459 461 462 464 465 466 467 468 469 470 471 472 474 475 476 478 479 480 482 483 484 485 486 487 488 490 491 492 493 497 499
round1_screening,f90,500,13-0.75-M,2,87095,375,0 2 4 6 10 12 13 14 15 16 17 21 22 23 25 27 28 30 31 32 34 35 36 37 38 40 41 42 43 44 45 48 49 50 51 52 53 54 55 57 58 60 61 62 63 65 66 67 69 71 73 74 75 76 77 78 80 82 84 85 87 88 89 93 94 95 96 97 99 100 101 102 104 105 107 108 110 111 112 113 116 117 118 119 120 121 122 124 126 128 129 130 131 132 133 134 135 136 137 139 140 141 142 144 146 148 149 150 154 155 158 162 163 164 165 166 167 168 169 170 171 172 173 174 175 176 177 178 179 181 184 185 186 187 188 189 191 192 194 195 196 197 199 200 201 202 203 204 205 206 208 209 210 212 216 219 221 222 223 224 225 227 229 232 233 234 236 237 238 239 240 241 242 244 247 249 250 251 252 253 254 256 259 261 262 263 265 266 267 268 269 270 273 274 276 277 278 280 281 282 283 284 285 286 288 289 290 291 292 293 294 295 297 298 299 300 301 302 303 304 305 306 307 309 310 311 312 313 314 315 316 318 319 320 321 322 323 324 326 327 328 330 332 333 334 336 337 338 339 340 341 343 344 345 346 348 349 350 351 352 353 354 355 356 357 358 359 360 361 362 363 364 366 368 369 370 371 372 374 375 376 378 380 381 382 383 385 387 388 390 391 392 393 394 396 397 398 400 401 402 403 405 406 409 410 411 413 414 416 417 418 419 420 422 423 424 426 427 430 431 434 435 436 437 438 439 440 441 442 443 444 445 446 448 449 450 451 453 454 457 458 459 461 462 463 464 465 466 467 468 469 470 471 472 474 475 476 478 479 480 481 482 483 484 485 486 487 488 490 491 492 493 494 497 499
round1_screening,f90,1000,5-0.25-M,1,34900,249,2 10 15 17 19 20 28 30 35 38 41 46 47 48 49 57 58 60 64 65 69 82 85 90 93 94 96 97 103 104 106 108 112 116 118 141 147 150 154 160 161 174 177 178 181 191 192 195 197 203 205 223 225 226 230 232 234 237 238 243 245 246 248 249 254 257 264 268 271 276 277 281 283 289 290 293 299 300 301 302 303 305 306 310 312 316 324 326 330 338 339 340 343 348 349 351 352 357 369 370 380 386 389 391 401 402 411 412 415 416 418 422 423 427 428 430 440 444 448 451 453 454 459 468 469 473 476 482 486 503 507 511 519 525 527 530 540 541 544 547 553 554 556 567 587 600 601 605 606 609 615 617 628 632 633 635 637 645 646 655 657 668 674 678 681 687 688 689 690 691 692 693 695 698 702 712 715 725 729 740 741 746 747 749 752 753 756 759 764 765 769 775 783 784 785 789 793 797 802 806 810 813 814 823 827 838 841 844 846 854 857 866 868 869 878 879 880 883 884 885 891 893 897 899 903 907 908 909 921 927 931 934 937 940 942 947 953 959 960 963 967 981 983 986 988 989 990 994 998
round1_screening,f90,1000,5-0.25-M,2,35014,249,2 4 10 17 19 20 22 35 38 41 46 47 49 57 58 60 65 69 71 74 76 82 83 85 90 93 96 97 103 106 116 118 122 123 131 141 147 150 154 160 164 167 174 175 177 184 191 192 197 203 205 213 223 226 230 233 234 237 243 245 246 248 249 254 257 264 267 268 271 276 283 289 290 293 299 300 301 302 303 306 312 316 324 326 331 338 339 340 343 348 349 350 351 357 362 366 368 370 372 380 386 389 391 402 411 412 418 422 423 424 427 428 430 431 444 448 451 453 454 459 468 469 473 485 486 489 491 495 497 503 507 511 518 521 525 527 540 541 544 548 550 552 553 556 567 585 587 588 601 602 606 609 615 616 628 632 633 635 637 644 645 646 655 657 668 674 681 687 688 689 690 692 693 695 698 699 702 712 715 722 725 729 738 740 741 743 745 746 749 752 753 756 759 765 774 775 783 785 789 793 797 802 804 806 810 813 814 838 840 841 844 846 850 854 857 868 869 878 883 884 886 897 899 900 902 903 905 909 921 927 928 931 932 934 937 940 942 947 951 953 959 960 963 967 981 983 986 989 994
round1_screening,f90,1000,4-0.5-M,1,51133,499,0 1 4 6 7 8 11 13 14 19 21 23 25 28 31 33 34 35 36 39 41 42 43 45 46 47 49 52 53 57 59 60 61 62 63 65 66 69 72 75 76 79 80 82 83 85 86 87 89 90 93 94 95 96 100 102 106 109 113 115 116 118 120 122 124 125 126 128 129 131 132 133 136 137 138 139 140 142 144 145 153 154 156 161 162 163 165 166 167 171 172 177 179 180 182 183 184 185 186 189 191 195 196 197 198 200 204 205 208 209 212 213 214 218 219 221 222 223 224 225 228 229 236 237 238 241 246 248 250 257 259 260 263 264 266 267 269 272 273 277 278 282 283 285 287 288 289 290 291 292 294 300 304 305 306 311 312 317 318 319 320 322 323 326 327 331 333 335 336 338 339 342 343 344 345 346 347 348 351 353 354 355 357 358 364 366 367 369 371 372 376 380 381 383 385 388 389 392 396 401 405 407 408 411 412 415 416 417 419 420 421 422 423 427 428 431 433 434 439 440 441 443 444 445 450 451 453 456 460 463 466 468 469 470 472 474 481 482 483 485 487 488 495 496 500 501 502 507 509 510 513 515 516 519 521 524 525 531 533 534 536 537 541 542 543 544 545 547 548 549 551 552 554 556 557 559 561 562 563 567 568 569 572 573 575 578 579 586 587 590 593 594 595 597 599 600 604 606 607 610 611 612 614 617 618 619 621 622 623 626 627 628 629 633 635 636 639 640 644 645 647 649 652 654 655 659 660 661 662 667 668 669 670 671 672 673 677 678 680 682 683 684 685 688 689 691 692 695 698 700 702 703 705 711 715 721 723 724 728 729 730 731 732 733 735 739 740 745 748 752 753 754 755 758 761 762 765 768 769 770 774 775 777 778 779 781 784 785 786 787 788 790 792 796 797 798 799 801 802 804 808 811 813 815 817 818 822 826 828 829 830 831 835 837 838 840 843 844 845 848 849 851 852 855 856 857 863 864 866 868 871 872 875 876 878 880 881 884 887 888 890 891 894 895 896 902 907 911 912 913 915 916 921 922 928 929 930 934 935 937 939 942 944 947 948 949 952 953 954 955 956 957 959 960 964 965 966 967 968 970 971 972 973 974 979 980 981 983 984 985 987 991 992 993 994 995 997 998 999
round1_screening,f90,1000,4-0.5-M,2,51138,499,0 1 4 6 7 8 11 13 14 19 20 21 25 28 31 33 34 35 36 39 41 43 46 47 49 52 53 57 59 60 61 62 63 65 66 69 70 72 75 76 79 80 82 83 85 86 87 89 90 91 93 94 95 96 100 106 109 113 116 118 120 122 124 125 126 127 128 129 131 132 133 135 136 137 138 139 140 142 144 145 153 156 158 161 162 163 165 166 167 171 172 175 177 179 180 182 183 184 186 189 191 195 196 197 198 200 204 205 206 208 209 211 212 213 214 218 219 220 222 224 225 228 229 232 236 237 238 241 243 246 248 250 251 252 257 259 260 263 264 266 267 269 272 273 277 278 282 283 285 288 289 290 291 292 293 294 300 304 305 306 312 315 317 318 319 320 321 322 323 326 327 333 338 339 342 343 344 345 346 347 348 351 353 354 355 357 362 364 366 367 369 371 372 376 380 383 384 385 388 396 400 401 405 406 407 408 411 412 415 416 417 419 420 421 422 423 427 428 431 434 439 440 441 443 444 445 450 451 453 454 456 460 462 463 465 466 468 469 470 472 474 479 481 482 483 484 485 487 488 495 496 500 501 507 509 510 513 515 516 517 519 521 524 525 531 533 534 535 536 537 541 542 543 544 545 547 548 549 551 552 554 556 557 559 561 562 563 567 568 569 572 573 574 575 578 579 586 588 590 593 594 595 597 599 600 604 606 607 610 611 612 615 617 618 619 621 622 623 626 627 628 633 639 640 644 645 647 649 652 654 655 659 660 661 666 667 668 669 670 671 672 673 677 680 681 682 683 684 685 686 688 689 690 691 692 695 698 700 702 703 705 711 715 720 721 723 724 728 729 730 731 732 733 735 739 740 744 745 746 753 754 755 758 761 762 768 769 774 775 777 778 779 780 784 785 786 787 788 790 792 794 796 797 798 799 801 804 807 808 811 813 815 817 818 819 822 826 828 829 830 831 833 835 837 838 840 843 844 845 848 849 851 852 855 856 857 863 864 868 871 872 875 876 880 881 884 887 888 889 890 894 895 896 902 911 912 913 915 916 922 928 929 934 935 937 939 942 944 947 952 953 954 955 957 959 960 964 965 966 968 970 971 972 973 974 979 980 981 983 984 985 987 991 992 993 995 997 998 999
round1_screening,f90,1000,3-0.75-P,1,364623,751,0 1 2 3 4 6 7 8 9 10 11 12 13 14 15 16 19 20 22 24 25 26 28 29 31 32 33 34 35 37 38 39 40 43 44 45 46 47 48 49 50 51 53 54 55 56 58 59 60 62 65 66 67 68 69 70 72 73 74 75 76 77 79 80 83 86 87 89 90 91 94 95 96 97 98 100 101 102 103 104 107 108 110 111 113 116 117 118 119 121 122 123 125 127 128 129 130 131 132 133 134 135 136 137 139 141 146 147 149 150 151 153 154 155 156 157 159 160 162 163 165 166 167 170 171 172 174 176 179 180 181 182 183 184 185 186 189 190 191 192 195 196 197 198 200 203 204 205 207 208 209 210 212 213 214 215 217 218 220 221 222 223 224 225 226 227 228 229 230 231 232 233 235 237 238 239 242 243 244 245 246 247 248 249 251 252 253 256 257 258 260 261 262 263 264 265 266 267 268 271 272 273 275 276 278 279 280 281 283 285 286 287 288 289 291 293 294 296 297 298 299 300 302 304 306 308 309 310 311 312 314 315 316 318 319 320 321 322 324 325 327 328 329 330 331 332 333 334 336 337 338 340 341 343 344 347 349 350 351 352 354 356 358 359 360 361 362 363 364 365 367 371 372 373 374 375 377 378 379 380 382 383 384 385 386 387 388 389 390 391 392 393 394 395 396 397 398 399 400 402 403 404 405 406 407 408 409 410 412 413 414 415 418 420 422 424 425 426 427 429 430 431 432 433 434 435 436 438 440 441 442 443 444 445 446 447 448 449 451 452 453 454 455 456 457 458 459 460 461 463 466 468 469 470 471 472 473 475 476 479 481 482 483 485 486 487 488 491 492 493 494 496 497 499 500 501 502 503 504 505 506 508 509 510 511 512 513 514 515 516 518 521 522 523 524 525 526 528 529 530 531 532 533 534 535 537 539 540 542 543 544 545 547 548 549 550 552 553 554 555 556 557 559 560 561 563 564 565 566 567 568 570 571 572 573 574 576 579 580 581 582 583 584 585 586 587 588 589 590 591 593 594 595 597 598 599 601 602 603 604 606 608 609 610 612 613 614 615 616 619 620 621 623 624 625 626 627 628 629 630 631 633 635 636 637 639 640 641 642 643 644 646 648 649 651 652 653 654 655 656 657 658 659 660 661 662 663 664 666 669 671 672 673 674 677 678 679 681 682 683 686 687 688 689 690 691 692 693 696 698 700 701 703 704 706 707 710 711 713 714 715 716 717 719 721 722 723 724 725 726 727 728 729 730 731 732 734 735 736 737 738 739 740 742 744 745 749 750 752 753 754 755 756 757 758 759 762 763 764 765 767 768 769 770 773 774 775 777 779 782 784 785 786 787 788 789 790 792 794 795 797 799 801 802 803 804 805 806 808 809 810 811 813 815 816 817 818 819 820 821 822 824 825 826 827 828 832 834 835 836 838 839 842 843 844 846 847 848 849 850 852 854 855 858 859 861 862 863 864 865 866 867 868 869 870 872 874 875 876 877 878 879 883 884 885 886 887 888 891 894 895 897 898 899 900 902 903 904 905 906 908 909 910 911 912 913 914 915 916 917 919 920 923 924 926 927 928 929 931 932 934 935 936 938 939 941 942 943 944 946 947 948 949 950 951 952 953 956 957 958 959 962 964 965 966 967 968 969 970 972 973 975 977 979 980 982 983 984 985 986 987 989 990 991 992 993 994 995 996 997 998
round1_screening,f90,1000,3-0.75-P,2,364555,750,0 1 2 3 6 7 8 9 10 11 12 13 14 16 19 20 22 24 25 26 28 29 31 32 33 34 35 37 38 39 40 41 43 44 45 46 47 48 49 50 51 53 54 55 56 58 59 66 67 68 71 72 73 74 75 76 77 79 80 81 83 86 87 88 89 90 91 94 95 96 97 98 100 101 102 103 104 105 107 108 111 113 115 116 117 118 119 121 122 123 125 127 128 129 130 131 132 133 134 136 137 139 141 144 146 147 149 150 151 153 154 155 156 157 159 160 162 165 166 167 170 171 172 176 178 179 180 181 182 183 184 186 189 190 191 192 193 195 196 197 198 200 203 204 205 207 208 209 210 211 212 213 214 215 217 218 220 221 222 223 224 225 226 228 229 230 231 232 233 235 236 237 238 239 240 242 243 244 245 247 248 249 250 251 252 253 256 257 258 260 261 262 263 264 265 267 268 271 273 275 276 278 279 280 281 283 285 286 287 288 289 290 291 293 294 296 297 298 300 302 304 306 308 309 311 312 313 315 316 318 319 320 321 322 324 325 327 328 329 330 331 332 333 334 336 337 338 339 341 343 344 347 349 350 351 352 354 356 357 358 359 360 361 362 363 364 365 366 367 368 369 370 371 372 373 374 375 377 378 379 380 382 383 384 385 386 387 388 389 390 391 392 393 394 395 396 397 398 399 400 402 403 404 405 406 407 408 409 410 411 412 413 414 415 418 419 420 422 424 425 426 427 429 430 431 432 433 434 435 436 438 440 441 442 444 445 446 447 448 449 450 451 452 453 454 455 456 457 458 459 460 461 463 466 469 470 471 472 473 474 475 476 478 479 481 482 483 485 486 487 488 491 492 493 494 495 496 497 499 500 501 502 503 504 505 506 508 509 510 511 512 513 514 515 516 518 521 522 523 524 525 526 527 528 529 530 531 532 533 534 539 542 543 544 547 548 549 550 552 553 554 555 556 557 559 560 563 564 565 566 567 568 570 571 573 574 576 577 579 580 581 582 583 584 585 586 587 588 589 590 591 593 594 595 597 598 599 601 602 603 604 606 608 609 610 613 614 615 616 617 619 620 621 623 624 625 626 627 628 629 630 631 632 633 634 635 636 637 639 640 641 642 643 644 646 648 649 651 652 654 655 656 657 658 659 660 661 662 664 666 669 671 672 673 674 675 677 678 679 681 682 683 686 687 688 689 690 691 692 693 694 696 698 700 701 703 704 706 707 710 711 713 714 715 716 717 719 722 723 724 725 726 727 728 729 730 731 732 734 735 736 737 738 739 740 742 744 745 749 750 752 753 754 755 756 757 758 759 762 763 764 765 766 768 769 770 773 774 775 777 779 782 784 785 786 787 789 790 791 792 794 795 796 797 799 801 802 803 804 805 806 808 809 810 811 812 813 814 815 816 817 818 819 820 821 822 824 825 827 828 832 834 835 836 838 842 843 844 846 847 848 849 850 852 854 855 857 858 860 861 862 863 864 865 866 867 868 869 872 875 877 878 879 883 884 886 887 888 891 892 894 895 897 898 899 900 902 903 904 905 906 908 909 910 911 912 913 914 915 916 917 918 919 920 921 923 924 926 927 928 929 931 932 934 935 936 939 940 941 942 943 944 946 947 948 949 950 952 956 957 958 959 961 962 965 966 967 968 969 972 973 975 977 979 980 982 983 984 986 987 988 989 990 991 992 993 994 996 997 998
round1_screening,dsmall,500,3-0.25-P,1,77293,128,3 10 19 23 25 26 27 28 32 37 39 43 45 56 69 71 78 81 86 92 97 103 107 112 117 123 125 131 134 143 144 145 146 147 149 150 151 154 156 161 165 169 173 178 179 183 184 190 195 197 201 207 213 218 222 243 244 253 257 258 263 266 268 269 274 279 282 283 286 287 290 291 293 296 297 298 302 303 304 311 316 321 322 323 325 327 329 339 344 346 347 351 352 356 358 368 370 375 377 379 386 395 399 404 406 408 413 416 417 421 425 430 433 435 438 451 453 462 465 468 473 481 482 487 488 491 494 499
round1_screening,dsmall,500,3-0.25-P,2,77367,128,3 10 19 23 25 27 28 32 37 39 43 45 53 56 65 68 69 73 78 83 91 92 97 103 112 117 121 123 125 134 143 144 145 146 150 151 154 156 161 165 167 169 183 184 187 190 195 197 207 208 213 218 222 223 227 244 253 257 258 263 268 269 274 279 282 283 284 286 287 290 291 292 293 297 298 303 304 308 309 316 320 321 322 323 324 325 327 329 339 346 347 351 352 356 357 368 370 377 379 386 388 391 395 399 404 406 413 416 417 425 429 430 433 435 438 451 452 457 458 462 463 465 473 481 487 491 494 499
round1_screening,dsmall,500,8-0.5-M,1,82621,250,1 4 6 8 10 12 13 14 15 17 21 22 27 30 31 34 35 36 38 40 41 42 43 44 45 49 50 55 61 65 67 69 73 75 76 78 82 84 85 87 88 89 93 94 95 97 101 102 104 105 107 110 112 113 116 117 119 121 122 124 125 129 130 131 132 133 134 135 137 139 141 142 149 154 155 158 162 163 164 165 166 168 169 170 172 173 174 175 176 178 179 184 185 186 187 188 189 191 194 195 196 197 199 201 202 203 204 205 206 209 210 212 216 221 222 225 227 229 232 233 234 236 237 238 239 242 247 249 251 258 261 263 268 270 274 277 278 280 281 282 283 284 286 290 291 292 293 295 301 303 304 305 312 313 314 318 319 321 322 323 326 333 334 336 339 340 341 343 344 345 346 348 350 351 353 354 357 359 360 363 365 368 369 370 371 374 375 376 383 387 388 390 391 392 393 394 396 397 398 400 402 403 405 407 411 412 413 414 418 419 420 423 424 426 431 434 435 436 438 439 440 441 443 445 448 449 450 453 454 457 458 461 466 467 468 470 471 472 475 476 479 480 484 485 487 488 490 491 493 499
round1_screening,dsmall,500,8-0.5-M,2,82694,251,1 4 6 12 13 14 15 17 21 22 27 30 34 35 36 38 40 41 42 43 44 45 49 50 55 61 65 66 67 69 73 74 75 78 84 85 87 88 89 93 94 95 97 101 102 104 107 110 112 113 116 117 119 121 122 124 127 129 130 131 132 133 134 135 136 137 139 141 142 149 155 162 163 164 165 166 168 169 170 171 172 173 174 175 176 178 179 181 184 185 186 187 188 189 191 194 195 196 197 199 202 203 204 205 206 209 210 212 216 221 222 225 227 229 232 233 234 236 237 238 239 241 242 247 249 251 258 261 262 263 268 270 274 277 278 280 281 282 283 284 286 288 290 291 292 294 300 301 303 304 305 308 312 313 314 318 319 321 322 323 326 328 333 334 336 340 341 343 344 345 346 348 349 350 354 357 359 360 363 365 368 369 370 371 374 375 376 383 387 388 390 391 392 393 394 396 397 398 400 402 403 405 407 411 412 413 414 418 419 420 423 424 426 431 434 435 436 438 439 440 441 442 443 445 448 449 450 454 457 458 461 465 466 467 468 471 472 475 476 479 480 482 484 485 487 488 490 491 492 493 499
round1_screening,dsmall,500,13-0.75-M,1,87200,374,0 1 2 4 6 8 10 11 12 13 14 15 16 17 18 19 21 22 23 25 26 27 28 30 31 34 35 36 37 38 40 41 42 43 44 45 46 49 50 51 52 53 54 55 57 58 61 62 63 65 66 67 69 73 74 75 76 77 78 80 82 84 85 87 88 89 93 94 95 96 97 99 100 101 102 104 105 107 108 110 112 113 115 116 117 119 120 121 122 124 126 128 129 130 131 132 133 134 135 136 137 139 140 141 142 144 146 148 149 150 152 154 155 158 159 162 163 164 165 166 167 168 169 170 171 172 173 174 175 176 178 179 181 182 184 185 186 187 188 189 191 194 195 196 197 199 200 201 202 203 205 206 208 209 210 212 215 216 219 221 222 223 224 225 227 229 232 233 234 236 237 238 239 240 241 242 244 245 247 248 249 250 251 252 253 254 256 259 261 262 263 265 266 267 268 270 272 273 274 276 277 278 280 281 282 283 284 285 286 288 289 290 291 292 293 294 295 297 298 299 300 301 303 304 305 306 307 309 311 312 313 314 315 316 318 319 320 321 322 323 324 326 327 328 330 332 333 334 336 337 338 339 340 341 343 344 345 346 348 349 350 351 352 353 354 355 356 357 358 359 360 361 362 363 364 365 366 368 369 370 371 372 374 375 376 378 380 381 383 385 387 390 391 392 393 394 396 397 398 400 401 402 403 405 409 410 411 413 414 415 416 417 418 419 420 422 423 424 426 427 430 431 434 435 436 437 438 439 440 441 442 443 444 445 446 448 449 450 451 453 454 457 458 459 461 464 465 466 467 468 469 470 471 472 474 475 476 478 479 480 481 482 483 484 485 486 487 488 490 491 492 493 497 499
round1_screening,dsmall,500,13-0.75-M,2,87171,375,0 2 4 6 10 11 12 13 14 15 16 17 18 21 22 23 24 25 26 27 28 29 30 31 32 34 35 36 37 38 40 41 42 43 44 45 48 49 50 51 52 53 54 55 57 58 60 61 62 63 65 66 67 69 71 73 74 75 76 77 78 80 82 84 85 87 88 89 93 94 95 96 97 99 100 101 102 104 105 107 108 110 111 112 113 116 117 119 120 121 122 126 128 129 130 131 132 133 134 135 136 137 139 140 141 142 144 146 148 149 150 154 155 158 159 162 163 164 165 166 167 168 169 170 171 172 173 174 175 176 177 178 179 181 182 184 185 186 187 188 189 191 192 194 195 196 197 199 200 201 202 203 204 205 206 208 209 210 212 215 216 219 221 222 224 225 227 229 232 233 234 236 237 238 239 240 241 242 244 247 249 250 251 252 253 254 256 259 261 262 263 265 266 268 269 270 272 273 274 276 277 278 280 281 282 283 284 285 286 288 289 290 291 292 293 294 295 297 298 299 300 301 303 304 305 306 307 309 310 311 312 313 314 315 316 318 319 321 322 323 324 326 327 328 330 332 333 334 336 337 338 339 340 341 343 344 345 346 348 349 350 351 352 353 354 355 356 357 358 359 360 361 362 363 364 365 366 368 369 370 371 372 374 375 376 378 380 381 383 385 387 388 390 391 392 393 394 396 397 398 400 401 402 403 405 409 410 411 413 414 416 417 418 419 420 422 423 424 426 427 431 434 435 436 437 438 439 440 441 442 443 444 445 446 448 449 450 451 453 454 457 458 459 461 462 464 465 466 467 468 469 470 471 472 474 475 476 478 479 480 481 482 483 484 485 486 487 488 490 491 492 493 494 497 499
round1_screening,dsmall,1000,5-0.25-M,1,35096,249,2 4 10 17 19 20 35 38 41 45 46 47 49 57 58 60 64 65 69 72 77 82 83 85 90 93 96 97 103 106 116 118 120 141 147 150 154 160 161 163 172 174 175 177 178 181 184 192 195 197 203 205 213 223 226 230 234 237 238 243 245 246 249 251 254 257 264 267 268 271 272 276 283 289 290 293 295 299 300 301 302 303 306 310 316 324 326 330 338 339 340 343 348 350 351 357 369 370 380 386 389 391 399 401 411 412 418 423 426 427 428 430 431 440 443 444 448 451 452 453 454 455 459 466 468 469 473 476 486 487 491 497 501 503 507 511 518 519 525 527 533 535 540 541 544 550 553 554 567 586 587 601 605 606 609 628 632 633 635 637 645 646 655 657 668 674 681 686 687 688 690 691 693 695 698 702 712 715 720 722 725 727 729 730 738 740 741 743 746 747 749 752 753 756 759 764 765 769 774 775 783 785 793 797 799 802 804 810 812 813 814 838 841 844 846 854 857 860 866 868 869 878 880 883 885 897 903 907 921 927 928 931 932 934 940 942 947 951 953 960 963 967 970 981 986 988 989 990 994
round1_screening,dsmall,1000,5-0.25-M,2,35028,249,2 4 10 15 17 19 20 35 38 41 46 49 57 58 60 61 64 65 69 71 74 82 85 90 93 96 103 106 112 116 122 131 147 150 154 160 163 174 175 177 181 184 191 192 197 203 205 207 223 234 237 238 243 245 246 248 249 250 254 257 264 267 268 271 277 283 289 290 293 299 301 302 303 306 312 316 324 326 330 334 339 340 343 348 349 351 357 368 369 370 380 386 387 389 391 402 412 418 422 423 424 426 427 428 430 431 433 440 444 448 451 453 454 459 466 469 473 482 486 497 501 503 504 507 511 514 518 519 524 525 526 533 536 540 541 544 548 550 553 556 565 567 575 585 586 587 600 601 602 606 609 615 628 632 633 635 637 645 646 655 657 668 674 678 681 688 689 690 693 695 698 699 702 709 712 715 720 725 727 729 730 738 740 741 749 752 753 756 759 764 765 769 774 784 785 789 793 797 804 805 806 808 810 813 814 838 841 844 846 850 854 857 860 866 868 869 871 878 880 883 884 885 886 891 897 903 905 907 921 925 928 931 932 934 937 940 942 947 953 960 963 967 981 983 986 988 989 990 994
round1_screening,dsmall,1000,4-0.5-M,1,51119,500,0 1 4 6 7 8 11 13 14 19 20 21 25 28 31 33 34 35 36 39 41 42 43 46 47 49 52 53 57 59 60 61 62 63 65 66 69 70 71 72 75 79 80 82 83 85 86 87 89 90 93 94 95 96 100 102 106 109 113 116 118 120 122 124 125 126 127 128 129 131 132 133 135 136 137 138 139 140 144 145 147 153 154 156 158 161 162 163 165 166 167 169 171 177 179 180 182 183 184 186 189 191 195 196 197 198 200 206 208 209 212 213 214 215 218 219 222 224 225 228 229 232 236 237 238 240 241 243 246 248 251 252 257 259 260 264 266 267 269 272 273 277 278 282 283 285 287 288 289 290 291 292 294 300 304 305 306 311 312 317 318 319 320 322 323 326 327 331 333 336 338 339 342 343 344 345 346 347 348 351 353 354 355 357 359 364 366 367 369 371 372 376 377 378 380 382 383 384 385 388 389 396 401 405 407 408 411 412 415 416 417 419 420 421 422 423 427 428 431 434 439 440 441 443 444 445 450 451 453 454 456 460 462 463 465 468 469 470 472 474 481 482 483 484 485 487 488 493 495 496 500 501 502 507 509 510 513 515 516 517 519 521 524 525 531 533 534 536 537 542 543 544 545 547 548 549 552 554 556 557 559 561 562 563 567 568 569 572 573 574 575 578 579 583 586 587 588 590 593 594 595 597 599 600 604 606 607 610 612 617 618 619 621 622 623 626 627 628 629 633 639 640 645 647 649 652 654 655 659 660 661 662 666 667 668 669 670 671 672 673 677 678 680 682 683 684 685 688 689 690 691 692 695 698 700 702 703 705 711 713 715 721 723 724 728 729 730 731 732 733 734 735 739 740 744 745 746 753 754 755 758 761 762 768 770 775 777 778 779 780 781 783 784 785 786 787 788 790 792 796 797 798 799 801 804 808 811 813 814 815 816 817 818 819 822 826 828 829 830 831 835 837 838 840 843 844 845 848 849 851 852 855 856 857 863 864 867 868 871 872 875 876 880 881 884 887 888 890 895 896 902 907 911 912 913 915 916 921 922 928 929 934 935 937 939 941 942 944 947 948 952 953 954 955 957 959 960 961 964 965 966 968 970 971 972 973 979 980 981 984 985 987 991 992 993 994 995 997 998 999
round1_screening,dsmall,1000,4-0.5-M,2,50880,499,0 1 4 6 7 8 11 13 14 17 19 20 21 28 31 33 34 35 36 37 39 41 42 43 46 47 49 52 53 57 59 60 61 63 65 66 69 72 75 79 80 82 86 87 89 90 93 94 95 96 100 106 107 109 113 116 118 120 122 124 125 126 127 128 129 131 132 133 134 135 136 137 138 139 140 142 144 145 151 153 154 156 161 163 165 166 167 170 171 177 179 180 182 183 184 186 189 191 195 196 197 198 200 204 205 206 208 209 212 214 218 219 220 221 222 223 228 229 233 236 237 238 241 242 246 248 250 257 259 260 263 264 266 267 269 272 273 277 278 282 283 285 286 287 288 289 290 291 292 293 294 298 300 304 306 311 312 315 317 318 320 321 322 323 326 327 333 336 338 339 342 343 345 346 347 348 351 353 354 355 357 358 364 366 367 369 372 376 380 381 382 383 384 385 388 389 396 401 405 406 407 408 411 412 415 416 417 419 420 421 422 423 427 428 431 434 439 440 441 443 444 445 450 451 453 454 456 460 461 462 463 465 466 468 469 470 474 478 481 482 483 484 485 487 488 496 500 501 502 507 509 510 513 515 516 517 519 521 524 525 531 533 534 536 537 542 543 544 545 547 549 552 554 556 557 559 561 562 567 568 569 572 573 575 578 579 583 586 587 588 590 593 594 595 597 600 604 607 609 610 611 612 617 618 619 621 622 623 626 627 628 633 634 636 639 640 642 644 645 647 649 651 652 654 655 659 660 661 662 664 665 667 668 669 670 671 672 673 677 678 680 682 684 686 688 689 690 691 695 698 700 702 703 705 708 711 715 720 721 723 724 728 729 730 731 732 733 735 739 740 745 753 754 755 758 763 765 768 769 770 774 775 777 778 779 780 781 784 785 786 787 788 790 792 796 797 798 799 801 802 804 807 808 811 813 815 817 818 822 826 828 829 830 831 833 835 837 838 840 843 844 845 849 851 852 855 856 857 863 864 866 867 868 871 872 875 876 878 880 881 884 885 887 888 889 890 894 895 896 902 907 911 912 913 915 916 921 922 928 929 934 935 937 939 941 942 944 947 950 952 953 954 957 959 960 961 964 965 967 968 970 971 972 973 978 979 980 981 983 984 985 987 990 991 992 993 997 998 999
round1_screening,dsmall,1000,3-0.75-P,1,364623,751,0 1 2 3 4 6 7 8 9 10 11 12 13 14 15 16 19 20 22 24 25 26 28 29 31 32 33 34 35 37 38 39 40 43 44 45 46 47 48 49 50 51 53 54 55 56 58 59 60 62 65 66 67 68 69 70 72 73 74 75 76 77 79 80 83 86 87 89 90 91 94 95 96 97 98 100 101 102 103 104 107 108 110 111 113 116 117 118 119 121 122 123 125 127 128 129 130 131 132 133 134 135 136 137 139 141 146 147 149 150 151 153 154 155 156 157 159 160 162 163 165 166 167 170 171 172 174 176 179 180 181 182 183 184 185 186 189 190 191 192 195 196 197 198 200 203 204 205 207 208 209 210 212 213 214 215 217 218 220 221 222 223 224 225 226 227 228 229 230 231 232 233 235 237 238 239 242 243 244 245 246 247 248 249 251 252 253 256 257 258 260 261 262 263 264 265 266 267 268 271 272 273 275 276 278 279 280 281 283 285 286 287 288 289 291 293 294 296 297 298 299 300 302 304 306 308 309 310 311 312 314 315 316 318 319 320 321 322 324 325 327 328 329 330 331 332 333 334 336 337 338 340 341 343 344 347 349 350 351 352 354 356 358 359 360 361 362 363 364 365 367 371 372 373 374 375 377 378 379 380 382 383 384 385 386 387 388 389 390 391 392 393 394 395 396 397 398 399 400 402 403 404 405 406 407 408 409 410 412 413 414 415 418 420 422 424 425 426 427 429 430 431 432 433 434 435 436 438 440 441 442 443 444 445 446 447 448 449 451 452 453 454 455 456 457 458 459 460 461 463 466 468 469 470 471 472 473 475 476 479 481 482 483 485 486 487 488 491 492 493 494 496 497 499 500 501 502 503 504 505 506 508 509 510 511 512 513 514 515 516 518 521 522 523 524 525 526 528 529 530 531 532 533 534 535 537 539 540 542 543 544 545 547 548 549 550 552 553 554 555 556 557 559 560 561 563 564 565 566 567 568 570 571 572 573 574 576 579 580 581 582 583 584 585 586 587 588 589 590 591 593 594 595 597 598 599 601 602 603 604 606 608 609 610 612 613 614 615 616 619 620 621 623 624 625 626 627 628 629 630 631 633 635 636 637 639 640 641 642 643 644 646 648 649 651 652 653 654 655 656 657 658 659 660 661 662 663 664 666 669 671 672 673 674 677 678 679 681 682 683 686 687 688 689 690 691 692 693 696 698 700 701 703 704 706 707 710 711 713 714 715 716 717 719 721 722 723 724 725 726 727 728 729 730 731 732 734 735 736 737 738 739 740 742 744 745 749 750 752 753 754 755 756 757 758 759 762 763 764 765 767 768 769 770 773 774 775 777 779 782 784 785 786 787 788 789 790 792 794 795 797 799 801 802 803 804 805 806 808 809 810 811 813 815 816 817 818 819 820 821 822 824 825 826 827 828 832 834 835 836 838 839 842 843 844 846 847 848 849 850 852 854 855 858 859 861 862 863 864 865 866 867 868 869 870 872 874 875 876 877 878 879 883 884 885 886 887 888 891 894 895 897 898 899 900 902 903 904 905 906 908 909 910 911 912 913 914 915 916 917 919 920 923 924 926 927 928 929 931 932 934 935 936 938 939 941 942 943 944 946 947 948 949 950 951 952 953 956 957 958 959 962 964 965 966 967 968 969 970 972 973 975 977 979 980 982 983 984 985 986 987 989 990 991 992 993 994 995 996 997 998
round1_screening,dsmall,1000,3-0.75-P,2,364623,751,0 1 2 3 7 8 9 10 11 12 13 14 15 16 19 20 22 24 25 26 28 29 30 31 32 33 34 35 37 38 39 40 43 44 45 46 47 48 49 50 51 53 54 55 56 58 60 62 66 67 68 70 71 72 73 74 75 76 77 79 80 81 82 83 84 86 87 88 89 90 91 95 96 97 98 100 101 102 103 104 105 107 108 110 111 113 116 117 118 119 121 122 123 125 127 128 129 130 131 132 133 134 135 136 137 139 141 144 146 147 149 150 151 153 154 155 156 157 159 160 162 165 166 167 170 171 172 174 176 179 180 181 182 183 184 186 189 190 191 192 195 196 197 198 200 203 204 205 207 208 209 210 212 213 214 215 217 218 220 221 223 224 225 226 227 229 230 231 232 233 235 238 239 242 243 244 245 247 248 249 251 252 253 256 257 258 260 261 262 263 264 265 267 268 271 273 275 276 277 278 279 280 281 283 285 286 287 288 289 290 291 292 293 294 296 297 298 300 302 304 306 308 309 310 311 312 315 316 318 319 320 321 322 324 325 327 328 329 330 331 332 334 336 337 338 340 341 343 344 347 348 349 350 351 352 354 356 357 358 359 360 361 362 363 364 365 367 368 369 370 371 372 373 374 375 377 378 379 380 382 383 384 385 386 387 388 389 390 391 392 393 395 396 397 398 399 400 402 403 404 405 406 407 408 409 410 412 414 415 416 418 419 420 421 422 424 425 426 427 429 430 431 432 433 434 435 436 438 440 441 442 444 446 447 448 449 450 451 452 453 454 455 456 457 458 459 460 461 463 465 466 468 469 470 471 472 473 474 475 476 479 481 482 483 485 486 487 491 492 493 494 495 496 497 499 500 501 502 503 504 505 506 507 508 509 510 511 512 513 514 515 516 518 521 522 523 524 525 526 527 528 529 530 531 532 533 534 535 539 540 542 543 544 548 549 550 552 553 555 556 557 558 559 560 561 563 564 565 566 567 568 570 571 572 573 574 576 579 580 581 582 583 584 585 586 587 588 589 590 591 593 594 595 597 598 599 601 602 603 604 606 607 608 609 610 613 614 615 616 619 620 621 623 624 625 626 627 628 629 630 631 633 635 636 637 639 640 641 642 643 644 648 649 651 652 653 654 655 656 657 658 659 660 661 662 664 666 669 671 673 674 675 677 678 679 681 682 683 686 687 688 689 690 691 692 693 694 696 698 700 701 702 703 704 706 707 710 711 713 714 716 717 719 722 723 724 725 726 727 728 729 730 731 732 734 735 736 737 738 739 740 742 744 745 749 750 752 753 754 755 756 757 758 759 762 764 765 768 769 770 772 773 774 775 777 779 782 784 785 786 787 789 790 791 792 793 794 795 796 797 799 801 802 803 804 805 806 808 809 810 811 812 813 814 815 816 817 818 819 820 821 822 824 825 827 828 832 833 834 835 836 838 839 842 843 844 846 847 848 849 850 851 852 854 855 858 860 861 862 863 864 865 866 867 868 869 872 875 876 877 878 879 882 883 884 885 886 887 888 891 894 895 897 898 899 900 902 903 904 906 908 909 910 911 912 913 914 916 917 918 919 920 923 924 926 927 928 929 931 932 934 935 936 938 939 940 941 942 943 944 946 947 948 949 950 951 952 953 956 957 958 959 961 962 964 965 966 967 968 969 972 973 975 979 980 981 982 983 984 985 986 987 989 990 991 992 993 994 996 997 998
round1_screening,dlarge,500,3-0.25-P,1,77254,129,10 19 23 25 28 32 37 39 43 44 45 53 60 69 71 72 73 78 86 92 93 97 101 103 107 112 114 117 121 133 134 143 144 145 146 147 151 154 155 161 165 167 172 178 183 184 190 195 197 201 207 213 215 218 222 223 244 253 257 258 263 266 268 269 274 279 282 283 286 287 290 291 293 296 297 298 302 303 304 308 311 316 320 322 323 325 327 329 333 339 341 346 347 351 352 357 368 370 379 386 388 391 395 399 404 406 413 421 425 430 433 435 438 451 453 456 457 458 461 462 465 473 478 481 487 488 491 494 499
round1_screening,dlarge,500,3-0.25-P,2,77042,129,3 10 20 23 25 27 28 32 37 39 43 53 56 60 72 73 78 81 86 87 90 91 92 97 103 107 112 114 117 131 133 134 143 144 145 146 147 150 151 154 156 161 165 172 181 183 187 190 195 197 207 211 213 217 219 222 231 244 253 257 258 263 268 269 274 279 282 283 284 286 287 290 291 293 296 297 298 302 304 309 316 320 321 322 323 324 325 327 329 339 340 341 346 347 351 352 356 357 358 368 370 377 379 386 388 391 392 395 399 404 406 407 413 416 417 421 433 435 451 457 462 465 468 473 487 488 491 494 496
round1_screening,dlarge,500,8-0.5-M,1,82410,250,1 4 6 10 12 13 14 15 17 21 22 27 30 31 34 35 36 38 40 41 42 43 44 45 49 50 55 61 65 66 67 69 73 74 75 78 82 84 85 87 88 89 93 94 95 97 101 102 104 105 107 110 112 113 116 117 121 122 124 129 130 131 132 133 134 135 137 139 141 142 150 155 158 162 163 164 165 166 168 169 170 172 173 174 175 176 178 184 185 186 189 191 194 195 196 197 199 200 201 202 203 204 205 206 209 210 212 216 221 225 227 229 232 233 234 236 237 238 239 242 247 249 251 254 256 258 261 263 268 270 274 277 278 280 282 283 284 286 290 291 292 293 294 295 299 301 303 304 305 308 312 313 314 318 319 321 322 323 326 328 333 334 336 340 341 343 344 345 346 348 349 350 351 353 354 356 357 360 363 365 368 369 370 371 374 375 376 382 383 387 388 390 391 392 393 394 397 398 400 402 403 405 407 411 412 413 414 418 419 420 423 424 426 431 434 435 436 438 439 440 441 442 443 445 448 449 450 454 457 458 461 466 467 468 470 471 472 475 476 479 480 484 485 487 488 490 491 492 493 499
round1_screening,dlarge,500,8-0.5-M,2,82563,250,1 4 6 8 10 12 13 14 15 17 21 22 27 31 34 35 36 38 40 41 42 43 44 45 49 50 55 61 65 66 67 69 73 74 75 76 78 84 85 87 88 89 93 94 95 97 99 101 102 104 105 107 108 110 112 113 116 117 119 121 122 124 129 130 131 132 133 134 135 137 141 142 149 155 158 162 163 164 165 166 168 169 170 171 172 174 175 176 178 179 184 185 186 187 188 189 191 194 195 196 197 199 202 204 205 206 209 210 212 216 221 225 227 229 232 233 234 236 237 238 239 242 247 249 251 254 258 261 262 263 268 270 274 277 278 280 281 282 283 284 286 290 291 292 293 294 295 301 303 304 305 312 313 314 316 318 319 321 322 326 333 334 336 339 340 341 343 344 345 346 348 350 351 354 357 359 360 363 364 365 368 369 370 371 374 375 376 383 387 388 390 391 392 393 394 396 397 398 400 402 403 405 411 412 413 414 418 419 420 423 424 426 431 434 435 436 437 438 439 440 441 442 445 446 448 449 450 453 454 457 458 461 466 467 468 471 472 476 479 480 484 485 487 488 490 491 492 493 495 499
round1_screening,dlarge,500,13-0.75-M,1,87171,375,0 2 4 6 10 11 12 13 14 15 16 17 18 21 22 23 24 25 26 27 28 29 30 31 32 34 35 36 37 38 40 41 42 43 44 45 48 49 50 51 52 53 54 55 57 58 60 61 62 63 65 66 67 69 71 73 74 75 76 77 78 80 82 84 85 87 88 89 93 94 95 96 97 99 100 101 102 104 105 107 108 110 111 112 113 116 117 119 120 121 122 126 128 129 130 131 132 133 134 135 136 137 139 140 141 142 144 146 148 149 150 154 155 158 159 162 163 164 165 166 167 168 169 170 171 172 173 174 175 176 177 178 179 181 182 184 185 186 187 188 189 191 192 194 195 196 197 199 200 201 202 203 204 205 206 208 209 210 212 215 216 219 221 222 224 225 227 229 232 233 234 236 237 238 239 240 241 242 244 247 249 250 251 252 253 254 256 259 261 262 263 265 266 268 269 270 272 273 274 276 277 278 280 281 282 283 284 285 286 288 289 290 291 292 293 294 295 297 298 299 300 301 303 304 305 306 307 309 310 311 312 313 314 315 316 318 319 321 322 323 324 326 327 328 330 332 333 334 336 337 338 339 340 341 343 344 345 346 348 349 350 351 352 353 354 355 356 357 358 359 360 361 362 363 364 365 366 368 369 370 371 372 374 375 376 378 380 381 383 385 387 388 390 391 392 393 394 396 397 398 400 401 402 403 405 409 410 411 413 414 416 417 418 419 420 422 423 424 426 427 431 434 435 436 437 438 439 440 441 442 443 444 445 446 448 449 450 451 453 454 457 458 459 461 462 464 465 466 467 468 469 470 471 472 474 475 476 478 479 480 481 482 483 484 485 486 487 488 490 491 492 493 494 497 499
round1_screening,dlarge,500,13-0.75-M,2,87146,375,0 2 4 6 10 11 12 13 14 15 16 17 18 21 22 23 25 26 27 28 29 30 31 32 34 35 36 37 38 40 41 42 43 44 45 48 49 50 51 52 53 54 55 57 58 60 61 62 63 65 66 67 69 72 73 74 75 76 77 78 80 82 84 85 87 88 89 93 94 95 96 97 99 100 101 102 103 104 105 107 108 110 111 112 113 115 116 117 119 120 121 122 124 126 128 129 130 131 132 133 134 135 136 137 139 140 141 142 144 146 148 149 150 152 154 155 158 159 162 163 164 165 166 167 168 169 170 171 172 173 174 175 176 178 179 181 182 184 185 186 187 188 189 191 194 195 196 197 199 200 201 202 203 205 206 208 209 210 212 215 216 219 221 222 223 224 225 227 229 232 233 234 236 237 238 239 240 241 242 244 247 249 250 251 252 253 254 256 259 261 262 263 265 266 268 269 270 273 274 276 277 278 280 281 282 283 284 285 286 288 289 290 291 292 293 294 295 297 298 299 300 301 302 303 304 305 306 307 309 311 312 313 314 315 316 318 319 321 322 323 324 326 327 328 330 332 333 334 336 337 338 339 340 341 343 344 345 346 348 349 350 351 352 353 354 355 356 357 358 359 360 361 362 363 364 365 366 368 369 370 371 374 375 376 377 378 380 381 383 385 387 388 390 391 392 393 394 396 397 398 400 401 402 403 405 406 409 410 411 413 414 415 416 417 418 419 420 422 423 424 426 427 430 431 434 435 436 437 438 439 440 441 442 443 444 445 446 448 449 450 451 453 454 457 458 459 461 464 465 466 467 468 469 470 472 474 475 476 478 479 480 481 482 483 484 485 486 487 488 490 491 492 493 497 499
round1_screening,dlarge,1000,5-0.25-M,1,35013,250,2 17 19 20 35 38 41 46 47 48 49 57 58 60 65 69 80 82 85 90 93 94 96 98 103 106 108 112 116 118 122 141 147 150 154 160 161 164 174 175 177 181 184 191 192 197 205 213 219 220 226 230 233 234 237 238 245 246 249 254 257 264 268 271 276 277 283 289 290 293 300 301 302 305 306 310 316 324 326 330 334 339 340 348 349 350 351 352 357 362 366 368 369 370 380 386 389 391 402 411 412 415 416 418 422 427 428 430 431 440 444 446 448 451 452 454 459 468 469 473 480 486 487 497 501 503 507 511 518 519 525 527 540 541 544 548 550 553 556 565 566 567 585 586 587 602 605 606 609 617 628 630 632 633 635 645 646 655 657 661 668 674 681 687 688 689 690 691 692 693 695 698 699 702 709 712 715 720 724 725 727 729 730 740 741 746 749 752 753 756 759 765 769 774 775 783 784 785 789 793 797 801 802 806 808 810 813 814 822 838 840 841 844 846 850 854 857 860 866 868 878 880 881 883 884 896 899 900 903 905 907 916 921 922 928 931 932 934 937 940 942 947 953 959 981 983 986 988 989 994
round1_screening,dlarge,1000,5-0.25-M,2,34942,248,2 4 10 15 17 19 20 28 35 38 41 46 47 48 49 57 60 61 64 65 82 83 85 90 93 96 97 103 106 116 122 131 141 147 150 154 160 164 172 174 175 177 178 181 184 191 192 197 203 205 213 223 226 230 233 234 237 238 243 245 246 248 249 250 254 257 264 267 268 271 272 276 277 283 289 290 293 295 299 300 301 303 305 312 316 324 326 331 338 339 340 343 348 349 351 357 362 366 369 370 372 380 386 389 391 402 411 412 416 418 422 426 427 428 430 431 443 444 446 448 451 453 454 459 466 469 470 476 480 482 486 497 503 507 511 514 518 519 525 526 540 541 544 548 550 553 554 556 567 575 585 586 587 601 602 604 605 606 615 632 635 637 645 646 648 657 668 674 677 687 688 689 690 691 692 693 695 698 702 712 715 722 725 729 738 740 741 745 746 747 749 752 753 756 759 765 769 774 783 785 789 793 802 806 810 813 814 831 838 840 841 844 846 849 850 854 857 868 869 878 880 881 883 897 900 902 903 905 921 925 927 928 929 931 932 940 942 947 953 959 963 967 981 983 986 989 990 994
round1_screening,dlarge,1000,4-0.5-M,1,51210,499,0 1 4 6 7 8 11 12 13 14 19 21 25 28 31 33 34 35 36 37 39 41 42 43 46 47 49 52 53 57 59 60 61 62 63 65 66 69 70 71 72 75 79 80 82 86 87 89 90 93 94 95 96 100 106 109 113 116 118 120 122 124 125 126 127 128 129 131 132 133 135 136 137 138 139 140 142 144 145 147 151 153 154 156 158 161 163 165 166 167 171 172 177 179 180 182 183 184 186 189 191 195 196 197 198 200 204 205 206 208 209 211 212 214 215 218 219 221 222 223 224 228 229 232 236 237 238 240 241 243 246 248 250 257 259 260 263 264 266 267 269 272 273 277 278 282 283 285 287 288 289 290 291 292 293 294 298 300 304 305 306 311 312 315 317 318 319 320 322 323 324 326 327 331 333 336 337 338 339 342 343 345 346 347 348 351 353 354 355 356 357 358 364 367 369 371 372 376 380 381 383 384 385 388 389 396 400 401 405 407 408 411 412 415 416 417 420 421 422 423 427 428 431 433 434 439 440 441 443 444 445 450 451 453 456 460 461 462 463 465 468 469 470 474 477 481 482 483 484 485 487 488 495 496 500 501 502 507 509 510 513 515 516 517 519 521 524 525 531 533 534 536 537 542 543 544 545 547 549 552 554 556 557 559 562 563 567 568 569 572 573 574 575 578 579 586 587 588 590 593 595 596 597 599 600 604 607 610 611 612 618 619 621 622 623 626 627 628 633 636 639 640 644 645 647 649 651 654 655 660 661 662 667 668 669 670 672 673 677 680 682 683 684 685 688 689 691 695 698 700 702 703 705 715 720 721 723 724 728 729 730 731 732 733 734 735 739 740 745 746 748 753 754 755 758 761 762 768 769 770 774 775 777 778 779 780 784 785 786 787 788 790 792 793 796 797 798 799 801 802 804 808 811 813 815 816 817 818 819 822 826 827 828 829 830 831 835 838 840 843 844 845 849 851 852 855 856 857 863 864 867 868 871 872 875 876 878 880 881 884 887 888 890 894 895 896 902 907 911 912 913 915 916 922 928 929 934 935 937 939 941 942 944 947 949 952 953 954 955 957 959 960 961 964 965 967 968 970 971 972 973 974 978 979 980 981 983 984 985 987 989 991 992 993 994 995 997 998 999
round1_screening,dlarge,1000,4-0.5-M,2,51138,499,0 1 4 6 7 8 11 13 14 19 20 21 25 28 31 33 34 35 36 39 41 43 46 47 49 52 53 57 59 60 61 62 63 65 66 69 70 72 75 76 79 80 82 83 85 86 87 89 90 91 93 94 95 96 100 106 109 113 116 118 120 122 124 125 126 127 128 129 131 132 133 135 136 137 138 139 140 142 144 145 153 156 158 161 162 163 165 166 167 171 172 175 177 179 180 182 183 184 186 189 191 195 196 197 198 200 204 205 206 208 209 211 212 213 214 218 219 220 222 224 225 228 229 232 236 237 238 241 243 246 248 250 251 252 257 259 260 263 264 266 267 269 272 273 277 278 282 283 285 288 289 290 291 292 293 294 300 304 305 306 312 315 317 318 319 320 321 322 323 326 327 333 338 339 342 343 344 345 346 347 348 351 353 354 355 357 362 364 366 367 369 371 372 376 380 383 384 385 388 396 400 401 405 406 407 408 411 412 415 416 417 419 420 421 422 423 427 428 431 434 439 440 441 443 444 445 450 451 453 454 456 460 462 463 465 466 468 469 470 472 474 479 481 482 483 484 485 487 488 495 496 500 501 507 509 510 513 515 516 517 519 521 524 525 531 533 534 535 536 537 541 542 543 544 545 547 548 549 551 552 554 556 557 559 561 562 563 567 568 569 572 573 574 575 578 579 586 588 590 593 594 595 597 599 600 604 606 607 610 611 612 615 617 618 619 621 622 623 626 627 628 633 639 640 644 645 647 649 652 654 655 659 660 661 666 667 668 669 670 671 672 673 677 680 681 682 683 684 685 686 688 689 690 691 692 695 698 700 702 703 705 711 715 720 721 723 724 728 729 730 731 732 733 735 739 740 744 745 746 753 754 755 758 761 762 768 769 774 775 777 778 779 780 784 785 786 787 788 790 792 794 796 797 798 799 801 804 807 808 811 813 815 817 818 819 822 826 828 829 830 831 833 835 837 838 840 843 844 845 848 849 851 852 855 856 857 863 864 868 871 872 875 876 880 881 884 887 888 889 890 894 895 896 902 911 912 913 915 916 922 928 929 934 935 937 939 942 944 947 952 953 954 955 957 959 960 964 965 966 968 970 971 972 973 974 979 980 981 983 984 985 987 991 992 993 995 997 998 999
round1_screening,dlarge,1000,3-0.75-P,1,364623,751,0 1 2 3 4 6 7 8 9 10 11 12 13 14 15 16 19 20 22 24 25 26 28 29 31 32 33 34 35 37 38 39 40 43 44 45 46 47 48 49 50 51 53 54 55 56 58 59 60 62 65 66 67 68 69 70 72 73 74 75 76 77 79 80 83 86 87 89 90 91 94 95 96 97 98 100 101 102 103 104 107 108 110 111 113 116 117 118 119 121 122 123 125 127 128 129 130 131 132 133 134 135 136 137 139 141 146 147 149 150 151 153 154 155 156 157 159 160 162 163 165 166 167 170 171 172 174 176 179 180 181 182 183 184 185 186 189 190 191 192 195 196 197 198 200 203 204 205 207 208 209 210 212 213 214 215 217 218 220 221 222 223 224 225 226 227 228 229 230 231 232 233 235 237 238 239 242 243 244 245 246 247 248 249 251 252 253 256 257 258 260 261 262 263 264 265 266 267 268 271 272 273 275 276 278 279 280 281 283 285 286 287 288 289 291 293 294 296 297 298 299 300 302 304 306 308 309 310 311 312 314 315 316 318 319 320 321 322 324 325 327 328 329 330 331 332 333 334 336 337 338 340 341 343 344 347 349 350 351 352 354 356 358 359 360 361 362 363 364 365 367 371 372 373 374 375 377 378 379 380 382 383 384 385 386 387 388 389 390 391 392 393 394 395 396 397 398 399 400 402 403 404 405 406 407 408 409 410 412 413 414 415 418 420 422 424 425 426 427 429 430 431 432 433 434 435 436 438 440 441 442 443 444 445 446 447 448 449 451 452 453 454 455 456 457 458 459 460 461 463 466 468 469 470 471 472 473 475 476 479 481 482 483 485 486 487 488 491 492 493 494 496 497 499 500 501 502 503 504 505 506 508 509 510 511 512 513 514 515 516 518 521 522 523 524 525 526 528 529 530 531 532 533 534 535 537 539 540 542 543 544 545 547 548 549 550 552 553 554 555 556 557 559 560 561 563 564 565 566 567 568 570 571 572 573 574 576 579 580 581 582 583 584 585 586 587 588 589 590 591 593 594 595 597 598 599 601 602 603 604 606 608 609 610 612 613 614 615 616 619 620 621 623 624 625 626 627 628 629 630 631 633 635 636 637 639 640 641 642 643 644 646 648 649 651 652 653 654 655 656 657 658 659 660 661 662 663 664 666 669 671 672 673 674 677 678 679 681 682 683 686 687 688 689 690 691 692 693 696 698 700 701 703 704 706 707 710 711 713 714 715 716 717 719 721 722 723 724 725 726 727 728 729 730 731 732 734 735 736 737 738 739 740 742 744 745 749 750 752 753 754 755 756 757 758 759 762 763 764 765 767 768 769 770 773 774 775 777 779 782 784 785 786 787 788 789 790 792 794 795 797 799 801 802 803 804 805 806 808 809 810 811 813 815 816 817 818 819 820 821 822 824 825 826 827 828 832 834 835 836 838 839 842 843 844 846 847 848 849 850 852 854 855 858 859 861 862 863 864 865 866 867 868 869 870 872 874 875 876 877 878 879 883 884 885 886 887 888 891 894 895 897 898 899 900 902 903 904 905 906 908 909 910 911 912 913 914 915 916 917 919 920 923 924 926 927 928 929 931 932 934 935 936 938 939 941 942 943 944 946 947 948 949 950 951 952 953 956 957 958 959 962 964 965 966 967 968 969 970 972 973 975 977 979 980 982 983 984 985 986 987 989 990 991 992 993 994 995 996 997 998
round1_screening,dlarge,1000,3-0.75-P,2,364346,750,0 1 2 6 7 8 9 10 11 12 13 14 15 16 19 20 22 23 25 26 28 29 31 32 33 34 35 37 38 39 40 41 43 44 45 46 47 48 49 50 51 53 54 55 56 58 59 60 66 67 68 72 73 74 75 76 77 79 80 81 83 86 87 88 89 90 91 95 96 97 98 100 101 102 104 107 108 110 111 113 115 116 117 118 119 121 122 123 124 125 127 128 129 130 131 132 133 134 135 136 137 139 141 144 146 147 148 149 150 151 153 154 155 156 157 159 160 162 165 166 167 170 171 172 174 176 178 179 180 181 182 183 184 185 186 189 190 191 192 195 196 197 198 200 203 204 205 208 209 210 211 212 213 214 215 218 220 221 223 224 225 226 227 228 229 230 231 232 233 235 238 239 240 242 243 244 245 247 248 249 250 251 252 253 256 257 258 260 261 262 263 264 265 266 267 268 271 273 275 276 277 278 279 280 281 283 285 286 287 288 289 290 291 293 296 297 298 299 300 302 304 306 308 309 311 312 314 315 316 318 319 320 321 322 324 325 327 328 329 330 331 332 333 334 336 337 338 339 340 341 343 344 347 348 349 350 351 352 354 356 357 358 359 360 361 362 363 365 367 368 370 371 372 373 374 375 377 378 379 380 382 383 384 385 386 387 388 390 391 392 393 394 395 396 397 398 399 400 402 403 404 405 406 407 408 409 410 412 414 415 418 419 420 421 422 424 425 426 427 429 430 431 432 433 434 435 436 438 440 441 442 444 445 446 447 448 449 451 452 453 454 455 456 457 458 459 460 461 463 466 468 469 470 471 472 473 474 475 476 478 479 481 482 483 485 486 487 491 492 493 494 495 496 497 499 501 502 503 504 505 506 507 508 509 510 512 513 514 515 516 518 521 522 523 524 525 526 527 528 529 530 531 532 533 534 539 540 542 543 544 548 549 550 552 553 554 555 556 557 559 560 561 563 564 565 567 568 570 571 572 573 574 576 579 580 581 582 583 584 585 586 587 588 589 590 591 593 594 595 597 598 599 601 602 603 604 606 607 608 609 610 613 614 615 616 617 619 620 621 623 624 625 626 627 628 629 630 631 632 633 634 635 636 637 639 640 641 642 643 644 646 648 649 652 654 655 656 657 658 659 660 661 662 664 666 671 672 673 674 675 677 679 681 682 683 686 687 688 689 690 691 692 693 694 696 698 699 700 701 702 703 704 706 707 710 711 713 714 715 716 717 719 722 723 724 725 726 727 728 729 730 731 732 734 735 736 737 738 739 740 742 744 745 749 750 752 753 754 755 756 757 758 759 762 764 765 766 768 769 770 772 773 774 775 777 778 779 782 784 785 786 787 789 790 791 792 794 795 796 797 799 801 802 803 804 805 806 808 809 810 811 812 813 814 815 816 817 818 819 820 821 822 824 827 828 832 834 835 836 838 839 842 843 844 846 847 848 849 850 852 854 855 858 860 861 862 863 864 865 866 867 868 869 870 872 875 876 877 878 879 882 883 884 885 886 887 888 891 894 895 896 897 898 899 900 902 903 904 906 908 909 910 911 912 913 914 915 916 918 919 920 923 924 926 927 928 929 931 932 934 935 936 938 939 940 941 942 943 944 946 947 948 949 950 952 953 956 957 958 959 962 963 965 966 967 968 969 972 973 974 975 977 979 980 982 983 984 985 986 987 988 989 990 991 992 993 994 996 997 998
round1_screening,Lint3k,500,3-0.25-P,1,77189,128,1 10 19 20 23 25 26 28 32 37 39 43 45 53 56 65 70 71 73 78 81 86 91 92 97 101 103 107 112 117 123 125 131 134 143 144 145 146 147 150 151 154 156 161 165 167 172 182 184 190 195 197 201 208 213 215 222 223 244 253 257 258 263 268 269 274 275 276 279 282 283 286 287 290 291 293 296 297 298 303 304 308 309 311 316 320 322 323 325 327 329 335 339 341 346 347 351 352 356 368 370 377 379 386 388 395 399 404 406 407 408 413 425 430 433 435 438 451 453 458 462 465 473 478 487 491 494 499
round1_screening,Lint3k,500,3-0.25-P,2,77119,127,1 6 10 19 23 25 26 27 28 32 37 39 43 45 53 56 60 65 78 81 91 97 103 112 117 125 134 140 143 144 145 146 147 149 150 151 154 156 165 172 173 183 184 190 195 197 207 211 213 218 222 231 234 237 243 244 253 257 263 266 268 269 274 275 282 286 287 290 291 293 295 296 297 298 303 304 309 311 316 320 321 322 323 325 327 329 334 346 347 351 352 356 357 358 368 370 377 379 386 388 391 395 399 404 405 406 413 421 425 433 435 438 451 452 453 458 462 463 465 473 478 481 487 488 491 494 499
round1_screening,Lint3k,500,8-0.5-M,1,82398,251,1 4 6 8 12 14 15 17 21 22 27 30 34 35 36 38 40 41 42 43 44 45 49 50 55 61 65 66 67 69 73 74 75 78 84 85 87 88 89 93 94 95 97 101 102 104 105 107 110 112 113 116 117 119 121 122 124 129 130 131 132 133 134 135 137 139 141 149 150 154 155 162 163 164 165 166 168 169 170 172 173 174 175 176 178 179 181 184 185 186 187 189 191 194 195 196 197 199 200 201 202 204 205 206 209 210 212 216 221 222 225 227 229 232 233 234 236 237 238 239 242 247 249 251 254 258 261 263 268 270 274 277 278 280 281 282 283 284 286 290 291 292 293 294 295 300 301 303 304 305 308 312 313 314 318 319 321 322 326 328 333 334 336 337 339 340 341 343 344 345 346 348 350 353 354 357 359 360 363 365 368 369 370 371 374 375 376 378 383 387 388 390 391 392 393 394 396 397 398 400 402 403 405 411 412 413 414 416 418 419 420 423 424 426 431 434 435 436 438 439 440 441 442 443 445 448 449 450 453 454 457 458 461 466 467 468 471 472 474 475 476 479 480 484 485 487 490 491 492 493 499
round1_screening,Lint3k,500,8-0.5-M,2,82596,250,1 4 6 10 12 13 14 15 17 21 22 27 30 31 34 35 36 38 40 41 42 43 44 45 49 50 55 61 65 66 67 69 73 74 75 78 84 85 87 88 89 93 94 95 97 101 102 104 105 107 110 112 113 116 117 119 121 122 124 127 129 130 131 132 133 134 135 137 139 141 142 149 155 158 162 163 164 165 166 168 169 170 171 172 173 174 175 176 178 179 184 186 187 188 191 194 195 196 197 199 200 201 202 203 204 205 206 209 210 212 216 221 225 227 229 232 233 234 236 237 238 239 242 247 249 251 254 258 261 262 263 270 274 277 278 280 281 282 283 284 286 290 291 292 293 294 295 300 301 303 304 305 308 312 313 314 318 319 321 322 323 326 328 333 334 336 340 341 343 344 345 346 348 349 350 351 352 354 357 360 363 365 368 369 370 371 374 375 376 383 387 388 390 391 392 393 394 396 397 398 400 402 403 405 407 411 412 413 414 418 419 420 423 424 426 431 434 435 436 438 439 440 441 442 443 445 448 449 453 454 457 458 461 465 466 467 468 471 472 476 480 484 485 487 488 490 491 492 493 499
round1_screening,Lint3k,500,13-0.75-M,1,87052,374,0 2 3 4 6 8 10 12 13 14 15 16 17 21 22 23 25 26 27 28 29 30 31 34 35 36 37 38 40 41 42 43 44 45 46 48 49 50 51 53 54 55 57 61 62 63 65 66 67 69 70 72 73 74 75 76 77 78 80 82 84 85 87 88 89 93 94 95 97 99 100 101 102 104 105 107 108 110 111 112 113 116 117 119 120 121 122 124 126 128 129 130 131 132 133 134 135 136 137 139 140 141 142 144 146 148 149 150 154 155 158 159 162 163 164 165 166 167 168 169 170 171 172 173 174 175 176 178 179 181 182 184 185 186 187 188 189 190 191 194 195 196 197 199 200 201 202 203 205 206 207 208 209 210 212 216 219 221 222 223 224 225 227 229 232 233 234 236 237 238 239 240 241 242 244 247 249 250 251 252 253 254 256 259 261 262 263 265 266 267 268 270 272 273 274 276 277 278 280 281 282 283 284 285 286 288 289 290 291 292 293 294 295 297 298 299 300 301 302 303 304 305 306 307 309 310 311 312 313 314 315 316 318 319 321 322 323 324 326 327 328 330 332 333 334 336 337 338 339 340 341 343 344 345 346 348 349 350 351 352 353 354 355 356 357 358 359 360 361 362 363 364 366 368 369 370 371 372 374 375 376 377 378 380 381 383 385 387 388 390 391 392 393 394 396 397 398 400 401 402 403 405 406 409 410 411 413 414 415 416 417 418 419 420 422 423 424 426 427 430 431 434 435 436 437 438 439 440 441 442 443 444 445 446 448 449 450 451 453 454 457 458 459 461 462 464 465 466 467 468 469 470 471 472 474 475 476 478 479 480 481 482 483 484 485 486 487 488 490 491 492 493 497 499
round1_screening,Lint3k,500,13-0.75-M,2,87227,375,0 2 4 6 10 12 13 14 15 16 17 21 22 23 25 26 27 28 30 31 32 34 35 36 37 38 40 41 42 43 44 45 48 49 50 51 52 53 54 55 57 58 60 61 62 63 65 66 67 69 71 73 74 75 76 77 78 80 82 84 85 87 88 89 93 94 95 96 97 99 100 101 102 103 104 105 107 108 110 111 112 113 116 117 119 120 121 122 124 125 126 128 129 130 131 132 133 134 135 136 137 139 140 141 142 144 146 148 149 150 154 155 157 158 159 162 163 164 165 166 167 168 169 170 171 172 173 174 175 176 177 178 179 181 182 184 185 186 187 188 189 190 191 193 194 195 196 197 199 200 201 202 203 205 206 208 209 210 212 215 216 219 221 222 223 224 225 227 229 232 233 234 236 237 238 239 240 241 242 244 247 249 250 251 252 253 254 256 259 261 262 263 265 268 269 270 272 273 274 276 277 278 280 281 282 283 284 285 286 288 289 290 291 292 293 294 295 297 298 299 300 301 303 304 305 306 307 309 310 311 312 313 314 315 316 318 319 320 321 322 323 324 326 327 330 332 333 334 336 337 338 339 340 341 343 344 345 346 348 349 350 351 352 353 354 355 356 357 358 359 360 361 362 363 364 365 366 368 369 370 371 372 374 375 376 378 380 381 383 385 387 388 390 391 392 393 394 395 396 397 398 400 401 402 403 405 406 409 410 411 413 414 416 417 418 419 420 422 423 424 426 430 431 434 435 436 437 438 439 440 441 442 443 444 445 446 448 449 450 451 453 454 457 458 459 461 464 465 466 467 468 469 470 471 472 474 475 476 478 479 480 481 482 483 484 485 486 487 488 490 491 492 493 497 499
round1_screening,Lint3k,1000,5-0.25-M,1,34541,248,2 10 17 19 20 22 35 38 41 45 46 47 49 57 58 60 61 64 65 69 80 82 83 85 90 93 94 96 97 103 106 108 116 127 141 147 150 154 160 174 175 177 178 181 184 192 197 203 205 223 225 230 233 234 237 238 243 245 246 249 254 257 264 267 268 271 276 279 283 289 290 293 299 300 301 303 306 310 312 313 316 324 326 338 340 343 348 349 350 351 357 362 366 368 369 370 386 387 389 391 399 401 402 412 416 418 422 425 427 428 430 431 440 444 448 451 452 453 454 455 459 466 468 469 470 473 479 485 486 495 497 503 504 507 511 514 518 519 525 526 535 540 541 544 550 553 556 567 586 587 594 601 604 605 606 609 615 630 632 633 635 637 645 646 655 657 668 674 681 687 688 693 695 699 702 706 708 709 712 715 720 722 725 729 740 741 743 746 747 749 752 753 756 759 764 765 769 770 774 775 783 785 789 793 797 802 806 810 814 823 841 844 846 850 854 857 868 869 878 880 881 883 884 886 891 899 903 905 907 921 925 927 928 931 934 937 940 942 947 953 963 967 978 981 983 986 989 994
round1_screening,Lint3k,1000,5-0.25-M,2,34672,249,2 3 17 19 20 22 27 28 35 38 41 46 48 49 57 60 65 69 82 83 85 90 93 97 103 106 112 116 118 122 128 131 141 147 150 154 160 164 174 175 178 181 192 197 203 205 213 223 232 233 234 237 245 246 248 249 250 254 257 264 268 271 276 283 289 290 293 299 300 301 303 305 306 308 310 312 316 318 324 326 340 343 346 348 349 351 368 369 370 380 386 389 391 401 402 411 412 415 418 422 423 424 427 428 430 431 440 443 444 448 451 452 453 454 459 469 473 486 487 495 497 501 503 507 511 518 519 521 525 526 535 540 541 544 550 553 556 567 585 586 587 605 606 609 615 617 628 632 635 637 645 646 648 657 658 674 678 681 687 688 689 690 693 695 698 702 708 712 720 722 725 727 729 738 740 741 746 747 749 752 753 756 759 763 764 765 769 771 773 774 775 783 785 789 793 797 799 802 804 806 810 813 814 838 840 841 844 846 850 854 857 860 866 868 872 878 880 883 884 886 891 897 899 900 902 905 907 921 927 928 931 932 934 937 940 942 946 947 951 953 960 963 967 981 986 988 989 990 994
round1_screening,Lint3k,1000,4-0.5-M,1,50822,499,0 1 2 4 6 7 8 11 13 14 19 20 21 25 28 31 33 34 35 36 39 41 42 43 46 47 49 52 53 57 59 60 61 63 65 66 69 70 72 75 79 82 85 86 87 89 90 93 94 95 96 100 106 109 113 115 116 117 118 120 122 124 125 126 127 128 129 131 132 133 135 136 137 138 139 140 142 144 145 147 151 153 154 156 161 163 165 166 167 169 170 171 177 179 180 182 183 184 186 189 191 195 196 197 198 200 204 205 206 208 209 212 214 218 219 221 222 223 228 229 233 236 237 238 241 242 246 248 250 257 259 260 263 264 266 267 269 272 273 275 277 278 282 283 285 286 287 288 289 290 291 292 293 294 298 300 303 304 305 306 309 312 315 317 318 319 320 322 323 326 327 331 333 338 339 342 343 345 347 348 351 353 354 355 357 358 364 366 367 369 371 372 376 380 381 382 383 384 388 389 396 401 405 406 407 408 409 411 412 415 416 417 419 420 421 422 423 427 428 431 434 439 440 441 443 444 445 450 453 454 456 460 461 463 464 465 468 469 470 471 473 474 481 482 483 484 485 487 488 492 495 496 500 501 502 507 509 510 513 515 516 517 519 521 524 525 533 534 536 537 541 542 543 544 545 547 549 551 552 554 556 557 559 562 563 568 569 572 573 575 578 579 586 587 588 590 593 594 595 597 599 600 604 606 607 610 611 612 614 617 618 619 621 622 623 626 627 628 633 635 636 639 640 644 645 647 649 651 652 654 655 659 660 661 662 666 667 668 669 670 671 672 673 677 678 680 682 683 684 685 688 689 690 691 695 698 700 702 703 705 711 715 720 721 723 724 728 729 730 731 732 733 735 739 740 745 746 748 753 754 755 758 761 762 763 768 769 770 773 774 775 777 778 779 780 781 784 785 786 787 788 790 792 796 797 798 799 801 802 804 808 811 813 815 816 817 818 822 826 828 829 830 831 835 838 840 843 844 845 849 851 852 855 856 857 864 867 868 871 872 875 876 880 881 884 887 888 890 894 895 896 902 907 911 912 913 915 916 921 922 928 929 934 937 939 944 947 952 953 954 955 957 959 960 961 964 965 966 968 970 971 972 979 980 981 983 984 985 987 989 990 991 992 993 994 995 997 998 999
round1_screening,Lint3k,1000,4-0.5-M,2,51085,499,0 1 4 6 7 8 11 13 14 17 19 20 21 25 28 31 33 34 35 36 37 39 41 42 43 46 47 49 52 53 57 59 60 61 62 63 65 66 69 70 72 75 76 79 80 82 83 85 86 87 89 90 91 93 94 95 96 100 106 109 113 116 118 120 122 124 125 126 127 128 129 131 132 133 134 135 136 137 138 139 140 142 144 145 153 154 156 158 161 163 165 166 167 169 170 171 177 179 180 182 183 184 186 189 191 195 196 197 198 200 205 206 209 212 213 214 218 219 221 222 223 225 228 229 232 236 237 238 241 244 246 248 250 251 252 257 259 260 263 264 266 267 269 272 273 275 277 278 282 283 285 288 289 290 292 294 298 300 304 305 306 312 315 317 318 320 322 323 326 327 331 333 336 338 339 341 342 343 344 345 346 347 348 351 353 354 355 357 364 366 367 369 371 372 376 380 381 382 383 384 385 388 389 400 401 405 406 407 408 411 412 415 416 417 419 420 421 422 423 428 431 434 439 440 441 443 444 445 450 451 453 454 456 460 461 463 465 468 469 470 474 481 482 483 484 485 487 488 495 496 500 501 502 507 509 510 513 515 516 517 519 521 524 525 531 533 534 536 537 541 542 544 545 547 549 552 554 556 557 559 561 562 563 567 568 569 572 573 575 578 579 583 586 587 588 590 593 594 595 597 599 600 604 606 607 610 611 612 615 617 618 619 621 622 623 626 627 628 633 636 639 640 644 645 647 649 652 654 655 657 659 660 661 662 667 668 669 672 673 677 678 680 681 682 683 684 685 688 689 691 692 695 698 700 702 703 705 715 721 723 724 728 730 731 732 733 734 735 739 740 745 748 753 754 755 758 761 762 763 765 768 769 770 774 775 777 778 779 780 781 784 785 786 787 788 790 792 796 797 798 799 801 802 804 808 811 813 814 815 816 817 818 819 822 826 828 829 830 831 835 838 840 843 844 845 849 851 852 855 856 857 864 866 867 868 871 872 875 876 880 881 884 887 888 890 895 896 902 907 911 912 913 915 916 921 922 928 929 930 934 935 937 939 941 942 944 947 948 952 953 954 955 957 959 960 961 964 965 967 968 970 971 972 973 979 980 981 983 984 985 987 989 991 992 993 994 997 998 999
round1_screening,Lint3k,1000,3-0.75-P,1,364286,750,0 1 2 3 6 7 8 9 10 11 12 13 14 15 16 19 20 22 24 25 26 27 28 29 31 32 33 34 35 37 38 39 40 41 43 44 45 46 47 48 49 50 51 53 54 55 56 58 59 60 62 66 67 68 69 70 72 73 74 75 76 77 79 80 83 86 87 88 89 90 91 94 95 96 97 98 100 101 102 103 107 108 110 111 113 116 117 118 119 121 122 123 124 125 127 128 129 130 131 132 133 134 136 137 139 140 141 144 146 147 149 150 151 153 154 155 156 157 159 160 162 163 164 165 166 167 170 171 172 174 176 179 180 181 182 183 184 186 189 190 191 192 194 195 196 197 198 200 201 203 204 205 207 208 209 210 212 213 214 215 217 218 220 221 222 223 224 225 226 227 228 229 230 231 232 233 235 238 239 242 243 244 245 247 248 249 250 251 252 253 256 257 258 260 261 262 263 264 265 267 268 271 273 275 276 277 278 279 280 281 283 285 286 287 288 289 290 291 293 294 296 297 298 299 300 302 306 308 309 311 312 313 315 316 318 319 320 321 322 324 325 327 328 329 330 331 332 333 334 336 337 338 339 341 343 344 347 348 349 350 351 352 354 356 357 358 359 360 361 362 363 364 365 367 371 372 373 374 375 377 378 379 380 382 383 384 385 386 387 388 389 390 391 392 393 395 396 397 398 400 402 403 404 405 406 407 408 409 410 412 413 414 415 418 420 421 422 424 425 426 427 429 430 431 432 433 434 435 436 438 440 441 442 443 444 446 447 448 449 450 451 452 453 454 455 456 457 458 459 460 461 463 465 466 469 470 471 472 473 474 475 476 478 481 482 483 485 486 487 491 492 493 494 496 497 499 500 501 502 503 504 505 506 507 508 509 510 511 512 513 514 515 516 518 520 521 522 523 524 525 526 528 529 530 531 532 533 534 535 539 540 542 543 544 548 549 550 553 554 555 556 557 559 560 561 563 564 565 566 567 568 570 571 572 573 574 576 579 580 581 582 583 584 585 586 587 588 589 590 591 593 594 595 597 598 599 601 602 603 604 606 608 609 610 612 613 614 615 616 619 620 621 623 624 625 626 627 628 629 630 631 633 634 635 636 637 639 640 641 642 643 646 648 649 651 652 653 654 655 656 657 658 659 660 661 662 664 666 667 671 672 673 674 677 679 681 682 683 684 686 687 688 689 690 691 692 693 694 696 698 699 700 701 703 704 705 706 709 710 711 713 714 716 717 719 722 723 724 725 726 727 728 729 730 731 732 734 735 736 737 738 739 740 742 744 745 749 750 752 753 754 755 756 757 758 759 763 764 765 768 769 770 773 774 775 777 779 782 784 785 786 787 788 789 790 791 792 794 795 796 797 799 801 802 803 804 805 806 808 809 810 811 812 813 814 815 816 817 818 819 820 821 822 824 825 826 827 828 834 835 836 838 839 842 843 844 846 848 849 850 852 854 855 857 858 860 861 862 863 864 865 866 867 868 869 872 874 875 876 877 878 879 880 883 884 885 886 887 888 890 891 892 894 895 897 898 900 902 903 904 905 906 907 908 909 910 911 912 913 914 915 916 918 919 920 923 924 926 927 928 929 930 931 932 934 935 938 939 940 941 942 943 944 946 947 948 949 950 952 956 957 958 959 962 963 964 965 966 967 968 969 972 973 977 979 980 982 983 984 986 987 988 989 990 991 992 993 994 996 997
round1_screening,Lint3k,1000,3-0.75-P,2,363929,749,0 1 2 3 6 7 8 9 10 11 12 13 14 15 16 19 20 22 24 25 26 28 29 31 32 33 34 35 37 38 39 40 43 44 45 46 47 48 49 50 51 53 54 55 56 58 60 62 66 67 68 69 70 72 73 74 75 76 77 79 80 82 83 84 86 87 88 89 90 91 94 95 96 97 98 100 101 102 103 104 107 108 111 113 116 117 118 119 121 122 123 124 125 127 128 129 130 131 132 133 134 136 137 139 140 141 146 147 150 151 153 154 155 156 157 159 160 162 165 166 167 170 171 172 176 179 180 181 182 183 184 186 189 190 191 192 194 195 196 197 198 200 201 203 204 205 207 208 209 211 212 213 214 215 217 218 220 221 222 223 224 225 226 227 228 229 230 231 232 233 235 237 238 239 242 243 244 245 247 248 249 251 252 253 256 257 258 260 261 262 263 264 265 267 269 271 272 273 275 276 277 278 279 280 281 283 285 286 287 288 289 290 291 292 293 294 296 297 298 299 300 302 304 306 308 309 310 311 312 313 314 315 316 318 319 320 321 322 324 325 327 328 329 330 331 332 333 334 336 337 338 339 340 341 343 344 347 348 349 350 351 352 354 356 357 358 359 360 361 362 363 364 365 367 371 372 373 374 375 377 378 379 380 382 383 384 385 386 387 388 389 390 391 392 393 395 396 397 398 399 400 402 403 404 405 406 407 408 409 410 412 413 414 415 418 420 421 422 424 425 426 427 429 430 431 432 433 434 435 436 438 440 441 442 444 446 447 448 449 450 451 452 453 454 455 456 457 458 459 460 461 463 466 469 470 471 472 473 474 475 476 478 480 481 482 483 485 486 487 489 491 492 493 494 496 497 499 500 501 502 503 504 505 508 509 510 511 512 513 514 515 516 518 521 522 523 524 525 526 527 528 529 530 531 532 533 534 535 539 540 542 543 544 545 546 548 549 550 553 554 555 556 557 559 560 561 563 564 565 567 568 570 571 573 574 576 579 580 581 582 583 584 585 586 587 588 589 590 591 593 594 595 597 598 599 601 602 603 604 606 608 609 610 612 613 614 615 616 617 619 620 621 623 624 625 626 627 628 629 630 631 632 633 634 635 636 637 639 640 641 642 643 644 646 648 649 651 652 653 654 655 656 657 658 659 660 661 662 664 666 671 672 673 674 677 678 679 681 682 683 685 686 687 688 689 690 691 692 693 696 698 700 701 703 704 706 707 710 711 713 714 715 716 717 719 722 723 724 725 726 727 728 729 730 731 732 734 735 736 737 738 739 740 742 744 745 748 749 750 752 753 754 755 756 757 758 759 763 764 765 766 767 768 769 770 772 773 774 775 777 779 782 783 784 785 786 787 788 789 790 792 794 795 797 799 801 802 803 804 805 806 808 809 810 811 812 813 814 815 816 817 818 819 821 822 824 825 827 828 832 834 835 836 838 839 842 843 844 846 848 849 850 852 854 855 857 858 861 862 863 864 865 866 867 868 869 870 872 874 875 876 877 878 879 880 883 884 885 886 887 888 891 892 894 895 898 899 900 902 903 904 906 908 909 910 911 912 913 914 915 916 918 919 920 921 923 924 926 927 928 929 931 932 934 935 938 939 941 942 943 944 946 947 948 949 950 952 956 957 958 959 960 961 962 964 965 966 967 968 969 972 973 977 979 980 982 983 984 987 988 989 990 991 992 993 996 997 998 999
round1_screening,B84,500,3-0.25-P,1,77293,128,10 19 20 23 25 26 27 28 32 37 39 43 45 53 69 73 78 81 86 97 101 103 112 117 121 125 131 134 143 144 145 146 147 149 151 154 156 161 169 172 181 183 184 190 195 197 207 208 211 213 218 222 231 243 244 253 257 258 263 266 268 269 274 279 282 284 285 286 287 291 293 296 297 298 302 303 304 308 309 311 316 320 321 322 323 325 327 329 335 339 346 347 351 352 356 357 358 368 370 377 379 386 388 391 392 395 399 404 406 413 416 417 430 433 435 438 451 457 458 465 473 481 487 488 491 494 496 499
round1_screening,B84,500,3-0.25-P,2,77252,129,1 10 19 20 23 25 28 32 37 39 43 45 53 60 71 73 78 81 86 90 91 92 97 101 103 112 114 117 127 131 133 134 143 144 145 146 147 151 154 156 161 165 169 172 178 179 181 183 184 187 190 195 197 198 201 207 213 218 222 227 231 244 257 263 266 268 269 275 279 282 286 290 291 293 296 297 298 303 304 308 311 316 320 321 322 323 325 327 329 333 339 341 346 347 351 352 356 368 370 377 379 388 391 395 399 404 406 407 413 416 421 430 433 435 438 451 453 457 458 462 465 473 481 487 488 491 494 496 499
round1_screening,B84,500,8-0.5-M,1,82580,250,1 4 6 8 10 12 13 14 15 17 21 22 27 30 31 34 35 36 38 40 41 42 43 44 45 49 50 55 61 65 66 67 69 73 75 76 78 84 85 87 88 89 93 94 95 97 101 102 104 105 107 110 112 113 117 119 121 122 124 129 130 131 132 133 134 135 137 141 149 155 162 163 164 165 166 168 169 170 171 172 173 174 175 176 178 179 184 185 186 187 189 191 194 195 196 197 199 200 202 203 204 205 206 209 210 212 216 221 225 227 229 232 233 234 236 237 238 239 242 247 249 251 254 258 261 262 263 268 270 274 277 278 280 281 282 283 284 286 290 291 292 293 294 295 300 301 302 303 304 305 312 313 314 316 318 319 321 322 326 330 333 334 336 340 341 343 344 345 346 348 349 350 351 353 354 357 359 360 363 364 365 368 369 370 371 374 375 376 383 387 388 390 391 392 393 394 396 397 398 400 402 403 405 411 412 413 414 418 419 420 421 423 424 426 431 434 435 436 437 438 439 440 441 442 443 445 446 448 449 454 457 458 461 466 467 471 472 476 479 480 482 484 485 487 488 490 491 492 493 499
round1_screening,B84,500,8-0.5-M,2,82838,250,1 4 6 8 10 12 13 14 15 17 21 22 27 30 34 36 40 41 43 44 45 49 50 55 61 65 66 67 69 73 74 75 78 84 85 87 88 89 93 94 95 97 101 102 104 105 107 110 112 113 116 117 119 121 122 124 127 129 130 131 132 133 134 135 137 139 141 142 149 155 158 162 163 164 165 166 168 169 170 171 172 173 174 175 176 178 179 182 184 185 186 187 188 189 191 194 195 196 197 199 202 203 204 205 206 209 210 212 216 221 225 227 229 232 233 234 236 237 238 239 242 247 249 251 254 258 262 263 268 270 274 278 280 281 282 283 284 286 290 291 292 293 294 300 301 303 304 305 308 312 313 314 316 318 319 321 322 323 326 328 333 334 336 339 340 341 343 344 345 346 348 349 350 351 352 354 357 359 360 363 364 365 368 369 370 371 374 375 376 383 387 388 390 391 392 393 394 396 397 398 400 402 403 405 407 411 412 413 414 418 419 420 423 424 426 431 434 435 436 438 439 440 441 442 445 448 449 453 454 457 458 461 466 467 468 471 472 475 476 479 480 482 484 485 487 490 491 492 493 499
round1_screening,B84,500,13-0.75-M,1,87173,375,0 2 4 6 8 10 12 13 14 15 16 17 18 19 21 22 23 24 25 26 27 28 30 31 32 34 35 36 37 38 40 41 42 43 44 45 48 49 50 51 53 55 57 58 61 62 63 65 66 67 69 71 72 73 74 75 76 77 78 80 82 84 85 87 88 89 93 94 95 96 97 99 100 101 102 104 105 107 108 110 111 112 113 115 116 117 119 120 121 122 124 126 128 129 130 131 132 133 134 135 136 137 139 140 141 142 144 146 148 149 150 154 155 158 159 162 163 164 165 166 167 168 169 170 171 172 173 174 175 176 177 178 179 181 182 184 185 186 187 188 189 190 191 193 194 195 196 197 199 200 201 202 203 204 205 206 208 209 210 212 216 219 221 222 224 225 227 229 232 233 234 236 237 238 239 240 241 242 244 247 249 250 251 252 253 254 256 259 261 262 263 265 267 268 269 270 272 273 274 276 277 278 280 281 282 283 284 285 286 288 289 290 291 292 293 294 295 297 299 300 301 302 303 304 305 306 307 309 310 311 312 313 314 315 316 318 319 321 322 323 324 326 327 330 332 333 334 336 337 338 339 340 341 343 344 345 346 348 349 350 351 352 353 354 355 356 357 358 359 360 361 362 363 364 365 366 368 369 370 371 374 375 376 378 380 381 383 385 387 388 390 391 392 393 394 396 397 398 400 401 402 403 405 406 409 411 413 414 415 416 417 418 419 420 422 423 424 426 427 431 434 435 436 437 438 439 440 441 442 443 444 445 446 448 449 450 451 453 454 456 457 458 459 461 462 464 465 466 467 468 469 470 471 472 474 475 476 478 479 480 481 482 483 484 485 486 487 488 490 491 492 493 494 497 499
round1_screening,B84,500,13-0.75-M,2,87095,375,0 2 4 6 10 12 13 14 15 16 17 21 22 23 25 27 28 30 31 32 34 35 36 37 38 40 41 42 43 44 45 48 49 50 51 52 53 54 55 57 58 60 61 62 63 65 66 67 69 71 73 74 75 76 77 78 80 82 84 85 87 88 89 93 94 95 96 97 99 100 101 102 104 105 107 108 110 111 112 113 116 117 118 119 120 121 122 124 126 128 129 130 131 132 133 134 135 136 137 139 140 141 142 144 146 148 149 150 154 155 158 162 163 164 165 166 167 168 169 170 171 172 173 174 175 176 177 178 179 181 184 185 186 187 188 189 191 192 194 195 196 197 199 200 201 202 203 204 205 206 208 209 210 212 216 219 221 222 223 224 225 227 229 232 233 234 236 237 238 239 240 241 242 244 247 249 250 251 252 253 254 256 259 261 262 263 265 266 267 268 269 270 273 274 276 277 278 280 281 282 283 284 285 286 288 289 290 291 292 293 294 295 297 298 299 300 301 302 303 304 305 306 307 309 310 311 312 313 314 315 316 318 319 320 321 322 323 324 326 327 328 330 332 333 334 336 337 338 339 340 341 343 344 345 346 348 349 350 351 352 353 354 355 356 357 358 359 360 361 362 363 364 366 368 369 370 371 372 374 375 376 378 380 381 382 383 385 387 388 390 391 392 393 394 396 397 398 400 401 402 403 405 406 409 410 411 413 414 416 417 418 419 420 422 423 424 426 427 430 431 434 435 436 437 438 439 440 441 442 443 444 445 446 448 449 450 451 453 454 457 458 459 461 462 463 464 465 466 467 468 469 470 471 472 474 475 476 478 479 480 481 482 483 484 485 486 487 488 490 491 492 493 494 497 499
round1_screening,B84,1000,5-0.25-M,1,35178,249,2 4 17 19 20 28 35 38 41 46 47 48 49 57 58 60 61 64 65 69 71 74 82 83 85 90 93 96 97 98 103 106 108 116 122 127 131 141 147 150 154 160 174 175 177 178 181 191 192 197 203 205 223 225 226 230 233 234 237 238 243 245 246 248 249 254 257 264 267 268 271 276 277 283 289 290 293 299 300 301 302 303 305 306 312 313 316 320 324 326 338 340 348 349 350 351 366 368 369 370 380 386 391 402 411 412 416 418 422 423 424 427 428 430 440 444 448 451 452 453 454 459 468 469 473 476 480 485 486 497 503 507 511 514 518 519 522 525 526 540 541 544 550 553 556 567 587 601 602 606 608 609 615 632 633 635 637 644 645 646 655 657 661 662 668 674 681 687 688 690 693 695 698 699 702 708 712 715 722 725 729 740 741 745 746 747 749 752 753 759 765 774 775 783 785 793 797 799 802 806 810 813 814 823 838 840 841 844 846 854 857 860 868 869 878 880 883 884 885 886 891 897 900 902 903 905 907 908 921 925 927 928 930 931 932 937 940 942 947 953 959 963 967 981 983 986 989 990 994
round1_screening,B84,1000,5-0.25-M,2,34886,249,2 17 19 20 28 35 38 41 46 47 49 57 58 60 65 69 71 74 77 80 82 83 85 90 93 96 97 103 116 122 131 141 147 150 154 160 161 164 167 171 174 175 177 181 184 191 192 197 203 205 213 220 223 225 226 230 233 234 236 237 238 243 245 246 249 254 257 264 268 271 283 288 289 290 295 299 300 301 303 305 306 310 312 313 316 324 326 334 338 339 340 348 349 351 357 362 366 368 369 370 380 386 389 399 402 411 412 416 418 422 424 426 427 428 430 440 444 448 451 452 453 454 466 469 470 473 480 486 495 497 501 503 507 511 518 519 525 526 540 541 544 550 553 554 555 556 563 567 585 587 594 602 605 606 609 617 633 635 637 645 646 648 655 657 661 662 674 677 681 687 688 689 690 691 693 695 698 699 702 712 715 722 729 730 738 740 741 745 749 752 753 754 756 759 764 765 775 783 784 785 789 793 797 802 808 810 813 814 823 827 838 840 841 844 846 853 854 857 866 868 878 880 883 884 885 886 888 891 895 897 900 903 907 908 921 928 931 934 940 942 947 953 963 967 981 983 986 989 994
round1_screening,B84,1000,4-0.5-M,1,51061,499,0 1 4 6 7 8 11 13 14 19 20 21 23 25 28 31 33 34 35 36 37 39 41 42 43 46 47 49 52 53 57 59 60 61 62 63 65 66 69 71 72 75 76 79 80 82 85 86 87 89 90 93 94 95 96 100 106 109 113 116 118 120 122 124 125 126 127 128 129 131 132 133 134 135 136 137 138 139 140 142 144 145 153 154 156 161 162 163 165 166 169 171 177 179 180 182 183 184 186 189 191 195 196 197 198 200 204 205 206 208 209 212 213 214 218 219 221 222 223 225 228 229 236 237 238 241 242 243 244 246 248 250 252 257 259 260 263 264 266 267 269 272 273 277 278 282 283 285 286 287 288 289 290 291 292 293 294 300 304 305 306 309 311 312 315 317 318 319 321 322 323 326 327 331 333 337 338 339 342 343 345 346 347 348 351 353 354 355 357 358 364 366 367 369 372 376 380 381 382 383 384 385 388 396 400 401 405 407 411 412 415 416 417 419 420 421 422 423 427 428 431 433 434 439 440 441 443 444 445 450 451 452 453 456 460 461 463 464 465 466 468 469 470 473 474 481 482 483 484 485 487 488 495 496 500 501 507 509 510 513 515 516 519 521 524 525 531 533 534 536 537 542 543 544 545 549 551 552 554 556 557 559 561 562 567 568 569 572 573 574 575 578 579 586 587 588 590 593 594 595 597 599 600 604 606 607 610 612 614 617 618 619 621 622 623 626 627 628 629 633 636 639 640 644 645 647 649 654 655 659 660 661 662 667 668 669 670 671 672 673 677 678 680 683 684 685 688 689 690 691 692 695 698 700 702 703 705 711 713 715 720 721 723 724 728 730 731 732 733 734 735 739 740 745 746 747 753 754 755 758 761 768 769 770 774 775 777 778 779 780 781 784 785 786 787 788 790 792 793 796 797 798 799 801 804 808 811 813 815 817 818 819 822 826 827 828 829 830 831 835 838 840 843 844 845 849 851 852 855 856 857 863 864 866 868 871 872 875 876 878 880 881 884 887 888 890 894 895 896 902 907 911 912 913 915 916 922 925 928 929 930 934 935 937 939 941 942 944 947 949 952 953 954 955 957 959 964 965 967 968 970 971 972 973 979 980 981 983 984 985 987 991 992 993 994 995 997 998 999
round1_screening,B84,1000,4-0.5-M,2,51093,499,0 1 4 6 8 11 13 14 19 20 21 23 25 28 31 33 34 35 36 39 41 42 43 46 47 49 52 53 57 59 61 62 63 65 66 69 70 72 75 79 80 82 83 85 86 87 89 90 93 94 95 96 100 106 109 113 115 116 118 120 122 124 125 126 127 128 129 131 132 133 136 137 138 139 140 142 144 145 153 154 156 161 165 166 167 169 171 172 177 179 180 182 183 184 185 186 189 191 195 196 197 198 200 204 205 208 209 211 212 214 218 219 221 222 223 224 225 228 229 232 236 237 238 241 242 243 246 248 250 251 257 259 260 263 264 266 267 269 272 273 277 278 282 283 285 288 289 290 291 292 294 300 304 305 306 312 317 318 319 320 322 323 326 327 331 333 336 338 339 342 343 344 345 346 347 348 351 353 354 355 357 358 362 364 366 367 369 371 372 375 376 380 381 382 383 384 385 388 396 401 405 407 408 411 412 416 417 419 420 421 422 423 428 431 434 439 440 441 443 444 445 450 451 453 454 456 460 461 463 464 465 468 469 470 474 481 482 483 484 485 487 488 489 495 496 500 501 507 509 510 513 515 516 517 519 521 524 525 529 530 531 533 534 536 537 542 543 544 545 547 549 551 552 554 556 557 559 562 567 568 569 572 573 574 575 578 579 583 586 587 588 590 593 594 595 597 599 600 604 607 610 611 612 616 617 618 619 621 622 623 626 627 628 633 634 635 636 639 640 644 645 647 649 654 655 659 660 661 662 667 668 669 671 672 673 677 678 680 682 683 684 685 688 689 690 691 692 695 698 700 702 703 705 713 715 720 721 723 724 728 729 730 731 732 733 735 737 739 740 744 745 748 753 754 755 758 761 762 768 770 774 775 777 778 779 780 784 785 786 787 788 792 796 797 798 799 801 804 807 808 809 811 813 814 815 816 817 818 819 822 826 827 828 829 830 831 835 837 838 840 843 844 845 848 849 851 852 855 856 857 863 864 868 869 871 872 875 876 880 881 884 887 890 894 895 896 902 907 911 912 913 915 916 922 928 929 930 934 935 937 939 941 942 944 947 949 952 953 954 955 957 959 960 961 964 965 966 967 968 970 971 972 973 974 979 980 981 983 984 985 987 989 991 992 994 995 997 998 999
round1_screening,B84,1000,3-0.75-P,1,364606,751,0 1 2 3 6 7 8 9 10 11 12 13 14 15 16 19 20 22 24 25 26 28 29 30 31 32 33 34 35 37 38 39 40 41 43 44 45 46 47 48 49 50 51 53 54 55 56 58 59 60 62 66 67 68 71 72 73 74 75 76 77 79 80 82 83 84 86 87 88 89 90 91 94 95 96 97 98 99 100 101 102 104 107 108 111 113 116 117 118 119 121 122 123 125 127 128 129 130 131 132 133 134 135 136 137 138 139 141 142 146 147 149 150 151 153 154 155 156 157 159 160 162 165 166 167 170 171 172 174 175 176 178 179 180 181 182 183 184 185 186 189 190 191 192 195 196 197 198 200 203 204 205 207 208 209 210 211 212 213 214 215 217 220 221 222 223 224 225 226 227 229 230 231 232 233 235 237 238 239 242 243 244 245 247 248 249 250 251 252 253 256 257 258 260 261 262 263 264 265 267 268 271 273 275 276 277 278 279 280 281 283 285 286 287 288 289 290 291 292 293 294 296 297 298 299 300 302 304 306 308 309 311 312 313 314 316 318 319 320 321 322 324 325 327 328 329 330 331 332 333 334 336 337 338 340 341 343 344 347 348 349 350 351 354 356 357 358 359 360 361 362 363 365 367 371 372 373 374 375 377 378 379 380 381 382 383 384 385 386 387 389 390 391 392 393 395 396 397 398 399 400 402 403 404 405 406 407 408 409 410 413 414 415 418 420 422 424 425 426 427 429 430 431 432 433 434 435 436 438 440 441 442 444 445 446 447 448 449 450 451 452 453 454 455 456 457 458 459 460 461 463 466 468 469 470 471 472 473 475 476 481 482 483 485 486 487 491 492 493 494 495 496 497 499 500 501 502 503 504 505 506 507 508 509 510 512 513 514 515 516 518 520 521 522 523 524 525 526 527 528 529 530 531 532 533 534 535 537 538 539 540 541 542 543 544 548 549 550 553 554 555 556 557 559 560 561 564 565 566 567 568 570 572 573 574 576 577 579 580 581 582 583 584 585 586 587 588 589 590 591 593 594 595 597 598 599 601 602 603 604 606 608 609 610 613 614 615 616 617 618 619 620 621 623 624 625 626 627 628 629 630 631 632 633 635 636 637 639 640 641 642 643 646 648 649 652 653 654 655 656 657 658 659 660 661 662 664 666 669 671 672 673 674 675 677 678 679 681 682 683 684 686 687 688 689 690 691 692 693 696 698 699 700 701 702 703 704 705 706 707 709 710 711 713 714 716 717 719 722 724 725 726 727 728 729 730 731 732 734 735 737 738 739 740 742 744 745 749 750 752 753 754 755 756 757 758 759 761 762 763 764 765 766 768 769 770 772 773 774 775 777 778 779 782 784 785 786 787 789 790 791 792 794 795 796 797 799 801 802 803 804 805 806 808 809 810 811 812 813 814 815 816 817 818 819 821 822 824 825 826 827 828 832 834 835 836 838 839 842 843 844 846 847 848 849 850 851 852 854 855 857 858 860 861 863 864 865 866 867 868 869 872 875 876 877 878 879 883 884 885 886 887 888 889 891 894 895 897 898 900 902 903 904 905 906 908 909 910 911 912 913 914 915 916 917 918 919 920 921 923 924 926 927 928 929 931 932 934 935 936 938 939 940 941 942 943 944 946 947 948 949 950 952 956 957 958 959 962 965 966 967 968 969 972 973 977 979 982 983 984 986 987 989 990 991 992 993 994 996 997 998
round1_screening,B84,1000,3-0.75-P,2,364707,751,0 1 2 6 7 8 9 10 11 12 13 14 15 16 19 20 22 24 25 26 28 29 31 32 33 34 35 36 37 38 39 40 41 43 44 45 46 47 48 49 50 51 53 54 55 56 58 59 60 66 67 68 69 70 71 72 73 74 75 76 77 79 80 81 82 83 84 86 87 88 89 90 91 94 95 96 97 98 100 101 102 103 104 107 108 111 113 116 117 118 119 121 122 123 125 127 128 129 130 131 132 133 134 136 137 139 141 144 146 147 149 150 151 153 154 155 156 157 159 160 162 163 164 165 166 167 170 171 172 174 175 176 179 180 181 182 183 184 185 186 189 190 191 192 195 196 197 198 200 201 203 204 205 207 208 209 210 211 212 213 214 215 217 220 221 222 223 224 225 226 227 229 230 231 232 233 235 238 239 240 242 243 244 245 247 248 249 251 252 253 256 258 259 260 261 262 263 264 265 267 268 271 272 273 275 276 277 278 279 280 281 283 285 286 287 288 289 291 292 293 294 296 297 298 299 300 302 304 306 308 309 311 312 315 316 318 319 320 321 322 324 325 327 328 329 330 331 332 333 334 336 337 338 340 341 343 344 347 349 350 351 352 354 356 357 358 359 360 361 362 363 365 367 369 370 371 372 373 374 375 377 378 379 380 381 382 383 384 385 386 387 390 391 392 393 394 395 396 397 398 399 400 402 403 404 405 406 407 408 409 410 411 412 413 414 415 418 420 421 422 424 425 426 427 429 430 431 432 433 434 435 436 438 440 441 442 444 445 446 447 448 449 450 451 452 453 454 455 456 457 458 459 460 461 466 468 469 470 471 472 473 474 475 476 479 481 482 483 485 486 487 491 492 493 494 495 496 497 499 500 501 502 503 504 505 506 507 508 509 510 511 512 513 514 515 516 518 521 522 523 524 525 526 527 528 529 530 531 532 533 534 535 538 539 542 543 544 545 548 549 550 553 555 556 557 559 560 563 564 565 566 567 568 570 571 572 573 574 576 579 580 581 582 583 584 585 586 587 588 589 590 591 593 595 597 598 599 601 602 603 604 606 607 608 609 610 613 614 615 616 617 619 620 621 623 624 625 626 627 628 629 630 631 632 633 634 635 636 637 639 640 641 642 643 644 646 648 649 651 652 653 654 655 656 657 658 659 660 661 662 664 666 671 672 673 674 675 677 679 681 682 683 686 687 688 689 690 691 692 693 694 696 698 699 700 701 702 703 704 706 707 709 710 711 713 715 717 719 722 723 724 725 726 727 728 729 730 731 732 734 735 737 738 739 740 742 744 745 749 750 752 753 754 755 756 757 758 759 763 764 765 768 769 770 772 773 774 777 779 782 784 785 786 787 789 790 791 792 793 794 795 796 797 799 801 802 803 804 805 806 808 809 810 811 812 813 815 816 817 818 819 821 822 824 825 826 827 828 832 834 835 836 838 839 842 843 844 846 847 848 849 850 852 854 855 857 858 860 861 862 863 864 865 866 867 869 872 875 876 877 878 879 883 884 885 886 887 888 889 890 891 892 894 897 898 899 900 902 903 904 905 906 908 909 910 911 912 913 914 916 917 918 919 920 921 923 924 926 927 928 929 931 932 934 935 938 939 940 941 942 943 944 946 947 948 949 950 951 952 953 956 957 958 959 961 962 963 966 967 968 969 972 973 975 976 979 980 982 983 984 985 986 987 989 990 991 992 993 994 996 997
round1_screening,swap,500,3-0.25-P,1,77105,128,1 10 11 19 20 23 25 28 32 39 43 45 53 56 72 73 78 90 91 92 97 101 103 107 112 114 117 121 124 125 131 134 143 144 145 146 147 150 151 154 156 157 161 165 167 169 178 181 183 184 190 195 196 197 207 211 213 218 222 231 234 244 253 257 258 263 268 274 279 282 286 287 290 291 293 296 297 298 303 304 308 309 311 316 321 322 323 324 325 327 329 333 339 344 346 347 351 352 356 358 368 370 379 388 395 399 404 406 413 421 425 430 433 435 438 440 451 457 458 462 468 473 481 487 488 491 494 499
round1_screening,swap,500,3-0.25-P,2,77100,128,9 10 19 23 25 28 32 37 39 43 53 56 69 71 78 81 90 91 92 97 101 103 107 112 117 121 123 131 134 143 144 145 146 147 149 154 155 156 165 167 169 181 184 190 195 197 198 201 207 213 222 231 244 253 257 258 263 268 269 274 276 279 282 286 287 291 293 295 296 297 298 303 304 308 309 310 311 316 319 320 321 322 323 325 327 329 333 339 346 347 352 356 358 368 370 377 379 386 388 395 399 404 406 407 408 413 416 421 422 424 429 430 433 435 438 451 453 458 462 465 468 473 481 487 488 491 494 499
round1_screening,swap,500,8-0.5-M,1,82341,250,1 4 6 8 12 13 14 15 17 21 22 26 27 30 34 35 36 38 40 41 42 43 44 45 49 50 55 61 62 65 66 67 69 73 75 78 84 85 87 88 89 93 94 95 96 97 101 102 104 105 107 110 112 113 116 117 121 122 124 129 131 132 133 134 135 137 139 141 142 154 155 158 162 163 164 165 166 167 168 169 170 171 172 173 174 175 176 178 179 181 184 185 186 187 188 189 191 196 197 199 201 202 203 204 205 206 209 210 212 216 221 225 227 229 232 233 234 236 237 238 239 242 247 249 251 254 258 262 263 268 270 273 274 278 280 281 282 283 284 286 290 291 292 293 294 299 301 303 304 305 308 312 313 314 318 319 321 322 323 326 333 334 336 339 340 341 343 344 345 346 348 350 351 354 357 359 360 363 364 365 368 369 370 371 374 375 376 383 387 388 390 391 392 393 394 396 397 398 400 402 403 405 407 411 412 413 414 418 419 420 423 424 426 431 434 435 436 437 438 439 440 441 445 448 449 450 453 454 457 458 461 466 467 468 470 471 472 475 476 479 480 484 485 487 488 490 491 492 493 499
round1_screening,swap,500,8-0.5-M,2,82599,250,1 4 6 10 12 13 15 17 21 22 27 30 31 32 34 35 36 38 40 41 42 43 44 45 49 50 55 61 65 66 67 69 73 74 75 78 84 85 87 88 89 93 94 95 97 100 101 102 104 105 107 110 112 113 116 117 119 121 122 124 129 130 131 132 133 134 135 137 139 141 149 150 155 162 163 164 165 166 168 169 170 171 172 173 174 175 176 178 179 182 184 185 186 188 189 191 194 195 196 197 199 201 202 203 204 205 206 209 210 212 216 221 225 227 229 232 233 234 236 237 238 239 242 247 249 251 254 258 261 262 263 268 270 274 278 280 281 282 283 284 286 290 291 292 293 294 300 301 303 304 305 308 312 313 314 316 318 319 321 322 326 330 333 334 336 339 340 341 343 344 345 346 348 349 350 351 353 354 357 359 360 363 364 365 368 369 370 371 374 375 376 383 387 388 390 391 392 393 394 397 398 400 401 402 403 405 411 412 413 414 418 419 420 423 424 426 431 434 435 436 438 439 440 441 445 446 448 449 454 457 458 461 466 467 468 470 471 472 475 476 479 480 484 485 487 490 491 492 493 499
round1_screening,swap,500,13-0.75-M,1,87146,375,0 2 4 6 7 8 10 12 13 14 15 16 17 21 22 23 25 26 27 28 30 31 32 34 35 36 37 38 40 41 42 43 44 45 46 48 49 50 51 53 54 55 57 58 60 61 62 63 65 66 67 69 72 73 74 75 76 77 78 80 82 84 85 87 88 89 93 94 95 96 97 99 100 101 102 103 104 105 107 108 110 112 113 114 115 116 117 119 120 121 122 124 126 128 129 130 131 132 133 134 135 136 137 139 140 141 142 144 146 148 149 150 152 154 155 158 159 162 163 164 165 166 167 168 169 170 171 172 173 174 175 176 177 178 179 181 182 184 185 186 187 188 189 190 191 194 195 196 197 199 200 201 202 203 205 206 209 210 212 215 216 219 221 222 223 225 227 229 232 233 234 236 237 238 239 240 241 242 244 247 249 250 251 252 253 254 256 259 261 262 263 265 267 268 270 272 273 274 276 277 278 280 281 282 283 284 285 286 288 289 290 291 292 293 294 295 297 298 299 300 301 302 303 304 305 306 307 309 311 312 313 314 315 316 318 319 321 322 323 324 326 327 328 330 332 333 334 335 336 337 338 339 340 341 343 344 345 346 348 349 350 351 352 353 354 355 356 357 358 359 360 361 362 363 364 365 366 368 369 370 371 372 374 375 376 377 378 380 381 383 385 387 388 390 391 392 393 394 396 397 398 400 401 402 403 405 406 409 410 411 413 414 416 417 418 419 420 422 423 424 426 427 430 431 434 435 436 437 438 439 440 441 442 443 444 445 446 448 449 450 451 453 454 457 458 459 461 462 464 465 466 467 468 469 470 472 474 475 476 478 479 480 482 483 484 485 486 487 488 490 491 492 493 497 499
round1_screening,swap,500,13-0.75-M,2,87095,375,0 2 4 6 10 12 13 14 15 16 17 21 22 23 25 27 28 30 31 32 34 35 36 37 38 40 41 42 43 44 45 48 49 50 51 52 53 54 55 57 58 60 61 62 63 65 66 67 69 71 73 74 75 76 77 78 80 82 84 85 87 88 89 93 94 95 96 97 99 100 101 102 104 105 107 108 110 111 112 113 116 117 118 119 120 121 122 124 126 128 129 130 131 132 133 134 135 136 137 139 140 141 142 144 146 148 149 150 154 155 158 162 163 164 165 166 167 168 169 170 171 172 173 174 175 176 177 178 179 181 184 185 186 187 188 189 191 192 194 195 196 197 199 200 201 202 203 204 205 206 208 209 210 212 216 219 221 222 223 224 225 227 229 232 233 234 236 237 238 239 240 241 242 244 247 249 250 251 252 253 254 256 259 261 262 263 265 266 267 268 269 270 273 274 276 277 278 280 281 282 283 284 285 286 288 289 290 291 292 293 294 295 297 298 299 300 301 302 303 304 305 306 307 309 310 311 312 313 314 315 316 318 319 320 321 322 323 324 326 327 328 330 332 333 334 336 337 338 339 340 341 343 344 345 346 348 349 350 351 352 353 354 355 356 357 358 359 360 361 362 363 364 366 368 369 370 371 372 374 375 376 378 380 381 382 383 385 387 388 390 391 392 393 394 396 397 398 400 401 402 403 405 406 409 410 411 413 414 416 417 418 419 420 422 423 424 426 427 430 431 434 435 436 437 438 439 440 441 442 443 444 445 446 448 449 450 451 453 454 457 458 459 461 462 463 464 465 466 467 468 469 470 471 472 474 475 476 478 479 480 481 482 483 484 485 486 487 488 490 491 492 493 494 497 499
round1_screening,swap,1000,5-0.25-M,1,35020,248,2 4 10 17 19 20 22 28 35 38 41 46 49 57 60 65 69 74 77 82 85 90 91 93 96 97 103 106 112 116 118 122 131 141 142 147 150 154 156 160 161 170 174 175 177 178 181 184 191 192 195 197 203 205 207 213 223 226 230 233 234 237 243 245 246 248 249 254 257 264 268 271 276 277 283 289 290 299 300 301 302 303 305 306 312 316 324 326 330 339 340 343 348 349 350 351 357 362 366 369 370 380 386 389 391 401 402 412 413 415 418 422 426 427 428 430 440 444 448 451 453 454 459 466 469 473 478 480 486 495 497 501 503 507 511 514 519 521 522 525 526 540 541 544 547 548 550 553 556 567 585 586 587 600 606 609 615 623 628 630 632 633 635 637 645 646 648 655 657 674 678 687 688 689 690 693 695 698 702 712 715 720 724 729 736 740 741 746 749 752 753 756 759 765 769 774 775 783 785 792 793 797 802 806 808 810 813 814 822 838 841 844 846 854 857 868 871 878 883 884 888 892 896 897 899 900 905 907 921 925 927 928 931 932 940 942 947 953 959 963 967 970 981 983 986 989 990 994
round1_screening,swap,1000,5-0.25-M,2,34385,248,2 4 10 17 19 20 25 28 35 38 41 45 46 47 49 57 60 61 65 74 80 82 85 90 93 96 97 103 104 106 112 116 118 122 141 147 149 150 154 160 161 174 175 181 184 191 192 197 203 205 213 223 225 230 233 234 237 238 243 245 246 248 249 254 257 264 267 271 276 277 283 289 290 293 299 300 301 303 305 306 316 323 324 326 334 339 340 343 348 349 351 362 366 368 369 370 386 389 391 399 401 402 411 412 415 416 418 419 422 424 427 428 430 440 444 448 451 452 453 454 459 466 469 473 480 486 495 497 503 507 511 518 519 525 526 536 540 541 544 550 553 556 565 567 580 582 587 600 601 602 605 606 609 615 617 628 632 633 635 639 641 645 646 648 655 657 661 674 678 687 688 690 691 693 695 698 702 712 715 722 725 729 730 738 740 741 746 749 752 753 756 759 763 764 769 773 774 775 783 784 785 789 793 797 806 808 810 813 814 817 822 823 838 841 844 846 854 857 866 868 869 878 880 883 886 888 891 897 900 905 907 909 921 925 928 931 940 942 947 953 960 963 967 981 983 986 989 994
round1_screening,swap,1000,4-0.5-M,1,51165,498,0 1 4 6 8 9 11 12 13 14 19 21 23 25 28 31 33 34 35 36 37 39 41 42 43 46 47 49 52 53 57 59 60 61 62 63 65 66 69 72 75 79 80 82 86 87 89 90 91 93 94 95 96 100 102 105 106 109 113 115 116 118 122 124 125 126 127 128 129 131 132 133 135 136 137 138 139 140 142 144 145 151 153 156 161 162 163 165 166 167 171 172 177 179 180 182 183 184 186 189 191 195 196 197 198 200 204 205 208 209 212 213 214 218 219 221 222 223 224 228 229 236 237 238 241 243 244 246 248 250 252 257 259 260 263 264 266 267 269 272 273 277 278 282 283 285 287 288 289 290 291 292 294 298 304 305 306 311 312 315 317 318 321 322 323 326 327 328 331 333 336 338 339 342 343 344 345 346 347 348 351 353 354 355 357 358 364 366 367 369 371 372 376 380 381 382 384 385 388 389 401 405 407 408 411 412 415 416 417 419 420 421 422 423 427 428 431 433 434 439 440 441 443 444 445 450 451 453 456 460 461 462 463 465 466 468 469 470 473 474 482 483 484 485 487 488 495 496 500 501 507 509 510 513 515 516 517 519 521 524 525 531 533 534 536 537 542 543 544 545 548 549 551 552 556 557 559 561 562 563 567 568 569 572 573 574 575 578 579 586 587 588 590 593 594 595 597 599 600 604 607 609 610 611 612 614 616 617 618 619 621 622 623 626 627 628 633 636 639 640 644 645 647 649 652 654 655 659 660 661 662 667 668 669 672 673 677 678 680 683 684 688 689 691 692 695 698 700 702 705 711 715 720 721 723 724 728 729 730 731 732 733 735 739 740 745 746 748 753 754 755 758 761 762 765 768 769 770 774 775 777 778 779 780 781 783 784 785 786 787 788 790 792 796 797 798 799 801 802 804 807 808 811 813 815 817 818 819 822 826 828 829 830 831 833 835 838 840 843 844 845 849 851 852 855 856 857 863 864 866 868 871 872 875 876 878 880 881 884 887 888 890 895 896 902 907 908 911 912 913 915 916 921 922 928 929 930 934 935 937 939 944 947 949 952 953 954 955 957 959 960 961 964 965 967 968 970 971 972 973 974 978 979 980 981 983 984 985 987 990 991 992 993 994 995 997 998 999
round1_screening,swap,1000,4-0.5-M,2,50505,499,0 1 4 6 7 8 11 13 14 17 19 20 21 25 28 31 33 34 35 39 41 42 43 46 47 49 52 53 57 59 62 63 65 66 69 70 72 75 79 80 82 85 86 87 89 90 93 94 95 96 100 106 109 113 116 118 119 120 122 124 125 127 128 129 131 132 133 134 135 136 137 138 139 140 142 144 145 153 154 156 158 161 162 163 165 166 167 171 172 177 179 180 182 183 184 185 186 189 191 195 196 197 198 200 204 205 206 208 209 211 212 213 214 218 219 221 222 223 224 225 228 229 236 237 238 240 241 242 243 244 246 248 250 252 254 257 259 260 263 264 266 267 269 272 273 277 278 282 283 285 287 288 289 290 291 292 294 298 300 304 305 306 312 317 318 319 320 321 322 323 326 327 331 333 338 339 342 343 345 346 347 348 351 353 354 355 357 362 364 367 369 372 376 378 380 381 382 383 384 385 388 396 401 405 407 408 411 412 415 416 417 419 420 421 422 423 427 428 430 431 434 439 440 441 443 444 445 450 451 453 456 460 461 462 463 464 465 468 469 470 473 474 481 482 483 484 485 487 488 495 496 499 500 501 507 509 510 513 515 516 517 519 521 524 525 531 533 534 536 537 542 543 544 545 549 551 552 554 556 557 559 561 562 563 567 568 569 572 573 574 575 578 579 586 587 588 590 593 594 595 597 600 604 606 607 610 612 614 617 618 619 621 622 623 626 627 628 629 633 634 636 639 640 644 645 647 649 651 654 655 659 660 661 667 668 669 670 672 673 677 678 680 683 684 685 688 689 690 691 692 695 696 698 700 702 703 705 711 720 721 723 724 730 731 732 733 734 735 739 740 744 745 746 753 754 755 758 762 765 768 769 770 775 777 778 780 781 784 785 786 787 788 790 792 796 797 798 799 801 804 807 808 810 811 813 814 815 816 817 822 826 827 828 829 830 831 833 835 837 838 839 840 843 844 845 849 851 852 854 855 856 857 864 867 868 871 872 875 876 878 880 881 884 887 888 889 890 894 895 896 902 907 911 912 913 915 916 921 928 929 930 934 935 937 939 941 942 944 947 949 952 953 954 955 957 959 960 961 964 965 966 967 968 971 972 973 979 980 981 983 984 985 991 992 993 995 997 998 999
round1_screening,swap,1000,3-0.75-P,1,364286,750,0 1 2 3 6 7 8 9 10 11 12 13 14 15 16 19 20 22 24 25 26 27 28 29 31 32 33 34 35 37 38 39 40 41 43 44 45 46 47 48 49 50 51 53 54 55 56 58 59 60 62 66 67 68 69 70 72 73 74 75 76 77 79 80 83 86 87 88 89 90 91 94 95 96 97 98 100 101 102 103 107 108 110 111 113 116 117 118 119 121 122 123 124 125 127 128 129 130 131 132 133 134 136 137 139 140 141 144 146 147 149 150 151 153 154 155 156 157 159 160 162 163 164 165 166 167 170 171 172 174 176 179 180 181 182 183 184 186 189 190 191 192 194 195 196 197 198 200 201 203 204 205 207 208 209 210 212 213 214 215 217 218 220 221 222 223 224 225 226 227 228 229 230 231 232 233 235 238 239 242 243 244 245 247 248 249 250 251 252 253 256 257 258 260 261 262 263 264 265 267 268 271 273 275 276 277 278 279 280 281 283 285 286 287 288 289 290 291 293 294 296 297 298 299 300 302 306 308 309 311 312 313 315 316 318 319 320 321 322 324 325 327 328 329 330 331 332 333 334 336 337 338 339 341 343 344 347 348 349 350 351 352 354 356 357 358 359 360 361 362 363 364 365 367 371 372 373 374 375 377 378 379 380 382 383 384 385 386 387 388 389 390 391 392 393 395 396 397 398 400 402 403 404 405 406 407 408 409 410 412 413 414 415 418 420 421 422 424 425 426 427 429 430 431 432 433 434 435 436 438 440 441 442 443 444 446 447 448 449 450 451 452 453 454 455 456 457 458 459 460 461 463 465 466 469 470 471 472 473 474 475 476 478 481 482 483 485 486 487 491 492 493 494 496 497 499 500 501 502 503 504 505 506 507 508 509 510 511 512 513 514 515 516 518 520 521 522 523 524 525 526 528 529 530 531 532 533 534 535 539 540 542 543 544 548 549 550 553 554 555 556 557 559 560 561 563 564 565 566 567 568 570 571 572 573 574 576 579 580 581 582 583 584 585 586 587 588 589 590 591 593 594 595 597 598 599 601 602 603 604 606 608 609 610 612 613 614 615 616 619 620 621 623 624 625 626 627 628 629 630 631 633 634 635 636 637 639 640 641 642 643 646 648 649 651 652 653 654 655 656 657 658 659 660 661 662 664 666 667 671 672 673 674 677 679 681 682 683 684 686 687 688 689 690 691 692 693 694 696 698 699 700 701 703 704 705 706 709 710 711 713 714 716 717 719 722 723 724 725 726 727 728 729 730 731 732 734 735 736 737 738 739 740 742 744 745 749 750 752 753 754 755 756 757 758 759 763 764 765 768 769 770 773 774 775 777 779 782 784 785 786 787 788 789 790 791 792 794 795 796 797 799 801 802 803 804 805 806 808 809 810 811 812 813 814 815 816 817 818 819 820 821 822 824 825 826 827 828 834 835 836 838 839 842 843 844 846 848 849 850 852 854 855 857 858 860 861 862 863 864 865 866 867 868 869 872 874 875 876 877 878 879 880 883 884 885 886 887 888 890 891 892 894 895 897 898 900 902 903 904 905 906 907 908 909 910 911 912 913 914 915 916 918 919 920 923 924 926 927 928 929 930 931 932 934 935 938 939 940 941 942 943 944 946 947 948 949 950 952 956 957 958 959 962 963 964 965 966 967 968 969 972 973 977 979 980 982 983 984 986 987 988 989 990 991 992 993 994 996 997
round1_screening,swap,1000,3-0.75-P,2,364276,749,0 1 2 3 6 7 8 9 10 12 13 14 15 16 20 22 24 25 26 28 29 31 32 33 34 35 37 38 39 40 41 43 44 45 46 47 48 49 50 51 53 54 55 56 58 59 60 62 66 67 68 72 73 74 75 76 77 79 80 81 86 87 88 89 90 91 94 95 96 97 98 100 101 102 103 105 107 108 111 113 116 117 118 119 121 122 124 125 127 128 129 130 131 132 133 134 136 137 139 141 144 146 147 149 150 151 153 154 155 156 157 159 160 162 165 166 167 170 171 172 174 176 178 179 180 181 182 183 184 185 186 189 190 191 192 195 196 197 198 200 201 203 204 205 207 208 209 210 211 212 213 214 215 217 218 219 220 221 222 223 224 225 226 227 228 229 230 231 232 233 235 238 239 242 243 244 245 247 248 249 250 251 252 253 256 257 258 260 261 262 263 264 265 267 268 271 272 273 275 276 277 278 279 280 281 283 285 286 287 288 289 291 293 296 297 298 299 300 301 302 304 306 308 309 310 311 312 313 314 315 316 318 319 320 321 322 325 327 328 329 330 332 333 334 336 337 338 339 340 341 343 344 347 348 349 350 351 352 354 356 357 358 359 360 361 362 363 364 365 367 370 371 372 373 374 375 377 378 379 380 382 383 384 385 386 387 388 389 390 391 392 393 395 396 397 398 399 400 402 403 404 405 406 407 409 410 412 413 414 415 418 419 420 421 422 424 425 426 427 429 430 431 432 433 434 435 436 438 440 441 442 444 445 446 447 448 449 450 451 452 453 454 455 456 457 458 459 460 461 463 466 468 469 470 471 472 473 474 475 476 478 481 482 483 485 486 487 489 491 492 493 494 495 496 497 499 501 502 503 504 505 506 507 508 509 510 511 512 513 514 515 516 518 521 522 523 524 525 526 527 528 529 530 531 532 533 534 538 539 540 542 543 544 546 548 549 550 552 553 554 555 556 557 559 560 561 563 564 565 566 567 568 570 571 572 573 574 576 579 580 581 582 583 584 585 586 587 588 589 590 591 593 594 595 597 598 599 601 602 603 604 606 608 609 610 612 613 614 615 616 619 620 621 623 624 625 626 627 628 629 630 631 632 633 634 635 636 637 639 640 641 642 643 646 648 649 651 652 654 655 656 657 658 659 660 661 662 664 666 667 671 672 673 674 675 677 678 679 681 682 683 684 686 687 688 689 690 691 692 693 694 696 698 699 700 701 702 703 704 706 707 710 711 713 714 715 716 717 719 720 722 723 724 725 726 727 728 729 730 731 732 734 735 736 737 738 740 742 744 745 749 750 752 753 754 755 756 757 758 759 763 764 765 768 769 770 772 773 774 775 777 778 779 782 784 785 786 787 788 789 790 791 792 794 795 796 797 799 801 802 803 804 805 806 808 809 810 811 812 813 814 815 816 817 819 821 822 824 825 827 828 832 834 835 836 838 839 842 843 844 846 847 848 849 850 852 854 855 856 857 858 861 862 863 864 865 866 867 869 872 873 875 876 877 878 879 883 884 885 886 887 888 891 892 894 895 897 898 899 900 902 903 904 905 906 908 909 910 911 912 913 914 915 916 918 919 920 921 923 924 926 927 928 929 931 932 934 935 938 939 940 941 942 943 944 946 947 948 949 950 952 956 957 958 959 962 965 966 967 968 969 972 973 974 977 979 980 982 983 984 986 987 989 990 991 992 993 996 997
round1_screening,T03,500,3-0.25-P,1,77195,128,10 19 20 23 25 28 32 39 43 53 56 71 78 81 86 90 91 92 97 101 103 107 112 117 121 123 124 131 134 143 144 145 146 147 149 151 154 161 165 167 169 179 183 184 187 190 195 197 201 207 213 216 222 237 243 244 253 257 258 263 268 269 274 275 279 280 282 283 284 286 287 290 291 293 296 297 298 302 304 311 316 322 323 325 327 329 334 339 346 347 351 352 356 358 368 370 377 379 386 388 395 404 406 413 416 421 425 426 429 430 433 435 438 440 451 453 457 458 462 465 473 478 481 487 488 491 494 499
round1_screening,T03,500,3-0.25-P,2,77242,129,10 19 20 23 25 27 28 32 39 43 45 53 56 60 69 71 73 78 90 91 92 97 103 107 112 114 117 121 131 133 134 143 144 145 146 147 151 154 156 161 165 167 169 172 177 183 187 190 195 197 201 207 213 215 218 222 223 231 244 250 253 257 263 266 268 269 274 282 283 284 286 287 290 291 293 296 297 298 302 303 304 309 311 316 320 322 323 325 327 329 333 339 346 347 351 352 356 368 370 376 377 379 388 391 395 399 403 404 406 413 429 430 433 435 438 451 453 457 458 462 463 465 473 481 487 488 491 494 499
round1_screening,T03,500,8-0.5-M,1,82429,250,1 4 6 10 12 13 14 15 17 21 22 27 34 35 36 38 40 41 42 43 44 45 49 50 55 61 65 67 69 73 75 78 82 84 85 87 88 89 94 95 97 101 102 104 107 110 112 113 116 117 119 121 122 124 129 130 131 132 133 134 135 137 139 141 142 155 158 162 163 164 165 166 168 169 170 172 173 174 175 176 178 179 184 185 186 188 189 191 194 195 196 197 199 201 202 203 204 205 206 209 210 212 216 221 222 225 227 229 232 233 234 236 237 238 239 241 242 247 249 251 254 258 261 262 263 268 270 274 278 280 281 282 283 284 286 290 291 292 294 295 299 300 301 303 304 305 308 312 313 314 316 318 319 321 322 323 326 333 334 336 339 340 341 343 344 345 346 348 349 350 351 354 357 359 360 363 364 365 368 369 370 371 374 375 376 383 387 388 390 391 392 393 394 396 397 398 400 402 403 405 407 411 412 413 414 418 419 420 421 423 424 426 431 434 435 436 437 438 439 440 441 445 446 448 449 450 454 457 458 461 466 467 468 470 471 472 475 476 479 480 482 484 485 487 488 490 491 493 495 499
round1_screening,T03,500,8-0.5-M,2,82545,251,1 4 6 8 10 12 13 14 15 17 21 22 27 31 33 34 35 36 38 40 41 42 43 44 45 49 50 55 61 62 65 66 67 69 73 74 75 76 78 84 85 87 88 89 93 94 95 97 101 102 104 105 107 110 112 113 116 117 119 121 122 124 127 129 130 131 132 133 134 135 137 139 141 149 155 162 163 164 165 166 168 169 170 172 173 174 175 176 179 184 185 186 191 194 195 196 197 199 201 202 203 204 205 206 209 210 212 216 221 225 227 229 232 233 234 236 237 238 239 242 247 249 251 254 258 261 262 263 267 270 274 277 278 280 281 282 283 284 286 290 291 292 293 294 300 301 303 304 305 308 312 313 314 316 318 319 321 322 326 333 334 336 339 340 341 343 344 345 346 348 349 350 351 354 357 358 359 360 363 364 365 368 369 371 374 375 376 383 387 388 390 391 392 393 394 396 397 398 400 402 403 405 411 412 413 414 418 419 420 421 423 424 426 431 434 435 436 437 438 439 440 441 443 445 446 448 449 450 453 454 457 458 461 466 467 468 471 472 476 479 480 482 484 485 487 488 490 491 492 493 499
round1_screening,T03,500,13-0.75-M,1,87116,375,0 2 4 6 10 12 13 14 15 16 17 21 22 23 25 26 27 28 29 30 31 32 34 35 36 37 38 40 41 42 43 44 45 48 49 50 51 52 53 54 55 57 58 60 61 62 63 64 65 66 67 69 71 73 74 75 76 77 78 80 82 84 85 87 88 89 93 94 95 96 97 99 100 101 102 103 104 105 107 108 110 112 113 116 117 119 120 121 122 124 126 128 129 130 131 132 133 134 135 136 137 139 140 141 142 144 146 148 149 150 154 155 157 158 162 163 164 165 166 167 168 169 170 171 172 173 174 175 176 177 178 179 180 181 182 184 185 186 187 188 189 191 192 194 195 196 197 199 200 201 202 203 204 205 206 208 209 210 212 216 219 221 222 224 225 227 229 232 233 234 236 237 238 239 240 241 242 244 247 249 250 251 252 253 254 256 258 259 261 262 263 265 267 268 269 270 272 273 274 276 277 278 280 281 282 283 284 285 286 287 288 289 290 291 292 293 294 295 297 298 299 300 301 303 304 305 306 307 309 310 311 312 313 314 315 316 318 319 321 322 323 324 326 327 330 332 333 334 336 337 338 339 340 341 343 344 345 346 348 349 350 351 352 353 354 355 356 357 358 359 360 361 362 363 364 365 366 368 369 370 371 372 374 375 376 378 380 381 383 385 387 388 390 391 392 393 394 396 397 398 400 401 402 403 405 406 409 410 411 413 414 416 417 418 419 420 422 423 424 426 427 430 431 434 435 436 437 438 439 440 441 442 443 444 445 446 448 449 450 451 453 454 457 458 459 461 464 465 466 467 468 469 470 471 472 474 475 476 478 479 480 481 482 483 484 485 486 487 488 490 491 492 493 497 499
round1_screening,T03,500,13-0.75-M,2,87097,375,0 2 4 6 10 12 13 14 15 16 17 21 22 24 25 26 27 28 29 30 31 32 34 35 36 37 38 40 41 42 43 44 45 48 49 50 51 52 53 54 55 57 58 61 62 63 65 66 67 69 73 74 75 76 77 78 80 82 83 84 85 87 88 89 93 94 95 96 97 99 100 101 102 103 104 105 107 108 110 111 112 113 116 117 118 119 120 121 122 124 126 128 129 130 131 132 133 134 135 136 137 139 140 141 142 144 146 148 149 150 154 155 157 158 159 162 163 164 165 166 167 168 169 170 171 172 173 174 175 176 177 178 179 181 184 185 186 187 188 189 191 194 195 196 197 199 200 201 202 203 204 205 206 207 208 209 210 212 216 219 221 222 223 224 225 227 229 232 233 234 236 237 238 239 240 241 242 244 247 249 250 251 252 253 254 256 257 259 261 262 263 265 266 267 268 270 272 273 274 276 277 278 280 281 282 283 284 285 286 288 289 290 291 292 293 294 295 297 298 299 300 301 303 304 305 306 307 309 311 312 313 314 315 316 318 319 321 322 323 324 326 327 328 330 333 334 336 337 338 339 340 341 343 344 345 346 348 349 350 351 352 353 354 355 356 357 358 359 360 361 362 363 364 365 366 368 369 370 371 372 374 375 376 377 378 380 381 382 383 385 387 388 390 391 392 393 394 396 397 398 400 401 402 403 405 406 409 411 413 414 416 417 418 419 420 422 423 424 426 430 431 434 435 436 437 438 439 440 441 442 443 444 445 446 448 449 450 451 453 454 456 457 458 459 461 462 464 465 466 467 468 469 470 471 472 473 475 476 478 479 480 481 482 483 484 485 486 487 488 490 491 492 493 497 499
round1_screening,T03,1000,5-0.25-M,1,35027,249,2 4 10 15 17 19 20 35 38 41 46 47 49 57 58 60 64 65 69 71 74 77 82 83 85 90 93 97 98 103 106 108 112 116 118 122 131 141 144 147 150 154 160 163 174 175 177 178 181 184 192 197 205 213 230 233 234 237 243 245 246 248 249 254 257 264 267 268 271 283 289 290 295 297 299 300 301 302 303 305 306 312 324 326 334 338 339 340 348 349 350 351 357 362 366 368 369 370 380 386 389 391 401 402 411 412 416 418 422 423 427 428 430 431 440 444 448 451 452 453 454 459 466 469 470 473 476 480 495 497 501 503 507 511 519 521 522 525 526 527 540 541 544 550 553 554 556 563 567 570 585 587 604 605 606 609 615 628 632 633 634 635 637 645 646 648 655 657 674 688 689 690 692 693 695 698 699 702 712 715 720 726 729 730 738 740 741 743 745 746 749 752 753 756 759 765 773 774 775 785 793 802 806 808 810 813 814 817 840 841 844 846 849 850 854 857 859 860 866 868 869 878 883 884 885 896 897 903 905 907 921 925 928 931 932 934 940 942 947 953 960 963 967 981 983 986 989 990 994
round1_screening,T03,1000,5-0.25-M,2,34998,249,2 6 10 17 19 20 22 25 28 35 38 41 47 49 57 60 64 65 69 74 82 83 85 90 93 96 103 106 116 118 122 127 131 141 142 147 150 153 154 160 172 174 175 177 181 184 191 192 197 205 223 225 226 230 233 243 245 246 248 249 250 254 257 264 267 268 271 276 277 283 289 290 293 299 300 301 302 306 311 312 316 324 326 330 338 340 348 349 350 351 357 362 366 368 369 370 380 386 391 399 402 411 412 416 418 422 424 426 427 428 430 432 440 444 446 448 451 453 454 459 469 470 473 476 486 495 497 503 507 511 518 519 525 527 540 541 544 550 553 556 565 567 570 586 587 594 602 605 606 609 615 617 628 632 633 635 645 646 648 655 657 668 674 678 681 686 687 688 689 690 692 693 695 698 699 702 706 709 712 715 722 725 729 730 739 740 741 746 749 752 753 754 756 759 769 774 783 785 789 793 797 799 802 806 810 813 814 828 838 840 841 844 846 854 857 860 868 869 878 881 883 884 885 886 893 897 900 905 907 921 928 931 932 934 937 940 942 947 953 960 963 967 970 981 983 986 988 989 994
round1_screening,T03,1000,4-0.5-M,1,51111,500,0 1 4 6 7 8 11 13 14 19 20 21 28 31 33 34 35 36 37 39 41 42 43 46 47 49 52 53 57 59 60 63 65 66 69 70 72 75 79 80 82 85 86 87 89 90 91 93 94 95 96 100 102 106 109 113 116 118 120 122 124 125 126 127 128 129 131 132 133 136 137 138 139 140 142 143 144 145 153 154 156 161 163 165 166 167 169 171 177 179 180 182 183 184 186 188 189 191 195 196 197 198 200 204 205 208 209 212 213 214 218 219 221 222 223 224 228 229 231 236 237 238 241 243 246 248 250 251 252 257 259 260 263 264 266 267 269 272 273 277 278 282 283 285 286 287 288 289 290 291 292 293 294 298 300 304 305 306 309 311 312 315 317 318 319 320 322 323 326 327 333 338 339 342 343 345 346 347 348 351 353 354 355 357 358 362 364 367 369 371 372 376 380 381 382 383 384 385 388 389 391 396 400 401 405 407 408 409 411 412 415 416 417 420 421 422 423 428 431 434 439 440 441 443 444 445 450 451 453 454 456 460 461 463 465 466 468 469 470 472 473 474 481 482 483 484 485 487 488 495 496 499 500 501 507 509 510 513 515 516 517 519 521 524 525 531 533 534 536 537 542 543 544 545 547 549 552 554 556 557 559 561 562 563 567 568 569 572 573 575 578 579 583 586 587 588 590 593 594 595 597 599 600 604 606 607 610 611 612 614 617 618 619 621 622 623 626 627 628 629 633 635 636 639 640 644 645 647 649 652 654 655 659 660 661 662 664 667 668 669 670 671 672 673 677 678 680 682 683 684 688 689 690 691 695 698 700 702 703 705 711 715 719 721 723 724 728 729 730 731 732 734 735 739 740 745 746 748 753 754 755 758 761 768 769 770 774 775 777 778 780 781 784 785 786 787 788 790 792 796 797 798 799 801 802 804 807 808 811 813 814 815 817 818 819 822 826 828 829 830 831 835 838 840 843 844 845 849 851 852 855 856 857 863 864 866 867 868 871 872 875 876 878 880 881 884 887 888 890 894 895 896 902 907 911 912 913 915 916 921 922 928 929 934 935 937 939 942 944 947 952 953 954 955 957 959 960 961 964 965 968 970 971 972 973 979 980 981 983 984 985 987 990 991 992 994 995 997 998 999
round1_screening,T03,1000,4-0.5-M,2,50915,499,0 1 4 6 7 8 11 12 13 14 17 19 20 21 23 25 28 31 33 34 35 36 39 41 42 43 46 47 49 52 53 57 59 60 61 62 63 65 66 69 72 75 79 80 82 86 87 89 90 93 95 96 100 102 106 109 113 116 118 120 122 125 126 127 128 129 131 132 133 134 136 137 138 139 140 142 144 145 151 153 154 156 158 161 163 165 166 167 169 171 172 176 177 179 180 182 183 184 185 186 189 191 195 196 197 198 200 205 208 209 211 212 214 215 218 219 222 223 225 228 233 236 237 238 241 242 243 246 248 250 252 254 257 259 260 263 264 266 267 269 272 273 275 277 278 282 283 285 286 287 288 289 290 291 292 294 298 300 304 305 306 309 311 312 315 317 318 319 320 322 323 326 327 328 331 333 338 339 342 343 344 345 346 347 348 351 353 354 355 357 358 364 366 367 369 371 372 376 380 381 382 383 384 385 388 389 390 396 401 405 406 407 408 411 412 416 417 419 420 421 422 423 427 428 431 434 439 440 441 443 444 445 450 451 453 456 460 461 463 464 465 468 469 470 474 481 482 483 484 485 488 495 496 500 501 502 507 509 510 513 515 516 517 519 521 524 525 530 531 533 534 536 537 541 542 543 544 545 547 549 551 552 554 556 557 559 561 562 563 567 568 569 572 573 575 578 579 583 586 587 588 590 593 594 595 597 599 600 604 607 610 611 612 614 617 618 619 621 622 623 626 627 628 633 636 639 640 644 645 647 649 651 652 654 655 659 660 661 662 667 668 669 672 673 677 678 680 683 684 688 689 691 692 695 698 700 702 703 705 709 711 715 720 721 723 724 728 729 730 731 732 733 735 739 740 745 746 753 754 755 758 761 766 768 770 774 775 777 778 779 780 781 784 785 786 787 788 790 792 796 797 798 799 801 804 808 809 811 813 814 815 816 817 818 822 826 828 829 830 831 835 838 840 843 844 845 848 849 851 852 855 856 857 864 868 871 872 875 876 878 880 881 884 887 888 890 894 895 896 902 907 911 912 913 915 916 921 922 928 930 934 935 937 939 942 944 947 949 950 952 953 954 955 957 959 960 961 964 965 966 968 970 971 972 973 974 979 980 981 983 984 985 987 991 992 993 995 997 999
round1_screening,T03,1000,3-0.75-P,1,364261,750,0 1 2 6 7 8 9 10 11 12 13 14 15 16 20 22 24 25 26 28 29 31 32 33 34 35 37 38 39 40 41 43 44 46 47 48 49 50 51 53 54 55 56 58 59 60 62 67 68 70 72 73 74 75 76 77 79 80 82 83 86 87 88 89 90 91 95 96 97 98 100 101 102 103 104 107 108 110 111 113 116 117 118 119 121 122 123 125 126 127 128 130 131 132 133 134 136 137 139 141 144 146 147 149 150 151 153 154 155 156 157 158 159 160 162 165 166 167 170 171 172 174 176 178 179 180 181 182 183 184 186 189 190 191 192 195 196 197 198 200 203 204 205 207 208 209 210 212 213 214 215 217 218 220 221 222 223 224 225 226 227 228 229 230 231 232 233 235 236 237 238 239 240 242 243 244 245 247 248 249 251 252 253 256 258 260 261 262 263 264 265 267 268 271 272 273 275 276 277 278 279 280 281 283 285 286 287 288 289 290 291 293 294 296 297 298 300 302 304 306 307 308 309 311 312 313 314 316 318 319 320 321 322 324 325 327 328 329 330 331 332 333 334 336 337 338 339 340 341 343 344 347 349 350 351 352 354 356 357 358 359 360 361 362 363 365 367 368 371 372 373 374 375 377 378 379 380 382 383 384 385 386 387 388 389 390 391 392 393 395 396 397 398 399 400 402 403 405 406 407 408 409 410 412 413 414 415 418 419 420 422 424 425 426 427 429 430 431 432 433 434 435 436 438 440 441 442 444 445 447 448 449 450 451 452 453 454 455 456 457 458 459 460 461 463 466 469 470 471 472 473 474 475 476 478 479 480 481 482 483 485 486 487 488 491 492 493 494 495 496 497 499 500 501 502 503 504 505 506 507 508 509 510 512 513 514 515 516 518 521 522 523 524 525 526 527 528 529 530 531 532 533 534 535 537 539 540 542 543 544 545 546 548 549 550 553 554 555 556 557 559 560 561 564 565 566 567 568 570 571 572 573 574 576 579 580 581 582 583 584 585 586 587 588 589 590 591 593 594 595 597 598 599 601 602 603 604 606 608 609 610 613 614 615 616 617 619 620 623 624 625 626 627 628 629 630 631 632 633 634 635 636 637 639 640 641 642 643 644 646 648 649 651 652 653 654 655 656 657 658 659 660 661 662 664 666 671 672 673 674 675 677 678 679 681 682 683 686 687 688 689 690 691 692 693 694 696 698 699 700 701 702 703 704 706 709 710 711 713 714 715 716 717 719 721 722 723 724 725 726 727 728 729 730 731 732 734 735 736 737 738 739 740 742 744 745 749 750 752 753 754 755 756 757 758 759 762 763 764 765 768 769 770 772 773 774 775 777 779 782 784 785 786 787 789 790 791 792 794 795 796 797 799 801 802 803 804 805 806 808 809 810 811 812 813 814 815 816 817 818 819 821 822 824 827 828 832 834 835 836 838 839 842 843 844 846 847 848 849 850 852 854 855 857 858 860 861 862 863 864 865 866 867 868 869 872 875 877 878 879 880 883 884 885 886 887 888 891 892 894 895 897 898 899 900 902 903 904 905 906 908 909 910 911 912 913 914 915 916 917 918 919 920 921 923 924 926 927 928 929 931 932 934 936 938 939 940 941 942 943 944 946 947 948 949 950 952 953 956 957 958 959 961 962 965 966 967 968 969 970 972 973 977 979 980 982 983 984 985 986 987 989 990 991 992 993 994 996 997 998
round1_screening,T03,1000,3-0.75-P,2,364717,751,0 1 2 3 6 7 8 9 10 11 12 13 14 15 16 19 20 22 24 25 26 28 29 31 32 33 34 35 37 39 40 43 44 45 46 47 48 49 50 51 53 54 55 56 58 59 60 66 67 68 70 72 73 74 75 76 79 80 83 86 87 88 89 90 91 95 96 97 98 100 101 102 103 104 107 108 111 113 116 117 118 119 121 122 124 125 127 128 129 130 131 132 133 134 135 136 137 139 141 144 146 147 149 150 151 153 154 155 156 157 159 160 162 164 165 166 167 170 171 172 176 179 180 182 183 184 185 186 189 190 191 192 195 196 197 198 200 201 203 204 205 206 207 208 209 210 211 212 213 214 215 217 218 220 221 223 224 225 226 227 228 229 230 232 233 235 237 238 239 242 243 244 245 246 247 248 249 251 252 253 256 257 258 260 261 262 263 264 265 267 268 271 273 275 276 278 279 280 281 282 283 285 286 287 288 289 290 291 293 296 297 298 299 300 302 304 306 308 309 310 311 312 313 315 316 318 319 320 321 322 324 325 327 328 329 330 331 332 333 334 336 337 338 340 341 343 344 347 348 349 350 351 352 354 356 357 358 359 360 361 362 363 364 365 367 370 371 372 373 374 375 376 377 378 379 380 381 382 383 384 385 386 387 388 389 390 391 392 393 395 396 397 398 399 400 402 403 404 405 406 407 408 409 410 412 413 414 415 418 419 420 421 422 424 425 426 427 429 430 431 432 433 434 435 436 438 440 441 442 444 445 446 447 448 449 450 451 452 453 454 455 456 457 458 459 460 461 463 466 468 469 470 471 472 473 474 475 476 478 479 480 481 482 483 485 486 487 490 491 492 493 494 496 497 499 501 502 503 504 505 506 507 508 509 510 511 512 513 514 515 516 518 521 522 523 524 525 526 527 528 529 530 531 532 533 534 535 539 540 542 543 544 545 547 548 549 550 553 555 556 557 559 560 561 563 564 565 566 567 568 570 571 572 573 574 576 579 580 581 582 583 584 585 586 587 588 589 590 591 593 594 595 597 598 599 601 602 603 604 606 608 609 610 612 613 614 615 616 619 620 623 624 625 626 627 628 629 630 631 632 633 634 635 636 637 639 640 641 642 643 644 646 648 649 651 652 654 655 656 657 658 659 660 661 662 664 666 671 672 673 674 675 677 678 679 681 682 683 686 687 688 689 690 691 692 693 696 698 699 700 701 703 704 706 707 709 710 711 713 714 715 717 719 721 722 723 724 725 726 727 729 730 731 732 734 735 736 737 738 739 740 742 744 745 749 750 752 753 754 755 756 757 758 759 762 763 764 765 766 768 769 770 772 773 774 775 777 778 779 782 784 785 786 787 788 789 790 791 792 793 794 795 796 797 799 801 802 803 804 805 806 808 809 810 811 812 813 814 815 816 817 818 819 821 822 824 825 826 827 828 832 834 835 836 838 839 842 843 844 846 847 848 849 850 852 854 855 857 858 861 862 863 864 865 866 867 869 872 875 877 878 879 883 884 885 886 887 888 891 892 894 895 897 898 899 900 902 903 904 905 906 907 908 909 910 911 912 913 914 916 918 919 920 921 923 924 926 927 928 929 931 932 934 935 936 939 940 941 942 943 944 946 947 948 949 950 952 953 956 957 958 959 962 965 966 967 968 969 970 972 973 975 977 979 980 981 982 983 984 985 986 987 989 990 991 992 993 994 996 997 998
round1_confirmation,D,500,10-0.5-P,1,141907,253,1 3 4 6 8 9 10 11 12 14 15 19 20 21 23 25 26 27 28 32 33 35 39 42 43 53 56 57 58 60 62 64 65 68 70 71 73 74 78 79 80 81 83 86 90 92 97 101 102 103 107 111 112 114 116 117 121 123 125 127 131 133 134 140 143 144 145 146 147 149 150 151 154 155 156 157 161 165 167 169 170 171 172 173 175 178 179 181 182 183 184 187 190 191 195 196 197 198 199 201 207 208 209 213 215 217 222 223 227 228 231 232 234 236 237 239 241 243 244 248 253 254 255 256 257 258 260 261 263 265 267 268 269 272 274 275 279 280 282 284 286 287 288 290 291 292 293 295 296 297 298 302 304 308 309 310 311 313 315 316 318 319 320 321 322 323 324 325 327 333 334 335 339 340 341 342 344 346 347 349 350 351 352 354 356 357 358 368 370 375 376 377 379 381 384 386 387 388 390 391 392 399 402 403 404 405 406 408 413 416 417 421 424 425 427 428 429 430 433 434 435 436 438 440 448 451 452 453 456 457 458 459 461 462 465 473 477 478 479 481 484 487 488 489 490 491 492 493 494 495 496 498 499
round1_confirmation,D,500,10-0.5-P,2,142060,253,1 3 4 6 8 9 10 11 12 14 15 19 20 22 23 25 26 27 28 30 31 32 33 37 39 43 45 53 56 57 58 60 62 64 65 68 69 71 72 73 74 78 79 80 81 83 86 90 92 93 96 97 101 102 103 105 107 111 112 114 116 117 121 123 125 126 127 131 133 134 140 141 143 144 145 146 147 149 150 151 152 154 155 156 157 161 164 165 167 169 170 171 172 173 175 178 179 181 182 183 184 185 187 190 193 195 196 197 198 201 207 209 213 217 222 223 227 228 231 232 234 239 241 243 244 246 248 249 250 253 254 257 258 260 261 263 265 266 267 268 269 272 274 275 279 282 283 284 285 286 287 288 290 291 292 293 295 296 297 298 304 308 309 310 311 315 316 319 320 321 322 323 324 325 327 330 333 334 335 339 340 341 342 344 346 347 349 351 352 354 356 357 358 368 370 375 376 377 381 386 388 390 391 392 398 399 402 403 404 405 406 408 413 417 421 422 424 425 427 428 429 430 433 434 435 438 440 448 451 453 455 456 457 458 459 462 463 465 467 471 473 477 478 479 481 484 487 491 492 493 494 496 499
round1_confirmation,D,500,10-0.5-P,3,142087,253,1 3 4 6 9 10 11 12 15 19 20 21 23 25 26 27 28 31 32 33 39 43 49 53 56 57 58 60 62 64 65 68 69 70 71 73 74 78 79 80 81 83 86 90 92 93 94 96 97 101 102 103 107 111 112 114 116 117 121 122 123 125 127 131 133 134 140 143 144 145 146 147 149 150 151 152 154 155 156 157 161 165 166 167 169 170 171 172 175 178 179 181 182 183 184 187 190 195 196 197 198 199 201 206 207 208 209 211 213 217 219 222 223 227 228 231 232 234 236 237 239 241 243 244 246 250 253 254 255 256 257 258 260 261 263 265 266 267 268 269 272 274 275 279 280 282 283 284 285 286 287 288 290 291 292 293 295 296 297 298 304 308 310 315 316 318 319 320 321 322 323 324 325 327 330 333 334 335 339 340 341 342 344 346 347 349 351 352 354 356 357 358 368 370 375 376 377 381 386 387 388 390 391 392 398 399 402 403 405 406 408 413 416 417 421 422 424 425 427 428 429 430 433 434 435 438 440 451 453 455 456 457 458 459 462 463 465 467 471 473 478 479 481 484 487 488 491 492 493 494 496 498 499
round1_confirmation,D,500,12-0.75-P,1,194367,377,1 2 3 4 6 8 9 10 11 12 14 15 16 19 20 21 22 23 24 25 26 27 28 32 33 36 37 39 43 44 45 47 48 50 52 53 56 57 58 60 62 63 64 65 66 68 69 70 71 72 73 74 75 76 78 79 80 81 83 84 86 87 89 90 92 93 94 96 97 98 100 101 102 103 104 105 107 108 110 111 112 113 114 115 116 117 120 121 122 123 124 125 127 131 133 134 137 139 140 141 142 143 144 145 146 147 149 150 151 152 153 154 155 156 157 158 161 162 163 164 165 166 167 168 169 170 171 172 173 175 176 178 179 181 182 183 184 185 186 187 188 190 191 193 195 196 197 198 199 200 201 202 206 207 208 209 211 212 213 214 215 217 218 219 221 222 223 226 227 228 231 232 234 235 236 237 238 239 241 243 244 245 246 248 249 250 253 254 255 256 257 258 259 261 263 264 265 266 267 268 269 272 273 274 275 276 278 279 280 281 282 283 284 285 286 287 288 290 291 292 293 295 296 297 298 302 303 304 305 306 308 309 310 311 312 313 314 315 316 317 318 319 320 321 322 323 324 325 326 327 329 330 333 334 335 339 340 341 342 344 346 347 348 349 351 352 354 356 357 358 360 361 365 366 368 370 374 375 376 377 378 379 381 383 384 385 386 387 388 389 390 391 392 395 396 397 398 399 400 402 403 404 405 406 407 408 409 411 413 415 416 417 419 421 422 424 425 426 427 428 429 430 431 432 433 434 435 436 437 438 440 443 446 447 448 450 451 452 453 454 455 456 457 458 459 461 462 464 465 466 467 468 469 470 471 472 473 476 477 478 479 481 482 483 484 485 486 487 488 489 491 492 493 494 495 496 499
round1_confirmation,D,500,12-0.75-P,2,194641,377,1 2 3 4 6 8 9 10 11 12 14 15 19 20 21 22 23 24 25 26 27 28 32 33 36 37 39 43 44 45 47 48 50 53 56 57 58 60 62 63 64 65 66 68 69 70 71 72 73 74 75 76 78 79 80 81 83 84 86 87 90 92 93 94 96 97 98 100 101 102 103 104 106 107 108 110 111 112 113 114 115 116 117 120 121 122 123 124 125 127 131 133 134 137 140 141 142 143 144 145 146 147 148 149 150 151 152 153 154 155 156 157 158 161 162 163 164 165 166 167 168 169 170 171 172 173 174 175 176 178 179 181 182 183 184 185 186 187 188 190 191 193 194 195 196 197 198 199 200 201 202 206 207 208 209 210 211 212 213 214 215 216 217 218 219 221 222 223 226 227 228 229 230 231 232 234 235 236 237 238 239 241 243 244 245 246 248 249 250 251 253 255 256 257 258 259 260 261 263 264 265 266 267 268 269 272 274 275 276 278 279 280 282 283 284 285 286 287 288 290 291 292 293 295 296 297 298 302 303 304 305 306 307 308 309 310 311 312 313 314 315 316 317 318 319 320 321 322 323 324 325 326 327 329 330 332 333 334 335 339 340 341 342 344 346 347 348 349 350 351 352 354 356 357 358 361 366 368 370 374 375 376 377 379 380 381 383 384 385 386 388 389 390 391 392 395 397 398 399 400 402 403 404 405 406 407 408 409 411 413 415 416 417 419 421 422 424 425 426 427 428 429 430 431 432 433 434 435 436 438 440 443 446 447 448 450 451 452 453 454 455 456 457 458 459 461 462 463 464 465 466 467 468 469 472 473 474 477 478 479 481 482 483 484 485 486 487 488 489 490 491 492 493 494 496 498 499
round1_confirmation,D,500,12-0.75-P,3,194400,376,1 2 3 4 6 8 9 10 11 12 14 15 16 19 20 21 22 23 24 25 26 27 28 32 33 36 39 43 44 45 46 47 48 50 53 56 57 58 60 62 63 64 65 66 68 69 70 71 72 73 74 75 76 78 79 80 81 83 84 86 87 89 90 92 93 94 96 97 98 100 101 102 103 104 105 107 108 110 111 112 113 114 115 116 117 120 121 122 123 124 125 127 131 133 134 137 139 140 141 142 143 144 145 146 147 148 149 150 151 152 153 154 155 156 157 158 161 162 163 164 165 167 168 169 170 171 172 173 175 176 178 179 181 182 183 184 185 186 187 188 190 191 193 194 195 196 197 198 199 200 201 202 204 206 207 209 211 212 213 214 215 216 217 218 219 221 222 223 226 227 228 229 231 232 234 235 236 237 238 239 241 243 244 245 246 248 249 250 251 253 255 256 257 258 259 260 261 263 264 265 266 267 268 269 272 273 274 275 276 278 279 280 282 283 284 285 286 287 288 290 291 292 293 295 296 297 298 302 303 304 305 306 308 309 310 311 312 313 314 315 316 318 319 320 321 322 323 324 325 326 327 328 329 330 332 333 334 335 339 340 341 344 346 347 348 349 351 352 354 356 357 358 360 365 366 368 370 374 375 376 377 379 381 383 384 385 386 387 388 389 390 391 392 395 396 397 398 399 400 402 403 404 405 406 407 408 409 411 413 415 416 417 419 421 422 424 425 426 427 428 429 430 431 432 433 434 435 436 438 440 441 443 446 448 450 451 452 453 454 455 456 457 458 459 461 462 464 465 466 467 468 469 472 473 476 477 478 479 480 481 482 483 484 486 487 488 489 490 491 492 493 494 495 496 498 499
round1_confirmation,D,500,2-0.25-M,1,50171,126,4 6 12 13 17 21 31 36 38 41 43 44 55 61 65 67 73 78 85 87 89 93 94 95 101 107 112 116 119 129 135 141 155 162 163 164 165 169 170 171 172 173 175 184 186 191 194 196 206 209 210 221 225 227 229 232 233 236 239 242 249 251 261 270 274 280 281 283 284 286 290 292 294 304 305 312 313 318 319 321 323 333 337 343 344 345 348 350 357 358 359 360 363 368 374 375 383 390 391 393 394 398 400 405 411 414 418 420 424 426 435 436 439 448 454 458 461 466 467 476 479 484 487 490 491 493
round1_confirmation,D,500,2-0.25-M,2,50436,126,6 12 17 21 31 36 38 40 43 44 55 61 65 67 73 78 85 87 89 93 94 95 101 107 110 113 116 121 129 132 135 137 141 150 155 162 163 164 165 166 169 170 171 172 175 184 186 191 194 196 206 209 210 216 221 222 225 227 229 232 233 242 247 249 251 261 270 274 280 281 283 284 292 294 303 304 305 312 313 318 319 321 323 333 343 344 345 348 350 352 354 357 359 360 368 369 374 375 383 390 394 398 400 403 405 411 414 418 420 424 426 431 436 439 448 454 458 461 466 467 476 479 484 491 493 499
round1_confirmation,D,500,2-0.25-M,3,50185,126,6 12 17 21 31 36 38 43 44 50 55 61 65 67 73 78 85 87 89 93 95 97 101 107 112 113 116 121 122 129 135 141 150 155 162 163 164 165 166 169 170 172 173 175 178 184 186 191 196 206 209 210 221 222 225 227 229 232 233 242 249 251 270 274 280 281 283 284 286 290 292 294 303 304 305 312 313 318 319 321 323 334 337 343 344 345 348 350 351 354 357 359 363 368 369 374 375 383 390 393 394 396 398 405 411 414 418 420 424 426 434 435 436 439 454 458 461 466 467 475 476 479 484 491 493 499
round1_confirmation,D,1000,2-0.25-P,1,135192,252,4 5 10 13 16 18 23 36 37 39 40 46 47 50 56 62 64 70 71 73 75 76 86 88 93 102 108 109 111 117 121 124 128 132 135 144 146 147 148 152 159 160 161 166 168 176 179 186 187 190 191 192 201 208 209 211 215 217 223 226 227 233 240 242 246 253 257 259 262 263 268 276 277 281 283 290 292 296 300 306 316 320 321 322 340 343 349 350 352 357 358 360 361 365 368 372 376 378 384 385 386 388 389 390 401 402 406 411 418 419 421 425 428 429 431 454 466 471 472 494 500 501 510 511 515 516 518 520 524 525 530 533 535 546 548 549 557 558 559 560 563 566 581 582 583 585 590 596 600 602 607 611 612 624 631 637 640 649 650 654 659 670 674 677 678 687 698 705 707 709 710 712 714 724 725 727 731 732 738 739 741 747 748 754 755 769 770 771 774 776 777 778 779 782 791 794 796 797 802 803 804 808 813 816 821 822 824 841 842 843 850 854 856 867 869 872 882 885 886 890 891 900 905 910 911 914 917 920 922 923 930 931 934 948 952 962 963 966 967 970 971 973 974 977 983 984 988 990 991 994 997 998
round1_confirmation,D,1000,2-0.25-P,2,135063,252,10 13 16 18 23 37 39 40 46 47 56 58 60 62 65 70 71 73 75 76 79 83 85 102 104 108 109 111 117 118 121 124 128 132 135 144 146 148 152 154 160 161 166 168 176 179 181 187 190 191 199 201 208 209 211 215 217 223 224 225 227 232 233 237 240 243 247 253 257 259 262 263 268 273 277 281 283 290 292 298 300 305 306 316 320 321 322 329 349 350 352 354 358 361 364 372 376 378 384 385 386 388 389 390 395 403 406 411 418 419 421 424 428 429 431 433 454 463 466 470 471 472 493 494 500 510 511 515 516 520 524 525 530 533 535 548 549 551 556 558 559 561 563 566 567 574 582 583 585 586 590 596 600 602 611 612 619 624 631 637 640 649 650 654 659 670 674 677 678 695 705 707 709 712 724 725 727 730 732 738 739 741 746 747 748 754 755 760 769 770 771 774 776 777 778 779 782 791 794 796 797 803 804 806 808 813 814 816 821 827 838 840 841 842 843 854 856 865 867 869 872 876 882 885 886 891 900 905 911 917 919 920 921 922 923 930 931 934 948 962 963 966 970 971 977 985 988 990 991 994 997 998
round1_confirmation,D,1000,2-0.25-P,3,135082,252,10 13 23 37 39 40 41 44 46 54 56 62 66 70 71 73 75 76 79 83 86 102 108 109 111 117 121 124 128 132 135 146 148 152 154 161 166 168 176 179 187 190 191 194 199 201 208 209 211 215 217 223 227 231 233 235 240 243 246 253 257 259 263 268 276 277 279 281 283 290 292 300 305 306 316 320 321 322 325 329 335 349 352 357 358 361 365 376 378 384 385 386 387 388 389 390 402 403 406 411 418 419 421 424 425 426 428 429 439 441 454 456 462 466 470 471 472 475 484 494 500 511 514 515 516 524 530 535 548 550 558 559 561 563 566 574 582 583 585 590 599 600 602 607 609 611 612 628 629 631 637 640 649 650 654 659 661 670 674 677 678 685 687 707 709 712 714 724 725 727 731 732 738 739 741 747 748 754 755 767 769 770 771 774 776 777 779 780 782 785 789 791 792 794 795 796 797 802 803 804 806 813 814 816 821 822 823 841 842 843 849 850 854 856 865 867 869 872 874 882 885 886 891 900 905 908 910 911 917 920 921 922 923 930 931 934 948 962 963 966 970 971 973 977 978 981 988 990 991 994 997 998
round1_confirmation,D,1000,7-0.5-M,1,49199,501,0 8 9 10 11 14 15 17 19 23 24 26 28 31 35 45 46 48 49 50 51 52 53 56 58 59 61 66 68 70 72 73 74 77 80 82 83 84 85 86 87 88 89 91 92 93 98 102 103 104 107 108 115 117 118 123 126 127 128 133 136 139 140 142 144 145 149 151 153 156 157 159 160 164 165 167 169 171 174 176 177 178 179 181 183 184 188 191 192 195 196 197 198 199 200 204 205 207 208 209 212 215 216 217 219 220 225 226 228 231 233 234 235 236 237 239 241 242 243 246 247 249 250 253 254 256 258 259 263 266 267 272 274 278 279 280 281 282 283 286 290 291 292 296 299 302 305 306 307 308 309 310 311 312 313 314 315 316 318 320 321 322 323 324 325 328 330 334 336 337 342 343 344 345 346 347 349 350 351 354 355 357 359 360 361 362 367 370 371 373 375 377 378 380 385 386 387 389 394 395 396 397 399 401 402 403 405 410 412 415 416 417 419 422 423 424 426 428 431 435 436 437 438 439 440 446 447 449 450 451 454 455 461 462 463 467 469 470 471 472 473 474 477 483 484 485 486 490 493 495 497 499 500 502 506 508 510 511 512 513 516 518 519 520 521 522 523 525 531 534 537 541 542 545 547 548 549 551 554 559 562 564 565 570 571 572 576 579 586 587 590 591 592 595 597 599 600 601 602 603 604 605 606 607 608 609 612 614 615 616 621 622 624 625 628 630 631 632 633 635 637 640 641 642 643 645 646 647 650 652 653 654 655 656 659 660 663 666 668 669 671 675 679 681 682 683 684 690 692 695 698 700 704 709 710 711 715 716 718 719 720 721 722 723 724 725 726 727 730 731 733 734 735 736 737 740 741 744 747 752 753 754 755 758 762 765 768 769 770 774 778 779 780 781 784 785 786 787 789 790 791 793 805 806 808 813 814 815 818 819 820 825 828 830 832 833 837 838 840 843 846 847 848 849 850 851 853 857 859 861 862 863 864 868 870 871 875 880 883 888 889 890 894 895 896 897 903 904 906 907 908 910 915 916 917 919 920 922 928 929 930 931 933 934 935 936 937 939 940 942 946 949 950 952 961 962 964 965 966 967 968 973 977 978 979 981 982 983 984 985 986 987 988 991 992 993 994 995 997 998 999
round1_confirmation,D,1000,7-0.5-M,2,49066,500,0 1 4 8 9 10 11 14 15 16 17 19 23 24 26 28 31 35 37 45 46 49 50 51 52 53 56 58 59 61 66 68 69 70 71 73 74 77 80 83 84 85 86 88 89 92 93 98 102 103 104 106 107 108 111 115 117 118 119 123 126 128 132 133 136 137 138 139 140 142 144 145 149 151 153 156 159 162 164 165 169 171 174 176 177 178 179 181 183 184 188 191 192 195 196 198 199 200 204 207 209 212 216 217 219 220 225 226 228 231 232 233 234 235 236 237 239 241 242 243 246 247 249 250 253 254 256 258 259 260 263 266 267 272 274 278 279 280 281 282 283 290 291 292 295 296 297 299 302 305 306 307 309 310 311 312 313 314 315 316 318 320 321 322 323 324 325 326 328 330 336 337 338 343 344 345 346 349 351 357 359 360 361 362 366 367 370 371 373 375 377 378 380 385 386 387 389 392 394 395 396 397 401 402 403 405 410 411 412 415 417 419 422 423 428 431 435 436 437 438 440 443 446 447 449 450 451 454 456 461 462 463 464 467 469 470 471 472 473 474 477 479 483 484 485 490 493 495 497 499 500 502 506 509 510 511 512 513 514 516 518 519 520 521 522 523 525 528 530 531 533 534 535 538 541 542 545 547 548 549 554 557 558 559 564 565 570 571 572 576 579 582 586 587 590 591 592 595 597 600 602 603 604 605 606 607 608 609 612 614 615 616 621 622 624 625 626 628 630 631 633 634 637 640 641 642 643 644 645 646 647 649 650 652 653 654 655 656 657 659 660 663 668 669 675 679 681 682 683 684 690 692 695 698 700 704 709 710 711 715 716 718 719 720 721 722 723 724 725 726 727 730 731 733 734 735 736 737 740 741 744 747 752 754 755 758 764 768 769 770 771 774 778 780 781 784 786 787 789 790 791 797 805 806 808 812 813 814 815 817 818 819 820 824 825 828 830 832 833 838 839 840 843 846 847 848 849 851 853 857 859 861 862 864 871 878 883 885 887 889 892 894 896 901 903 904 906 907 908 910 915 916 917 919 920 921 928 929 930 931 933 934 935 936 937 939 940 942 946 949 950 952 961 962 963 964 965 967 968 969 972 973 977 978 979 981 983 984 985 986 987 988 991 992 993 994 995 997 998 999
round1_confirmation,D,1000,7-0.5-M,3,48715,500,4 8 9 10 11 14 15 17 19 23 24 26 28 31 35 41 45 46 49 51 52 53 56 58 59 61 66 68 69 70 73 74 80 83 84 85 86 87 88 89 92 93 98 102 103 104 106 107 108 111 113 115 117 118 119 123 125 126 127 128 130 132 139 142 144 145 149 150 151 153 156 157 159 160 162 164 165 169 171 174 176 178 179 181 183 184 188 191 192 195 196 197 198 199 200 202 204 206 207 208 209 212 216 218 220 224 225 228 231 233 234 235 236 237 239 241 242 243 246 247 249 250 253 254 256 258 259 261 263 266 267 274 275 278 279 281 282 283 286 290 291 292 296 299 302 305 306 307 309 310 311 312 313 315 316 318 320 322 323 324 325 326 328 330 333 334 336 337 338 343 345 346 347 349 351 354 357 359 360 361 362 366 367 370 371 373 375 378 380 385 386 387 389 394 395 396 397 401 402 403 405 410 411 412 415 419 422 423 424 428 431 435 436 437 438 439 440 445 446 447 449 450 451 454 456 461 463 466 467 468 469 470 472 473 474 477 483 484 485 486 490 493 495 497 499 500 502 506 509 510 511 512 513 514 516 518 519 520 521 522 523 525 526 531 534 535 541 542 545 547 548 549 554 559 561 564 565 566 570 571 572 576 579 582 586 587 590 591 592 595 597 600 601 602 603 604 605 606 607 608 609 612 614 615 616 621 622 624 625 626 628 630 631 632 633 634 635 636 637 639 641 642 643 644 645 646 647 649 650 652 653 654 655 656 657 659 660 663 668 669 671 675 679 681 682 683 684 690 692 695 700 704 705 709 710 711 714 715 716 718 719 720 722 723 724 725 726 727 730 731 733 734 735 736 737 738 740 741 744 747 752 753 754 755 758 762 764 765 768 769 770 771 772 774 778 779 780 781 784 785 786 787 789 790 791 793 805 806 808 812 813 814 815 817 819 820 824 825 828 830 832 833 834 837 842 843 844 846 847 848 849 851 853 857 859 861 862 863 864 865 871 875 880 883 885 889 894 896 903 906 907 908 910 915 916 917 919 920 921 922 928 929 930 931 933 934 936 937 939 940 942 946 949 950 961 963 964 965 967 968 969 973 977 978 979 981 982 983 984 985 986 987 991 992 993 994 995 997 998 999
round1_confirmation,D,1000,9-0.75-M,1,31287,749,0 1 2 3 4 5 6 7 8 9 11 12 14 15 17 18 19 20 21 22 23 24 27 28 29 30 31 32 33 34 35 36 38 39 40 41 43 44 45 47 48 49 50 51 54 55 56 57 58 59 60 61 62 63 65 67 68 69 70 71 72 73 74 75 78 80 81 82 83 84 85 86 88 89 90 91 93 94 95 96 97 98 99 100 102 104 105 106 108 109 110 113 114 116 117 118 121 123 124 125 128 129 130 132 133 134 136 137 139 140 141 144 145 146 147 148 149 150 152 153 154 155 156 157 158 159 162 163 164 165 168 171 173 174 175 177 178 179 180 181 182 183 184 185 186 187 189 190 191 192 193 195 196 197 198 199 201 202 203 204 206 207 208 209 210 211 212 213 218 219 220 222 223 225 226 227 228 229 230 231 232 233 234 239 240 241 242 245 246 248 249 250 252 253 255 258 259 263 264 265 266 267 268 269 271 272 274 275 278 279 280 281 282 284 285 288 289 290 292 294 296 298 300 301 302 303 304 305 306 307 308 309 313 314 315 316 317 318 319 320 321 322 324 326 327 328 329 330 331 332 333 334 336 337 339 340 341 343 344 346 347 348 350 351 352 353 354 355 357 358 360 363 364 365 366 368 370 371 372 374 375 376 377 379 380 381 384 385 386 388 389 390 392 393 394 395 396 398 399 401 402 403 405 406 407 408 409 410 412 413 414 416 419 420 421 422 423 425 426 427 428 429 430 433 434 435 436 437 440 441 442 443 444 445 447 449 451 453 454 455 456 458 459 460 461 464 465 466 467 468 469 470 471 472 475 476 477 478 479 481 482 483 485 486 487 488 490 492 493 494 496 499 500 501 502 503 505 506 507 508 509 510 511 513 514 515 516 517 518 519 520 521 522 525 527 528 529 531 532 533 534 536 537 538 539 540 541 542 543 544 545 546 547 548 549 550 552 553 554 557 558 559 561 562 563 564 566 567 568 569 572 573 577 579 580 581 582 583 585 587 589 590 591 594 596 597 598 599 600 602 603 604 605 606 607 608 609 612 613 614 616 617 618 619 620 622 623 624 625 626 627 628 629 630 631 632 633 634 635 636 637 638 639 640 641 642 643 644 645 646 649 650 651 652 653 655 658 659 660 661 662 663 664 665 666 667 668 669 670 672 676 677 679 680 681 683 684 686 688 689 690 692 693 694 695 698 699 700 701 702 703 704 707 708 709 710 711 712 713 714 715 718 719 721 724 725 727 729 730 732 734 735 736 738 739 742 743 744 745 746 747 748 751 753 754 755 756 757 760 761 762 764 766 767 768 770 772 773 774 775 777 778 779 780 781 782 783 784 785 789 790 791 792 793 795 796 797 800 801 803 804 805 806 807 809 811 812 813 814 815 816 817 820 821 823 825 826 827 828 830 831 833 834 835 836 837 838 839 840 841 842 843 844 845 848 849 851 852 853 854 855 856 857 858 859 861 863 865 867 868 870 872 873 874 875 876 877 878 881 882 883 885 886 887 888 889 890 891 892 893 894 896 897 898 899 901 902 903 904 905 906 907 909 910 911 913 914 915 916 917 918 919 923 924 925 926 927 928 930 931 932 935 936 938 939 942 943 945 946 947 948 949 950 951 952 953 954 955 956 957 958 961 962 964 966 967 969 971 973 974 975 976 977 978 979 980 982 983 984 986 987 989 990 991 992 993 995 996 997
round1_confirmation,D,1000,9-0.75-M,2,31877,749,0 1 2 3 4 5 6 7 8 9 11 12 14 15 17 18 19 20 21 22 24 27 28 30 31 32 33 35 36 38 39 40 41 43 44 45 47 48 49 50 51 54 55 56 57 58 59 60 61 62 63 65 66 67 68 69 70 71 72 73 74 75 78 80 81 83 84 85 86 88 89 90 91 93 94 95 96 97 98 99 100 102 104 105 106 107 108 109 110 112 113 114 116 117 118 121 123 124 125 127 128 130 132 133 134 136 137 139 140 141 142 145 146 148 149 150 152 153 154 155 156 157 158 159 162 163 164 165 168 171 173 174 175 177 178 179 180 181 182 183 184 185 186 187 189 190 191 192 193 195 196 197 198 199 201 202 203 204 206 207 208 209 210 211 213 218 219 220 222 223 225 226 229 230 231 232 233 234 238 239 240 241 242 245 246 248 249 250 252 253 257 258 259 260 264 265 266 267 268 269 272 274 275 277 278 279 280 281 282 284 285 288 289 290 292 294 296 298 300 301 302 303 304 305 306 307 308 309 313 314 317 318 319 320 321 322 324 326 327 328 329 330 331 332 333 334 336 337 339 341 343 344 345 347 348 350 351 352 353 354 355 357 358 360 363 364 365 366 368 369 370 371 372 374 375 376 377 378 379 381 384 385 386 387 388 389 392 393 394 395 396 398 399 401 402 403 406 407 408 409 410 411 412 413 414 415 416 419 420 421 422 423 425 427 428 429 430 433 434 435 436 440 443 444 445 446 447 449 451 452 453 454 455 456 458 459 460 461 464 465 466 467 469 470 471 472 474 475 476 477 478 479 480 481 482 483 485 486 487 488 490 492 493 494 495 496 499 500 501 502 503 505 506 507 508 509 510 511 513 514 515 516 517 518 519 520 521 522 523 524 525 527 528 529 531 533 534 536 537 538 539 540 541 542 543 544 545 546 547 548 549 550 551 552 553 554 557 558 559 561 562 563 564 566 568 569 572 573 577 579 580 581 582 583 585 586 587 589 590 591 594 595 596 597 598 599 602 604 605 606 607 608 612 613 614 616 617 618 619 620 621 622 623 624 625 626 627 628 629 630 631 632 633 634 635 636 637 638 639 640 641 642 643 645 646 649 650 651 652 653 658 659 660 661 662 663 664 665 668 669 672 673 675 676 677 679 680 681 683 684 685 686 688 689 690 691 692 694 695 696 697 698 699 700 701 702 703 704 707 708 709 710 711 712 713 714 715 716 718 719 721 724 725 727 729 730 732 734 735 736 738 739 742 743 744 745 746 747 748 751 753 754 755 756 757 758 760 761 762 764 766 767 768 769 770 771 772 773 774 775 776 777 778 779 780 781 782 783 784 785 790 791 793 794 795 796 797 800 801 803 804 805 806 807 809 811 813 814 815 816 817 820 821 823 826 827 828 831 833 834 835 837 838 839 840 841 842 843 844 845 846 848 849 852 853 854 855 856 857 858 859 860 863 865 867 868 869 870 872 873 875 876 877 878 880 881 882 885 886 887 888 889 890 891 892 893 894 896 897 898 899 901 902 903 904 905 906 907 909 910 911 913 914 915 916 917 918 919 921 923 924 925 927 928 930 931 932 933 934 935 936 938 939 942 943 944 945 946 947 948 949 950 951 952 953 954 955 956 957 958 959 961 962 966 967 969 971 973 974 975 976 977 978 980 982 983 984 986 987 989 990 991 992 993 994 995 996 997 998
round1_confirmation,D,1000,9-0.75-M,3,31822,749,0 1 2 3 4 5 6 7 8 9 11 12 14 15 18 19 20 21 22 24 25 27 28 30 31 32 33 35 36 38 39 40 41 43 44 45 46 47 48 49 50 51 54 55 56 57 58 59 60 61 62 63 65 67 68 69 70 71 72 73 74 75 78 80 81 82 83 84 85 86 88 89 90 91 92 93 94 95 96 97 98 99 100 102 104 105 106 108 109 110 112 113 114 115 116 117 118 121 123 124 125 128 129 130 132 133 134 136 137 139 140 141 145 146 148 149 150 152 153 154 155 156 157 158 159 162 163 164 165 168 171 173 174 175 177 178 179 180 181 182 183 184 186 187 189 190 191 192 193 195 196 197 199 201 202 203 204 206 207 208 209 210 211 212 213 218 219 220 222 223 224 225 226 227 229 230 231 232 233 234 239 240 241 242 245 246 247 248 249 252 253 255 258 259 260 264 265 266 267 268 269 272 274 275 277 278 279 280 281 282 284 285 288 289 290 292 294 296 298 300 301 302 303 304 305 306 307 308 309 313 317 318 319 320 321 322 324 326 327 328 329 330 331 332 333 334 336 337 339 340 341 344 345 347 348 350 351 352 353 354 355 356 357 358 360 363 365 366 368 369 370 371 372 374 375 376 377 379 380 381 383 384 385 386 388 389 390 392 393 394 395 396 398 399 401 402 403 404 406 407 408 409 410 412 413 414 415 416 419 420 421 422 423 424 425 427 428 429 430 433 434 435 436 437 440 443 444 445 447 448 449 451 453 454 455 456 458 459 460 461 464 465 466 467 469 470 471 472 474 475 477 478 479 481 482 483 485 486 488 490 492 493 495 496 499 500 501 502 503 505 506 507 508 509 510 511 513 514 515 516 517 518 519 520 521 525 527 528 529 531 532 533 534 537 538 539 540 541 542 543 544 545 546 547 548 549 550 552 553 554 555 557 558 559 561 562 563 564 565 567 568 569 572 573 575 576 579 580 581 582 583 585 586 587 588 589 590 591 593 594 596 597 598 599 600 602 603 604 605 606 607 608 609 612 613 614 616 617 618 619 620 622 623 624 625 626 627 628 629 630 631 632 633 634 635 636 637 638 639 640 641 642 643 644 645 646 648 649 650 651 652 653 655 658 659 660 661 662 664 665 666 668 669 672 676 677 679 680 681 682 683 684 685 686 688 689 690 691 692 693 695 698 699 700 701 702 703 704 707 708 709 710 711 712 713 714 715 717 718 719 721 724 725 727 729 730 732 734 735 736 738 739 742 743 744 745 746 747 748 751 753 754 755 756 757 758 760 761 762 763 764 766 767 768 769 770 772 773 774 775 777 778 779 780 781 782 783 784 785 789 790 791 792 793 795 796 797 799 800 801 803 804 805 806 807 809 810 811 813 814 815 816 817 820 821 823 825 826 827 828 831 832 833 834 835 836 837 838 839 840 841 842 843 844 845 848 849 852 853 854 855 856 857 858 859 860 861 863 865 867 868 869 870 872 873 874 875 876 877 878 881 882 885 886 887 888 889 890 891 892 893 894 896 897 898 899 901 902 903 904 905 906 907 908 910 913 914 916 917 918 919 921 923 924 925 926 927 928 929 930 931 932 935 936 938 939 942 943 945 946 947 948 949 950 952 953 954 955 956 957 958 959 961 962 964 966 967 969 971 973 974 975 978 979 980 982 983 984 986 987 989 990 991 992 993 994 995 996 997
round1_confirmation,B84,500,10-0.5-P,1,142122,253,1 3 4 6 8 9 10 11 12 14 15 19 20 21 23 25 26 27 28 32 33 36 39 43 53 56 57 58 60 62 64 65 66 68 69 70 71 73 74 78 79 80 81 83 86 90 92 93 97 101 102 103 111 112 114 116 121 122 123 125 127 131 133 134 139 140 143 144 145 146 147 149 150 151 152 154 155 156 157 161 165 167 169 170 171 172 173 175 178 179 181 182 183 184 185 187 190 193 195 196 197 198 199 201 208 209 211 213 215 217 219 222 223 227 228 231 232 234 236 237 241 243 244 248 250 253 256 257 258 260 261 263 265 266 267 268 269 272 274 275 278 279 280 282 283 284 285 286 287 288 290 291 292 293 295 296 297 298 304 308 310 311 315 316 317 318 319 321 322 323 324 325 327 329 330 332 333 334 335 339 340 341 344 346 347 349 351 352 354 356 357 358 368 370 376 377 381 386 388 390 391 392 399 402 403 404 405 406 407 408 413 416 417 421 422 424 425 427 428 429 433 434 435 438 440 448 451 452 453 456 457 458 459 462 463 464 465 467 468 473 477 478 479 481 482 487 488 489 491 493 494 498 499
round1_confirmation,B84,500,10-0.5-P,2,141994,253,1 3 4 6 8 9 10 11 12 14 15 19 20 21 23 25 26 27 28 31 32 33 39 43 53 56 57 58 60 62 64 65 68 69 70 71 73 74 78 79 80 81 83 84 86 90 92 94 96 97 101 102 103 107 111 112 114 116 117 121 122 123 125 127 131 133 134 139 140 141 143 144 145 146 147 149 150 151 152 154 155 156 157 161 164 165 167 169 170 171 172 175 178 179 181 182 183 184 187 190 195 196 197 198 201 207 209 211 213 215 217 221 222 223 227 228 231 232 234 236 237 239 241 243 244 249 250 253 255 256 257 260 261 263 265 266 267 268 269 272 274 275 279 280 281 282 284 285 286 287 288 290 291 292 293 295 296 297 298 304 308 309 310 311 315 316 317 319 321 322 323 324 325 327 328 330 332 333 334 335 339 340 341 344 346 347 349 351 352 354 356 357 358 368 370 375 376 377 381 386 388 390 391 392 399 402 403 405 406 408 411 413 417 421 422 424 425 427 428 429 430 433 434 435 438 440 448 451 453 456 457 458 459 462 463 465 468 473 477 478 479 481 482 483 484 487 488 489 491 493 494 496 499
round1_confirmation,B84,500,10-0.5-P,3,142117,253,1 3 4 6 8 9 10 11 12 14 15 19 21 23 25 26 27 28 31 32 33 39 43 53 56 57 58 60 62 64 65 68 69 71 72 73 74 77 78 79 80 81 83 86 90 92 93 94 96 97 101 102 103 105 111 112 113 114 116 117 121 122 123 125 127 131 133 134 140 141 143 144 145 146 147 149 150 151 152 154 155 156 157 161 165 167 169 170 171 172 175 178 179 181 182 183 184 186 187 190 195 196 197 198 199 201 207 209 213 217 219 222 223 227 228 231 232 234 236 237 239 241 243 244 250 253 254 255 256 257 258 260 261 263 265 266 267 268 269 272 274 275 278 279 280 282 284 285 286 287 290 291 292 293 295 296 297 298 303 304 308 310 311 315 316 318 319 320 321 322 323 325 327 328 329 332 333 334 335 339 340 341 342 344 346 347 349 351 352 354 356 357 358 368 370 376 377 381 385 386 388 390 391 392 398 399 402 403 404 405 406 408 413 417 421 424 425 427 428 429 430 433 434 435 438 440 448 451 452 453 455 456 457 458 459 461 462 463 465 467 473 477 478 479 481 484 487 491 493 494 496 498 499
round1_confirmation,B84,500,12-0.75-P,1,194425,376,1 2 3 4 6 8 9 10 11 12 14 15 19 20 21 22 23 24 25 26 27 28 29 32 33 36 37 39 43 44 45 47 48 50 53 56 57 58 60 62 63 64 65 66 68 69 70 71 72 73 74 75 76 78 79 80 81 83 84 86 87 89 90 91 92 93 94 96 97 98 100 101 102 103 104 107 108 110 111 112 113 114 115 116 117 120 121 122 123 124 125 127 131 133 134 136 137 138 140 141 142 143 144 145 146 147 148 149 150 151 152 153 154 155 156 157 161 162 163 164 165 166 167 168 169 170 171 172 173 175 176 178 179 181 182 183 184 186 187 188 190 191 193 194 195 196 197 198 199 200 201 202 206 207 208 209 211 212 213 215 216 217 218 219 220 221 222 223 226 227 228 231 232 234 235 236 237 238 239 241 243 244 245 246 248 249 250 253 254 255 256 257 258 259 260 261 263 264 265 266 267 268 269 272 273 274 275 276 278 279 280 282 283 284 285 286 287 288 290 291 292 293 295 296 297 298 301 302 303 304 305 306 307 308 309 310 311 312 313 315 316 317 318 319 320 321 322 323 324 325 326 327 329 330 333 334 335 339 340 341 344 346 347 348 349 351 352 354 356 357 358 360 365 368 370 374 375 376 377 379 381 383 384 385 386 387 388 389 390 391 392 395 396 397 398 399 400 402 403 404 405 406 407 408 409 411 413 414 415 416 417 419 421 422 424 425 426 427 428 429 430 431 432 433 434 435 436 438 440 441 446 447 448 450 451 452 453 454 455 456 457 458 459 461 462 463 464 465 466 467 468 469 470 472 473 476 477 478 479 480 481 482 483 484 486 487 488 489 491 492 493 494 495 496 498 499
round1_confirmation,B84,500,12-0.75-P,2,194566,377,1 2 3 4 6 8 9 10 11 12 14 15 19 20 21 22 23 24 25 26 27 28 32 33 36 37 39 43 44 45 47 48 50 52 53 56 57 58 60 62 63 64 65 66 67 68 69 70 71 72 73 74 75 78 79 80 81 83 84 86 87 88 89 90 92 93 94 96 97 98 100 101 102 103 104 107 108 110 111 112 113 114 115 116 117 120 121 122 123 124 125 127 131 133 134 137 138 140 141 143 144 145 146 147 148 149 150 151 152 154 155 156 157 161 162 164 165 166 167 168 169 170 171 172 173 175 176 178 179 181 182 183 184 185 186 187 188 190 191 193 194 195 196 197 198 199 200 201 202 203 206 207 208 209 211 212 213 214 215 216 217 218 219 222 223 226 227 228 229 231 232 234 235 236 237 238 239 241 243 244 245 246 247 248 249 250 253 255 256 257 258 259 260 261 263 264 265 266 267 268 269 272 273 274 275 276 278 279 280 281 282 283 284 285 286 287 288 290 291 292 293 295 296 297 298 301 302 303 304 305 306 307 308 309 310 311 312 313 314 315 316 317 318 319 320 321 322 323 324 325 326 327 329 330 333 334 335 339 340 341 342 344 346 347 348 349 350 351 352 354 356 357 358 360 363 366 368 370 374 375 376 377 379 381 383 384 385 386 387 388 389 390 391 392 395 396 397 398 399 402 403 404 405 406 408 409 411 413 415 416 417 418 419 421 422 424 425 426 427 428 429 430 431 432 433 434 435 436 438 440 443 446 447 448 450 451 452 453 454 455 456 457 458 459 461 462 463 464 465 466 467 468 469 470 472 473 474 477 478 479 481 482 483 484 486 487 488 489 490 491 492 493 494 495 496 498 499
round1_confirmation,B84,500,12-0.75-P,3,194400,376,1 2 3 4 6 8 9 10 11 12 14 15 16 19 20 21 22 23 24 25 26 27 28 32 33 36 39 43 44 45 46 47 48 50 53 56 57 58 60 62 63 64 65 66 68 69 70 71 72 73 74 75 76 78 79 80 81 83 84 86 87 89 90 92 93 94 96 97 98 100 101 102 103 104 105 107 108 110 111 112 113 114 115 116 117 120 121 122 123 124 125 127 131 133 134 137 139 140 141 142 143 144 145 146 147 148 149 150 151 152 153 154 155 156 157 158 161 162 163 164 165 167 168 169 170 171 172 173 175 176 178 179 181 182 183 184 185 186 187 188 190 191 193 194 195 196 197 198 199 200 201 202 204 206 207 209 211 212 213 214 215 216 217 218 219 221 222 223 226 227 228 229 231 232 234 235 236 237 238 239 241 243 244 245 246 248 249 250 251 253 255 256 257 258 259 260 261 263 264 265 266 267 268 269 272 273 274 275 276 278 279 280 282 283 284 285 286 287 288 290 291 292 293 295 296 297 298 302 303 304 305 306 308 309 310 311 312 313 314 315 316 318 319 320 321 322 323 324 325 326 327 328 329 330 332 333 334 335 339 340 341 344 346 347 348 349 351 352 354 356 357 358 360 365 366 368 370 374 375 376 377 379 381 383 384 385 386 387 388 389 390 391 392 395 396 397 398 399 400 402 403 404 405 406 407 408 409 411 413 415 416 417 419 421 422 424 425 426 427 428 429 430 431 432 433 434 435 436 438 440 441 443 446 448 450 451 452 453 454 455 456 457 458 459 461 462 464 465 466 467 468 469 472 473 476 477 478 479 480 481 482 483 484 486 487 488 489 490 491 492 493 494 495 496 498 499
round1_confirmation,B84,500,2-0.25-M,1,50256,126,6 12 13 17 21 31 34 36 38 40 43 44 50 55 61 65 67 73 78 85 87 89 93 94 95 97 101 110 116 121 129 133 135 141 162 163 164 165 166 167 169 170 172 173 175 184 186 191 194 196 206 209 210 221 225 227 232 233 238 249 251 261 270 274 280 281 283 284 286 290 292 294 303 304 305 312 313 318 319 321 323 333 337 343 344 345 348 350 351 357 359 360 363 368 369 374 375 383 390 391 394 398 400 403 405 414 418 420 424 426 434 435 436 439 445 448 454 458 466 467 475 476 479 484 491 493
round1_confirmation,B84,500,2-0.25-M,2,50190,125,6 12 13 17 21 31 34 36 40 41 43 44 50 55 67 69 75 78 84 85 87 89 93 95 101 112 113 116 119 122 129 132 133 135 141 155 162 163 164 165 166 169 170 172 173 174 175 184 186 191 196 209 210 221 225 227 229 232 233 242 247 249 251 261 274 280 281 283 284 286 292 303 304 305 312 313 318 319 321 323 333 337 343 344 345 348 350 352 357 359 363 368 369 374 383 390 391 392 394 398 400 403 405 411 413 414 418 420 424 426 436 439 448 454 458 466 467 475 476 479 484 490 491 493 499
round1_confirmation,B84,500,2-0.25-M,3,50336,126,6 12 13 17 21 31 36 41 43 44 55 61 65 67 73 75 78 84 87 89 93 95 101 107 110 112 113 116 119 121 129 132 135 137 141 155 162 163 164 165 169 170 172 175 184 186 191 196 203 205 206 209 210 221 225 227 229 232 233 236 239 242 247 249 251 261 270 274 280 281 283 284 290 292 294 300 303 304 305 312 313 316 318 319 323 343 344 345 348 350 354 357 359 360 368 369 374 375 383 390 391 394 396 405 411 413 414 418 420 424 426 436 439 448 454 458 461 466 467 476 479 484 490 491 493 499
round1_confirmation,B84,1000,2-0.25-P,1,134900,251,4 5 10 11 13 18 23 36 37 39 44 46 47 50 56 60 62 65 66 69 70 71 73 75 76 93 102 108 109 111 117 121 124 128 135 139 144 146 148 152 154 160 161 166 168 176 179 187 190 201 208 215 217 220 223 227 233 235 237 240 242 243 246 253 257 262 263 268 276 277 279 281 283 290 292 296 300 304 305 306 309 316 320 321 322 323 329 334 343 349 352 358 361 372 376 378 384 386 388 390 401 402 406 410 411 418 419 421 424 425 428 429 431 439 441 454 456 466 471 472 480 494 500 511 515 516 520 525 530 533 535 541 548 556 558 559 563 566 574 582 583 585 590 596 599 600 602 611 612 613 626 628 631 637 640 649 650 659 664 670 674 677 678 687 705 707 709 714 724 725 727 728 730 732 738 739 741 748 754 755 760 763 767 769 770 771 776 777 778 779 782 791 794 795 796 797 803 804 808 813 816 821 822 823 824 838 841 842 843 848 854 856 865 867 869 872 876 882 885 886 890 891 900 901 905 910 911 917 920 922 923 930 931 934 941 948 962 963 966 970 971 973 977 981 985 988 990 991 994 997 998
round1_confirmation,B84,1000,2-0.25-P,2,135063,252,10 13 16 18 23 37 39 40 46 47 56 58 60 62 65 70 71 73 75 76 79 83 85 102 104 108 109 111 117 118 121 124 128 132 135 144 146 148 152 154 160 161 166 168 176 179 181 187 190 191 199 201 208 209 211 215 217 223 224 225 227 232 233 237 240 243 247 253 257 259 262 263 268 273 277 281 283 290 292 298 300 305 306 316 320 321 322 329 349 350 352 354 358 361 364 372 376 378 384 385 386 388 389 390 395 403 406 411 418 419 421 424 428 429 431 433 454 463 466 470 471 472 493 494 500 510 511 515 516 520 524 525 530 533 535 548 549 551 556 558 559 561 563 566 567 574 582 583 585 586 590 596 600 602 611 612 619 624 631 637 640 649 650 654 659 670 674 677 678 695 705 707 709 712 724 725 727 730 732 738 739 741 746 747 748 754 755 760 769 770 771 774 776 777 778 779 782 791 794 796 797 803 804 806 808 813 814 816 821 827 838 840 841 842 843 854 856 865 867 869 872 876 882 885 886 891 900 905 911 917 919 920 921 922 923 930 931 934 948 962 963 966 970 971 977 985 988 990 991 994 997 998
round1_confirmation,B84,1000,2-0.25-P,3,135029,252,10 11 13 16 18 23 30 37 39 40 44 46 47 50 62 66 70 71 73 75 76 85 88 102 108 109 111 117 121 124 128 132 135 139 144 146 148 152 154 156 160 161 166 168 176 179 187 190 191 192 200 201 208 211 215 217 223 227 233 235 240 243 246 247 253 257 259 262 263 268 276 277 278 279 281 283 290 292 298 300 305 306 315 316 320 322 334 349 350 352 361 365 372 376 379 384 386 388 389 390 401 402 403 406 411 414 418 419 421 425 426 428 429 431 439 441 454 466 471 472 475 494 500 511 514 515 516 520 524 530 533 535 548 549 551 556 558 559 563 566 567 574 582 583 585 590 596 599 600 602 607 611 612 628 631 637 640 649 654 659 664 670 674 677 678 685 687 696 703 705 707 709 722 724 725 727 732 738 739 741 748 754 755 768 769 770 771 776 777 779 782 791 794 796 797 802 803 804 813 816 821 822 824 838 840 841 842 843 854 856 858 867 868 869 872 876 882 885 886 891 900 905 911 917 920 921 922 923 924 929 930 931 934 941 947 948 962 963 966 967 970 971 974 977 983 985 988 990 991 994 997 998
round1_confirmation,B84,1000,7-0.5-M,1,48675,500,0 1 4 9 10 11 14 15 17 19 23 24 26 28 31 35 41 45 46 48 49 50 51 52 53 56 58 59 61 66 68 69 70 73 74 77 80 83 84 85 86 88 89 92 93 98 102 103 104 106 107 108 111 115 117 118 119 123 126 127 128 130 132 133 137 139 140 142 144 145 147 149 151 156 157 159 160 164 165 167 169 170 171 174 176 177 178 179 181 184 188 191 192 193 195 196 197 199 200 204 205 206 207 208 209 216 217 219 220 225 228 231 232 234 235 237 239 241 242 243 246 247 250 253 254 256 258 259 260 263 266 267 272 274 278 279 281 282 283 286 290 291 292 296 299 302 305 306 307 308 309 310 311 312 313 314 315 316 318 320 321 322 323 324 325 326 328 330 336 337 338 343 344 345 346 347 349 351 354 355 357 359 360 362 366 367 369 370 371 373 375 377 378 380 385 386 387 388 389 392 394 395 396 397 401 402 403 405 410 411 412 415 417 419 422 423 424 426 428 431 435 436 437 438 439 440 446 447 449 450 451 454 455 456 461 462 463 467 469 470 472 473 474 477 479 483 484 485 486 490 493 495 497 499 500 502 506 510 511 512 513 516 518 519 520 521 522 523 525 531 532 533 534 538 541 542 545 547 548 549 554 557 558 559 561 562 564 565 566 570 571 572 576 579 583 586 587 590 591 592 595 597 599 600 601 603 604 605 606 607 609 612 614 615 616 621 622 624 625 626 628 630 631 632 633 634 635 637 639 640 641 642 643 644 645 646 647 650 653 654 655 656 659 660 663 668 669 670 671 675 679 681 682 683 684 690 692 695 698 700 704 709 710 711 715 716 718 719 720 721 722 723 725 726 727 730 731 733 735 736 737 740 741 744 747 750 752 753 754 755 758 763 765 768 769 770 771 774 778 779 780 781 784 786 787 789 790 804 805 806 808 812 813 814 815 818 819 820 824 825 828 830 832 833 834 837 840 843 846 847 848 849 850 851 853 857 861 862 864 865 871 875 877 880 883 894 896 897 903 906 907 908 910 913 915 916 917 919 921 928 929 930 931 933 935 936 937 939 940 942 946 949 950 952 954 961 963 964 965 968 972 973 977 978 979 980 981 983 984 985 986 987 988 991 992 993 995 997 998 999
round1_confirmation,B84,1000,7-0.5-M,2,49315,501,0 8 9 10 11 14 15 17 19 23 24 26 28 31 35 45 46 48 49 50 51 52 53 56 58 59 61 66 68 69 70 71 72 73 74 77 80 84 85 86 88 89 92 93 98 102 103 104 107 108 115 117 118 119 123 125 126 127 128 130 132 133 137 139 142 144 145 147 149 151 156 157 159 160 165 169 171 174 176 177 178 179 181 183 184 188 191 192 195 196 199 200 202 204 206 207 208 209 212 215 216 218 219 220 225 226 228 231 232 233 234 235 236 237 239 241 242 243 246 247 249 250 253 254 256 258 259 263 266 267 272 274 278 279 280 281 282 283 286 290 291 292 296 299 302 305 306 307 308 309 310 311 312 313 314 315 316 318 320 321 322 323 324 325 326 328 330 336 337 338 343 344 345 346 347 349 351 354 355 357 359 360 361 362 366 367 369 370 371 373 375 377 378 380 385 386 387 394 395 396 397 401 402 403 405 410 412 415 417 419 422 423 424 428 431 435 436 437 438 439 440 445 446 447 449 450 451 454 455 456 461 462 463 467 469 470 472 473 474 475 477 483 484 485 486 487 490 493 495 497 499 500 502 506 509 510 511 512 513 516 518 519 520 521 522 523 524 525 526 531 534 541 542 544 545 547 548 549 552 554 559 561 564 565 570 571 572 576 579 586 590 592 595 597 600 601 602 603 605 606 607 608 609 612 614 615 616 621 622 624 625 626 628 630 631 633 634 635 637 639 641 642 643 644 645 646 647 650 652 653 654 655 659 660 663 666 668 669 670 671 675 679 681 682 683 684 690 692 695 698 700 702 704 709 710 711 714 715 716 718 719 720 721 722 723 724 725 726 727 730 731 733 734 735 736 737 741 744 747 752 753 754 755 760 762 763 764 765 768 769 770 771 774 778 779 780 781 784 785 786 787 789 790 797 805 806 808 812 813 814 815 818 819 820 824 825 828 830 832 833 834 840 843 846 847 848 849 850 851 853 857 861 862 863 865 870 871 875 880 883 889 894 896 897 901 903 904 906 907 908 910 913 915 916 917 919 920 921 928 929 930 931 933 934 935 936 937 939 940 942 946 949 950 952 954 956 961 963 964 965 967 968 973 977 978 979 981 982 983 985 986 987 988 991 992 993 994 995 997 998 999
round1_confirmation,B84,1000,7-0.5-M,3,49339,501,0 4 9 10 11 14 15 16 17 19 23 24 26 28 31 35 39 46 49 50 51 52 53 56 58 59 61 66 68 69 70 73 74 80 83 84 85 86 88 89 92 93 98 102 103 104 107 108 115 117 118 119 123 125 126 127 128 132 137 139 142 144 145 149 151 153 156 159 160 164 169 171 174 176 177 178 179 181 183 184 188 191 192 195 196 198 200 204 206 207 209 212 214 215 216 217 219 220 225 226 228 231 233 234 235 236 237 239 241 242 243 246 247 249 250 253 254 256 258 259 260 261 263 266 267 272 274 278 279 281 282 283 291 292 296 299 302 305 306 307 309 310 311 312 313 314 315 316 318 320 321 322 323 324 325 328 330 334 336 337 343 344 345 346 347 349 350 351 355 357 359 360 361 362 366 367 370 371 373 375 377 378 380 385 386 387 388 389 392 395 396 397 401 402 403 405 410 411 412 415 417 419 422 423 424 428 431 435 436 437 438 439 440 445 446 447 449 450 451 454 455 456 461 462 463 467 468 469 470 472 473 474 477 479 483 484 490 493 495 497 499 500 502 506 509 510 511 512 513 514 516 518 519 520 521 522 523 525 531 534 535 537 541 542 544 545 547 548 549 554 557 559 561 562 564 565 566 570 571 572 576 579 582 586 587 590 591 592 595 597 600 602 603 604 605 606 607 608 609 612 614 615 616 621 622 624 625 626 627 628 630 631 632 633 634 635 637 641 642 643 644 645 646 647 649 650 651 652 653 654 655 656 657 659 660 663 668 669 675 677 679 681 682 683 684 690 692 695 698 700 702 704 705 709 710 711 715 716 718 719 721 722 723 724 725 726 727 731 733 734 735 736 738 739 740 741 744 747 752 753 754 755 758 762 764 765 768 769 770 771 774 778 779 780 781 784 785 786 787 789 790 791 793 804 805 806 808 812 813 814 815 818 819 820 824 825 828 830 832 833 834 837 840 842 843 846 847 848 849 851 853 857 861 862 863 864 865 871 875 877 880 883 889 890 894 895 896 897 903 906 907 908 915 916 917 919 920 921 925 928 929 930 931 933 934 936 937 939 940 942 944 946 949 952 961 963 964 965 966 967 968 969 973 977 978 979 981 983 984 985 986 987 988 991 992 993 994 995 997 998 999
round1_confirmation,B84,1000,9-0.75-M,1,31742,748,0 1 2 3 4 5 6 7 8 9 11 12 14 15 17 18 19 20 21 22 24 25 27 28 29 30 31 32 33 34 35 36 38 39 40 41 43 44 45 46 47 48 49 50 51 53 54 55 56 57 58 59 60 61 62 63 65 67 68 69 70 71 72 73 74 75 78 80 81 82 83 84 85 86 88 89 90 91 93 94 95 96 97 98 99 100 102 104 105 106 108 109 110 113 114 116 117 118 121 123 124 125 126 128 130 132 133 134 136 137 139 141 142 145 146 147 148 149 150 152 153 154 155 156 157 158 159 162 163 164 165 168 171 173 174 175 177 178 179 180 181 182 183 184 185 186 187 189 190 191 192 193 194 195 196 197 198 199 201 202 203 204 206 207 208 209 211 213 218 219 220 222 223 225 226 227 229 230 231 232 233 234 235 236 239 240 241 242 245 246 248 249 250 252 253 256 258 259 260 261 264 265 266 267 268 269 271 272 274 275 277 278 279 280 281 282 284 285 288 289 290 292 294 296 298 300 301 302 303 304 305 306 307 308 309 313 314 317 318 319 320 321 322 324 326 327 328 329 330 331 332 333 334 336 337 339 341 343 344 345 346 347 348 349 350 351 352 353 354 355 356 357 358 360 363 364 365 366 368 369 370 371 372 374 375 376 377 378 379 380 381 384 385 386 387 388 389 392 394 395 396 398 399 401 402 403 406 407 408 409 410 412 413 414 415 416 418 419 420 421 422 423 425 426 429 430 431 433 434 435 436 437 440 443 444 445 446 447 449 451 453 454 455 456 458 459 460 461 464 465 466 467 469 470 471 472 474 475 476 478 479 480 481 482 483 485 486 488 490 492 493 494 496 499 500 501 502 503 505 506 507 508 509 510 511 513 514 515 516 517 518 519 520 521 522 525 527 528 529 531 533 534 536 537 538 539 540 541 542 543 544 546 547 548 549 550 552 553 554 558 559 561 562 563 564 565 566 567 568 569 572 573 576 579 580 581 582 583 585 586 587 590 591 593 594 596 597 598 599 600 602 603 604 605 606 607 608 609 612 613 614 616 617 618 619 620 621 622 623 624 625 627 628 629 630 631 632 633 634 635 636 637 638 639 640 641 642 643 644 645 646 648 649 650 651 652 653 655 656 658 659 660 661 662 663 664 665 666 667 668 669 670 672 673 676 677 679 680 681 683 684 685 686 688 689 690 692 693 694 696 697 698 699 700 701 702 703 704 707 708 709 710 711 712 713 714 715 718 719 721 724 725 727 729 730 732 734 735 736 738 739 742 743 744 745 746 747 748 751 753 754 755 756 757 758 760 761 764 766 767 768 769 770 771 772 773 774 775 776 777 778 779 780 781 782 783 784 785 790 791 792 793 794 795 796 797 798 800 801 803 804 805 806 809 810 811 813 814 815 816 817 820 821 823 825 826 827 828 831 832 833 834 835 836 837 839 840 841 842 843 844 845 848 849 852 853 854 855 856 857 859 860 863 865 867 868 870 872 873 874 875 876 877 878 881 882 885 886 887 888 889 890 891 892 893 894 896 897 898 899 901 902 903 904 905 907 910 911 913 914 916 917 918 919 921 923 924 925 927 928 930 931 932 935 936 939 943 945 946 947 948 949 950 951 952 953 954 955 956 957 958 959 961 962 966 967 968 969 971 973 974 975 978 979 980 982 983 984 986 987 989 990 991 992 993 994 995 996
round1_confirmation,B84,1000,9-0.75-M,2,31877,749,0 1 2 3 4 5 6 7 8 9 11 12 14 15 17 18 19 20 21 22 24 27 28 30 31 32 33 35 36 38 39 40 41 43 44 45 47 48 49 50 51 54 55 56 57 58 59 60 61 62 63 65 66 67 68 69 70 71 72 73 74 75 78 80 81 83 84 85 86 88 89 90 91 93 94 95 96 97 98 99 100 102 104 105 106 107 108 109 110 112 113 114 116 117 118 121 123 124 125 127 128 130 132 133 134 136 137 139 140 141 142 145 146 148 149 150 152 153 154 155 156 157 158 159 162 163 164 165 168 171 173 174 175 177 178 179 180 181 182 183 184 185 186 187 189 190 191 192 193 195 196 197 198 199 201 202 203 204 206 207 208 209 210 211 213 218 219 220 222 223 225 226 229 230 231 232 233 234 238 239 240 241 242 245 246 248 249 250 252 253 257 258 259 260 264 265 266 267 268 269 272 274 275 277 278 279 280 281 282 284 285 288 289 290 292 294 296 298 300 301 302 303 304 305 306 307 308 309 313 314 317 318 319 320 321 322 324 326 327 328 329 330 331 332 333 334 336 337 339 341 343 344 345 347 348 350 351 352 353 354 355 357 358 360 363 364 365 366 368 369 370 371 372 374 375 376 377 378 379 381 384 385 386 387 388 389 392 393 394 395 396 398 399 401 402 403 406 407 408 409 410 411 412 413 414 415 416 419 420 421 422 423 425 427 428 429 430 433 434 435 436 440 443 444 445 446 447 449 451 452 453 454 455 456 458 459 460 461 464 465 466 467 469 470 471 472 474 475 476 477 478 479 480 481 482 483 485 486 487 488 490 492 493 494 495 496 499 500 501 502 503 505 506 507 508 509 510 511 513 514 515 516 517 518 519 520 521 522 523 524 525 527 528 529 531 533 534 536 537 538 539 540 541 542 543 544 545 546 547 548 549 550 551 552 553 554 557 558 559 561 562 563 564 566 568 569 572 573 577 579 580 581 582 583 585 586 587 589 590 591 594 595 596 597 598 599 602 604 605 606 607 608 612 613 614 616 617 618 619 620 621 622 623 624 625 626 627 628 629 630 631 632 633 634 635 636 637 638 639 640 641 642 643 645 646 649 650 651 652 653 658 659 660 661 662 663 664 665 668 669 672 673 675 676 677 679 680 681 683 684 685 686 688 689 690 691 692 694 695 696 697 698 699 700 701 702 703 704 707 708 709 710 711 712 713 714 715 716 718 719 721 724 725 727 729 730 732 734 735 736 738 739 742 743 744 745 746 747 748 751 753 754 755 756 757 758 760 761 762 764 766 767 768 769 770 771 772 773 774 775 776 777 778 779 780 781 782 783 784 785 790 791 793 794 795 796 797 800 801 803 804 805 806 807 809 811 813 814 815 816 817 820 821 823 826 827 828 831 833 834 835 837 838 839 840 841 842 843 844 845 846 848 849 852 853 854 855 856 857 858 859 860 863 865 867 868 869 870 872 873 875 876 877 878 880 881 882 885 886 887 888 889 890 891 892 893 894 896 897 898 899 901 902 903 904 905 906 907 909 910 911 913 914 915 916 917 918 919 921 923 924 925 927 928 930 931 932 933 934 935 936 938 939 942 943 944 945 946 947 948 949 950 951 952 953 954 955 956 957 958 959 961 962 966 967 969 971 973 974 975 976 977 978 980 982 983 984 986 987 989 990 991 992 993 994 995 996 997 998
round1_confirmation,B84,1000,9-0.75-M,3,31808,749,0 1 2 3 4 5 6 7 8 9 11 12 14 15 17 18 19 20 21 22 24 25 27 28 30 31 32 33 35 36 38 39 40 41 43 44 45 47 48 49 50 51 53 54 55 56 57 58 59 60 61 63 65 68 69 70 71 72 73 74 75 80 81 82 83 84 85 86 88 89 90 91 92 93 94 95 96 97 98 99 100 102 104 105 106 108 109 110 113 114 116 117 118 119 121 123 124 125 126 128 130 132 133 134 136 137 139 140 141 145 146 148 149 150 152 153 154 155 156 157 158 159 162 163 164 165 168 171 173 174 175 177 178 179 180 181 182 183 185 186 187 188 189 190 191 192 193 195 196 197 198 199 201 202 203 204 206 207 208 209 210 211 213 216 218 219 220 222 224 225 226 227 228 229 230 231 232 233 234 239 240 241 242 245 246 248 249 252 253 255 258 259 260 263 264 265 266 267 268 269 274 275 277 278 279 280 281 282 284 285 286 288 290 292 294 296 298 300 301 302 303 304 305 306 307 308 309 313 317 318 319 320 321 322 324 326 327 328 329 330 331 332 333 334 336 337 339 340 341 343 344 345 346 347 348 349 350 351 353 354 355 356 357 358 360 363 364 365 366 368 370 371 372 374 375 376 377 378 379 380 381 384 385 386 387 388 389 390 392 393 394 395 396 398 399 401 402 403 404 405 406 407 408 409 410 412 413 414 415 416 419 420 421 422 423 424 425 426 427 429 430 431 433 434 435 436 437 438 440 443 444 445 447 449 451 453 454 455 456 458 459 460 461 464 465 466 467 469 470 471 472 473 474 475 476 477 478 479 480 481 482 483 485 486 487 488 490 492 493 494 496 499 500 501 502 503 505 506 508 509 510 511 513 514 515 516 517 518 519 520 521 522 525 527 528 529 531 533 534 537 538 539 540 541 542 543 544 546 547 549 550 552 553 554 557 558 559 561 562 563 564 566 567 568 569 571 572 573 576 579 580 581 582 583 585 586 587 588 589 590 591 593 594 596 597 599 600 602 603 604 605 606 607 608 609 612 613 614 616 617 618 619 620 622 623 624 625 627 628 629 630 631 632 633 634 635 636 637 638 639 640 641 642 643 644 645 646 648 649 650 651 652 653 655 658 659 660 661 662 663 664 666 668 669 672 673 676 677 679 680 681 682 683 684 685 686 687 688 689 690 691 692 693 694 696 698 699 700 701 702 703 704 707 708 709 710 711 712 713 714 715 716 717 718 719 721 724 725 727 729 730 732 735 736 738 739 742 743 744 745 746 747 748 751 753 754 755 756 757 758 760 761 763 764 766 767 768 769 770 772 773 774 775 776 777 778 779 780 781 782 783 784 785 790 791 792 793 795 796 797 798 799 800 801 803 804 805 806 809 811 812 813 814 815 816 817 820 821 823 825 826 827 828 831 832 833 834 835 836 837 838 839 840 841 842 843 844 845 848 849 850 852 853 854 855 856 857 859 860 863 865 866 867 868 872 873 874 875 876 877 878 881 882 885 886 887 888 889 890 891 892 893 894 896 897 898 899 901 902 903 904 905 906 907 908 909 910 911 913 914 916 917 918 921 923 924 925 926 927 928 930 931 932 934 936 938 939 943 945 946 947 948 949 950 951 952 953 954 955 956 957 958 959 961 962 966 967 968 969 971 973 974 975 978 979 980 982 983 984 986 987 989 990 991 992 993 994 995 996
round1_confirmation,dsmall,500,10-0.5-P,1,142174,253,1 3 4 6 8 9 10 11 12 14 15 19 20 21 23 25 26 27 28 31 32 33 36 37 39 43 53 56 57 58 60 62 64 65 68 69 70 71 73 74 78 80 81 83 86 90 92 96 97 101 102 103 107 111 112 114 116 117 121 122 123 125 127 131 133 134 139 140 143 144 145 146 147 149 151 152 154 155 156 157 161 165 166 167 169 170 172 173 178 179 181 182 183 184 185 187 190 194 195 196 197 198 199 201 207 209 213 215 217 221 222 223 227 228 231 232 234 236 237 238 239 241 243 244 248 249 250 253 254 255 256 257 258 260 261 263 265 266 267 268 269 272 274 275 279 282 284 285 286 287 288 290 291 293 295 296 297 298 302 303 304 308 310 311 315 316 318 319 320 321 322 323 324 325 327 330 332 333 334 335 339 340 341 342 344 346 347 349 351 352 354 356 357 358 368 370 376 377 379 381 386 388 390 391 392 398 399 402 403 404 405 406 408 413 417 421 422 424 425 427 428 429 430 433 434 435 438 440 451 453 455 456 457 458 459 462 464 465 473 477 478 479 481 482 484 487 488 489 491 493 494 496 499
round1_confirmation,dsmall,500,10-0.5-P,2,142390,253,1 3 4 6 8 9 10 11 12 14 15 19 21 23 25 26 27 28 31 32 33 39 43 53 56 57 58 60 62 64 65 68 69 71 73 74 78 79 80 81 83 86 90 92 93 94 97 101 102 103 107 111 112 114 116 117 121 122 123 125 127 131 133 134 140 143 144 145 146 147 149 150 151 152 154 155 156 157 161 164 165 166 167 169 170 171 172 173 175 178 179 181 182 183 184 185 187 190 195 196 197 198 199 201 207 209 211 213 217 222 223 227 228 231 232 234 236 237 241 243 244 246 248 249 250 253 254 255 256 257 258 260 261 263 265 266 267 268 269 272 274 275 279 282 284 285 286 287 290 291 292 293 295 296 297 298 304 308 310 311 315 316 319 320 321 322 323 324 325 327 330 333 334 335 339 340 341 344 346 347 349 351 352 354 356 357 358 368 370 375 376 377 379 381 385 386 388 390 391 392 398 399 400 402 403 404 405 406 408 413 416 417 421 424 425 427 428 429 430 433 435 436 438 440 451 453 455 456 457 458 459 461 462 465 466 473 477 478 479 481 482 483 484 487 488 489 491 492 493 494 495 496 499
round1_confirmation,dsmall,500,10-0.5-P,3,142285,253,1 3 4 6 8 9 10 11 12 14 15 19 21 23 25 26 27 28 31 32 33 39 43 53 56 57 58 60 62 64 65 68 69 70 71 73 74 77 78 79 80 81 83 86 90 92 94 96 97 101 103 105 107 111 112 114 116 117 121 123 125 127 131 133 134 140 143 144 145 146 147 149 150 151 152 154 155 156 157 161 165 167 169 170 172 173 175 176 178 179 181 182 183 184 185 187 190 191 195 196 197 198 199 201 207 208 209 211 213 215 217 222 223 227 228 231 232 234 241 243 244 248 249 250 253 254 256 257 258 260 261 263 265 266 267 268 269 272 274 275 278 279 280 282 283 284 286 287 288 290 291 292 293 295 296 297 298 302 304 308 309 310 311 315 316 319 321 322 323 324 325 327 329 330 333 334 335 339 340 341 342 344 346 347 349 350 351 352 354 356 357 358 368 370 375 376 377 381 384 385 386 388 390 391 392 399 402 403 404 406 408 411 413 417 421 422 424 425 427 428 429 430 433 434 435 438 440 448 451 453 455 456 457 458 459 461 462 463 465 468 473 477 478 479 481 484 487 491 492 493 494 498 499
round1_confirmation,dsmall,500,12-0.75-P,1,194601,377,1 2 3 4 6 8 9 10 11 12 14 15 19 20 21 22 23 24 25 26 27 28 32 33 36 37 38 39 43 44 45 47 48 50 53 56 57 58 60 62 63 64 65 66 68 69 70 71 72 73 74 75 76 78 79 80 81 83 84 86 87 89 90 91 92 93 94 96 97 98 100 101 102 103 104 105 107 108 110 111 112 113 114 116 117 120 121 122 123 124 125 127 131 133 134 137 138 140 141 142 143 144 145 146 147 149 150 151 152 153 154 155 156 157 158 161 162 163 164 165 166 167 168 169 170 171 172 173 175 176 178 179 181 182 183 184 185 186 187 188 190 191 193 194 195 196 197 198 199 200 201 202 206 207 208 209 211 212 213 214 215 216 217 218 219 221 222 223 226 227 228 230 231 232 234 235 236 237 238 239 241 243 244 245 248 250 253 255 256 257 258 259 260 261 263 264 265 266 267 268 269 271 272 273 274 275 276 278 279 280 282 283 284 285 286 287 288 290 291 292 293 295 296 297 298 302 303 304 305 306 308 309 310 311 312 313 314 315 316 317 318 319 320 321 322 323 324 325 326 327 328 329 330 333 334 335 339 340 341 344 346 347 348 349 351 352 354 356 357 358 360 365 366 367 368 370 372 374 375 376 377 379 380 381 383 384 385 386 388 389 390 391 392 395 396 397 398 399 400 402 403 404 405 406 407 408 409 411 413 415 416 417 419 421 422 424 425 426 427 428 429 430 431 432 433 434 435 436 438 440 443 444 446 447 448 450 451 452 453 454 455 456 457 458 459 461 462 464 465 466 467 468 469 470 472 473 474 477 478 479 481 482 483 484 485 486 487 488 489 490 491 492 493 494 495 496 499
round1_confirmation,dsmall,500,12-0.75-P,2,194695,377,1 2 3 4 6 8 9 10 11 12 14 15 19 20 21 22 23 24 25 26 27 28 32 33 37 39 43 44 45 47 48 50 53 56 57 58 60 62 63 64 65 66 68 69 70 71 72 73 74 75 76 78 79 80 81 83 84 86 87 89 90 92 93 94 96 97 98 100 101 102 103 104 107 108 110 111 112 113 114 115 116 117 120 121 122 123 124 125 127 131 133 134 136 137 138 140 141 142 143 144 145 146 147 148 149 150 151 152 153 154 155 156 157 158 161 162 163 164 165 166 167 168 169 170 171 172 173 175 176 178 179 180 181 182 183 184 186 187 188 190 191 193 194 195 196 197 198 199 200 201 202 203 206 207 208 209 211 212 213 214 215 216 217 218 219 221 222 223 226 227 228 229 231 232 234 235 236 237 238 239 241 243 244 245 246 247 248 249 250 253 254 255 256 257 258 259 260 261 263 264 265 266 267 268 269 271 272 274 275 276 277 278 279 280 282 283 284 285 286 287 288 289 290 291 292 293 295 296 297 298 302 303 304 305 307 308 309 310 311 312 313 314 315 316 317 318 319 320 321 322 323 324 325 326 327 329 330 333 334 335 339 340 341 344 346 347 348 349 350 351 352 354 356 357 358 360 366 368 370 374 375 376 377 379 381 383 384 385 386 387 388 389 390 391 392 395 396 397 398 399 400 402 403 404 405 406 407 408 409 411 413 415 416 417 419 421 422 424 425 426 427 428 429 430 431 432 433 434 435 436 438 440 443 446 447 448 450 451 452 453 454 455 456 457 458 459 461 462 463 465 466 467 468 469 470 472 473 477 478 479 481 482 483 484 485 486 487 488 489 490 491 492 493 494 495 496 499
round1_confirmation,dsmall,500,12-0.75-P,3,194588,377,1 2 3 4 6 8 9 10 11 12 14 15 19 20 21 22 23 24 25 26 27 28 32 33 35 36 39 43 44 45 47 48 50 53 54 56 57 58 60 62 63 64 65 66 67 68 69 70 71 72 73 74 75 76 78 79 80 81 83 84 86 87 89 90 91 92 93 94 96 97 98 100 101 102 103 104 107 108 110 111 112 113 114 116 117 120 121 122 123 124 125 127 131 133 134 136 137 140 141 143 144 145 146 147 148 149 150 151 152 154 155 156 157 161 163 164 165 166 167 168 169 170 171 172 173 174 175 176 178 179 180 181 182 183 184 185 186 187 188 190 191 193 194 195 196 197 198 199 200 201 204 206 207 208 209 211 212 213 214 215 216 217 218 219 221 222 223 226 227 228 229 231 232 234 235 236 237 238 239 241 243 244 245 246 247 248 249 250 253 255 256 257 258 259 261 263 264 265 266 267 268 269 272 274 275 276 278 279 280 281 282 283 284 285 286 287 288 290 291 292 293 295 296 297 298 301 302 303 304 305 306 308 309 310 311 312 313 314 315 316 317 318 319 320 321 322 323 324 325 326 327 329 330 333 334 335 339 340 341 342 344 346 347 349 350 351 352 354 356 357 358 360 365 366 368 370 374 375 376 377 379 381 383 384 385 386 387 388 389 390 391 392 395 396 397 398 399 400 402 403 404 405 406 407 408 409 411 413 415 416 417 419 421 422 424 425 426 427 428 429 430 431 432 433 434 435 436 437 438 440 443 446 447 448 450 451 452 453 454 455 456 457 458 459 461 462 463 464 465 466 467 468 469 470 472 473 476 477 478 479 481 482 483 484 485 486 487 488 489 491 492 493 494 495 496 498 499
round1_confirmation,dsmall,500,2-0.25-M,1,50376,126,4 6 12 13 17 21 31 36 38 41 43 44 55 61 65 67 73 78 84 85 87 89 93 94 95 101 107 110 112 113 116 129 135 141 150 155 162 163 164 165 166 169 170 171 172 173 175 184 186 191 196 206 209 210 221 225 227 232 233 236 242 251 261 270 274 280 281 283 284 290 292 294 303 304 305 312 313 318 319 321 323 343 344 345 348 350 351 352 354 356 357 359 360 363 368 369 374 375 383 390 394 398 400 405 418 420 424 426 436 439 440 448 454 458 461 466 475 476 479 484 485 487 490 491 493 499
round1_confirmation,dsmall,500,2-0.25-M,2,50313,126,6 12 17 21 31 36 38 40 41 43 44 55 61 65 67 73 75 78 84 85 87 89 93 94 95 101 107 110 116 129 132 133 135 137 141 150 162 163 164 165 166 168 169 170 171 172 173 175 178 184 186 191 196 206 209 210 221 225 227 229 232 233 238 242 247 249 251 261 270 274 280 281 283 284 290 292 294 303 304 305 312 313 318 319 321 326 333 337 343 344 345 348 350 354 357 358 359 360 368 369 374 375 383 390 391 394 398 400 405 411 414 418 426 436 439 454 458 466 467 476 479 484 485 491 493 499
round1_confirmation,dsmall,500,2-0.25-M,3,50328,126,6 12 17 21 31 36 38 40 43 44 45 50 55 67 73 75 78 84 85 87 89 93 94 95 101 116 119 129 132 133 135 137 141 155 162 163 164 165 166 168 169 170 172 173 175 184 186 191 196 206 209 210 221 225 227 229 232 233 239 242 247 249 251 261 270 274 277 280 281 283 284 290 292 300 304 305 312 313 318 321 323 333 337 343 344 345 348 350 352 354 357 359 360 363 368 369 374 383 390 391 394 396 400 403 405 418 420 424 426 434 436 439 445 448 449 454 458 461 466 467 476 479 484 490 493 499
round1_confirmation,dsmall,1000,2-0.25-P,1,135454,252,10 13 16 18 23 36 37 39 40 44 46 47 54 56 60 62 65 66 71 73 75 76 86 102 108 109 111 115 117 121 124 128 131 132 135 139 144 146 148 152 154 160 161 162 166 168 176 179 187 190 192 199 200 201 208 215 217 223 224 227 237 240 242 243 246 253 257 259 262 263 268 276 277 279 281 283 290 296 300 305 306 316 320 321 322 329 334 335 349 352 357 358 361 376 378 379 386 388 389 390 401 406 410 411 418 419 421 428 429 431 439 454 460 466 470 471 472 494 500 501 511 514 515 516 517 520 524 530 535 548 549 558 559 561 563 566 574 582 583 585 590 596 599 600 602 607 611 612 620 624 631 640 649 650 659 664 666 670 677 678 685 687 698 703 705 707 709 712 724 725 727 728 730 731 732 738 739 741 748 754 755 759 760 767 769 770 771 774 777 778 779 782 784 791 794 797 803 804 806 808 813 814 816 821 822 824 827 838 841 842 843 848 850 854 856 865 867 872 882 885 886 890 891 900 901 905 911 914 917 920 922 923 930 931 934 941 948 962 963 966 970 971 973 977 978 983 984 988 991 994 997 998
round1_confirmation,dsmall,1000,2-0.25-P,2,135575,252,10 13 16 18 23 36 37 39 40 44 46 47 54 56 60 62 66 70 73 75 76 83 86 102 108 109 111 115 117 121 124 128 132 135 144 146 148 152 154 160 161 166 168 173 176 179 181 186 187 190 192 199 201 208 209 215 217 223 226 227 233 240 243 246 253 257 259 263 268 276 277 281 283 290 292 300 305 306 316 320 321 329 349 352 354 357 358 361 365 368 372 374 376 378 384 386 388 389 390 401 402 406 411 418 419 421 424 425 426 428 429 431 433 441 454 458 462 466 470 471 472 473 493 494 500 501 511 514 515 516 520 524 525 530 535 548 551 558 559 563 566 574 582 583 585 586 590 596 599 607 611 624 628 631 637 640 649 650 654 659 664 667 670 674 677 687 705 707 709 712 714 724 725 727 730 731 732 738 739 747 748 754 755 759 760 767 768 769 770 771 776 777 778 779 782 791 794 795 796 797 803 804 808 813 816 821 822 827 834 838 841 842 843 854 856 867 869 882 885 886 891 900 905 911 914 917 920 923 924 930 931 934 941 948 962 963 964 966 967 970 971 974 977 981 984 985 988 990 991 994 997 998
round1_confirmation,dsmall,1000,2-0.25-P,3,135347,252,10 11 13 16 18 23 35 36 37 39 40 44 46 47 54 56 62 65 70 73 75 76 85 88 102 108 109 111 117 124 128 132 135 146 148 152 154 159 161 166 168 176 178 179 187 190 191 199 200 201 208 211 215 217 223 224 225 227 233 237 240 243 246 247 248 253 257 259 262 263 268 276 277 278 281 283 292 300 305 306 316 320 321 322 340 352 357 358 361 365 376 378 384 385 386 388 389 390 401 402 406 411 418 419 421 424 428 429 439 454 462 466 470 472 494 500 501 511 514 515 516 518 520 524 530 533 535 548 549 558 559 563 565 566 574 575 582 583 585 586 590 596 599 600 602 607 611 612 619 623 628 631 640 649 650 654 659 664 670 677 678 687 698 705 707 709 712 714 724 725 727 728 731 732 738 739 741 746 747 748 754 755 762 767 768 769 770 771 774 776 777 778 779 782 785 791 794 796 797 803 804 808 813 814 821 822 824 838 842 843 849 854 856 865 867 869 872 882 885 886 891 894 900 904 905 911 917 920 921 922 923 924 928 930 931 934 938 948 962 963 964 966 970 971 973 974 977 988 991 994 997 998
round1_confirmation,dsmall,1000,7-0.5-M,1,49124,501,0 4 8 9 10 11 14 15 17 19 23 24 26 28 31 35 37 41 45 46 48 49 50 51 52 53 56 58 59 61 66 68 69 70 72 73 74 77 80 82 83 84 85 86 87 88 89 92 93 98 102 103 104 106 107 108 115 117 118 119 123 125 126 127 128 132 134 135 137 138 139 142 144 145 149 151 153 156 157 159 160 164 169 171 174 176 177 178 179 181 183 184 188 191 192 193 195 196 198 199 200 204 205 207 208 209 212 215 217 219 220 225 226 228 231 232 233 234 235 236 237 239 241 242 243 247 249 250 253 254 256 258 259 260 263 266 267 270 272 274 275 277 278 279 281 282 283 290 291 292 296 297 299 302 305 306 307 308 309 310 311 312 313 314 315 316 318 320 321 322 323 324 325 328 330 334 336 337 343 344 345 346 347 349 351 355 357 359 360 362 366 367 370 371 373 375 377 378 380 385 386 387 389 391 394 395 396 397 401 402 403 405 410 411 412 415 417 419 422 423 424 428 431 434 435 436 437 438 439 440 445 446 447 449 450 451 454 456 461 462 463 467 469 470 472 473 474 479 483 484 485 490 493 495 497 499 500 502 506 510 511 512 513 514 516 518 519 520 521 522 523 525 526 531 534 535 541 542 544 545 547 548 549 550 554 557 558 559 561 564 570 572 576 579 582 586 587 591 592 595 597 600 601 602 603 604 605 606 607 608 609 612 614 615 616 621 624 625 626 628 630 631 633 634 636 637 639 641 642 643 644 645 646 647 649 650 651 653 654 655 659 660 663 668 669 671 675 679 681 682 683 684 690 692 695 698 700 704 709 710 711 714 715 716 718 719 720 721 722 723 724 725 726 727 730 731 733 734 735 736 737 739 740 741 744 747 752 753 754 755 758 762 764 765 769 770 771 774 778 779 780 781 784 785 786 787 789 790 791 793 804 805 806 808 812 814 815 817 818 819 820 824 825 828 830 832 833 834 837 838 840 843 846 847 848 849 851 853 857 859 861 862 871 875 880 883 894 895 897 903 906 907 908 910 913 915 916 917 919 920 928 929 930 931 933 934 935 936 937 939 940 942 946 949 950 952 961 963 964 965 966 968 970 973 977 978 979 981 983 984 985 986 987 988 991 992 993 995 997 998 999
round1_confirmation,dsmall,1000,7-0.5-M,2,49381,501,0 8 9 10 11 14 15 16 17 19 23 24 26 28 31 35 40 45 46 48 49 51 52 53 56 58 59 61 66 68 69 70 71 72 73 74 77 80 83 84 85 86 88 89 92 93 98 102 103 104 107 108 111 115 117 118 119 123 126 128 130 132 137 139 140 142 144 145 149 151 153 156 159 160 165 169 171 174 176 177 178 179 181 183 188 191 192 195 196 199 200 204 205 206 207 208 209 215 216 217 219 220 225 226 228 233 234 235 237 239 241 242 243 246 247 249 250 253 254 256 258 259 260 263 266 267 270 272 274 278 279 281 282 283 290 291 292 296 302 304 305 306 307 308 309 310 311 312 313 314 315 316 318 320 321 322 323 324 325 328 330 335 336 337 343 344 345 346 347 349 350 351 352 354 359 360 361 362 366 367 370 371 373 375 377 378 380 385 386 387 389 391 395 396 397 400 401 402 403 405 410 411 412 417 422 423 428 429 431 435 436 437 438 439 440 443 445 446 447 449 450 451 454 455 456 462 463 467 469 470 472 473 474 477 483 485 486 490 493 495 497 499 500 502 506 508 510 511 512 513 514 516 518 519 520 521 522 523 525 531 534 535 538 541 542 545 547 548 549 551 554 557 558 559 561 562 564 565 566 570 571 572 576 579 582 586 587 590 591 592 595 597 599 600 601 602 603 604 605 606 607 608 609 612 614 615 621 622 624 625 627 628 630 631 633 634 635 636 637 639 641 642 643 645 646 647 650 652 653 654 655 656 657 659 660 663 665 668 669 675 679 681 682 683 684 690 692 695 698 700 704 709 710 711 715 716 718 719 720 721 722 723 724 725 726 727 731 733 734 735 736 737 738 739 740 741 744 747 750 752 753 754 755 762 763 764 765 768 769 770 771 772 774 778 779 780 781 784 785 786 787 789 790 791 797 805 806 808 812 813 814 815 818 819 820 825 828 829 830 832 833 834 837 838 840 843 846 847 848 849 851 853 857 859 861 862 863 871 875 880 883 889 894 896 897 901 903 904 906 907 908 910 913 915 916 917 919 920 921 928 929 930 931 933 934 935 936 937 939 940 942 946 949 950 952 961 962 963 965 967 968 972 973 977 978 979 981 983 984 985 986 987 988 991 992 993 994 995 997 998 999
round1_confirmation,dsmall,1000,7-0.5-M,3,49089,500,0 1 6 8 9 10 11 14 15 17 19 23 24 26 28 31 35 37 41 45 46 48 49 50 51 52 53 56 58 59 61 66 68 69 70 72 73 74 80 83 85 86 87 88 89 92 98 102 103 104 106 107 108 115 117 118 119 123 125 126 127 128 132 139 142 144 145 149 151 156 157 159 160 164 165 169 171 172 174 176 177 178 179 181 184 191 192 195 196 197 198 199 200 204 205 207 208 209 213 216 217 219 220 225 226 228 231 232 233 234 235 236 237 239 241 242 243 246 247 249 250 253 254 258 259 263 266 267 278 279 281 282 283 286 290 291 292 296 302 305 306 307 308 309 310 311 312 313 314 315 316 318 320 321 322 323 324 325 328 330 334 336 337 342 343 344 345 346 347 349 351 357 359 360 361 362 367 370 371 373 375 377 380 385 386 387 389 394 395 396 397 401 402 403 405 410 411 412 417 419 422 423 428 431 435 436 437 438 439 440 446 447 449 450 451 454 455 456 461 462 463 466 467 469 470 471 472 473 474 477 483 484 485 486 487 490 493 495 497 499 500 502 506 508 509 510 511 512 513 514 516 518 519 520 521 522 523 525 531 534 538 541 542 545 547 548 549 551 552 554 559 564 565 566 568 570 571 572 576 579 582 586 587 590 591 592 595 597 600 601 602 603 604 605 606 607 608 609 612 614 615 616 621 624 625 628 630 631 632 633 635 636 637 639 641 642 643 645 646 647 649 650 652 653 654 655 656 658 659 660 663 668 669 675 679 681 682 683 684 685 690 692 695 698 700 702 704 705 709 710 711 714 715 716 718 719 720 721 722 723 725 726 727 730 731 733 735 736 737 739 740 741 744 747 752 753 754 755 758 762 763 764 765 768 769 770 772 774 778 779 780 781 784 785 786 787 789 790 793 797 804 805 806 808 812 813 814 815 818 819 820 824 825 828 830 832 833 837 838 840 842 843 844 846 847 848 849 850 851 853 857 859 861 862 863 864 871 875 880 883 889 890 893 894 896 897 902 903 904 906 907 908 910 913 915 916 917 919 920 928 929 930 931 933 934 935 936 937 939 940 942 944 946 949 952 956 961 962 964 965 968 973 977 978 979 981 983 984 985 986 987 988 991 992 993 994 995 997 998 999
round1_confirmation,dsmall,1000,9-0.75-M,1,32000,749,0 1 2 3 4 5 6 7 8 9 11 12 14 15 17 18 19 20 21 22 24 27 28 30 31 32 33 34 35 36 37 38 39 40 41 43 44 45 47 48 49 50 51 54 56 57 58 59 60 61 62 63 65 67 68 69 70 71 72 73 74 75 78 80 81 82 83 84 85 86 88 89 90 91 93 94 95 96 97 98 99 100 102 104 105 106 108 109 110 113 114 116 117 118 121 123 124 125 126 128 130 132 133 134 136 137 139 140 141 142 144 146 148 149 150 152 153 154 155 156 157 158 159 162 163 164 165 168 171 173 174 175 177 178 179 180 181 182 183 184 185 186 187 189 190 191 192 193 195 196 197 198 199 201 202 203 204 206 207 208 209 211 213 218 219 220 222 223 225 226 227 229 230 231 232 233 234 235 236 239 240 241 242 245 246 248 249 250 252 253 255 258 259 260 263 264 265 266 267 268 269 272 274 275 276 278 279 280 281 282 284 285 286 288 289 290 291 292 293 294 296 297 298 300 301 302 303 304 305 306 307 308 309 313 314 316 317 318 319 320 321 322 326 327 328 329 330 331 332 333 334 336 337 339 341 343 344 345 347 348 350 352 353 354 355 356 357 358 360 363 364 365 366 368 370 371 372 374 375 376 377 379 381 384 385 386 387 388 389 390 391 392 393 394 395 396 398 399 401 402 403 405 407 408 409 410 411 412 413 414 415 416 419 420 421 422 423 424 425 426 427 429 430 431 433 434 435 436 437 440 443 444 445 446 447 448 449 451 454 455 456 458 459 460 461 464 465 466 467 468 469 470 471 472 474 475 476 478 479 481 482 483 485 486 487 488 490 493 494 496 499 500 501 502 503 505 506 508 509 510 511 512 513 514 515 516 517 518 519 520 521 522 525 527 528 529 531 532 533 534 537 538 539 540 541 542 543 544 545 546 547 548 549 550 551 552 553 554 557 558 559 561 562 563 564 566 567 568 569 571 572 576 579 580 581 582 583 585 586 587 589 590 591 593 594 596 597 598 599 600 602 603 604 605 606 607 608 609 612 613 614 616 617 618 619 620 622 623 624 625 627 628 629 630 631 632 633 634 635 636 637 638 639 640 641 642 643 645 646 649 650 651 652 653 655 658 659 660 661 662 664 665 666 668 669 672 676 677 679 680 681 682 683 684 685 686 688 689 690 691 692 693 694 695 696 698 699 700 701 702 703 704 707 708 709 710 711 712 713 714 715 718 719 721 724 725 726 727 729 730 732 734 735 736 739 742 743 744 745 746 747 748 751 753 754 755 756 757 758 760 761 762 764 766 767 768 769 770 772 773 774 775 776 777 778 779 780 781 783 784 785 790 791 793 795 796 797 799 800 801 803 804 805 806 807 809 810 811 813 814 815 816 817 820 821 823 825 826 827 828 830 831 832 833 834 835 836 837 838 839 840 841 842 843 844 845 848 849 852 853 854 855 856 857 859 860 863 865 867 868 869 870 872 873 874 875 876 877 878 881 882 885 886 887 888 889 890 891 892 893 894 896 897 898 899 901 902 903 904 905 906 907 908 910 911 913 914 916 917 918 919 921 923 924 925 926 927 928 929 930 931 932 933 934 935 936 938 939 943 945 946 947 948 949 950 952 953 954 955 956 957 958 959 961 962 966 967 968 969 971 973 974 975 978 980 982 983 984 986 987 989 990 991 992 993 994 995 996 997
round1_confirmation,dsmall,1000,9-0.75-M,2,31877,749,0 1 2 3 4 5 6 7 8 9 11 12 14 15 17 18 19 20 21 22 24 27 28 30 31 32 33 35 36 38 39 40 41 43 44 45 47 48 49 50 51 54 55 56 57 58 59 60 61 62 63 65 66 67 68 69 70 71 72 73 74 75 78 80 81 83 84 85 86 88 89 90 91 93 94 95 96 97 98 99 100 102 104 105 106 107 108 109 110 112 113 114 116 117 118 121 123 124 125 127 128 130 132 133 134 136 137 139 140 141 142 145 146 148 149 150 152 153 154 155 156 157 158 159 162 163 164 165 168 171 173 174 175 177 178 179 180 181 182 183 184 185 186 187 189 190 191 192 193 195 196 197 198 199 201 202 203 204 206 207 208 209 210 211 213 218 219 220 222 223 225 226 229 230 231 232 233 234 238 239 240 241 242 245 246 248 249 250 252 253 257 258 259 260 264 265 266 267 268 269 272 274 275 277 278 279 280 281 282 284 285 288 289 290 292 294 296 298 300 301 302 303 304 305 306 307 308 309 313 314 317 318 319 320 321 322 324 326 327 328 329 330 331 332 333 334 336 337 339 341 343 344 345 347 348 350 351 352 353 354 355 357 358 360 363 364 365 366 368 369 370 371 372 374 375 376 377 378 379 381 384 385 386 387 388 389 392 393 394 395 396 398 399 401 402 403 406 407 408 409 410 411 412 413 414 415 416 419 420 421 422 423 425 427 428 429 430 433 434 435 436 440 443 444 445 446 447 449 451 452 453 454 455 456 458 459 460 461 464 465 466 467 469 470 471 472 474 475 476 477 478 479 480 481 482 483 485 486 487 488 490 492 493 494 495 496 499 500 501 502 503 505 506 507 508 509 510 511 513 514 515 516 517 518 519 520 521 522 523 524 525 527 528 529 531 533 534 536 537 538 539 540 541 542 543 544 545 546 547 548 549 550 551 552 553 554 557 558 559 561 562 563 564 566 568 569 572 573 577 579 580 581 582 583 585 586 587 589 590 591 594 595 596 597 598 599 602 604 605 606 607 608 612 613 614 616 617 618 619 620 621 622 623 624 625 626 627 628 629 630 631 632 633 634 635 636 637 638 639 640 641 642 643 645 646 649 650 651 652 653 658 659 660 661 662 663 664 665 668 669 672 673 675 676 677 679 680 681 683 684 685 686 688 689 690 691 692 694 695 696 697 698 699 700 701 702 703 704 707 708 709 710 711 712 713 714 715 716 718 719 721 724 725 727 729 730 732 734 735 736 738 739 742 743 744 745 746 747 748 751 753 754 755 756 757 758 760 761 762 764 766 767 768 769 770 771 772 773 774 775 776 777 778 779 780 781 782 783 784 785 790 791 793 794 795 796 797 800 801 803 804 805 806 807 809 811 813 814 815 816 817 820 821 823 826 827 828 831 833 834 835 837 838 839 840 841 842 843 844 845 846 848 849 852 853 854 855 856 857 858 859 860 863 865 867 868 869 870 872 873 875 876 877 878 880 881 882 885 886 887 888 889 890 891 892 893 894 896 897 898 899 901 902 903 904 905 906 907 909 910 911 913 914 915 916 917 918 919 921 923 924 925 927 928 930 931 932 933 934 935 936 938 939 942 943 944 945 946 947 948 949 950 951 952 953 954 955 956 957 958 959 961 962 966 967 969 971 973 974 975 976 977 978 980 982 983 984 986 987 989 990 991 992 993 994 995 996 997 998
round1_confirmation,dsmall,1000,9-0.75-M,3,31851,749,0 1 2 3 4 5 6 7 8 9 11 12 14 15 17 18 19 20 21 22 24 27 28 30 31 32 33 35 36 38 39 40 41 43 44 45 47 48 49 50 51 53 54 55 56 57 58 59 60 61 62 63 65 67 68 69 70 71 72 73 74 75 78 80 81 83 84 85 86 88 89 90 91 93 95 96 97 98 99 100 102 104 105 106 108 109 110 113 114 116 117 118 121 123 124 125 128 129 130 132 133 134 136 137 139 140 141 144 145 146 148 149 150 152 153 154 155 156 157 158 159 161 162 163 164 165 168 171 173 174 175 177 178 179 180 181 182 183 184 185 186 187 189 190 191 192 193 195 196 197 198 199 201 202 203 204 206 207 208 209 210 211 213 215 218 219 220 222 223 225 226 227 229 230 231 232 233 234 235 239 240 241 242 245 246 248 249 250 252 253 255 258 259 260 261 264 265 266 267 268 269 272 274 275 277 278 279 280 281 282 284 285 288 290 292 294 295 296 298 299 300 301 302 303 304 305 306 307 308 309 313 314 316 317 318 319 320 321 322 324 326 327 328 329 330 332 333 334 336 337 339 340 341 343 344 345 346 347 348 350 351 352 353 354 355 357 358 360 364 365 366 368 370 371 372 374 375 376 377 379 380 381 384 385 386 387 388 389 390 392 393 394 395 396 398 399 401 402 403 404 405 406 407 408 409 410 411 412 413 414 415 416 419 420 421 422 423 424 425 426 427 428 429 430 433 434 435 436 437 440 443 444 445 447 449 451 453 454 455 456 458 459 460 461 464 465 466 467 469 470 471 472 474 475 476 477 478 479 480 481 482 483 485 486 488 490 492 493 494 496 499 500 501 502 503 505 506 507 508 509 510 511 513 514 515 516 517 519 520 521 525 527 528 529 531 532 533 534 537 538 539 540 541 542 543 544 545 546 547 548 549 550 552 553 554 555 557 558 559 560 561 562 563 564 567 568 569 572 573 576 579 580 581 582 583 585 586 587 589 590 591 593 594 596 597 598 599 602 603 604 605 606 607 608 609 612 613 614 616 617 618 619 620 622 623 624 625 627 628 629 630 631 632 633 634 635 636 637 638 639 640 641 642 643 644 645 646 649 650 651 652 653 655 658 659 660 661 662 663 664 666 667 668 669 672 673 676 677 679 680 682 683 684 685 686 688 689 690 691 692 694 695 698 699 700 701 702 703 704 707 708 709 710 711 712 713 714 715 716 718 719 721 724 725 726 727 729 730 732 734 735 736 738 739 742 743 744 745 746 747 748 751 753 754 755 756 757 758 760 761 762 764 765 766 767 768 769 770 773 774 775 777 778 779 780 781 782 783 784 785 790 791 792 793 794 795 796 797 798 799 800 801 803 804 805 806 807 808 809 810 811 813 814 815 816 817 820 821 823 825 826 827 828 831 832 833 834 835 836 837 838 839 840 841 842 843 844 845 848 849 853 854 855 856 857 858 859 860 863 865 867 868 869 870 873 874 875 876 877 878 881 882 885 886 887 888 889 890 891 892 893 894 896 897 898 899 901 902 903 904 905 906 907 908 910 911 913 914 915 916 917 918 919 924 925 926 927 928 929 930 931 932 934 935 936 938 939 943 945 946 947 949 950 951 952 953 954 955 956 957 958 959 961 962 966 967 969 971 973 974 975 976 978 979 980 982 983 984 986 987 989 990 991 992 993 994 995 996 997
round1_confirmation,B84ds,500,10-0.5-P,1,142187,253,1 3 4 6 8 9 10 11 12 14 15 19 20 21 23 25 26 27 28 32 33 36 39 43 53 56 57 58 60 62 64 65 68 69 71 73 74 77 78 79 80 81 83 86 90 92 93 97 101 102 103 107 111 112 113 114 116 117 121 122 123 125 127 131 133 134 140 143 144 145 146 147 149 150 151 152 154 155 156 157 161 164 165 167 169 170 171 172 175 178 181 182 183 184 185 187 190 195 196 197 198 199 201 207 209 213 215 217 222 223 227 228 231 232 234 236 237 241 243 244 246 248 249 253 255 256 257 258 260 261 263 265 266 267 268 269 272 274 275 279 280 282 283 284 285 286 287 288 290 291 292 293 295 296 297 298 304 308 310 311 316 317 319 320 321 322 323 324 325 327 329 333 334 335 339 340 341 342 344 346 347 349 351 352 354 356 357 358 368 370 375 376 377 381 384 385 386 388 390 391 392 397 398 399 402 403 404 405 406 408 413 417 421 422 424 425 427 428 429 430 433 434 435 436 438 440 450 451 453 455 456 457 458 459 461 462 465 473 477 478 479 481 482 484 487 489 491 492 493 494 496 498 499
round1_confirmation,B84ds,500,10-0.5-P,2,142390,253,1 3 4 6 8 9 10 11 12 14 15 19 20 21 23 25 26 27 28 31 32 33 36 39 43 53 56 57 58 60 62 64 65 68 69 70 71 73 74 78 79 80 81 83 86 90 92 94 96 97 101 102 103 107 111 112 114 116 117 121 123 125 127 131 133 134 140 143 144 145 146 147 149 150 151 152 154 155 156 157 161 164 165 166 167 169 170 171 172 175 178 179 181 182 183 184 185 187 190 191 195 196 197 198 201 207 209 211 213 215 217 221 222 223 227 228 231 232 234 236 241 243 244 246 248 250 253 256 257 258 260 261 263 265 266 267 268 269 272 274 275 279 280 282 283 284 285 286 287 290 291 292 293 295 296 297 298 303 304 308 309 310 311 315 316 319 320 321 322 323 324 325 327 329 332 333 334 335 339 340 341 342 344 346 347 349 351 352 354 356 357 358 368 370 375 376 377 379 381 383 386 388 390 391 392 399 402 403 404 405 406 408 413 417 421 422 424 425 427 429 430 433 435 438 440 448 451 453 455 456 457 458 459 461 462 463 465 473 477 478 479 481 482 484 487 488 489 491 492 493 494 496 499
round1_confirmation,B84ds,500,10-0.5-P,3,142281,253,1 3 4 6 8 9 10 11 12 15 19 20 21 22 23 25 26 27 28 31 32 33 36 39 43 49 53 56 57 58 60 62 64 65 68 69 71 73 74 78 79 80 81 83 86 90 92 96 97 101 102 103 107 111 112 114 116 117 121 122 123 125 127 131 133 134 140 143 144 145 146 147 149 150 151 152 154 155 156 157 161 164 165 167 169 170 171 172 175 178 179 181 182 183 184 185 187 190 191 193 194 195 196 197 198 199 201 207 209 211 213 215 222 223 227 228 231 232 234 236 241 243 244 246 249 250 253 254 255 257 258 260 261 263 265 266 267 268 269 272 274 275 276 279 282 284 285 286 287 290 291 292 295 296 297 298 302 303 304 308 309 310 311 315 316 317 318 319 321 322 323 324 325 327 330 332 333 334 335 339 340 341 342 344 346 347 349 351 352 354 356 357 358 368 370 375 376 377 379 381 386 388 390 391 392 396 399 402 403 404 405 406 408 413 417 421 422 424 425 427 428 429 430 433 434 435 438 440 451 453 456 457 458 459 462 463 465 468 473 477 478 479 481 482 484 487 488 491 492 493 494 498 499
round1_confirmation,B84ds,500,12-0.75-P,1,194601,377,1 2 3 4 6 8 9 10 11 12 14 15 19 20 21 22 23 24 25 26 27 28 32 33 34 36 39 43 44 45 47 48 50 52 53 56 57 58 60 62 63 64 65 66 68 69 70 71 72 73 74 75 76 78 79 80 81 83 84 86 87 89 90 92 93 94 96 97 98 100 101 102 103 104 107 108 110 111 112 113 114 115 116 117 120 121 122 123 124 125 127 131 133 134 136 137 138 140 141 142 143 144 145 146 147 149 150 151 152 153 154 155 156 157 161 162 163 164 165 166 167 168 169 170 171 172 173 174 175 176 178 179 180 181 182 183 184 185 186 187 188 190 191 193 194 195 196 197 198 199 200 201 203 206 207 208 209 211 212 213 214 215 216 217 218 219 221 222 223 226 227 228 229 231 232 234 235 236 237 238 239 241 243 244 245 246 247 248 249 250 253 254 255 256 257 258 259 261 263 264 265 266 267 268 269 272 274 275 276 278 279 280 281 282 283 284 285 286 287 288 290 291 292 293 295 296 297 298 302 303 304 305 306 307 308 309 310 311 312 313 314 315 316 317 318 319 320 321 322 323 324 325 327 329 330 333 334 335 339 340 341 342 344 346 347 348 349 350 351 352 354 356 357 358 360 365 366 368 370 374 375 376 377 379 381 383 384 385 386 388 389 390 391 392 395 396 397 398 399 400 402 403 404 405 406 407 408 409 411 413 415 416 417 419 421 422 423 424 425 426 427 428 429 430 431 432 433 434 435 436 438 440 443 446 447 448 450 451 452 453 454 455 456 457 458 459 461 462 463 465 466 467 468 469 470 472 473 477 478 479 481 482 483 484 485 486 487 488 489 491 492 493 494 495 496 498 499
round1_confirmation,B84ds,500,12-0.75-P,2,194579,377,1 2 3 4 6 9 10 11 12 14 15 19 20 21 22 23 24 25 26 27 28 32 33 35 36 37 39 43 44 45 47 48 50 53 56 57 58 60 62 63 64 65 66 68 69 70 71 72 73 74 75 76 78 79 80 81 83 84 85 86 87 89 90 92 93 94 96 97 98 100 101 102 103 104 107 108 110 111 112 113 114 115 116 117 120 121 122 123 124 125 127 131 133 134 137 139 140 141 142 143 144 145 146 147 148 149 150 151 152 153 154 155 156 157 158 161 162 164 165 166 167 168 169 170 171 172 173 175 176 178 179 180 181 182 183 184 185 186 187 188 190 191 193 194 195 196 197 198 199 200 201 202 204 206 207 208 209 211 212 213 215 216 217 218 219 221 222 223 226 227 228 229 230 231 232 234 235 236 237 238 239 241 243 244 245 246 248 249 250 251 253 255 256 257 258 261 263 264 265 266 267 268 269 271 272 274 275 278 279 280 282 283 284 285 286 287 288 290 291 292 293 295 296 297 298 302 303 304 305 306 307 308 309 310 311 312 313 314 315 316 317 318 319 320 321 322 323 324 325 326 327 329 330 332 333 334 335 339 340 341 342 344 345 346 347 348 349 350 351 352 354 356 357 358 360 366 368 370 374 375 376 377 379 381 383 384 385 386 388 389 390 391 392 395 396 397 398 399 400 402 403 404 405 406 407 408 409 411 413 414 415 416 417 419 421 422 424 425 426 427 428 429 430 431 432 433 434 435 436 438 440 443 447 448 450 451 452 453 454 455 456 457 458 459 461 462 463 464 465 466 467 468 469 470 472 473 476 477 478 479 481 482 483 484 485 486 487 488 489 490 491 492 493 494 495 496 499
round1_confirmation,B84ds,500,12-0.75-P,3,194594,376,1 2 3 4 6 8 9 10 11 12 14 15 19 20 21 22 23 24 25 26 27 28 32 33 34 36 37 39 43 44 45 47 48 50 53 56 57 58 60 62 63 64 65 66 68 69 70 71 72 73 74 76 78 79 80 81 83 84 86 89 90 91 92 93 94 96 97 98 100 101 102 103 104 107 108 110 111 112 113 115 116 117 120 121 122 123 124 125 127 131 133 134 135 136 137 138 140 141 142 143 144 145 146 147 148 149 150 151 152 154 155 156 157 161 162 163 164 165 166 167 168 169 170 171 172 173 175 176 178 179 181 182 183 184 185 186 187 188 190 191 192 193 194 195 196 197 198 199 200 201 206 207 208 209 211 212 213 215 216 217 218 219 221 222 223 226 227 228 231 232 234 235 236 237 238 239 241 243 244 245 246 248 249 250 251 253 254 255 256 257 258 260 261 263 264 265 266 267 268 269 271 272 274 275 276 278 279 280 282 283 284 285 286 287 288 290 291 292 293 295 296 297 298 299 301 302 303 304 305 306 308 309 310 311 313 314 315 316 317 318 319 320 321 322 323 324 325 326 327 329 330 332 333 334 335 339 340 341 344 345 346 347 348 349 350 351 352 354 356 357 358 360 366 368 370 374 375 376 377 379 381 383 384 385 386 388 389 390 391 392 395 396 397 398 399 400 402 403 404 405 406 407 408 409 411 413 415 416 417 419 421 422 424 425 426 427 428 429 430 431 432 433 434 435 436 438 440 441 443 446 447 448 450 451 452 453 454 455 456 457 458 459 461 462 463 464 465 466 467 468 469 470 472 473 474 476 477 478 479 481 482 483 484 486 487 488 489 490 491 492 493 494 495 496 498 499
round1_confirmation,B84ds,500,2-0.25-M,1,50339,126,6 12 13 17 21 22 31 36 43 44 55 61 65 67 69 73 75 78 85 88 89 93 95 97 101 110 112 116 121 122 129 132 133 135 141 155 162 163 164 165 166 168 169 170 172 175 184 186 191 196 205 206 209 210 216 221 222 225 227 229 232 233 234 236 242 247 249 251 261 270 274 280 281 283 284 286 290 292 294 303 305 312 313 318 319 321 343 344 345 348 350 354 357 359 363 368 374 383 390 391 394 396 398 400 405 414 418 420 424 426 431 436 439 448 454 458 461 466 467 476 479 484 490 491 493 499
round1_confirmation,B84ds,500,2-0.25-M,2,50239,125,4 6 12 13 17 21 31 34 36 38 40 41 43 44 55 61 65 67 78 85 87 89 93 94 95 97 101 116 129 133 135 137 141 150 155 162 163 164 165 166 169 170 171 172 173 174 175 184 186 191 196 206 209 210 216 221 225 227 229 232 233 238 242 247 249 251 261 270 274 280 281 283 284 290 292 304 305 312 313 318 319 321 323 333 337 343 344 345 348 350 357 359 360 368 369 374 375 383 390 391 394 398 400 405 414 418 420 426 431 436 439 448 454 458 466 467 475 476 479 484 485 490 491 493 499
round1_confirmation,B84ds,500,2-0.25-M,3,50451,126,6 12 17 21 31 36 38 41 43 44 50 55 61 65 67 73 78 84 85 87 89 93 94 95 101 107 110 113 116 121 129 135 137 141 155 162 163 164 165 166 169 170 172 173 175 184 186 191 196 206 210 216 221 227 232 233 236 242 249 251 261 270 274 280 281 283 284 290 292 294 300 303 304 305 312 313 318 319 321 323 333 337 343 344 345 348 350 351 354 357 359 360 363 368 369 374 383 390 394 398 400 405 411 414 418 420 434 435 436 438 439 445 448 453 454 458 461 466 467 476 479 484 487 491 493 499
round1_confirmation,B84ds,1000,2-0.25-P,1,135441,252,10 13 16 18 23 36 37 40 44 47 56 60 66 70 71 73 75 76 78 83 88 93 102 108 109 111 117 118 121 124 128 132 134 135 144 146 148 152 154 160 161 166 168 176 179 187 190 191 192 199 201 208 211 217 223 227 233 235 237 240 243 253 257 259 262 263 268 276 277 281 283 290 292 298 299 300 305 306 320 321 322 323 329 349 350 352 358 361 365 372 376 378 384 385 386 388 389 390 401 402 406 411 418 419 421 425 428 429 431 439 441 454 456 462 466 470 471 472 494 500 510 511 514 515 516 520 524 530 533 535 548 549 550 551 558 559 563 566 574 582 583 585 590 596 599 600 607 611 612 623 624 628 631 637 640 649 650 654 659 664 670 674 677 678 687 698 703 705 707 709 712 714 724 725 727 731 732 739 748 754 755 759 760 767 768 769 770 771 774 776 777 779 782 784 791 794 795 797 802 803 804 806 813 816 821 822 823 827 835 838 841 842 843 849 854 856 859 867 869 872 876 882 885 886 891 900 905 911 917 920 921 922 923 930 931 934 948 951 962 963 966 970 971 973 977 981 988 990 991 994 997 998
round1_confirmation,B84ds,1000,2-0.25-P,2,135523,252,5 10 11 13 16 18 23 35 36 39 40 44 46 47 56 57 62 65 66 70 73 75 76 86 88 93 102 103 108 109 111 115 117 118 121 124 128 132 135 144 146 148 152 154 161 166 168 176 179 186 187 190 191 199 201 208 209 211 215 217 223 226 227 233 237 240 243 246 253 257 259 262 263 268 276 277 278 281 283 290 292 296 298 299 305 306 316 320 321 322 329 336 349 350 352 357 358 361 376 378 384 385 386 388 389 390 392 401 402 406 411 418 419 421 425 429 431 439 441 454 466 471 472 494 500 501 511 514 515 516 518 524 530 533 535 548 551 558 559 561 563 566 574 582 583 585 590 596 599 600 602 607 611 612 619 624 628 631 637 640 649 650 654 659 664 670 674 677 678 687 698 707 712 714 724 725 727 728 730 732 739 741 747 748 754 755 759 767 768 769 770 771 774 776 777 779 782 791 794 795 796 797 802 803 804 811 813 814 816 821 822 824 835 841 842 843 854 856 867 872 882 885 886 891 900 905 911 917 920 921 922 923 930 931 934 948 962 963 966 970 971 973 977 978 981 985 988 990 991 994 997 998
round1_confirmation,B84ds,1000,2-0.25-P,3,135397,252,5 10 13 18 23 37 39 40 46 47 50 53 54 56 57 62 65 70 73 75 76 83 85 86 102 108 109 111 117 121 124 128 132 135 146 147 148 152 154 156 160 161 162 166 168 176 179 187 190 191 199 201 208 209 215 217 224 227 231 233 235 240 243 246 248 253 257 259 262 263 268 276 277 279 281 283 290 292 300 305 306 320 321 322 329 340 349 352 358 361 365 372 376 378 384 386 388 389 390 401 402 406 411 418 419 421 424 425 426 428 429 431 441 454 466 470 471 472 473 494 500 501 511 514 515 516 518 520 524 530 533 535 548 550 551 558 559 563 566 574 582 583 585 590 596 599 600 607 611 612 620 622 628 631 633 637 640 647 649 650 654 659 664 670 677 678 687 698 705 707 712 714 724 725 727 732 738 739 747 748 754 755 762 768 769 770 771 776 777 778 779 782 784 791 792 794 795 796 797 802 803 804 808 813 814 816 821 822 827 835 840 841 842 843 850 854 856 865 867 869 872 882 885 886 891 900 901 905 910 911 917 920 923 924 930 931 934 948 962 963 967 970 971 977 981 984 988 990 991 994 997 998
round1_confirmation,B84ds,1000,7-0.5-M,1,49203,501,0 1 4 8 9 10 11 14 17 19 23 24 26 31 35 41 45 46 48 49 50 51 52 53 56 58 59 61 66 68 69 70 71 72 73 74 77 80 82 84 85 86 88 89 92 98 102 103 104 106 107 108 115 117 118 119 123 126 128 132 133 136 137 139 140 142 144 145 149 151 156 159 160 162 164 169 171 174 176 177 178 179 181 184 188 191 192 195 196 197 198 199 200 202 204 207 208 209 212 213 216 217 219 220 224 225 228 231 233 234 235 236 237 239 241 242 243 246 247 249 250 253 254 256 258 259 263 266 267 274 277 278 279 281 282 283 286 290 291 292 296 299 302 305 306 307 309 310 311 312 313 314 315 316 318 320 321 322 323 324 325 326 328 330 334 336 337 338 343 345 346 349 350 351 354 355 357 359 360 361 362 366 367 370 371 373 375 377 378 380 385 386 387 388 389 394 395 396 397 401 402 403 405 410 411 412 415 417 419 423 428 431 435 436 437 438 439 440 445 446 447 449 450 451 454 455 456 461 462 463 467 468 469 470 472 473 474 477 483 484 485 487 490 493 495 497 499 500 502 506 508 510 511 512 513 516 518 519 520 521 522 523 525 531 534 541 542 545 547 548 549 551 554 557 558 559 561 562 564 565 568 570 571 572 576 579 582 586 587 590 591 592 595 597 600 601 602 603 604 605 606 607 608 609 612 614 615 616 621 622 624 625 628 630 631 633 637 639 641 642 643 644 645 646 647 649 650 652 653 654 655 656 659 660 663 666 668 669 675 679 681 682 683 684 690 692 695 698 700 709 710 711 715 716 718 719 720 721 722 723 724 725 726 727 731 733 734 735 736 737 738 740 741 744 747 752 753 754 755 758 762 763 764 765 768 769 770 771 778 779 780 781 784 785 786 787 789 790 797 804 805 806 808 812 813 814 815 818 819 820 824 825 828 829 830 832 833 834 837 838 840 843 844 846 847 848 849 851 853 857 859 861 862 863 868 871 877 880 883 885 889 894 896 897 901 902 903 904 906 907 908 910 913 915 916 917 919 920 921 928 929 930 931 933 934 935 936 937 939 940 942 946 949 950 952 961 962 963 965 968 972 973 977 978 979 980 981 983 984 985 986 987 988 991 992 993 994 995 997 998 999
round1_confirmation,B84ds,1000,7-0.5-M,2,49442,501,0 1 4 8 9 10 11 14 15 16 17 19 23 24 26 28 31 35 37 41 45 46 49 50 51 52 53 56 58 59 61 66 68 69 70 72 73 74 77 79 80 83 84 85 86 88 89 92 93 98 102 103 104 107 108 113 115 117 118 119 123 125 126 127 128 132 136 137 139 142 143 144 145 149 151 153 156 157 159 161 164 169 171 174 176 177 178 179 181 183 188 191 192 195 196 197 198 199 200 202 204 205 206 207 208 209 213 215 216 217 218 219 220 225 228 231 232 233 234 235 236 237 239 241 242 243 246 247 249 250 253 254 256 258 259 260 261 263 266 267 272 274 278 279 280 281 282 283 290 291 292 296 299 302 304 305 306 307 308 309 310 311 312 313 315 316 318 320 321 322 323 324 325 326 328 330 334 336 337 343 345 346 347 349 351 354 357 359 360 361 362 367 370 371 373 375 377 378 380 385 386 387 389 394 395 396 397 401 402 403 405 411 412 415 417 419 422 423 424 428 435 436 437 438 439 440 443 446 447 449 450 451 454 455 456 461 462 463 467 469 470 471 472 473 474 483 485 490 493 495 497 499 500 502 506 509 510 511 512 513 516 518 519 520 521 523 525 531 533 534 535 538 541 542 544 545 547 548 549 552 554 558 559 561 564 570 571 572 576 579 582 586 587 590 591 592 595 597 600 601 602 603 604 605 606 607 608 609 612 614 615 616 621 622 624 625 628 630 631 633 634 636 637 641 642 643 644 645 646 647 649 650 652 653 654 655 656 657 659 660 663 668 675 679 681 682 683 684 690 692 695 698 700 704 705 709 710 711 715 716 718 719 720 721 722 723 724 725 726 727 731 733 734 735 736 737 740 741 744 747 750 752 753 754 755 758 762 765 769 770 774 778 780 781 784 786 787 789 790 791 797 805 806 808 812 813 814 815 818 819 820 824 825 828 830 831 832 833 834 837 840 842 843 846 847 848 849 850 851 853 854 857 861 862 863 871 875 880 883 894 896 897 901 903 904 905 906 907 908 910 913 915 916 917 919 920 921 928 929 930 931 933 934 935 936 937 939 940 946 949 950 952 961 962 963 965 966 967 968 969 972 973 977 978 979 981 982 983 984 985 986 987 988 991 992 993 994 995 997 998 999
round1_confirmation,B84ds,1000,7-0.5-M,3,49545,501,0 1 8 9 10 11 13 14 15 17 19 23 24 26 28 31 35 40 41 45 46 49 50 51 52 53 56 58 59 61 66 68 69 70 71 73 74 77 80 83 84 85 86 87 88 89 92 93 98 102 103 104 106 107 108 115 117 118 119 123 125 126 127 128 132 135 137 138 139 140 144 145 149 150 151 153 156 157 159 160 162 164 165 169 171 172 174 176 177 178 179 181 183 184 188 191 192 195 196 198 199 200 204 207 208 209 212 213 215 216 218 219 220 225 226 228 229 231 233 234 235 236 237 239 241 242 243 246 247 249 250 253 254 256 258 259 260 263 266 267 272 274 277 278 279 281 282 283 290 291 292 296 299 302 305 306 307 309 310 311 312 313 314 315 316 318 320 321 322 323 324 325 326 328 330 336 337 338 343 344 345 349 351 354 355 357 359 360 362 366 367 370 371 373 375 377 378 380 385 386 394 395 396 397 401 402 403 405 410 411 412 415 417 419 422 423 424 428 431 435 436 437 438 439 440 443 445 446 447 449 450 451 454 455 456 461 462 463 467 469 470 471 472 473 474 477 483 484 486 487 493 495 497 499 500 502 506 510 511 512 513 514 516 518 519 521 522 523 525 531 534 541 542 544 545 547 548 549 551 554 559 561 564 565 568 570 571 572 576 579 582 586 587 591 592 595 597 600 601 602 603 604 605 606 607 609 612 614 615 616 621 624 625 628 630 631 633 635 636 637 639 641 642 643 644 645 646 647 649 650 652 653 654 655 656 659 660 663 665 668 669 671 675 679 681 682 683 684 690 692 695 698 700 704 705 709 710 711 714 715 716 718 719 720 721 722 723 724 725 726 727 731 733 734 735 736 737 739 740 741 744 745 747 752 753 754 755 758 760 762 763 765 768 769 770 771 774 778 779 780 781 784 785 786 787 789 790 791 805 806 808 812 813 814 815 818 819 820 824 825 828 830 832 833 834 837 843 844 846 847 848 849 850 851 853 857 859 861 862 863 868 871 875 880 883 889 890 894 896 897 903 906 907 908 910 913 915 916 917 919 920 921 928 929 930 931 933 934 936 937 939 940 942 949 952 961 962 963 965 968 972 973 977 978 979 981 982 983 984 985 986 987 988 991 992 993 994 995 997 998 999
round1_confirmation,B84ds,1000,9-0.75-M,1,31868,749,0 1 2 3 4 5 6 7 8 9 11 12 14 15 17 18 19 20 21 22 23 24 25 27 28 30 31 32 33 34 35 36 38 39 40 41 43 44 45 47 48 49 50 51 53 54 55 56 57 58 59 61 62 63 65 67 68 69 70 71 73 74 75 78 80 81 82 83 84 85 86 88 89 90 91 93 94 95 96 97 98 99 100 102 104 105 106 108 109 110 113 114 115 116 117 118 121 123 124 125 126 128 130 132 133 134 136 137 139 140 141 142 144 145 146 148 149 150 152 153 154 155 156 157 158 159 162 163 164 165 168 171 173 174 175 177 178 179 180 181 182 183 184 185 186 187 188 189 190 191 192 193 195 196 197 198 199 201 202 203 204 206 207 208 211 212 213 218 219 220 222 223 224 225 226 227 229 230 231 232 233 234 235 238 239 240 241 242 245 246 248 249 250 252 253 255 258 259 260 264 265 266 267 268 269 274 275 277 278 279 280 281 282 284 285 288 289 290 292 294 296 298 300 301 302 303 304 305 306 307 308 309 313 315 317 318 319 320 321 322 324 326 327 328 329 330 331 332 333 334 336 337 339 340 341 343 344 345 346 347 348 350 351 352 353 354 355 357 358 360 362 363 364 365 366 368 370 371 372 374 375 376 377 379 380 381 384 385 386 387 388 389 390 392 394 395 396 398 399 401 402 403 405 406 407 408 409 410 411 412 413 414 415 416 419 420 421 422 423 425 427 428 429 430 431 433 434 435 436 437 440 442 443 444 445 447 449 451 453 454 455 456 458 459 460 461 464 465 466 467 469 470 471 472 474 475 476 478 479 480 481 482 483 485 486 488 490 492 493 494 496 499 500 501 502 503 505 506 507 508 509 510 511 512 513 514 515 516 517 518 519 520 521 522 525 527 528 529 531 532 533 534 537 538 539 540 541 542 543 544 545 546 547 548 549 550 552 553 554 557 558 559 561 562 563 564 566 568 569 572 576 577 579 580 581 582 585 586 587 589 590 591 594 596 597 598 599 600 602 603 604 605 606 607 608 609 613 614 616 617 618 619 620 622 623 624 625 627 628 629 630 631 632 633 634 635 636 637 638 639 640 641 642 643 645 646 648 649 650 651 652 653 655 656 658 659 660 661 662 663 664 665 666 667 668 669 672 676 677 679 680 681 682 683 684 685 686 688 689 690 691 692 694 695 696 697 698 699 700 701 702 703 704 707 708 709 710 711 712 713 714 715 718 719 721 724 725 726 727 729 730 732 734 735 736 738 739 742 743 744 745 746 747 748 751 753 754 755 756 757 758 759 760 761 762 764 766 767 768 770 772 773 774 775 777 778 779 780 781 783 784 785 790 791 792 793 794 795 796 797 798 800 801 803 804 805 806 807 809 810 811 813 814 815 816 817 820 821 823 825 826 827 828 830 831 832 833 834 835 837 838 839 840 841 842 843 844 845 848 849 852 853 854 855 856 857 859 863 864 865 866 867 868 870 873 874 875 876 877 878 881 882 883 885 886 887 888 889 890 891 892 893 894 896 897 898 899 901 902 903 904 905 906 907 908 910 911 913 914 916 917 918 919 921 922 923 924 925 926 927 928 929 930 931 932 934 936 938 939 943 945 946 947 949 950 952 953 954 955 956 957 958 959 961 962 966 967 969 971 972 973 974 975 978 980 982 983 984 986 987 989 990 991 992 993 994 995 996 997
round1_confirmation,B84ds,1000,9-0.75-M,2,31877,749,0 1 2 3 4 5 6 7 8 9 11 12 14 15 17 18 19 20 21 22 24 27 28 30 31 32 33 35 36 38 39 40 41 43 44 45 47 48 49 50 51 54 55 56 57 58 59 60 61 62 63 65 66 67 68 69 70 71 72 73 74 75 78 80 81 83 84 85 86 88 89 90 91 93 94 95 96 97 98 99 100 102 104 105 106 107 108 109 110 112 113 114 116 117 118 121 123 124 125 127 128 130 132 133 134 136 137 139 140 141 142 145 146 148 149 150 152 153 154 155 156 157 158 159 162 163 164 165 168 171 173 174 175 177 178 179 180 181 182 183 184 185 186 187 189 190 191 192 193 195 196 197 198 199 201 202 203 204 206 207 208 209 210 211 213 218 219 220 222 223 225 226 229 230 231 232 233 234 238 239 240 241 242 245 246 248 249 250 252 253 257 258 259 260 264 265 266 267 268 269 272 274 275 277 278 279 280 281 282 284 285 288 289 290 292 294 296 298 300 301 302 303 304 305 306 307 308 309 313 314 317 318 319 320 321 322 324 326 327 328 329 330 331 332 333 334 336 337 339 341 343 344 345 347 348 350 351 352 353 354 355 357 358 360 363 364 365 366 368 369 370 371 372 374 375 376 377 378 379 381 384 385 386 387 388 389 392 393 394 395 396 398 399 401 402 403 406 407 408 409 410 411 412 413 414 415 416 419 420 421 422 423 425 427 428 429 430 433 434 435 436 440 443 444 445 446 447 449 451 452 453 454 455 456 458 459 460 461 464 465 466 467 469 470 471 472 474 475 476 477 478 479 480 481 482 483 485 486 487 488 490 492 493 494 495 496 499 500 501 502 503 505 506 507 508 509 510 511 513 514 515 516 517 518 519 520 521 522 523 524 525 527 528 529 531 533 534 536 537 538 539 540 541 542 543 544 545 546 547 548 549 550 551 552 553 554 557 558 559 561 562 563 564 566 568 569 572 573 577 579 580 581 582 583 585 586 587 589 590 591 594 595 596 597 598 599 602 604 605 606 607 608 612 613 614 616 617 618 619 620 621 622 623 624 625 626 627 628 629 630 631 632 633 634 635 636 637 638 639 640 641 642 643 645 646 649 650 651 652 653 658 659 660 661 662 663 664 665 668 669 672 673 675 676 677 679 680 681 683 684 685 686 688 689 690 691 692 694 695 696 697 698 699 700 701 702 703 704 707 708 709 710 711 712 713 714 715 716 718 719 721 724 725 727 729 730 732 734 735 736 738 739 742 743 744 745 746 747 748 751 753 754 755 756 757 758 760 761 762 764 766 767 768 769 770 771 772 773 774 775 776 777 778 779 780 781 782 783 784 785 790 791 793 794 795 796 797 800 801 803 804 805 806 807 809 811 813 814 815 816 817 820 821 823 826 827 828 831 833 834 835 837 838 839 840 841 842 843 844 845 846 848 849 852 853 854 855 856 857 858 859 860 863 865 867 868 869 870 872 873 875 876 877 878 880 881 882 885 886 887 888 889 890 891 892 893 894 896 897 898 899 901 902 903 904 905 906 907 909 910 911 913 914 915 916 917 918 919 921 923 924 925 927 928 930 931 932 933 934 935 936 938 939 942 943 944 945 946 947 948 949 950 951 952 953 954 955 956 957 958 959 961 962 966 967 969 971 973 974 975 976 977 978 980 982 983 984 986 987 989 990 991 992 993 994 995 996 997 998
round1_confirmation,B84ds,1000,9-0.75-M,3,32182,749,0 1 2 3 4 5 6 7 8 9 11 12 14 15 17 18 19 20 21 22 24 25 27 28 30 31 32 33 35 36 38 39 40 41 43 44 45 47 48 49 50 51 54 55 56 57 58 59 60 61 62 63 65 67 68 69 70 71 72 73 74 75 78 80 81 82 83 84 85 86 87 88 89 90 91 93 95 96 97 98 99 100 102 104 105 106 108 109 110 113 114 115 116 117 118 121 123 124 125 126 128 129 130 132 133 134 136 137 139 140 141 142 144 145 146 148 149 150 152 153 154 155 156 157 158 159 161 162 163 164 165 168 170 171 173 174 175 177 178 179 180 181 182 183 184 185 186 187 189 190 191 192 193 195 196 197 198 199 201 202 203 204 206 207 208 209 210 211 213 218 219 220 222 223 225 226 229 230 231 232 233 234 235 236 239 240 241 242 245 246 248 249 250 252 253 255 258 259 260 264 265 266 267 268 269 272 274 275 277 278 279 280 281 282 284 285 288 290 292 294 296 298 300 301 302 303 304 305 306 307 308 309 313 317 318 319 320 321 322 324 326 327 328 329 330 331 332 333 334 336 337 339 340 341 343 344 345 346 347 348 350 351 352 353 354 355 357 358 360 363 364 365 366 368 370 371 372 374 375 376 377 379 380 381 384 385 386 387 388 389 390 392 393 394 395 396 398 399 401 402 403 405 406 407 408 409 410 411 412 413 414 415 416 419 420 421 422 423 424 425 427 428 429 430 433 434 435 436 437 440 443 444 445 447 449 451 453 454 455 456 458 459 460 461 464 465 466 467 469 470 471 472 474 475 476 478 479 481 482 483 485 486 488 490 492 493 494 496 499 500 501 502 503 505 506 507 508 509 510 511 512 513 514 515 516 517 518 519 520 521 525 527 528 529 531 532 533 534 537 538 539 540 541 542 543 544 545 546 547 549 550 552 553 554 555 557 558 559 561 562 563 564 567 568 569 572 576 579 580 581 582 583 585 586 587 588 589 590 591 594 596 597 598 599 600 602 603 604 605 606 607 608 609 612 613 614 616 617 618 619 620 621 622 623 624 625 627 628 629 630 631 632 633 634 635 636 637 638 639 640 641 642 643 645 646 648 649 650 651 652 653 655 658 659 660 661 662 663 664 665 666 667 668 669 672 676 677 679 680 681 683 684 685 686 688 689 690 692 694 696 697 698 699 700 701 702 703 704 707 708 709 710 711 712 713 714 715 716 718 719 721 724 725 727 729 730 732 734 735 736 739 742 743 745 746 747 748 751 753 754 755 756 757 758 760 761 762 764 766 767 768 769 770 771 772 773 774 775 776 777 778 779 780 781 782 783 784 785 790 791 792 793 794 795 796 797 798 800 801 803 804 805 806 807 808 809 810 811 813 814 815 816 817 820 821 823 825 826 827 828 831 832 833 834 835 836 837 838 839 840 841 842 843 844 845 848 849 852 853 854 855 856 857 859 860 863 864 865 867 868 869 870 872 873 874 875 876 877 878 880 881 882 884 885 886 887 888 889 890 891 892 893 894 896 897 898 899 900 901 902 903 904 905 907 908 910 911 913 914 915 916 917 918 919 921 923 924 925 926 927 928 929 930 931 932 934 936 938 939 943 945 946 947 948 949 950 952 953 954 955 956 957 958 959 961 962 966 967 969 971 972 973 974 975 978 980 982 983 984 986 987 989 990 991 992 993 994 995 996
round2_screening,B84ds,1000,1-0.25-P,1,161512,251,0 6 8 10 15 17 21 23 24 25 43 50 55 56 59 62 69 74 76 77 78 81 85 88 92 98 99 101 102 112 115 118 121 122 125 126 130 135 147 148 154 156 158 159 163 166 167 168 172 178 179 180 188 189 191 195 198 199 205 206 208 209 213 219 226 229 240 241 242 245 256 262 267 268 278 280 283 304 306 309 317 321 332 333 337 339 345 349 350 351 353 358 363 365 373 375 378 380 385 389 390 392 396 399 401 402 413 415 417 422 424 427 428 431 440 447 452 453 455 457 460 463 466 475 476 480 489 493 494 501 503 505 507 512 513 515 523 525 531 535 536 538 540 543 562 570 572 574 585 589 591 604 608 614 620 622 623 626 627 633 634 645 646 650 655 661 663 664 671 673 683 686 687 695 699 700 702 704 707 709 717 720 721 730 732 738 742 745 748 749 756 760 761 768 770 776 780 785 787 792 793 798 800 801 806 807 808 812 823 825 828 836 837 841 852 855 866 867 871 874 878 881 882 891 897 899 900 901 903 904 905 908 911 919 926 928 932 933 940 950 951 958 959 961 962 971 977 980 987 988 999
round2_screening,B84ds,1000,1-0.25-P,2,161925,252,0 6 8 15 16 19 21 23 25 44 50 55 56 64 69 70 74 77 78 81 85 92 98 99 102 113 114 118 121 122 125 126 130 135 138 145 147 148 154 158 167 168 179 180 188 189 191 195 198 199 206 207 208 209 213 219 226 240 241 242 243 245 254 256 261 262 267 268 278 282 283 293 304 309 316 317 321 331 332 333 337 345 349 350 351 353 359 363 365 373 375 380 386 387 389 390 392 396 399 401 402 403 413 417 422 424 427 428 431 439 440 445 447 452 455 457 460 463 466 475 476 480 483 492 503 507 512 513 515 516 523 525 531 532 535 536 538 539 540 543 570 572 574 585 589 591 614 620 622 623 626 627 631 633 634 644 645 646 650 655 661 663 664 665 671 673 686 687 695 699 700 702 707 709 720 730 732 738 742 745 748 749 756 760 761 765 768 770 776 780 785 787 792 793 798 800 801 804 806 807 808 812 823 825 828 836 837 838 841 852 855 866 867 869 871 874 878 881 882 891 897 898 899 900 901 903 904 905 908 911 913 917 919 926 933 940 942 947 950 951 958 959 961 962 971 973 977 980 984 987 988 999
round2_screening,B84ds,1000,2-0.25-P,1,135441,252,10 13 16 18 23 36 37 40 44 47 56 60 66 70 71 73 75 76 78 83 88 93 102 108 109 111 117 118 121 124 128 132 134 135 144 146 148 152 154 160 161 166 168 176 179 187 190 191 192 199 201 208 211 217 223 227 233 235 237 240 243 253 257 259 262 263 268 276 277 281 283 290 292 298 299 300 305 306 320 321 322 323 329 349 350 352 358 361 365 372 376 378 384 385 386 388 389 390 401 402 406 411 418 419 421 425 428 429 431 439 441 454 456 462 466 470 471 472 494 500 510 511 514 515 516 520 524 530 533 535 548 549 550 551 558 559 563 566 574 582 583 585 590 596 599 600 607 611 612 623 624 628 631 637 640 649 650 654 659 664 670 674 677 678 687 698 703 705 707 709 712 714 724 725 727 731 732 739 748 754 755 759 760 767 768 769 770 771 774 776 777 779 782 784 791 794 795 797 802 803 804 806 813 816 821 822 823 827 835 838 841 842 843 849 854 856 859 867 869 872 876 882 885 886 891 900 905 911 917 920 921 922 923 930 931 934 948 951 962 963 966 970 971 973 977 981 988 990 991 994 997 998
round2_screening,B84ds,1000,2-0.25-P,2,135523,252,5 10 11 13 16 18 23 35 36 39 40 44 46 47 56 57 62 65 66 70 73 75 76 86 88 93 102 103 108 109 111 115 117 118 121 124 128 132 135 144 146 148 152 154 161 166 168 176 179 186 187 190 191 199 201 208 209 211 215 217 223 226 227 233 237 240 243 246 253 257 259 262 263 268 276 277 278 281 283 290 292 296 298 299 305 306 316 320 321 322 329 336 349 350 352 357 358 361 376 378 384 385 386 388 389 390 392 401 402 406 411 418 419 421 425 429 431 439 441 454 466 471 472 494 500 501 511 514 515 516 518 524 530 533 535 548 551 558 559 561 563 566 574 582 583 585 590 596 599 600 602 607 611 612 619 624 628 631 637 640 649 650 654 659 664 670 674 677 678 687 698 707 712 714 724 725 727 728 730 732 739 741 747 748 754 755 759 767 768 769 770 771 774 776 777 779 782 791 794 795 796 797 802 803 804 811 813 814 816 821 822 824 835 841 842 843 854 856 867 872 882 885 886 891 900 905 911 917 920 921 922 923 930 931 934 948 962 963 966 970 971 973 977 978 981 985 988 990 991 994 997 998
round2_screening,B84ds,1000,7-0.5-M,1,49203,501,0 1 4 8 9 10 11 14 17 19 23 24 26 31 35 41 45 46 48 49 50 51 52 53 56 58 59 61 66 68 69 70 71 72 73 74 77 80 82 84 85 86 88 89 92 98 102 103 104 106 107 108 115 117 118 119 123 126 128 132 133 136 137 139 140 142 144 145 149 151 156 159 160 162 164 169 171 174 176 177 178 179 181 184 188 191 192 195 196 197 198 199 200 202 204 207 208 209 212 213 216 217 219 220 224 225 228 231 233 234 235 236 237 239 241 242 243 246 247 249 250 253 254 256 258 259 263 266 267 274 277 278 279 281 282 283 286 290 291 292 296 299 302 305 306 307 309 310 311 312 313 314 315 316 318 320 321 322 323 324 325 326 328 330 334 336 337 338 343 345 346 349 350 351 354 355 357 359 360 361 362 366 367 370 371 373 375 377 378 380 385 386 387 388 389 394 395 396 397 401 402 403 405 410 411 412 415 417 419 423 428 431 435 436 437 438 439 440 445 446 447 449 450 451 454 455 456 461 462 463 467 468 469 470 472 473 474 477 483 484 485 487 490 493 495 497 499 500 502 506 508 510 511 512 513 516 518 519 520 521 522 523 525 531 534 541 542 545 547 548 549 551 554 557 558 559 561 562 564 565 568 570 571 572 576 579 582 586 587 590 591 592 595 597 600 601 602 603 604 605 606 607 608 609 612 614 615 616 621 622 624 625 628 630 631 633 637 639 641 642 643 644 645 646 647 649 650 652 653 654 655 656 659 660 663 666 668 669 675 679 681 682 683 684 690 692 695 698 700 709 710 711 715 716 718 719 720 721 722 723 724 725 726 727 731 733 734 735 736 737 738 740 741 744 747 752 753 754 755 758 762 763 764 765 768 769 770 771 778 779 780 781 784 785 786 787 789 790 797 804 805 806 808 812 813 814 815 818 819 820 824 825 828 829 830 832 833 834 837 838 840 843 844 846 847 848 849 851 853 857 859 861 862 863 868 871 877 880 883 885 889 894 896 897 901 902 903 904 906 907 908 910 913 915 916 917 919 920 921 928 929 930 931 933 934 935 936 937 939 940 942 946 949 950 952 961 962 963 965 968 972 973 977 978 979 980 981 983 984 985 986 987 988 991 992 993 994 995 997 998 999
round2_screening,B84ds,1000,7-0.5-M,2,49442,501,0 1 4 8 9 10 11 14 15 16 17 19 23 24 26 28 31 35 37 41 45 46 49 50 51 52 53 56 58 59 61 66 68 69 70 72 73 74 77 79 80 83 84 85 86 88 89 92 93 98 102 103 104 107 108 113 115 117 118 119 123 125 126 127 128 132 136 137 139 142 143 144 145 149 151 153 156 157 159 161 164 169 171 174 176 177 178 179 181 183 188 191 192 195 196 197 198 199 200 202 204 205 206 207 208 209 213 215 216 217 218 219 220 225 228 231 232 233 234 235 236 237 239 241 242 243 246 247 249 250 253 254 256 258 259 260 261 263 266 267 272 274 278 279 280 281 282 283 290 291 292 296 299 302 304 305 306 307 308 309 310 311 312 313 315 316 318 320 321 322 323 324 325 326 328 330 334 336 337 343 345 346 347 349 351 354 357 359 360 361 362 367 370 371 373 375 377 378 380 385 386 387 389 394 395 396 397 401 402 403 405 411 412 415 417 419 422 423 424 428 435 436 437 438 439 440 443 446 447 449 450 451 454 455 456 461 462 463 467 469 470 471 472 473 474 483 485 490 493 495 497 499 500 502 506 509 510 511 512 513 516 518 519 520 521 523 525 531 533 534 535 538 541 542 544 545 547 548 549 552 554 558 559 561 564 570 571 572 576 579 582 586 587 590 591 592 595 597 600 601 602 603 604 605 606 607 608 609 612 614 615 616 621 622 624 625 628 630 631 633 634 636 637 641 642 643 644 645 646 647 649 650 652 653 654 655 656 657 659 660 663 668 675 679 681 682 683 684 690 692 695 698 700 704 705 709 710 711 715 716 718 719 720 721 722 723 724 725 726 727 731 733 734 735 736 737 740 741 744 747 750 752 753 754 755 758 762 765 769 770 774 778 780 781 784 786 787 789 790 791 797 805 806 808 812 813 814 815 818 819 820 824 825 828 830 831 832 833 834 837 840 842 843 846 847 848 849 850 851 853 854 857 861 862 863 871 875 880 883 894 896 897 901 903 904 905 906 907 908 910 913 915 916 917 919 920 921 928 929 930 931 933 934 935 936 937 939 940 946 949 950 952 961 962 963 965 966 967 968 969 972 973 977 978 979 981 982 983 984 985 986 987 988 991 992 993 994 995 997 998 999
round2_screening,B84ds,1000,9-0.75-M,1,31868,749,0 1 2 3 4 5 6 7 8 9 11 12 14 15 17 18 19 20 21 22 23 24 25 27 28 30 31 32 33 34 35 36 38 39 40 41 43 44 45 47 48 49 50 51 53 54 55 56 57 58 59 61 62 63 65 67 68 69 70 71 73 74 75 78 80 81 82 83 84 85 86 88 89 90 91 93 94 95 96 97 98 99 100 102 104 105 106 108 109 110 113 114 115 116 117 118 121 123 124 125 126 128 130 132 133 134 136 137 139 140 141 142 144 145 146 148 149 150 152 153 154 155 156 157 158 159 162 163 164 165 168 171 173 174 175 177 178 179 180 181 182 183 184 185 186 187 188 189 190 191 192 193 195 196 197 198 199 201 202 203 204 206 207 208 211 212 213 218 219 220 222 223 224 225 226 227 229 230 231 232 233 234 235 238 239 240 241 242 245 246 248 249 250 252 253 255 258 259 260 264 265 266 267 268 269 274 275 277 278 279 280 281 282 284 285 288 289 290 292 294 296 298 300 301 302 303 304 305 306 307 308 309 313 315 317 318 319 320 321 322 324 326 327 328 329 330 331 332 333 334 336 337 339 340 341 343 344 345 346 347 348 350 351 352 353 354 355 357 358 360 362 363 364 365 366 368 370 371 372 374 375 376 377 379 380 381 384 385 386 387 388 389 390 392 394 395 396 398 399 401 402 403 405 406 407 408 409 410 411 412 413 414 415 416 419 420 421 422 423 425 427 428 429 430 431 433 434 435 436 437 440 442 443 444 445 447 449 451 453 454 455 456 458 459 460 461 464 465 466 467 469 470 471 472 474 475 476 478 479 480 481 482 483 485 486 488 490 492 493 494 496 499 500 501 502 503 505 506 507 508 509 510 511 512 513 514 515 516 517 518 519 520 521 522 525 527 528 529 531 532 533 534 537 538 539 540 541 542 543 544 545 546 547 548 549 550 552 553 554 557 558 559 561 562 563 564 566 568 569 572 576 577 579 580 581 582 585 586 587 589 590 591 594 596 597 598 599 600 602 603 604 605 606 607 608 609 613 614 616 617 618 619 620 622 623 624 625 627 628 629 630 631 632 633 634 635 636 637 638 639 640 641 642 643 645 646 648 649 650 651 652 653 655 656 658 659 660 661 662 663 664 665 666 667 668 669 672 676 677 679 680 681 682 683 684 685 686 688 689 690 691 692 694 695 696 697 698 699 700 701 702 703 704 707 708 709 710 711 712 713 714 715 718 719 721 724 725 726 727 729 730 732 734 735 736 738 739 742 743 744 745 746 747 748 751 753 754 755 756 757 758 759 760 761 762 764 766 767 768 770 772 773 774 775 777 778 779 780 781 783 784 785 790 791 792 793 794 795 796 797 798 800 801 803 804 805 806 807 809 810 811 813 814 815 816 817 820 821 823 825 826 827 828 830 831 832 833 834 835 837 838 839 840 841 842 843 844 845 848 849 852 853 854 855 856 857 859 863 864 865 866 867 868 870 873 874 875 876 877 878 881 882 883 885 886 887 888 889 890 891 892 893 894 896 897 898 899 901 902 903 904 905 906 907 908 910 911 913 914 916 917 918 919 921 922 923 924 925 926 927 928 929 930 931 932 934 936 938 939 943 945 946 947 949 950 952 953 954 955 956 957 958 959 961 962 966 967 969 971 972 973 974 975 978 980 982 983 984 986 987 989 990 991 992 993 994 995 996 997
round2_screening,B84ds,1000,9-0.75-M,2,31877,749,0 1 2 3 4 5 6 7 8 9 11 12 14 15 17 18 19 20 21 22 24 27 28 30 31 32 33 35 36 38 39 40 41 43 44 45 47 48 49 50 51 54 55 56 57 58 59 60 61 62 63 65 66 67 68 69 70 71 72 73 74 75 78 80 81 83 84 85 86 88 89 90 91 93 94 95 96 97 98 99 100 102 104 105 106 107 108 109 110 112 113 114 116 117 118 121 123 124 125 127 128 130 132 133 134 136 137 139 140 141 142 145 146 148 149 150 152 153 154 155 156 157 158 159 162 163 164 165 168 171 173 174 175 177 178 179 180 181 182 183 184 185 186 187 189 190 191 192 193 195 196 197 198 199 201 202 203 204 206 207 208 209 210 211 213 218 219 220 222 223 225 226 229 230 231 232 233 234 238 239 240 241 242 245 246 248 249 250 252 253 257 258 259 260 264 265 266 267 268 269 272 274 275 277 278 279 280 281 282 284 285 288 289 290 292 294 296 298 300 301 302 303 304 305 306 307 308 309 313 314 317 318 319 320 321 322 324 326 327 328 329 330 331 332 333 334 336 337 339 341 343 344 345 347 348 350 351 352 353 354 355 357 358 360 363 364 365 366 368 369 370 371 372 374 375 376 377 378 379 381 384 385 386 387 388 389 392 393 394 395 396 398 399 401 402 403 406 407 408 409 410 411 412 413 414 415 416 419 420 421 422 423 425 427 428 429 430 433 434 435 436 440 443 444 445 446 447 449 451 452 453 454 455 456 458 459 460 461 464 465 466 467 469 470 471 472 474 475 476 477 478 479 480 481 482 483 485 486 487 488 490 492 493 494 495 496 499 500 501 502 503 505 506 507 508 509 510 511 513 514 515 516 517 518 519 520 521 522 523 524 525 527 528 529 531 533 534 536 537 538 539 540 541 542 543 544 545 546 547 548 549 550 551 552 553 554 557 558 559 561 562 563 564 566 568 569 572 573 577 579 580 581 582 583 585 586 587 589 590 591 594 595 596 597 598 599 602 604 605 606 607 608 612 613 614 616 617 618 619 620 621 622 623 624 625 626 627 628 629 630 631 632 633 634 635 636 637 638 639 640 641 642 643 645 646 649 650 651 652 653 658 659 660 661 662 663 664 665 668 669 672 673 675 676 677 679 680 681 683 684 685 686 688 689 690 691 692 694 695 696 697 698 699 700 701 702 703 704 707 708 709 710 711 712 713 714 715 716 718 719 721 724 725 727 729 730 732 734 735 736 738 739 742 743 744 745 746 747 748 751 753 754 755 756 757 758 760 761 762 764 766 767 768 769 770 771 772 773 774 775 776 777 778 779 780 781 782 783 784 785 790 791 793 794 795 796 797 800 801 803 804 805 806 807 809 811 813 814 815 816 817 820 821 823 826 827 828 831 833 834 835 837 838 839 840 841 842 843 844 845 846 848 849 852 853 854 855 856 857 858 859 860 863 865 867 868 869 870 872 873 875 876 877 878 880 881 882 885 886 887 888 889 890 891 892 893 894 896 897 898 899 901 902 903 904 905 906 907 909 910 911 913 914 915 916 917 918 919 921 923 924 925 927 928 930 931 932 933 934 935 936 938 939 942 943 944 945 946 947 948 949 950 951 952 953 954 955 956 957 958 959 961 962 966 967 969 971 973 974 975 976 977 978 980 982 983 984 986 987 989 990 991 992 993 994 995 996 997 998
round2_screening,L10k,1000,1-0.25-P,1,161452,251,0 6 8 16 17 21 23 25 29 50 55 56 59 64 69 70 74 76 77 78 81 88 92 98 99 102 110 113 114 118 121 122 125 126 130 135 145 148 154 158 163 167 168 178 179 180 188 191 195 198 199 206 208 209 210 213 219 226 229 239 240 241 242 245 256 262 268 278 282 283 288 304 309 313 316 317 321 329 332 334 337 339 345 349 350 351 353 358 363 373 375 378 380 386 387 389 390 392 396 399 401 402 413 417 422 424 427 428 429 431 439 440 449 452 455 457 460 463 466 475 476 480 483 492 494 501 512 513 515 516 523 525 531 536 538 539 540 543 552 570 572 574 585 589 591 602 606 622 623 626 627 631 633 634 645 646 649 650 655 661 664 671 673 676 686 687 694 695 699 702 704 709 720 727 732 742 745 748 749 756 760 761 768 770 776 780 785 787 789 793 800 801 806 807 808 812 823 825 828 836 837 838 841 844 852 855 860 866 867 869 871 874 878 881 882 891 897 898 899 900 901 903 904 905 906 908 911 912 913 917 919 926 933 939 940 947 950 951 958 959 961 962 971 973 977 980 981 984 987 988 999
round2_screening,L10k,1000,1-0.25-P,2,161768,252,0 6 8 10 15 16 17 18 19 21 23 24 25 29 50 55 56 59 64 68 69 70 74 76 77 78 81 85 88 92 98 99 101 102 114 118 121 125 126 130 135 145 147 148 154 156 158 167 168 179 180 188 189 191 195 198 199 205 206 208 209 213 218 219 221 226 229 233 240 241 242 245 254 256 261 262 267 268 280 282 283 288 290 304 309 316 317 321 331 332 334 337 345 349 350 351 353 363 365 366 373 375 378 380 386 389 390 392 396 399 401 402 413 417 422 424 428 431 440 442 452 455 457 460 463 466 475 476 480 494 501 505 507 511 512 513 515 516 523 525 531 532 535 536 538 540 543 552 562 570 572 574 589 591 602 620 622 623 626 627 631 633 634 645 646 650 655 661 664 671 673 686 687 694 695 699 700 702 707 709 720 730 732 738 742 745 748 749 760 761 765 768 776 780 785 787 793 800 801 804 806 807 808 812 823 825 828 836 837 841 852 855 866 867 869 871 874 881 882 891 897 898 899 900 901 903 904 905 906 911 919 921 925 926 932 933 939 940 942 947 950 951 958 959 961 962 971 973 977 980 988 999
round2_screening,L10k,1000,2-0.25-P,1,135605,253,5 10 13 15 16 18 23 36 37 39 40 44 46 47 50 56 60 62 65 70 71 73 75 76 86 88 91 102 109 111 117 121 124 128 132 135 144 146 148 152 159 160 161 166 168 176 179 181 187 190 192 201 208 211 215 217 223 227 233 235 237 240 242 243 246 253 257 263 268 277 279 281 283 290 292 296 300 305 306 316 320 321 322 329 335 349 352 357 358 361 365 372 373 376 378 384 386 388 389 390 401 402 406 411 415 418 419 421 425 426 428 429 431 454 466 470 471 472 473 476 494 500 501 511 514 515 516 518 520 524 525 535 548 550 558 559 560 563 565 566 574 582 583 585 590 596 599 600 602 607 611 612 624 628 631 637 640 649 650 654 659 670 674 677 678 685 687 698 705 707 712 724 725 727 730 732 738 739 741 747 748 754 755 759 760 762 769 770 771 774 776 777 778 779 782 785 791 794 795 796 797 804 808 813 816 821 822 824 827 841 842 843 851 854 856 865 867 872 874 882 885 886 891 893 900 901 905 910 911 917 919 920 922 923 924 930 931 934 948 962 963 966 967 970 971 973 978 984 988 991 994 997 998
round2_screening,L10k,1000,2-0.25-P,2,135605,252,4 5 10 11 13 16 18 23 35 36 37 39 40 44 46 47 50 56 60 65 66 70 73 75 76 85 88 102 108 109 111 117 118 121 132 135 139 146 148 152 154 160 166 168 176 179 187 190 191 192 208 209 211 215 217 223 227 231 233 240 243 246 253 257 259 262 263 268 277 281 283 292 296 299 300 305 306 309 316 320 321 322 349 352 357 358 361 368 372 376 378 384 386 388 389 390 402 406 408 411 414 418 419 421 425 428 429 431 433 439 441 454 457 462 466 470 471 472 494 500 510 511 514 515 516 520 524 530 533 535 548 549 551 556 558 559 563 565 566 574 575 582 583 585 586 590 596 599 600 602 607 611 612 619 620 623 628 631 637 649 650 659 670 674 677 678 687 705 707 709 712 722 724 725 727 728 730 731 732 738 739 741 746 747 748 754 755 768 769 770 771 776 777 779 780 782 791 795 796 797 804 808 811 813 814 816 821 822 838 841 842 843 849 854 856 865 867 869 876 882 885 886 891 900 905 910 911 917 920 921 922 923 924 928 930 931 934 947 948 962 964 966 970 973 977 983 985 988 990 991 997 998
round2_screening,L10k,1000,7-0.5-M,1,49227,500,0 1 4 7 10 11 15 17 19 23 24 26 28 31 35 37 41 45 46 49 50 51 52 53 56 58 59 61 66 68 69 70 73 74 77 80 83 84 85 86 87 88 89 92 93 98 102 103 104 107 108 113 115 117 118 119 123 125 126 127 128 132 133 137 139 142 144 145 149 151 156 159 160 162 164 165 169 171 174 176 177 178 179 181 183 184 188 191 192 193 195 196 198 199 200 204 205 206 207 208 209 212 215 216 217 219 220 225 226 228 233 234 235 236 237 239 241 242 243 246 247 249 250 253 254 256 258 259 261 263 266 267 272 274 278 279 281 282 283 286 290 291 292 296 299 302 305 306 307 309 310 311 312 313 315 316 318 320 321 322 323 324 325 328 330 335 336 337 343 345 346 349 351 354 355 357 359 360 361 362 366 367 370 371 373 375 377 378 380 385 386 387 389 394 395 396 397 401 402 403 405 410 411 412 415 419 420 423 424 428 431 435 436 437 438 439 440 443 446 447 449 450 451 454 455 456 461 462 463 467 469 470 472 474 477 479 483 486 490 493 495 497 499 500 502 506 509 510 511 513 514 516 518 519 520 521 522 523 525 526 531 534 538 541 542 545 547 548 549 550 552 554 557 559 561 564 565 566 570 571 572 576 579 582 586 587 590 591 592 595 597 600 601 602 603 604 605 606 607 608 609 612 614 615 616 621 622 624 625 626 628 630 631 632 633 635 636 637 641 642 643 644 645 646 647 649 650 652 653 654 655 656 659 660 663 668 669 675 677 679 681 682 683 684 690 692 693 695 698 700 702 704 705 709 710 711 714 715 716 718 719 720 721 722 723 724 725 726 727 730 731 733 735 736 737 740 741 744 747 750 752 753 754 755 760 762 764 767 769 770 771 774 778 779 780 781 784 785 786 787 789 790 791 805 806 812 813 814 815 818 819 820 824 825 828 829 830 832 833 834 837 840 843 846 847 848 849 851 853 857 859 861 862 863 864 871 875 883 885 889 894 896 897 901 903 904 906 907 908 910 913 915 916 917 919 920 921 928 929 930 931 933 934 935 936 937 939 940 942 946 949 952 961 962 963 964 965 967 968 972 973 977 978 979 981 982 983 984 985 986 987 988 991 992 993 994 995 997 998 999
round2_screening,L10k,1000,7-0.5-M,2,49345,501,0 1 4 8 9 10 11 14 15 17 19 23 24 26 28 31 35 44 45 46 49 50 51 52 53 56 58 59 61 66 68 69 70 71 72 73 74 80 83 84 85 86 87 88 89 92 98 102 103 104 107 108 115 117 118 119 121 123 125 126 127 128 132 133 136 137 139 140 141 142 144 145 149 151 153 156 157 159 162 169 171 172 174 176 177 178 179 181 183 184 188 191 192 195 196 198 199 200 202 204 207 209 214 215 216 217 219 220 225 226 228 231 232 233 234 235 237 239 241 242 243 246 247 249 250 253 254 256 258 259 260 263 266 267 272 274 278 279 280 281 282 283 286 290 291 292 296 299 302 305 306 307 309 310 311 312 313 314 315 316 318 320 321 322 323 324 325 328 330 334 336 337 342 343 344 345 346 347 349 350 351 354 357 359 360 361 362 367 370 371 373 375 377 380 385 386 387 394 395 396 397 401 402 403 405 410 411 412 415 417 422 423 424 428 431 435 436 437 438 439 440 445 446 447 449 450 451 454 455 456 457 461 462 463 467 468 469 470 471 472 473 474 479 483 484 485 490 493 495 497 499 500 502 506 508 509 510 511 512 513 516 518 519 520 521 522 523 525 530 531 534 535 538 541 544 545 547 549 554 558 559 561 562 564 565 568 570 571 572 576 579 582 586 587 590 591 592 595 597 600 601 602 603 604 605 606 607 608 609 612 614 615 616 621 624 625 626 627 628 630 631 633 634 635 636 637 639 640 641 642 643 644 645 646 647 649 650 652 653 654 655 657 659 660 663 668 675 679 681 682 683 684 690 692 695 698 700 704 709 710 711 715 716 718 719 720 722 723 724 725 726 727 731 733 734 735 736 737 739 740 741 744 747 752 753 754 755 758 762 763 764 765 769 770 771 774 778 779 780 781 784 785 786 787 789 790 791 793 797 805 806 808 812 813 814 815 818 819 820 824 825 828 830 832 833 837 840 843 846 847 848 849 851 853 857 859 861 862 863 868 871 880 883 885 889 894 896 897 901 903 905 906 907 908 915 916 917 919 920 921 928 929 930 931 933 934 935 936 937 939 940 942 949 950 952 954 961 962 965 967 968 969 973 977 978 979 981 983 984 985 986 987 988 991 992 993 994 995 997 998 999
round2_screening,L10k,1000,9-0.75-M,1,31660,749,0 1 2 3 4 5 6 7 8 9 11 12 14 15 17 18 19 20 21 22 24 27 28 30 31 32 33 34 35 36 38 39 40 41 43 44 45 46 47 48 49 50 51 54 55 56 57 58 59 60 61 62 63 65 68 69 70 71 72 73 74 75 78 80 81 82 83 84 85 86 88 89 90 91 93 94 95 96 97 98 99 100 102 104 105 106 108 109 110 112 113 114 116 117 118 121 123 124 125 127 128 129 130 132 133 134 136 137 139 140 141 142 144 145 148 149 150 152 153 154 155 156 157 158 159 162 163 164 165 168 171 173 174 175 177 178 179 180 181 182 183 184 185 186 187 189 190 191 192 193 195 196 197 198 199 201 202 203 204 206 207 208 209 210 211 213 218 219 220 222 223 225 226 227 229 230 231 232 233 234 235 238 239 240 241 242 246 248 249 250 252 253 255 258 259 261 264 265 266 267 268 269 271 272 274 275 276 277 278 279 280 281 282 284 285 286 288 290 292 294 296 298 300 301 302 303 304 305 306 307 308 309 313 314 317 318 319 320 321 322 324 326 327 328 329 330 331 332 333 334 336 337 339 340 341 343 344 345 347 348 350 352 353 354 355 356 357 358 360 363 364 365 366 368 369 370 371 372 374 375 376 377 379 380 381 384 385 386 387 388 389 392 394 395 396 398 399 401 402 403 404 406 407 408 409 410 412 413 414 415 416 419 420 421 422 423 425 426 427 429 430 433 434 435 436 437 440 442 443 444 445 447 448 449 451 452 453 454 455 456 458 459 460 461 463 464 465 466 467 469 470 471 472 474 475 476 478 479 480 481 482 483 485 486 488 490 492 493 494 495 496 499 500 501 502 503 505 506 507 508 509 510 511 512 513 514 515 516 517 518 519 520 521 522 525 527 528 529 531 533 534 536 537 538 539 540 541 542 543 544 545 546 547 548 549 550 552 553 554 555 557 558 559 561 562 563 564 567 568 569 571 572 573 579 580 581 582 583 585 586 587 589 590 591 594 596 597 598 599 602 603 604 605 606 607 608 609 612 613 614 616 617 618 619 620 622 623 624 625 626 627 628 629 630 631 632 633 634 635 636 637 638 639 640 641 642 643 644 645 646 648 649 650 651 652 653 658 659 660 661 662 663 664 665 666 668 669 672 673 676 677 679 680 681 682 683 684 685 688 689 690 691 692 693 694 696 698 699 700 701 702 703 704 707 708 709 710 711 712 713 714 715 716 718 719 721 724 725 727 729 730 732 734 735 736 738 739 742 743 744 745 746 747 748 751 753 754 755 756 757 758 760 761 764 766 767 768 769 770 773 774 775 776 777 778 779 780 781 783 784 785 789 790 791 793 795 796 797 798 799 800 801 803 804 805 806 807 808 809 811 813 814 815 816 817 820 821 823 825 826 827 828 831 833 834 835 836 837 839 840 841 842 843 844 845 846 848 849 852 853 854 855 856 857 859 860 863 865 866 867 868 870 872 873 874 875 876 877 878 881 882 885 886 887 888 889 890 891 892 893 894 896 897 898 899 901 902 903 904 905 906 907 908 910 911 913 914 916 917 918 919 923 924 925 926 927 928 929 930 931 932 935 936 937 938 939 942 943 945 946 947 948 949 950 952 953 954 955 956 957 958 959 961 962 966 967 968 969 971 973 974 975 976 978 980 982 983 984 986 987 989 990 991 992 993 994 995 996 997
round2_screening,L10k,1000,9-0.75-M,2,31772,748,0 1 2 3 4 5 6 7 8 9 11 12 14 15 17 18 19 20 21 22 23 24 27 28 30 31 32 33 34 35 36 38 39 40 41 43 44 45 47 48 49 50 51 53 54 55 56 57 58 59 60 61 62 63 65 67 68 69 70 71 73 74 75 78 80 81 82 83 84 85 86 88 89 90 91 92 93 94 95 96 97 98 99 100 102 104 105 106 108 109 110 113 114 115 116 117 118 121 123 124 125 128 130 132 133 134 136 137 139 140 141 142 145 146 148 149 150 152 153 154 155 156 157 158 159 162 163 164 165 168 171 173 174 175 177 178 179 180 181 182 183 184 186 187 189 190 191 192 193 195 196 197 198 199 201 202 203 204 206 207 208 209 210 211 213 216 218 219 220 222 223 225 226 227 229 230 231 232 233 234 235 239 240 241 242 245 246 248 249 250 252 253 255 258 259 260 261 263 264 265 266 267 268 269 272 274 275 276 278 279 280 281 282 284 285 286 287 288 289 290 292 294 296 298 300 301 302 303 304 305 306 307 308 309 313 314 316 317 318 319 320 321 322 324 326 327 328 329 330 332 333 334 336 337 339 340 341 344 345 347 348 350 351 353 354 355 356 357 358 360 363 364 365 366 368 370 371 372 374 375 376 377 379 380 381 384 385 386 387 388 389 390 392 393 394 395 396 398 399 401 402 403 405 406 407 408 409 410 411 412 413 414 415 416 419 420 421 422 423 424 425 426 427 429 430 431 433 434 435 436 437 440 441 443 444 445 447 448 449 451 453 454 455 456 458 459 460 461 464 465 466 467 469 470 471 472 474 475 476 477 478 479 480 481 482 483 485 486 488 490 492 493 494 495 496 499 500 501 502 503 505 506 507 508 509 510 511 513 514 515 516 517 518 519 520 522 523 525 527 528 529 531 533 534 537 538 539 540 541 542 543 544 545 546 547 548 549 550 552 553 554 557 558 559 561 562 563 564 565 566 567 568 569 572 576 579 580 581 582 583 585 587 588 589 590 591 594 596 597 598 599 600 602 603 604 605 606 607 608 612 613 614 616 617 618 619 620 622 623 624 625 626 627 628 629 630 631 632 633 634 635 636 637 638 639 640 641 642 643 645 646 647 649 650 651 652 653 655 658 659 660 661 662 663 664 665 666 668 669 672 673 676 677 679 680 681 682 683 684 685 686 688 689 690 692 694 695 696 697 698 699 700 701 702 703 704 707 708 709 710 711 712 713 714 715 718 719 721 722 724 725 729 730 732 734 735 736 738 739 742 743 744 745 746 747 748 751 753 754 755 756 757 758 760 761 762 764 766 767 768 769 770 771 772 773 774 775 776 777 778 779 780 781 782 783 784 785 790 791 792 793 795 796 799 800 801 803 804 805 806 807 809 810 811 813 814 815 816 817 820 821 823 825 826 827 828 831 832 833 834 835 836 837 838 839 840 841 842 843 844 845 848 849 852 853 854 855 856 857 858 859 863 865 867 868 869 870 872 873 874 875 876 877 878 881 882 886 887 888 889 890 891 892 893 894 896 897 898 899 901 902 903 904 905 906 907 908 910 913 914 916 917 918 921 923 924 925 926 927 928 930 931 932 934 936 938 939 942 943 945 946 947 949 950 952 953 954 955 956 957 958 959 961 962 966 967 968 969 971 973 974 975 978 980 982 983 984 986 987 989 990 991 992 993 994 995 996 997
round2_screening,L5k,1000,1-0.25-P,1,161519,251,0 6 8 10 15 16 17 23 24 25 43 50 55 56 59 64 69 74 76 77 78 81 85 92 98 99 101 102 114 118 121 122 125 126 130 135 138 147 148 158 163 167 168 172 178 179 180 188 191 195 198 199 206 208 209 213 219 226 229 233 240 241 242 245 249 256 262 278 280 282 283 293 302 304 309 313 316 317 321 332 333 334 337 349 350 351 353 355 358 363 365 373 375 380 387 389 390 392 396 399 401 402 403 413 417 422 424 427 428 431 437 440 445 447 452 455 457 460 463 466 475 476 480 494 501 503 505 507 512 513 515 516 523 530 531 535 536 538 539 540 543 552 559 570 572 574 585 589 591 602 608 612 620 622 623 626 627 631 633 634 645 646 650 655 661 664 671 673 686 687 694 695 699 700 702 707 709 717 720 721 728 732 738 742 745 748 749 760 761 765 768 776 780 785 787 798 800 801 806 807 808 812 823 828 836 838 841 843 847 852 855 866 867 868 869 871 874 878 881 882 891 897 901 903 904 905 908 911 912 913 917 919 926 933 940 947 950 951 958 959 961 962 971 973 977 980 981 984 987 988 999
round2_screening,L5k,1000,1-0.25-P,2,161709,252,0 6 8 10 15 17 19 21 23 25 39 50 55 56 58 59 64 68 69 74 77 78 85 92 98 99 101 102 112 114 118 121 122 125 126 130 135 147 148 154 156 158 159 167 168 172 177 178 179 180 188 191 195 198 199 206 208 209 213 215 218 219 226 229 240 241 242 245 249 254 256 261 262 268 278 283 290 302 304 316 317 331 332 333 334 337 339 345 349 350 351 353 365 373 375 378 380 385 387 389 390 392 396 401 402 413 417 422 424 427 428 431 440 445 447 452 455 457 460 463 466 471 475 476 480 485 492 501 503 505 507 512 513 523 525 530 531 535 536 538 540 543 552 562 570 572 574 585 589 591 606 614 620 622 623 626 627 631 633 634 645 646 650 655 661 664 671 673 683 686 699 700 702 705 707 709 720 728 730 732 738 742 745 748 756 760 761 765 768 770 776 780 785 787 792 798 800 801 804 806 808 812 823 825 828 836 837 841 852 855 866 867 869 871 874 878 881 882 891 897 899 900 901 903 904 905 908 911 913 919 924 926 932 933 940 942 947 950 951 954 958 959 961 962 971 972 977 980 981 984 987 988
round2_screening,L5k,1000,2-0.25-P,1,135532,252,10 11 13 16 18 23 37 39 46 47 50 56 62 65 66 70 71 73 75 76 83 85 86 102 109 111 115 117 121 124 128 135 144 146 148 152 154 160 161 166 168 176 179 187 190 191 194 199 201 209 211 215 217 223 227 231 233 235 240 243 246 253 257 262 263 276 277 279 281 283 290 292 299 300 305 306 320 321 322 329 334 349 352 361 364 372 376 378 384 386 387 388 389 390 401 403 406 410 411 418 419 421 425 428 429 431 439 454 462 466 471 472 494 500 501 510 511 514 515 516 517 520 524 530 533 535 546 548 549 550 551 558 559 563 566 567 574 576 582 583 585 590 596 600 602 607 611 612 623 624 628 629 631 637 640 649 650 654 659 664 670 674 677 678 687 694 698 703 707 709 712 722 724 725 727 728 732 738 739 746 748 754 755 759 762 767 768 769 770 771 776 777 779 782 791 794 795 796 797 803 804 808 812 813 814 821 822 835 838 841 842 843 849 854 856 865 867 872 882 885 886 891 900 905 910 911 914 917 920 922 923 928 930 931 934 941 948 962 963 966 970 973 977 983 984 985 988 990 991 994 997 998
round2_screening,L5k,1000,2-0.25-P,2,135592,253,10 11 13 16 23 35 36 37 39 40 44 46 47 54 56 58 62 65 70 71 73 75 76 83 84 86 102 108 109 111 117 121 124 128 132 135 144 146 148 152 154 161 166 168 176 179 181 186 187 190 191 201 208 211 215 217 223 227 231 240 243 248 253 257 259 262 263 268 276 277 278 281 283 290 292 305 306 316 321 322 329 349 352 357 358 361 376 384 386 387 388 389 390 401 402 406 411 418 419 421 424 425 428 429 438 441 450 454 456 462 466 471 472 473 494 500 511 514 515 516 520 530 533 535 548 549 551 556 557 558 559 560 563 566 574 575 582 583 585 590 596 599 600 602 607 611 612 624 626 631 637 640 649 650 654 659 664 670 674 678 689 707 709 724 725 727 728 730 732 738 739 746 747 748 754 755 759 760 763 767 769 770 771 776 777 778 779 782 784 791 794 797 799 803 804 808 813 821 822 827 838 841 842 843 848 849 850 854 856 867 868 869 876 882 885 886 890 891 900 901 905 908 911 917 920 921 922 923 924 928 930 931 934 938 941 948 956 962 963 966 970 971 973 974 977 981 985 988 990 991 994 997 998
round2_screening,L5k,1000,7-0.5-M,1,49398,500,0 4 8 9 10 11 13 15 17 19 23 24 26 28 31 35 37 41 45 46 49 50 51 52 53 56 58 59 61 66 68 69 70 71 73 74 77 80 83 84 85 86 88 89 92 98 102 103 104 106 107 108 115 117 118 119 123 125 126 127 128 132 133 139 140 142 144 149 151 156 157 159 161 164 165 169 171 172 174 176 177 178 179 181 184 188 191 192 195 196 198 199 200 204 206 207 209 212 213 215 216 217 219 220 225 226 228 231 234 235 237 239 241 242 243 247 249 250 253 254 256 258 259 260 263 266 267 272 274 278 279 281 282 283 290 291 292 296 299 302 305 306 307 309 310 311 312 313 314 315 316 318 320 321 322 323 324 325 326 328 330 333 334 336 337 338 343 344 345 346 347 349 351 354 355 357 359 360 361 362 367 370 371 373 375 377 378 380 385 386 388 394 395 396 397 401 402 403 405 410 411 412 415 419 422 423 424 425 428 431 435 436 437 438 439 440 446 447 449 450 451 454 455 456 461 462 463 467 469 470 472 473 474 483 485 486 487 490 493 495 497 499 500 502 506 509 510 511 512 513 516 518 519 520 521 523 525 526 528 531 534 535 541 542 545 547 548 549 551 552 554 557 558 559 564 566 570 571 572 576 579 582 583 586 587 590 591 592 595 597 600 601 602 603 604 605 606 607 608 609 612 614 615 616 621 622 624 625 626 628 630 631 632 633 635 636 637 639 641 642 643 645 646 647 649 650 652 653 654 655 656 657 659 660 663 668 669 675 679 681 682 683 684 690 692 695 698 700 704 705 706 709 710 711 715 716 718 719 720 721 722 723 724 725 726 727 730 731 733 734 735 736 737 738 739 740 741 744 747 752 753 754 755 758 762 764 765 768 769 770 774 778 779 780 781 784 785 786 787 789 790 791 793 797 804 805 806 808 813 814 815 818 819 820 823 824 825 828 830 832 833 834 837 840 842 843 844 846 847 848 849 850 851 853 857 861 862 863 865 870 871 875 880 883 885 889 896 897 903 906 907 908 915 916 917 919 920 921 928 929 930 931 933 934 935 936 937 939 940 942 946 949 950 952 961 963 964 965 967 968 969 973 977 978 979 981 983 984 985 986 987 988 991 992 993 994 995 997 998 999
round2_screening,L5k,1000,7-0.5-M,2,49291,500,1 4 8 9 10 11 14 15 17 19 23 24 26 28 31 35 45 46 49 50 51 52 53 56 58 59 61 66 68 69 70 71 72 73 74 83 84 85 86 87 88 89 92 93 98 102 103 104 106 107 108 115 117 118 119 123 126 128 132 133 135 139 142 144 145 149 151 153 156 157 159 160 162 164 169 171 174 176 177 178 179 181 183 188 191 192 195 196 199 200 202 204 205 206 207 208 209 214 216 217 220 224 225 228 231 232 233 234 235 236 237 239 241 242 243 246 247 249 250 253 254 256 257 258 259 260 261 263 266 267 272 274 278 279 280 281 282 283 290 291 292 296 299 302 305 306 307 309 310 311 312 313 314 315 316 318 320 321 322 323 324 325 326 328 331 333 336 337 343 344 345 346 347 349 351 354 355 357 359 360 361 362 366 367 370 371 373 375 377 378 380 385 386 389 392 394 395 396 397 401 402 403 405 410 411 412 415 419 422 423 424 428 431 435 436 437 438 439 440 445 446 447 449 450 451 454 456 461 463 467 468 469 470 472 473 474 477 483 484 485 486 490 493 495 497 499 500 501 502 506 510 511 513 514 516 518 519 520 521 522 523 525 526 530 531 534 535 537 541 542 545 547 548 549 554 557 558 559 561 564 565 570 571 572 576 579 582 586 587 590 591 592 595 597 600 601 602 603 604 605 606 607 608 609 612 614 615 616 621 622 624 625 628 630 631 633 634 635 637 639 641 642 643 644 645 646 647 649 650 652 653 654 655 656 659 660 663 668 671 675 679 681 682 683 684 690 692 695 698 700 704 709 710 711 714 715 716 718 719 721 722 723 724 725 726 727 730 731 733 734 735 736 737 741 744 747 752 753 754 755 758 760 765 767 768 769 770 771 774 778 779 780 781 784 785 786 787 789 790 805 806 808 812 813 814 815 818 819 820 824 825 828 830 832 833 834 837 838 840 843 844 846 847 848 849 851 853 854 857 859 861 862 863 864 865 871 875 880 883 889 890 894 896 897 901 902 903 904 906 907 908 915 916 917 919 920 921 922 928 929 930 931 934 935 936 937 939 940 942 946 949 950 952 954 961 963 964 965 966 968 973 977 978 979 981 982 983 984 985 986 987 988 991 992 993 994 995 997 998 999
round2_screening,L5k,1000,9-0.75-M,1,31703,749,0 1 2 3 4 5 6 7 8 9 11 12 14 15 17 18 19 20 21 22 24 27 28 30 31 32 33 34 35 36 38 39 40 41 43 44 45 47 48 49 50 51 54 56 57 58 59 60 61 62 63 65 67 68 69 70 71 72 73 74 75 78 80 81 82 83 84 85 86 88 89 90 91 93 94 95 96 97 98 99 100 102 104 105 106 107 108 109 110 113 114 116 117 118 121 123 124 125 128 130 132 133 134 136 137 139 140 141 142 145 146 148 149 150 152 153 154 155 156 157 158 159 162 163 164 165 168 171 173 174 175 177 178 179 180 181 182 183 184 185 186 187 188 189 190 191 192 193 195 196 197 198 199 201 202 203 204 206 207 208 209 210 211 213 218 219 220 222 223 225 226 227 229 230 231 232 233 234 239 240 241 242 245 246 247 248 249 250 252 253 255 258 259 260 261 264 265 266 267 268 269 272 274 275 277 278 279 280 281 282 284 285 288 289 290 292 294 296 298 300 301 302 303 304 305 306 307 308 309 313 314 316 317 318 319 320 321 322 324 326 327 328 329 330 331 332 333 334 336 337 339 340 341 344 345 346 347 348 349 350 351 352 353 354 355 357 358 360 363 364 365 366 368 370 371 372 374 375 376 377 379 380 381 384 385 386 387 388 389 391 392 393 394 395 396 398 399 401 402 403 404 405 406 407 408 409 410 412 413 414 415 416 418 419 420 421 422 423 424 425 427 429 430 431 433 434 435 440 443 444 445 447 449 451 453 454 455 456 458 459 460 461 464 465 466 467 468 469 470 471 472 475 476 477 478 479 481 482 483 485 486 488 490 492 493 494 495 496 499 500 502 503 505 506 507 508 509 510 511 513 514 515 516 517 518 519 520 521 525 527 528 529 531 532 533 534 536 537 538 539 540 541 542 543 544 545 546 547 548 549 550 552 553 554 557 558 559 561 562 563 564 566 568 569 571 572 573 577 579 580 582 583 584 585 586 587 589 590 591 593 594 596 597 598 599 600 602 603 604 605 606 607 608 609 612 613 614 616 617 618 619 620 622 623 624 625 626 627 628 629 630 631 632 633 634 635 636 637 638 639 640 641 642 643 644 645 646 648 649 650 651 652 653 655 658 659 660 661 662 663 664 665 666 667 668 669 672 676 677 679 680 681 682 683 684 685 686 688 689 690 691 692 693 695 698 699 700 701 702 703 704 707 708 709 710 711 712 713 714 715 718 719 720 721 724 725 727 729 730 732 734 735 736 738 739 742 743 744 745 746 747 748 753 754 755 756 757 759 760 761 762 764 766 767 768 769 770 772 773 774 775 776 777 778 779 780 781 782 783 784 785 790 791 792 793 794 795 796 797 798 799 800 801 803 804 805 806 807 808 809 810 811 812 813 814 815 816 817 820 821 823 825 826 827 828 831 832 833 834 835 836 837 838 839 840 841 842 843 844 845 848 849 852 853 854 855 856 857 858 859 860 863 865 866 867 868 870 872 873 874 875 876 877 878 881 882 885 886 887 888 889 890 891 892 893 894 896 897 898 899 901 902 903 904 905 907 908 909 910 913 914 916 917 918 919 921 923 924 925 927 928 930 931 932 933 935 936 939 943 944 945 946 947 948 949 950 952 953 954 955 956 957 959 961 962 966 967 969 971 973 974 975 976 978 979 980 982 983 984 986 987 989 990 991 992 993 994 995 996
round2_screening,L5k,1000,9-0.75-M,2,31865,749,0 1 2 3 4 5 6 7 8 9 11 12 14 15 17 18 19 20 21 22 24 25 27 28 30 31 32 33 34 35 36 38 39 40 41 43 44 45 47 48 49 50 51 54 55 56 57 58 59 60 61 62 63 65 67 68 69 70 71 72 73 74 75 78 80 81 82 83 84 85 86 88 89 90 91 93 94 95 96 97 98 99 100 102 104 105 106 108 109 110 113 114 115 116 117 118 123 124 125 128 129 130 132 133 134 136 137 139 140 141 142 144 145 146 148 149 150 152 153 154 155 156 157 158 159 162 163 164 165 168 171 173 174 175 177 178 179 180 181 182 183 184 186 187 189 190 191 192 193 195 196 197 198 199 201 202 203 204 205 206 207 208 209 211 212 213 216 218 219 220 222 223 225 226 227 229 230 231 232 233 234 239 240 241 242 245 246 248 249 250 252 253 255 258 259 260 263 264 265 266 267 268 269 272 274 275 277 278 279 280 281 282 284 285 288 289 290 292 294 296 298 300 301 302 303 304 305 306 307 308 309 313 314 317 318 319 320 321 322 324 326 327 328 329 330 331 332 333 334 336 337 339 340 341 343 344 345 348 350 351 353 354 355 356 357 358 360 363 364 365 366 368 370 371 372 374 375 376 377 378 379 380 381 384 385 386 387 388 389 390 392 394 395 396 398 399 401 402 403 404 405 406 407 408 409 410 412 413 414 415 416 419 420 421 422 423 424 425 426 427 429 430 431 433 434 435 436 437 438 440 442 443 444 445 447 449 451 454 455 456 458 459 460 461 463 464 465 466 467 469 470 471 472 474 475 476 477 478 479 480 481 482 483 485 486 487 488 490 492 493 494 496 499 500 501 502 503 505 506 508 509 510 511 513 514 515 516 517 518 519 520 521 523 525 527 528 529 531 532 533 534 536 538 539 540 541 542 543 546 547 549 550 552 553 554 556 557 558 559 561 562 563 564 568 569 572 573 577 579 580 581 582 583 585 586 587 588 589 590 591 593 594 596 597 598 599 600 602 603 604 605 606 607 608 609 612 613 614 616 617 618 619 620 622 623 624 625 626 627 628 629 630 631 632 633 634 635 636 637 639 640 641 642 643 645 646 649 650 651 652 653 655 656 658 659 660 661 662 663 664 665 666 667 668 669 672 673 676 677 679 680 681 683 684 685 686 688 689 690 692 693 694 695 696 698 699 700 701 702 703 704 707 708 709 710 711 712 713 714 715 718 719 721 724 725 727 729 730 732 734 735 736 738 739 742 743 744 745 746 747 748 751 753 754 755 756 757 758 760 761 762 764 766 768 769 770 771 773 774 775 776 777 778 779 780 781 782 783 784 785 790 791 792 793 795 796 797 798 799 800 801 803 804 805 806 807 809 810 811 813 814 815 816 817 820 821 822 823 825 826 827 828 831 832 833 834 835 837 838 839 840 841 842 843 844 845 848 849 852 853 854 855 856 857 858 859 863 865 866 867 868 869 870 872 873 874 875 876 877 878 881 882 883 885 886 887 888 889 890 891 892 893 894 896 897 898 899 901 902 903 904 905 906 907 910 911 913 914 916 917 918 919 921 923 924 925 926 927 928 929 930 931 932 933 934 936 938 939 943 945 946 947 948 949 950 951 952 953 954 955 956 957 958 960 961 962 966 967 969 971 973 974 975 978 980 982 983 984 986 987 989 990 991 992 993 994 995 996 997
round2_screening,L10kdt,1000,1-0.25-P,1,161522,251,0 6 8 10 15 16 18 19 21 23 24 25 29 44 50 55 56 59 62 64 68 69 70 74 76 77 78 81 85 92 98 99 102 113 114 118 121 122 125 126 130 135 147 148 154 156 158 167 168 179 180 188 189 191 195 199 206 208 209 213 219 226 229 233 236 240 241 242 245 254 261 262 268 277 278 280 283 290 302 304 309 316 317 321 329 332 333 334 337 345 349 350 351 353 363 365 373 375 378 380 385 386 389 390 392 396 399 401 402 403 413 417 422 424 427 428 440 447 452 455 457 460 463 466 475 476 480 483 485 489 492 501 505 512 515 516 523 525 531 535 538 539 540 543 570 572 574 585 589 591 606 608 620 622 623 626 627 631 633 634 645 646 650 655 661 664 671 673 686 687 694 695 699 700 702 707 709 720 727 728 730 732 738 742 745 748 756 760 761 765 768 770 776 780 785 787 798 800 801 806 807 808 812 823 828 836 837 838 841 847 852 855 866 867 869 871 874 881 882 891 897 899 900 901 903 904 905 908 911 919 926 933 940 942 947 950 951 954 958 959 961 962 971 973 977 980 981 984 987 988 999
round2_screening,L10kdt,1000,1-0.25-P,2,161844,252,0 6 8 15 16 18 21 23 25 29 50 55 56 59 62 64 69 74 76 77 78 81 85 92 98 101 102 114 118 121 122 125 126 130 135 145 147 148 154 158 163 168 178 179 188 191 195 198 199 205 206 208 209 213 219 221 226 229 233 240 241 242 245 254 256 261 262 268 278 280 283 293 304 310 316 317 321 332 333 334 337 345 349 350 351 353 358 365 373 375 380 387 389 390 392 396 399 401 402 403 413 417 422 424 428 431 432 439 440 447 452 455 457 460 463 466 475 476 480 483 492 501 503 507 512 513 515 523 525 531 532 535 536 538 539 540 543 561 562 570 572 574 585 589 591 608 614 620 622 623 626 627 631 633 634 645 646 650 655 661 663 664 668 671 673 686 695 699 700 702 707 709 720 724 730 732 738 742 745 748 749 756 760 761 765 768 770 776 780 785 787 792 793 798 800 801 806 808 812 823 825 828 836 837 838 841 852 855 857 858 866 867 869 871 874 878 881 882 883 891 897 898 900 901 903 904 908 911 917 919 924 926 928 933 940 942 947 950 951 954 958 959 961 962 971 973 977 980 981 984 988 999
round2_screening,L10kdt,1000,2-0.25-P,1,135755,252,5 10 13 16 18 23 30 36 37 39 40 44 46 47 56 62 65 66 70 71 73 75 76 86 88 93 102 108 109 111 117 118 121 124 128 131 132 135 144 146 148 152 154 160 161 166 168 176 179 187 190 191 192 199 201 208 211 217 223 227 231 233 235 237 240 243 246 253 257 262 263 268 276 277 279 281 283 290 292 298 299 300 306 320 321 322 334 349 350 352 357 358 361 365 372 376 378 386 387 388 390 399 401 402 406 407 411 418 419 421 425 428 429 431 433 439 466 471 472 487 494 500 510 511 514 515 516 520 524 525 530 533 535 546 548 549 550 558 559 563 566 574 576 582 583 585 590 596 599 600 602 607 611 612 623 624 628 637 640 649 650 654 659 670 674 678 685 687 698 705 707 709 712 714 724 725 727 732 738 739 746 747 748 754 755 760 767 769 770 771 776 777 778 779 780 782 791 794 796 797 802 804 806 813 814 816 821 822 827 838 841 842 843 854 856 865 867 872 882 885 886 891 900 905 911 917 920 921 922 923 924 928 930 931 934 948 962 963 966 967 970 971 973 974 977 978 988 990 991 994 997 998
round2_screening,L10kdt,1000,2-0.25-P,2,135594,252,10 13 16 18 23 36 37 39 40 44 46 47 53 56 57 65 66 70 71 75 76 83 86 88 102 108 109 111 115 117 121 124 128 132 135 146 148 152 154 160 161 162 166 168 176 179 187 190 191 199 200 201 208 209 211 215 217 223 227 235 240 242 243 246 253 257 259 262 263 268 271 276 277 279 281 283 290 292 296 298 300 305 306 316 320 321 322 329 349 352 358 361 372 376 378 388 389 390 401 406 411 418 419 421 425 426 428 429 431 441 454 456 466 470 471 472 494 500 501 510 511 514 515 516 520 524 530 533 535 548 549 557 558 559 563 566 567 574 582 583 585 590 596 599 600 602 607 611 612 623 624 629 631 637 649 650 654 659 664 670 674 677 678 687 695 698 705 707 709 712 724 725 727 732 739 746 747 748 754 755 759 760 767 769 770 771 774 776 777 779 780 782 791 794 797 799 802 803 804 806 808 813 814 816 821 822 827 835 841 842 843 850 854 856 860 865 867 869 882 885 886 890 891 900 905 911 917 919 920 921 922 923 928 930 931 934 941 948 962 963 966 970 973 974 977 981 988 990 991 994 997 998
round2_screening,L10kdt,1000,7-0.5-M,1,49556,501,0 4 8 9 10 11 14 15 17 19 23 24 26 28 31 35 37 39 41 45 46 49 50 51 52 53 56 58 59 61 66 68 69 70 71 72 73 74 77 80 83 84 85 86 88 89 92 93 98 102 103 104 107 108 113 115 117 118 123 125 126 127 128 139 144 145 149 151 153 156 159 164 165 169 171 174 176 177 178 179 181 183 184 188 191 192 195 196 199 200 204 206 207 209 212 216 217 219 220 225 226 228 229 231 232 233 234 235 237 239 241 242 243 246 247 249 250 253 254 256 258 259 263 266 267 272 274 275 277 278 279 281 282 283 286 290 291 292 296 299 302 305 306 307 309 310 311 312 313 314 315 316 318 320 321 322 323 324 325 328 330 334 336 337 343 344 345 346 347 349 351 354 355 357 359 360 361 362 367 370 371 373 375 377 378 380 385 386 389 394 395 396 397 401 402 403 405 410 411 412 415 416 417 419 422 423 428 431 435 436 437 438 439 440 445 446 447 449 450 451 454 455 456 461 462 463 467 468 469 470 472 473 474 477 479 483 484 485 486 490 493 495 497 499 500 502 506 509 510 511 512 513 514 516 518 519 520 521 522 523 525 526 530 531 533 534 535 537 538 541 542 544 545 547 548 549 550 554 557 559 561 564 570 571 572 573 576 579 582 586 587 590 591 592 595 597 598 600 601 602 603 604 605 606 607 608 609 612 614 615 621 624 625 626 627 628 630 631 633 634 635 636 637 641 642 643 644 645 646 647 649 650 652 653 654 655 656 659 660 663 668 669 675 679 681 682 683 684 685 690 692 695 698 700 702 704 705 706 709 710 711 714 716 718 719 721 722 723 725 726 727 730 731 733 735 736 737 740 741 744 747 752 753 754 755 760 762 764 765 768 769 770 771 774 778 779 780 781 782 784 785 786 787 789 790 791 797 804 805 806 808 812 813 814 815 818 819 820 824 825 828 830 832 833 837 840 843 846 847 848 849 850 851 853 857 859 861 862 863 865 870 871 875 880 883 887 889 894 897 903 904 906 907 908 913 915 916 917 919 920 928 929 930 931 933 934 935 936 937 939 940 942 946 949 950 952 954 961 963 964 965 968 973 977 978 979 981 982 983 984 985 986 987 988 991 992 993 995 997 998 999
round2_screening,L10kdt,1000,7-0.5-M,2,49614,500,1 8 9 10 11 12 14 15 17 19 23 24 26 28 31 35 41 45 46 48 49 50 51 52 53 55 56 58 59 61 63 66 68 69 70 71 72 73 74 75 77 83 84 85 86 87 88 89 92 93 98 102 103 104 106 107 108 115 117 118 119 123 126 127 128 130 132 138 139 142 144 145 149 151 156 157 159 164 165 167 169 171 174 176 177 178 179 181 184 188 191 192 193 195 196 198 200 204 206 207 208 209 216 217 218 220 225 226 228 231 234 235 237 239 241 242 243 246 247 249 250 253 254 256 258 259 260 261 263 266 267 272 274 278 279 280 281 282 283 286 290 291 292 296 299 302 305 306 307 309 310 311 312 313 314 315 316 318 320 321 322 323 324 325 326 328 330 334 336 337 343 344 345 346 347 348 349 350 351 354 357 359 360 362 366 367 370 371 373 375 377 378 380 385 386 387 394 395 396 397 401 402 403 405 410 411 412 415 416 417 419 422 423 428 431 435 436 437 438 439 440 443 446 447 449 450 451 454 455 456 461 462 463 467 469 470 472 473 474 477 479 483 484 485 486 490 493 495 497 499 500 502 506 510 511 512 513 514 516 518 519 520 521 522 523 525 530 531 533 534 541 542 545 547 548 549 551 552 554 557 558 559 564 565 566 570 571 572 576 579 582 586 587 590 591 592 595 597 599 600 601 602 603 604 605 606 607 608 609 612 614 615 616 621 624 625 628 630 631 633 634 635 636 637 640 641 642 643 644 645 646 647 649 650 652 653 654 655 659 660 663 666 668 669 675 679 681 682 683 684 690 692 695 698 700 704 705 709 710 711 715 716 718 719 720 722 723 724 725 726 727 728 731 733 734 735 736 737 740 741 744 747 752 753 754 755 758 760 763 765 768 769 770 771 774 778 779 780 781 784 785 786 787 789 790 791 793 805 806 808 813 814 818 819 820 825 828 830 832 833 834 837 838 840 846 847 848 849 850 851 853 857 859 861 862 871 875 883 885 889 894 896 897 902 903 904 905 906 907 908 913 915 916 917 919 920 921 928 929 930 931 933 934 935 936 937 939 940 942 946 949 952 956 961 963 964 965 966 967 968 969 973 977 978 979 981 983 984 985 986 987 988 991 992 993 994 995 997 998 999
round2_screening,L10kdt,1000,9-0.75-M,1,32048,749,0 1 2 3 4 5 6 7 8 9 11 12 14 15 17 18 19 20 21 22 24 27 28 30 31 32 33 35 36 38 39 40 41 43 44 45 47 48 49 50 51 54 55 56 57 58 59 61 62 63 65 67 68 69 70 71 72 73 74 75 78 80 81 82 83 84 85 86 88 89 90 91 92 93 94 95 96 97 98 99 100 102 104 105 106 108 109 110 112 113 114 116 117 118 121 123 124 125 128 130 132 133 134 136 137 139 140 141 142 144 145 148 149 150 152 154 155 156 157 158 159 161 162 163 164 165 168 171 173 174 175 177 178 179 180 181 182 183 184 185 186 187 189 190 191 192 193 195 196 197 198 199 201 202 203 204 206 207 208 209 211 213 218 219 220 222 223 224 225 226 227 229 230 231 232 233 234 235 239 240 241 242 245 246 247 248 249 250 252 253 255 258 259 260 261 264 265 266 267 268 269 274 275 276 277 278 279 280 281 282 284 285 286 288 290 292 294 296 298 300 301 302 303 304 305 306 307 308 309 313 314 317 318 319 320 321 322 324 326 327 328 329 330 331 332 333 334 336 337 341 344 345 347 348 349 350 351 353 354 355 356 357 358 360 363 364 365 366 368 369 370 371 372 374 375 376 377 379 380 381 384 385 386 387 388 389 390 392 394 395 396 398 399 401 402 403 404 405 406 407 408 409 410 412 413 414 415 416 418 419 420 421 422 423 425 426 427 429 430 431 433 434 435 436 437 440 443 444 445 447 448 449 451 454 455 456 458 459 460 461 464 465 466 467 469 470 471 472 474 475 476 477 478 479 481 482 483 485 486 488 490 492 493 494 496 499 500 501 502 503 505 506 507 508 509 510 511 513 514 515 516 517 518 519 520 521 525 527 528 529 531 532 533 534 536 537 538 539 540 541 542 543 544 545 546 547 548 549 550 552 553 554 557 558 559 561 562 563 564 565 568 569 571 572 573 579 580 581 582 583 585 586 587 589 590 591 593 594 596 597 598 599 602 603 604 605 606 607 608 612 613 614 616 617 618 619 620 622 623 624 625 627 628 629 630 631 632 633 634 635 636 637 638 639 640 641 642 643 644 645 646 648 649 650 651 652 653 655 658 659 660 661 662 663 664 666 667 668 669 672 673 676 677 679 680 681 682 683 684 685 686 688 689 690 692 695 696 698 699 700 701 702 703 704 707 708 709 710 711 712 713 714 715 718 719 721 724 725 727 729 730 732 733 734 735 736 738 739 742 743 744 745 746 747 748 751 753 754 755 756 757 760 761 762 764 766 767 768 769 770 771 772 773 774 775 776 777 778 779 780 781 783 784 785 790 791 792 793 795 796 797 798 800 801 803 804 805 806 807 808 809 810 811 813 814 815 816 817 820 821 823 825 826 827 828 830 831 832 833 834 835 836 837 838 839 840 841 842 843 844 845 848 849 851 852 853 854 855 856 857 858 859 860 863 865 867 868 869 870 872 873 874 875 876 877 878 881 882 885 886 887 888 889 890 891 892 893 894 896 897 898 899 901 902 903 904 905 906 907 908 909 910 911 913 914 915 916 917 918 919 921 923 924 925 926 927 928 930 931 932 933 934 936 938 939 943 944 945 946 947 948 949 950 951 952 953 954 955 956 957 958 959 961 962 964 966 967 969 971 973 974 975 976 978 979 980 982 983 984 986 987 989 990 991 992 993 994 995 996
round2_screening,L10kdt,1000,9-0.75-M,2,32093,749,0 1 2 3 4 5 6 7 8 9 11 12 14 15 17 18 19 20 21 22 24 25 27 28 30 31 32 33 34 35 36 38 39 40 41 43 44 45 47 48 49 50 51 54 55 56 57 58 59 60 61 62 63 65 67 68 69 70 71 72 73 74 75 78 80 81 82 83 84 85 86 88 89 90 91 93 94 95 96 97 98 99 100 102 104 105 106 107 108 109 110 113 114 115 116 117 118 121 123 124 125 128 130 132 134 136 137 139 140 141 142 144 145 146 147 148 149 150 152 153 154 155 156 157 158 159 161 162 163 164 165 168 169 170 171 173 174 175 177 178 179 180 181 182 183 184 186 187 188 189 190 191 192 193 194 195 196 197 198 199 201 202 203 204 206 207 208 209 211 213 218 219 220 222 223 225 226 227 229 230 231 232 233 234 236 239 240 241 242 245 246 247 248 249 250 252 253 255 257 258 259 260 263 264 265 266 267 268 269 274 275 277 278 279 280 281 282 284 285 288 290 291 292 294 296 298 300 301 302 303 304 305 306 307 308 309 313 317 318 319 320 321 322 324 326 327 328 329 330 331 332 333 334 336 337 339 340 341 343 344 345 347 348 350 351 352 353 354 355 357 358 360 363 364 365 366 368 369 370 371 372 374 375 376 377 379 380 381 384 385 386 388 389 392 394 395 396 398 399 401 402 403 404 405 406 407 408 409 410 412 413 414 415 416 419 420 421 422 423 425 427 429 430 433 434 435 436 437 440 443 444 445 447 448 449 451 453 454 455 456 458 459 460 464 465 466 467 469 470 471 472 474 475 476 478 479 480 481 482 483 485 486 488 490 492 493 494 495 496 499 500 501 502 503 505 506 507 508 509 510 511 512 513 514 515 516 517 518 519 520 521 525 527 528 529 531 532 533 534 536 537 538 539 540 541 542 543 544 545 546 547 549 550 552 553 554 557 558 559 561 562 563 564 566 567 568 569 572 573 576 577 579 580 581 582 583 585 586 587 589 590 591 593 594 596 597 598 599 602 603 604 605 606 607 608 609 612 613 614 616 617 618 619 620 622 623 624 625 627 628 629 630 631 632 633 634 635 636 637 638 639 640 641 642 643 644 645 646 649 650 651 652 653 655 656 658 659 660 661 662 663 664 665 666 668 669 672 673 676 677 679 680 681 682 683 684 685 686 688 689 690 692 694 695 696 698 699 700 701 702 703 704 707 708 709 710 711 712 713 714 715 718 719 721 724 725 727 729 730 732 733 734 735 736 738 739 742 743 744 745 746 747 748 751 753 754 755 756 757 758 760 761 762 764 766 767 768 769 770 771 773 774 775 776 777 778 779 780 781 783 784 785 790 791 792 793 795 796 797 798 799 800 801 803 804 805 806 807 809 810 811 813 814 815 816 817 820 821 823 825 826 827 828 831 832 833 834 835 836 837 838 839 840 841 842 843 844 845 848 849 852 853 854 855 856 857 859 863 864 865 867 868 869 870 872 873 874 875 876 877 878 881 882 885 886 887 888 889 890 891 892 893 894 896 897 898 899 901 902 903 904 905 906 907 908 910 911 913 914 916 917 918 919 921 923 924 925 926 927 928 929 930 931 932 934 935 936 938 939 943 945 946 947 948 949 950 952 953 954 955 956 957 958 961 962 966 967 969 971 972 973 974 975 978 980 982 983 984 986 987 989 990 991 992 993 994 995 996 997
round2_screening,L5kdt,1000,1-0.25-P,1,161532,252,0 6 8 15 19 21 23 24 25 29 43 50 55 56 59 63 64 68 69 74 76 77 78 81 88 92 98 99 102 114 118 121 122 125 126 130 135 141 145 147 148 150 154 156 158 163 167 168 179 180 188 191 195 198 199 206 208 209 213 218 219 226 229 240 241 242 245 249 254 256 261 262 268 271 278 280 283 290 293 304 309 316 317 321 332 337 339 345 349 350 351 353 355 363 373 375 380 386 387 389 390 392 396 401 402 413 415 417 422 424 427 428 431 437 440 442 445 447 452 457 460 463 466 475 476 489 494 501 503 505 512 513 515 516 523 525 531 535 536 538 539 540 543 552 570 572 574 585 589 591 614 620 622 623 626 627 631 633 634 645 655 661 663 664 671 673 683 686 695 699 700 702 707 709 720 724 728 730 732 738 742 745 748 749 756 760 761 768 770 776 780 785 787 792 793 800 801 807 808 812 823 825 828 835 836 837 838 841 852 855 858 866 867 869 871 874 881 882 883 891 897 898 899 901 903 904 905 908 911 917 919 926 933 939 940 942 947 950 951 958 959 961 962 971 972 973 977 981 984 987 988 999
round2_screening,L5kdt,1000,1-0.25-P,2,161880,253,0 6 8 10 16 17 18 19 21 23 25 29 39 43 44 50 55 56 59 64 68 69 74 76 77 78 81 88 92 97 98 99 102 114 118 121 125 126 130 135 141 145 147 148 154 156 158 163 167 168 179 180 188 194 195 198 199 205 206 208 209 213 219 226 229 240 241 242 245 256 268 271 278 283 290 293 302 304 309 316 317 321 322 332 337 345 349 350 351 353 363 373 375 380 387 389 390 392 396 401 402 413 415 417 418 422 424 427 428 431 439 440 442 446 452 455 457 459 460 463 466 471 475 476 480 485 492 494 501 507 512 513 515 516 518 523 525 531 535 536 539 540 543 562 570 572 574 585 589 591 602 606 614 620 622 623 626 627 631 633 634 645 646 650 655 661 664 668 671 673 686 687 695 699 700 702 707 709 720 730 732 742 745 748 749 760 761 768 770 776 780 787 789 792 793 798 799 800 801 804 806 808 812 823 828 836 837 841 846 852 855 858 866 867 869 871 874 878 881 882 883 891 897 898 899 901 903 904 905 908 911 917 919 926 928 933 939 940 942 947 950 951 958 959 961 962 971 973 977 980 984 988 999
round2_screening,L5kdt,1000,2-0.25-P,1,135663,252,4 5 10 13 16 18 23 37 39 40 46 47 56 62 65 66 73 75 76 85 86 108 109 111 117 121 124 131 132 135 144 146 148 152 154 160 161 166 168 176 179 186 187 190 191 192 201 208 209 212 215 217 223 224 227 231 232 233 237 240 243 246 247 248 253 257 259 262 263 268 277 278 279 281 283 290 292 296 299 300 301 305 306 316 320 321 322 329 340 349 350 352 357 358 361 365 372 376 378 384 386 388 389 390 401 402 406 411 418 419 421 425 428 429 431 439 450 454 457 466 470 471 472 473 493 494 500 501 511 514 515 516 520 524 525 530 533 535 548 549 550 558 559 563 566 574 582 583 585 590 596 599 600 602 611 612 620 631 637 640 649 650 654 659 664 670 674 677 678 687 705 707 709 712 724 725 727 732 738 739 747 748 754 755 759 769 770 771 776 777 778 779 782 784 791 794 795 796 797 804 806 808 813 814 816 821 822 827 835 841 842 843 850 854 856 865 867 872 882 885 886 890 891 900 905 910 911 917 920 921 922 923 924 930 931 934 948 962 963 967 970 971 973 977 981 985 988 990 991 994 997 998
round2_screening,L5kdt,1000,2-0.25-P,2,135557,252,5 10 13 16 18 23 36 37 39 46 47 50 56 62 65 66 70 71 73 75 76 83 88 102 108 109 111 117 121 124 128 132 135 144 146 148 152 154 155 160 161 166 168 176 179 181 187 190 191 192 199 201 208 209 211 212 215 217 223 227 231 233 240 243 246 253 257 262 263 268 277 279 281 283 290 292 296 298 300 305 306 320 321 322 329 336 349 352 357 361 372 376 378 384 385 386 388 389 390 401 402 406 411 418 419 421 429 431 439 454 466 472 473 494 500 501 510 511 514 515 516 520 524 530 533 535 546 548 549 558 559 563 576 582 583 585 590 596 599 600 602 607 611 612 624 628 629 631 637 638 640 649 650 654 659 664 670 674 677 678 681 685 687 707 709 712 714 724 725 727 728 732 738 739 741 747 748 754 755 759 760 767 769 770 771 774 776 777 779 782 785 791 794 795 796 797 803 804 808 813 816 821 822 838 841 842 843 854 856 867 869 872 882 885 886 891 899 900 904 905 911 914 917 919 920 921 922 923 924 930 931 934 941 947 948 962 963 964 966 970 971 973 974 977 981 984 988 990 991 994 997 998
round2_screening,L5kdt,1000,7-0.5-M,1,49549,500,0 1 4 8 9 10 11 14 15 17 19 23 24 26 28 31 35 37 41 45 46 49 50 51 52 53 56 58 59 61 64 66 68 69 70 72 73 74 77 80 83 85 86 88 89 92 93 98 102 103 104 107 108 115 117 118 119 123 126 127 130 133 139 140 144 149 151 153 156 157 159 160 164 165 169 171 174 176 177 178 179 181 183 184 188 192 195 196 197 198 199 200 203 204 205 206 207 208 209 212 216 217 219 220 225 226 228 231 233 234 235 236 237 239 241 242 243 246 247 249 250 253 254 256 258 259 260 263 266 267 272 274 278 279 280 281 282 283 286 290 291 292 296 299 302 305 306 307 308 309 310 311 312 313 314 315 316 318 320 321 322 323 324 325 326 328 330 334 336 337 342 343 344 345 346 347 349 350 351 354 357 359 360 361 362 367 370 371 373 375 377 378 380 385 386 387 388 396 397 401 402 403 405 410 411 412 415 417 419 422 423 424 428 435 436 437 438 439 440 446 447 449 450 451 452 454 455 456 461 462 463 467 468 469 470 472 473 474 477 483 484 485 490 493 495 497 499 500 502 506 510 511 513 516 518 519 520 521 522 523 525 531 534 535 538 541 542 545 547 548 549 554 557 559 561 564 565 568 570 571 572 573 576 579 582 583 586 587 590 591 592 595 597 600 601 602 603 604 605 606 607 608 609 612 614 615 616 621 622 624 625 626 628 630 631 632 633 634 635 636 637 639 641 642 643 644 645 646 647 650 652 653 654 655 656 658 659 660 663 666 668 669 671 675 679 681 682 683 684 690 692 695 698 700 704 709 710 711 715 716 718 719 720 721 722 723 724 725 726 727 730 731 733 734 735 736 737 740 741 744 747 752 753 754 755 758 762 765 767 769 770 771 778 779 780 781 784 785 786 787 789 790 791 805 806 808 812 813 814 815 818 819 820 825 828 830 832 833 834 837 838 840 843 846 847 848 849 851 853 857 861 862 863 864 868 871 875 880 883 885 889 894 896 897 901 902 903 906 907 908 915 917 919 920 921 922 928 929 930 931 933 934 935 936 937 939 940 942 944 946 949 950 952 961 962 963 964 965 966 967 968 973 977 978 979 981 982 983 984 985 986 987 988 991 992 993 994 995 997 998
round2_screening,L5kdt,1000,7-0.5-M,2,49688,501,0 4 8 9 10 11 15 17 19 23 26 28 31 35 45 46 49 50 51 52 53 56 58 59 61 66 68 69 70 72 73 74 80 84 85 86 87 88 89 92 93 98 102 103 104 106 107 108 115 117 118 119 123 126 127 128 130 132 138 139 140 141 142 144 145 149 151 153 156 157 159 160 164 165 169 171 174 176 177 178 179 181 183 184 188 191 192 195 196 198 199 200 202 204 206 207 208 209 213 214 216 217 218 219 220 225 226 228 231 233 234 235 236 237 239 241 242 243 246 247 249 250 253 254 256 258 259 260 263 266 267 272 274 278 279 280 281 282 283 286 290 291 292 296 302 305 306 307 308 309 310 311 312 313 314 315 316 318 320 321 322 323 324 325 326 328 330 334 335 336 337 338 343 344 345 346 347 349 351 354 357 359 360 361 362 366 367 370 371 373 375 377 378 380 385 386 387 389 395 396 397 401 402 403 405 410 411 412 415 417 419 422 423 428 431 435 436 437 438 439 440 445 446 447 449 450 451 454 455 456 461 462 463 464 467 468 469 470 472 473 474 477 479 483 484 485 490 493 495 497 499 500 502 506 508 509 510 511 512 513 516 518 519 520 521 522 523 525 530 531 534 538 541 542 544 545 547 548 549 554 557 559 561 562 564 565 570 571 572 576 579 582 586 587 590 591 592 595 597 600 601 602 603 604 605 606 607 609 612 614 615 616 621 624 625 628 630 631 633 634 635 637 639 641 642 643 644 645 646 647 649 650 652 653 654 655 656 659 660 663 668 669 675 679 681 682 683 684 690 692 695 698 700 702 704 709 710 711 715 716 718 719 720 721 722 723 724 725 726 727 730 731 733 734 735 736 737 740 741 744 747 750 752 753 754 755 758 762 763 765 768 769 770 771 774 778 779 780 781 784 785 786 787 789 790 791 804 805 806 808 812 813 814 815 818 819 820 824 825 828 830 832 833 834 837 838 840 843 844 846 847 848 849 851 853 857 861 862 863 864 871 875 877 880 883 885 894 896 897 903 904 906 907 908 913 915 916 917 919 921 928 929 930 931 933 934 935 936 937 939 940 942 946 949 950 952 961 964 965 966 968 973 977 978 979 980 981 983 984 985 986 987 988 991 992 993 994 995 997 998 999
round2_screening,L5kdt,1000,9-0.75-M,1,32243,749,0 1 2 3 4 5 6 7 8 9 11 12 14 15 17 18 19 20 21 22 24 27 28 30 31 32 33 35 36 38 39 40 41 43 44 45 47 48 49 50 51 53 54 55 56 57 58 59 60 61 62 63 65 67 68 69 70 71 72 73 74 75 78 80 81 82 83 84 85 86 88 89 90 91 93 94 95 96 97 98 99 100 102 104 105 106 107 108 109 110 113 114 116 117 118 121 123 124 125 128 132 133 134 136 137 139 140 141 142 144 145 146 148 149 150 152 153 154 155 156 157 158 159 162 163 164 165 168 171 173 174 175 177 178 179 180 181 182 183 184 185 186 187 189 190 191 192 193 195 196 197 198 199 201 202 203 204 206 207 208 209 210 211 213 219 220 222 223 225 226 227 229 230 231 232 233 234 235 239 240 241 242 245 246 248 249 250 252 253 255 258 259 264 265 266 267 268 269 274 275 276 277 278 279 280 281 282 284 285 288 289 290 292 294 296 298 300 301 302 303 304 305 306 307 308 309 313 314 315 317 318 319 320 321 322 324 326 327 328 329 330 331 332 333 334 336 337 339 341 343 344 345 346 347 348 349 350 351 353 354 355 356 357 358 360 361 363 364 365 366 368 369 370 371 372 374 375 376 377 379 380 381 384 385 386 387 388 389 390 392 394 395 396 398 399 401 402 403 404 406 407 408 409 410 413 414 415 416 419 420 421 422 423 424 425 426 427 429 430 431 433 434 435 436 437 440 443 444 445 446 447 449 451 453 454 455 456 458 459 460 461 464 465 466 467 469 470 471 472 474 475 476 478 479 481 482 483 485 486 488 490 492 493 494 496 499 500 501 502 503 505 506 507 508 509 510 511 512 513 514 515 516 517 518 519 520 521 522 523 525 527 528 529 531 532 533 534 537 538 539 540 541 542 543 544 545 546 547 548 549 550 552 553 554 557 558 559 561 562 563 564 565 566 567 568 569 571 572 573 576 579 580 581 582 583 585 586 587 589 590 591 594 596 597 598 599 600 602 603 604 605 606 607 608 609 612 613 614 616 617 618 619 620 622 623 624 625 627 628 629 630 631 632 633 634 635 636 637 638 639 640 641 642 643 645 646 648 649 650 651 652 653 655 658 659 660 661 662 663 664 665 666 667 668 669 672 676 677 679 680 681 683 684 685 686 688 689 690 692 694 695 696 698 699 700 701 702 703 704 707 708 709 710 711 712 713 714 715 717 718 719 721 724 725 727 729 730 732 734 735 736 738 739 742 743 744 745 746 747 748 751 753 754 755 756 757 760 761 762 764 766 767 768 769 770 771 773 774 775 776 777 778 779 780 781 782 783 784 785 790 791 792 793 794 795 796 797 798 799 800 801 803 804 805 806 807 808 809 810 811 813 814 815 816 817 820 821 823 825 826 827 828 831 832 833 834 835 836 837 839 840 841 842 843 844 845 846 848 849 852 853 854 855 856 857 858 859 860 863 865 867 868 870 872 873 874 875 876 877 878 881 882 884 885 886 887 888 889 890 891 892 893 894 896 897 898 899 901 902 903 904 905 907 908 910 911 913 914 916 917 918 919 921 923 924 925 927 928 929 930 931 932 933 934 936 938 939 943 945 946 947 948 949 950 951 952 953 954 955 956 957 959 961 962 966 967 969 971 973 974 975 976 977 978 979 980 982 983 984 986 987 989 990 991 992 993 994 995 996
round2_screening,L5kdt,1000,9-0.75-M,2,32229,749,0 1 2 3 4 5 6 7 8 9 11 12 14 15 18 19 20 21 22 24 27 28 30 31 32 33 34 35 36 38 39 40 41 43 44 45 46 47 48 49 50 51 54 55 56 57 58 59 60 61 62 63 65 67 68 69 70 71 72 73 74 75 78 80 81 82 83 84 85 86 88 89 90 91 93 94 95 96 97 98 99 100 102 104 105 106 108 109 110 113 114 115 116 117 118 121 123 124 125 128 129 130 132 133 134 136 137 139 140 141 144 145 146 147 148 149 152 153 154 155 156 157 158 159 161 162 163 164 165 168 171 173 174 175 177 178 179 180 181 182 183 184 185 186 187 188 189 190 191 192 193 195 196 197 198 199 201 202 203 204 206 207 208 209 210 211 213 215 218 219 220 222 223 225 226 227 229 230 231 232 233 234 236 239 240 241 242 245 246 248 249 250 252 253 255 258 259 260 264 265 266 267 268 269 272 274 275 276 278 279 280 281 282 284 285 288 289 290 291 292 294 296 297 298 300 301 302 303 304 305 306 307 308 309 313 314 315 316 317 318 319 320 321 322 324 326 327 328 329 330 331 332 333 334 336 337 339 341 343 344 345 347 348 349 350 351 352 353 354 355 357 358 360 361 363 364 365 366 368 369 370 371 372 374 375 376 377 379 380 381 384 385 386 387 388 389 390 392 394 395 396 398 399 401 402 403 405 407 408 409 410 412 413 414 415 416 419 420 421 422 423 425 426 427 429 430 431 433 434 435 436 437 440 441 443 444 445 446 447 449 451 453 454 455 456 458 459 460 461 464 465 466 467 469 470 471 472 474 475 476 477 478 479 480 481 482 483 485 486 488 490 492 493 494 495 496 499 500 501 502 503 505 506 508 509 510 511 513 514 515 516 517 518 519 520 521 522 525 527 528 529 531 532 533 534 536 537 538 539 540 541 542 543 544 546 547 548 549 550 552 553 554 557 558 559 561 562 563 564 568 569 571 572 573 576 579 580 581 582 583 585 587 589 590 591 594 596 597 598 599 600 602 603 604 605 606 607 608 612 613 614 616 617 618 619 620 622 623 624 625 626 627 628 629 630 631 632 633 634 635 636 637 638 639 640 641 642 643 645 646 649 650 651 652 653 655 656 658 659 660 661 662 663 664 665 666 668 669 672 676 677 679 680 681 683 684 685 686 687 688 689 690 691 692 693 694 696 698 699 700 701 702 703 704 707 708 709 710 711 712 713 714 715 718 719 721 724 725 727 729 730 732 734 735 736 739 742 743 744 745 746 747 748 751 753 754 755 756 757 758 759 760 761 762 764 766 767 768 770 772 773 774 775 777 778 779 780 781 783 784 785 790 791 792 793 795 796 797 799 800 801 803 804 805 806 807 809 810 811 813 814 815 816 817 820 821 823 825 826 827 828 831 832 833 834 835 836 837 838 839 840 841 842 843 844 845 848 849 853 854 855 856 857 859 860 863 865 867 868 869 870 872 873 874 875 876 877 878 881 882 885 886 887 888 889 890 891 892 893 894 896 897 898 899 901 902 903 904 905 906 907 908 909 910 911 913 914 916 917 918 919 921 923 924 925 926 927 928 929 930 931 932 934 935 936 939 942 943 945 946 947 948 949 950 952 953 954 955 956 957 958 959 961 962 964 966 967 969 971 973 974 975 976 978 980 982 983 984 986 987 989 990 991 992 993 994 995 996 997
round2_screening,B84dt,1000,1-0.25-P,1,161857,252,0 6 8 10 15 21 23 24 25 29 39 50 55 56 64 69 74 76 77 78 85 88 92 98 99 101 102 114 118 121 122 125 126 130 135 145 147 148 154 156 158 163 167 168 177 179 180 188 191 195 198 199 205 208 209 213 218 219 226 229 233 236 240 241 242 249 254 256 261 262 278 283 288 290 302 304 309 316 317 318 332 333 337 345 349 350 351 353 359 363 373 375 380 387 389 390 392 396 399 401 402 413 417 422 424 427 428 431 440 445 447 452 457 460 463 466 475 476 483 489 492 501 503 505 507 512 513 515 516 523 525 531 535 536 538 540 543 552 570 574 585 589 591 602 606 608 614 620 622 623 626 627 631 633 634 645 646 650 655 661 664 671 673 686 695 699 700 702 705 707 709 720 721 724 727 732 738 742 745 748 756 758 760 761 763 765 768 770 776 780 781 785 792 793 798 800 801 806 808 812 823 825 828 836 838 841 847 852 855 858 866 867 869 871 874 878 881 882 883 891 897 898 899 900 901 903 904 905 908 911 917 919 926 933 939 940 942 949 950 951 954 958 959 961 962 971 973 977 981 984 988 999
round2_screening,B84dt,1000,1-0.25-P,2,161849,252,0 6 8 15 17 21 23 25 29 43 50 55 56 59 62 69 74 76 77 85 92 98 99 102 118 121 122 125 126 130 135 147 148 154 158 159 163 167 168 177 178 179 180 188 191 195 198 199 206 208 209 213 218 219 221 226 229 233 240 241 242 245 256 261 262 268 278 280 282 283 290 302 304 309 317 321 329 332 333 334 337 339 345 349 350 351 353 361 363 365 366 373 375 380 385 387 389 390 392 396 399 401 402 413 417 422 424 428 431 432 437 440 445 447 449 450 452 457 460 463 466 475 476 480 483 494 501 507 512 513 515 523 530 531 535 536 538 539 540 543 552 570 572 574 585 589 591 608 614 616 622 623 626 627 631 633 634 645 646 650 655 661 664 668 671 673 686 687 695 699 700 702 705 707 709 720 728 730 732 738 742 745 748 749 760 761 765 768 770 776 780 785 787 792 798 800 801 806 808 812 823 825 828 836 837 838 841 852 855 866 867 869 871 874 878 881 882 883 887 891 897 898 899 900 901 903 904 905 908 911 917 919 926 928 933 939 940 947 950 951 958 959 961 962 973 977 980 982 984 987 988 999
round2_screening,B84dt,1000,2-0.25-P,1,135705,252,10 13 18 23 36 37 39 44 46 47 50 54 56 58 62 70 71 73 76 86 102 108 109 111 115 117 118 121 124 128 132 135 144 146 148 152 154 160 161 166 168 173 176 179 181 187 190 200 201 208 209 215 217 223 227 233 237 240 243 246 248 253 257 259 262 263 268 276 277 279 281 283 290 296 300 305 306 316 320 321 322 329 349 352 358 361 362 365 372 376 378 384 386 388 389 390 401 406 410 411 418 419 421 426 428 429 431 441 454 457 466 471 472 473 494 500 501 511 514 515 516 518 520 524 530 533 535 548 549 558 559 563 566 574 576 582 583 585 590 596 599 600 607 611 612 613 619 624 628 629 631 637 640 649 650 654 659 664 670 674 677 678 685 698 705 707 709 712 724 725 727 730 732 738 739 747 748 754 755 759 768 769 770 771 774 776 777 779 782 784 785 791 795 796 797 803 804 808 811 813 814 816 821 822 838 841 842 843 850 854 856 865 867 869 872 882 885 886 891 893 900 905 910 911 917 920 921 922 923 924 930 931 934 941 948 950 962 963 966 967 970 971 974 977 981 984 988 990 991 994 997 998
round2_screening,B84dt,1000,2-0.25-P,2,135598,252,10 13 16 18 23 37 39 46 47 50 54 56 65 66 70 71 73 75 76 102 108 109 111 115 117 121 124 135 144 146 148 152 154 161 166 168 176 187 190 191 201 208 209 215 217 223 227 230 231 233 237 240 243 246 253 257 259 262 263 268 277 278 279 281 283 284 290 292 296 298 300 305 306 320 321 322 329 334 340 352 354 356 358 361 365 372 376 378 379 384 386 387 388 389 390 401 402 406 410 411 418 419 421 425 428 429 439 441 454 466 471 472 494 495 500 501 511 514 515 516 520 524 530 535 548 551 558 559 560 563 566 574 582 583 585 590 596 599 600 607 611 612 619 620 624 628 631 637 640 649 650 654 659 664 670 674 677 678 687 705 707 709 711 712 721 724 725 727 728 730 731 732 738 739 741 743 746 747 748 754 755 759 760 768 769 770 771 776 777 779 782 785 791 794 796 797 804 808 813 814 816 821 822 824 835 838 841 842 843 854 856 865 867 869 872 882 885 886 890 891 900 905 908 911 917 920 921 922 923 924 928 930 931 934 941 948 962 963 966 970 971 973 974 977 981 984 988 990 991 994 997 998
round2_screening,B84dt,1000,7-0.5-M,1,49481,501,0 1 4 9 10 11 15 17 19 23 24 26 28 31 35 46 49 50 51 52 53 56 58 59 61 66 68 69 70 71 72 73 74 77 80 83 84 85 86 88 89 90 92 93 98 102 103 104 106 107 108 115 116 117 118 119 123 126 127 130 132 135 136 137 139 140 142 144 145 149 151 153 156 157 159 160 164 169 171 174 176 178 179 181 184 191 192 195 196 199 200 202 204 207 208 209 216 219 220 225 228 231 233 234 235 236 237 239 241 242 243 247 249 250 253 254 256 258 259 260 263 266 267 272 274 277 278 279 281 282 283 290 291 292 296 299 302 305 306 307 308 309 310 311 312 313 314 315 316 318 320 321 322 323 324 325 326 328 330 334 336 337 338 343 344 345 346 347 349 351 354 355 357 359 361 362 367 370 371 373 375 377 378 380 385 386 387 389 394 395 396 397 401 402 403 405 410 411 412 415 417 419 422 423 428 429 435 436 437 438 439 440 443 445 446 447 449 450 451 454 455 456 461 462 463 467 469 470 471 472 473 474 483 484 485 487 490 493 495 497 499 500 502 506 509 510 511 512 513 514 516 518 519 520 521 522 523 525 531 534 535 541 542 545 547 548 549 552 554 557 558 559 561 564 568 570 571 572 576 579 582 586 587 591 592 595 597 599 600 601 602 603 604 605 606 607 608 609 612 614 615 616 621 622 624 625 626 628 630 631 633 634 635 636 637 639 641 642 643 644 645 646 647 649 650 652 653 654 655 656 659 660 663 666 668 669 675 679 681 682 683 684 690 692 695 698 700 702 704 709 710 711 714 715 716 718 719 720 722 723 724 725 726 727 730 731 733 734 735 736 737 738 739 740 741 744 745 747 752 753 754 755 762 763 765 768 769 770 771 774 778 779 780 781 784 785 786 787 789 790 791 804 805 806 808 812 813 814 815 818 819 820 824 825 828 830 832 833 834 837 840 843 844 846 847 848 849 851 853 857 861 862 864 868 871 875 877 880 883 889 890 896 897 901 902 903 906 907 908 910 913 915 916 917 919 920 921 922 928 929 930 931 933 934 935 937 939 940 942 946 949 952 961 962 963 965 966 967 968 969 972 973 977 978 979 980 981 982 983 984 985 986 987 988 991 992 994 995 997 998 999
round2_screening,B84dt,1000,7-0.5-M,2,49854,501,0 4 9 10 11 14 15 17 19 23 24 26 28 31 35 45 46 49 50 51 52 53 56 58 59 61 66 68 69 70 73 74 79 80 83 85 86 87 88 89 92 93 98 102 103 104 107 108 115 117 118 119 123 125 126 127 128 130 132 133 139 142 144 145 149 151 156 157 159 160 164 169 171 174 176 177 178 179 181 183 184 188 191 192 195 196 197 198 199 200 204 207 209 212 213 215 216 217 219 220 224 225 226 228 231 233 234 235 237 239 241 242 243 246 247 249 250 253 254 256 258 260 263 266 267 272 274 278 279 281 282 283 286 290 291 292 296 299 302 305 306 307 308 309 310 311 312 313 314 315 316 318 320 321 322 323 324 325 328 330 336 337 338 343 345 347 349 350 351 355 357 359 360 361 362 367 370 371 373 375 377 378 380 385 386 387 389 392 394 395 396 397 401 402 403 405 410 411 412 415 417 419 422 423 424 428 429 431 435 436 437 438 439 440 446 447 449 450 451 454 455 456 461 462 463 464 467 468 469 470 472 473 474 477 483 484 485 490 493 495 497 499 500 502 506 508 510 511 512 513 514 516 518 519 520 521 522 523 525 526 530 531 534 541 542 545 547 548 549 552 554 559 561 562 564 570 571 572 576 579 582 586 587 590 591 592 595 597 600 601 602 603 604 605 606 607 608 609 612 614 615 616 621 622 624 625 627 628 630 631 633 634 635 636 637 639 641 642 643 644 645 646 647 649 650 652 653 654 655 657 659 660 663 668 669 675 679 681 682 683 684 692 695 698 700 702 704 705 706 709 710 711 715 716 718 719 720 721 722 723 725 726 727 731 733 734 735 736 737 738 739 740 741 744 747 750 752 753 754 755 758 762 763 764 765 768 769 770 771 774 778 779 780 781 784 785 786 787 789 790 791 797 804 805 806 808 813 814 815 818 819 820 824 825 828 830 832 833 834 837 840 842 844 846 847 848 849 850 851 853 857 859 861 862 863 864 870 871 875 880 883 888 889 894 897 901 903 904 906 907 908 910 913 915 916 917 919 920 921 922 928 929 930 931 933 934 935 936 937 939 940 942 946 949 950 952 954 961 963 965 967 968 969 973 977 978 979 981 983 984 985 986 987 988 991 992 993 995 997 998 999
round2_screening,B84dt,1000,9-0.75-M,1,32081,749,0 1 2 3 4 5 6 7 8 9 11 12 14 15 17 18 19 20 21 22 24 27 28 30 31 32 33 35 36 38 39 41 43 44 45 47 48 49 50 51 54 55 57 58 59 60 61 62 63 65 67 68 69 70 71 72 73 74 75 78 80 81 82 83 84 85 86 88 89 90 91 93 94 95 96 97 98 99 100 102 104 105 106 107 108 109 110 113 114 116 117 118 121 123 124 125 126 128 129 130 132 133 134 136 137 139 140 141 142 144 145 146 148 149 150 152 153 154 155 156 157 158 159 161 162 163 164 165 168 171 173 174 175 177 178 179 180 181 182 183 184 185 186 187 189 190 191 192 193 195 196 197 198 199 201 202 203 204 206 207 208 209 210 211 213 215 218 219 220 222 223 225 226 227 229 230 231 232 233 234 235 239 240 241 242 245 246 248 249 250 252 253 255 258 259 260 264 265 266 267 268 269 271 272 274 275 277 278 279 280 281 282 284 285 286 288 289 290 292 294 296 300 301 302 303 304 305 306 307 308 309 313 314 317 318 319 320 321 322 324 326 327 328 329 330 331 332 333 334 336 337 339 341 343 344 345 346 347 348 349 350 351 352 353 354 355 357 358 360 363 364 365 366 368 370 371 372 374 375 376 377 379 380 381 384 385 386 387 388 389 392 393 394 395 396 398 399 401 402 403 404 405 406 407 408 409 410 411 412 413 414 415 416 418 419 420 421 422 423 425 426 427 429 430 431 433 434 435 436 437 440 443 444 445 447 449 451 452 453 454 455 456 458 459 460 461 464 465 466 467 469 470 471 472 474 475 476 477 478 479 480 481 482 483 485 486 487 488 490 492 493 494 496 499 500 501 502 503 505 506 507 508 509 510 511 513 514 515 516 517 518 519 520 521 522 523 525 527 528 529 531 532 533 534 536 537 538 539 540 541 542 543 544 546 547 548 549 550 552 553 554 555 557 558 559 561 562 563 564 566 568 569 572 573 579 580 581 582 583 584 585 586 587 589 590 591 594 596 597 598 599 600 602 603 604 605 606 607 608 612 613 614 616 617 618 619 620 622 623 624 625 627 628 629 630 631 632 633 634 635 636 637 638 639 640 641 642 643 645 646 649 650 651 652 653 655 658 659 660 661 662 664 665 666 668 669 672 676 677 679 680 681 682 683 684 685 686 688 689 690 691 692 694 695 698 699 700 701 702 703 704 707 708 709 710 711 712 713 714 715 718 719 721 724 725 727 729 730 732 734 735 736 739 742 743 744 745 746 747 748 751 753 754 755 756 757 758 759 760 761 762 764 766 767 768 769 770 771 772 773 774 775 776 777 778 779 780 781 782 783 784 785 789 790 791 792 793 795 796 797 800 801 803 804 805 806 807 808 809 810 811 813 814 815 816 817 820 821 823 824 825 826 827 828 831 832 833 834 835 837 838 839 840 841 842 843 844 845 848 849 852 853 854 855 856 857 858 859 860 863 865 866 867 868 870 872 873 875 876 877 878 881 882 885 886 887 888 889 890 891 892 893 894 895 896 897 898 899 901 902 903 904 905 906 907 908 910 913 914 916 917 918 919 921 923 924 925 927 928 930 931 932 934 936 938 939 942 943 945 946 947 948 949 950 951 952 953 954 955 956 957 958 959 961 962 964 966 967 969 971 973 974 975 976 978 980 982 983 984 986 987 989 990 991 992 993 994 995 996
round2_screening,B84dt,1000,9-0.75-M,2,32226,750,0 1 2 3 4 5 6 7 8 9 11 12 14 15 18 19 20 21 22 24 27 28 30 31 32 33 34 35 36 38 39 40 41 43 44 45 47 48 49 50 51 54 55 56 57 58 59 60 61 62 63 65 67 68 69 70 71 72 73 74 75 78 80 81 82 83 84 85 86 88 89 90 91 93 94 95 96 97 98 99 100 102 104 105 106 108 109 110 112 113 114 115 116 117 118 121 123 124 125 128 130 132 133 134 136 137 139 140 141 142 145 146 148 149 150 152 153 154 155 156 157 158 162 163 164 165 168 171 173 174 175 177 178 179 180 181 182 183 184 185 186 187 189 190 191 192 193 195 196 197 199 201 202 203 204 206 207 208 209 210 211 213 218 219 220 222 223 224 225 226 227 229 230 231 232 233 234 235 239 240 241 242 245 246 247 248 249 250 252 253 255 258 259 260 263 264 265 266 267 268 269 274 275 277 278 279 280 281 282 284 285 288 289 290 292 294 296 298 300 301 302 303 304 305 306 307 308 309 313 317 318 319 320 321 322 324 326 327 328 329 330 331 332 333 334 336 337 339 341 343 344 345 346 347 348 350 351 352 353 354 355 356 357 358 360 363 365 366 368 370 371 372 374 375 376 377 378 379 381 384 385 386 387 388 389 390 392 393 394 395 396 398 399 401 402 403 404 405 406 407 408 409 410 412 413 414 415 416 419 420 421 422 423 425 427 429 430 433 434 435 436 437 438 440 443 444 445 447 448 449 451 453 454 455 456 458 459 460 461 463 464 465 466 467 469 470 471 472 474 475 476 477 478 479 481 482 483 485 486 487 488 490 492 493 494 495 496 499 500 501 502 503 505 506 507 508 509 510 511 512 513 514 515 517 518 519 520 521 522 523 525 527 528 529 531 532 533 534 537 538 539 540 541 542 543 544 545 546 547 549 550 551 552 553 554 557 558 559 561 562 563 564 566 567 568 569 571 572 573 579 580 581 582 583 585 586 587 588 589 590 591 594 596 597 598 599 600 602 603 604 605 606 607 608 609 612 613 614 616 617 618 619 620 622 623 624 625 627 628 629 630 631 632 633 634 635 636 637 638 639 640 641 642 643 645 646 649 650 651 652 653 655 658 659 660 661 662 663 664 665 666 667 668 669 670 672 676 677 679 680 681 682 683 684 685 686 688 689 690 691 692 694 695 696 698 699 700 701 702 703 704 707 708 709 710 711 712 713 714 715 718 719 720 721 722 724 725 727 729 730 732 734 735 736 738 739 742 743 745 746 747 748 751 753 754 755 756 757 758 760 761 762 763 764 766 767 768 769 770 771 772 773 774 775 776 777 778 779 780 781 783 784 785 790 791 792 793 794 795 796 800 801 803 804 805 806 807 809 810 811 813 814 815 816 817 820 821 823 825 826 827 828 831 832 833 834 835 836 837 838 839 840 841 842 843 844 845 848 849 851 852 853 854 855 856 857 859 860 863 865 867 868 869 870 872 873 874 875 876 877 878 880 881 882 885 886 887 888 889 890 891 892 893 894 896 897 898 899 901 902 903 904 905 907 910 911 913 914 916 917 918 919 921 923 924 925 926 927 928 929 930 931 932 933 934 935 936 938 939 943 945 946 947 948 949 950 952 953 954 955 956 957 958 959 961 962 966 967 969 971 973 974 975 978 979 980 982 983 984 986 987 989 990 991 992 993 994 995 996 997
round2_confirmation,B84ds,1000,5-0.25-M,1,35427,249,2 4 10 17 19 20 22 28 35 38 41 46 47 57 58 60 64 65 69 82 83 85 90 93 97 103 106 112 116 118 122 131 141 147 150 154 160 161 164 174 175 177 178 181 184 191 192 197 203 205 213 223 230 233 234 237 238 243 245 246 249 254 257 264 268 271 272 276 283 289 290 293 299 300 301 303 306 308 310 312 316 324 326 330 331 338 339 340 348 349 351 357 366 368 369 370 380 386 387 389 391 392 401 402 411 412 415 418 420 422 423 426 427 428 430 440 443 444 448 451 452 453 454 466 469 470 473 476 486 497 503 507 511 518 519 525 527 540 541 544 550 552 553 554 556 567 585 586 587 600 601 602 605 606 609 615 628 632 633 635 645 646 655 657 658 674 681 687 688 689 690 692 693 695 698 702 708 712 715 720 722 725 726 727 729 738 740 741 746 749 752 753 756 759 764 765 769 774 783 785 793 797 802 806 810 813 822 827 838 840 841 844 846 853 854 857 866 868 869 878 880 883 884 885 886 893 896 903 905 907 921 925 927 931 932 934 940 942 947 953 960 963 967 981 983 986 989 990 994
round2_confirmation,B84ds,1000,5-0.25-M,2,35385,250,2 17 19 20 22 35 38 41 46 47 49 57 58 60 65 69 74 82 85 90 93 96 97 103 106 116 118 131 141 147 150 154 161 167 174 175 177 181 184 191 192 197 205 213 223 230 233 234 237 238 243 245 246 248 249 254 257 261 264 267 268 271 276 283 289 290 293 295 299 300 301 302 303 305 306 310 316 324 326 334 338 339 340 343 348 349 350 351 357 366 368 369 370 380 389 391 399 401 402 411 412 415 418 422 427 428 430 431 440 444 446 448 451 452 453 454 459 466 469 473 476 480 486 495 497 501 503 507 511 518 525 527 533 540 541 544 548 550 553 554 556 567 586 587 602 605 606 609 616 628 632 633 635 637 645 646 648 655 657 661 668 674 677 678 681 687 688 689 690 693 695 698 699 702 709 712 715 720 722 725 727 729 740 741 745 746 749 752 753 754 756 759 765 774 775 783 784 785 793 797 806 808 810 813 814 827 828 838 840 841 844 846 850 854 857 859 868 878 883 884 888 893 895 897 900 903 907 908 909 921 927 928 931 932 934 940 942 947 953 960 963 967 981 983 986 988 989 990 994 998
round2_confirmation,B84ds,1000,5-0.25-M,3,35227,249,2 4 15 17 19 20 27 28 35 38 41 45 46 47 49 57 60 64 65 69 82 83 85 90 93 96 97 103 104 106 112 116 127 131 142 147 150 154 160 161 174 175 177 178 181 184 191 192 195 197 205 223 230 232 233 234 237 238 245 246 248 249 250 254 257 264 268 271 276 283 290 293 299 300 301 302 303 305 306 311 312 316 324 326 330 334 338 340 343 348 349 351 357 362 369 370 380 386 391 402 411 412 415 416 418 422 423 428 430 431 440 443 444 448 451 453 454 459 466 468 469 473 479 480 485 486 495 497 503 507 511 515 518 519 525 527 530 540 541 544 550 553 556 567 585 587 594 604 605 606 609 615 628 632 633 635 637 645 646 648 657 668 674 681 687 688 689 690 692 693 695 698 702 712 715 721 722 724 725 727 729 738 740 741 745 746 749 752 753 756 759 765 774 775 783 785 789 793 797 802 804 806 810 813 814 817 838 840 841 844 846 850 853 854 857 868 869 878 880 883 884 897 900 902 903 905 909 921 922 925 927 928 931 932 934 940 942 947 953 960 967 972 981 983 986 988 989 990 994
round2_confirmation,B84ds,1000,4-0.5-M,1,51550,500,0 1 2 4 6 7 8 11 13 14 19 21 25 28 31 33 34 35 36 37 39 41 42 43 46 47 49 52 53 57 59 60 61 62 63 65 66 69 70 72 75 79 80 82 83 85 86 87 89 90 91 93 94 95 96 100 106 109 113 116 118 120 122 124 125 126 127 128 129 131 132 133 135 136 137 138 139 140 142 144 145 151 153 156 158 161 163 165 166 167 169 171 177 179 180 182 183 184 186 189 191 195 196 197 198 200 204 205 206 208 212 213 214 215 218 219 221 222 223 224 225 228 229 232 236 237 238 240 241 242 246 248 250 251 257 259 260 263 264 266 267 269 272 273 277 278 282 283 285 287 288 289 290 291 292 293 294 298 300 304 305 306 311 312 315 317 318 319 320 322 323 326 327 331 333 336 338 339 342 343 345 346 347 348 351 353 354 355 357 358 364 366 367 369 371 372 376 380 381 382 383 384 385 388 389 400 401 405 406 407 408 409 411 412 415 416 417 419 420 421 422 423 427 428 431 434 439 440 441 443 444 445 450 451 453 456 460 461 463 465 468 469 470 474 481 482 483 484 485 487 488 495 496 500 501 502 507 509 510 513 515 516 517 519 521 524 525 530 531 533 534 536 537 542 543 544 545 547 549 552 554 555 556 557 559 562 563 567 568 569 572 573 575 578 579 586 587 588 590 593 594 595 597 599 600 604 606 607 609 610 611 612 614 617 618 619 621 622 623 626 627 628 633 636 639 640 642 644 645 647 649 652 654 655 659 660 661 662 664 667 668 669 670 671 672 673 677 678 680 683 684 685 688 689 690 691 695 698 700 702 703 705 711 715 721 723 724 728 729 730 731 732 733 734 735 739 740 745 746 747 753 754 755 758 761 768 769 770 774 775 777 778 780 784 785 786 787 788 790 792 796 797 798 799 801 802 804 808 811 813 815 817 818 819 822 826 827 828 829 830 831 835 838 840 843 844 845 848 849 851 852 855 856 857 864 867 868 871 872 875 876 878 880 881 884 887 890 893 895 896 902 907 911 912 913 915 916 921 922 928 929 934 935 937 939 941 942 944 947 952 953 954 955 957 959 960 961 964 965 968 970 971 972 973 974 978 979 980 981 983 984 985 987 989 990 991 992 997 998 999
round2_confirmation,B84ds,1000,4-0.5-M,2,51350,500,0 1 2 4 6 7 8 11 13 14 19 21 25 28 31 33 34 35 36 39 41 42 43 46 47 49 52 53 57 59 60 61 62 63 65 66 69 70 71 72 75 79 80 82 85 86 87 89 90 93 94 95 96 100 102 106 109 113 116 118 120 122 124 125 126 127 128 129 131 132 133 136 137 138 139 140 142 144 145 151 153 154 156 158 161 162 163 165 166 167 169 171 177 179 180 182 183 184 186 189 191 195 196 197 198 200 204 205 206 208 209 212 214 215 218 219 222 223 224 225 228 229 232 236 237 238 241 242 243 244 246 248 250 252 257 259 260 263 264 266 267 269 272 273 275 277 278 282 283 285 286 287 288 289 290 291 292 294 298 300 304 305 306 311 312 315 317 318 319 320 322 323 326 327 331 333 336 338 339 342 343 345 346 347 348 351 353 354 355 357 358 364 366 367 369 371 372 376 380 381 383 384 385 388 389 396 401 405 406 407 408 411 412 416 417 419 420 421 422 423 427 428 431 433 434 439 440 441 443 444 445 450 451 453 454 456 460 461 463 465 467 468 469 470 474 481 482 483 484 485 487 488 495 496 500 501 502 507 509 510 513 515 516 517 519 521 524 525 533 534 536 537 542 543 544 545 548 549 552 554 556 557 559 561 562 563 567 568 569 572 573 575 578 579 583 586 587 588 590 593 594 595 597 599 600 604 606 607 610 611 612 614 616 618 619 621 622 623 626 627 628 633 634 636 639 640 642 644 645 647 649 651 652 654 655 660 661 662 667 668 669 670 671 672 673 677 678 680 683 684 685 688 689 691 692 695 698 700 702 703 705 711 715 720 721 723 724 728 729 730 731 732 733 735 739 740 744 745 746 753 754 755 758 761 763 768 769 770 774 775 777 778 779 780 781 784 785 786 787 788 790 792 796 797 798 799 801 804 805 807 808 811 813 815 816 817 818 822 826 828 829 830 831 833 835 838 840 843 844 845 849 851 852 855 856 857 864 867 868 871 872 875 876 880 881 884 885 887 889 890 894 895 896 902 907 911 912 913 915 916 922 928 929 934 935 937 939 941 942 944 947 952 953 954 955 956 957 959 960 961 964 965 968 970 971 972 973 979 980 981 984 985 987 991 992 994 995 997 998 999
round2_confirmation,B84ds,1000,4-0.5-M,3,51347,500,0 1 4 6 7 8 11 13 14 19 20 21 23 25 28 31 33 34 35 36 37 39 41 42 43 46 47 49 52 53 57 59 60 61 62 64 65 66 69 70 72 75 79 82 83 85 86 87 89 90 93 94 95 96 100 102 106 109 113 116 118 120 122 124 125 126 127 128 129 131 132 133 136 137 138 139 140 142 144 145 153 154 156 158 161 162 163 165 166 167 171 175 177 179 180 182 183 184 186 189 191 195 196 197 198 200 204 205 208 209 212 214 218 219 221 222 224 225 228 229 236 237 238 241 243 246 248 250 254 257 259 260 263 264 266 267 269 272 273 278 282 283 285 287 288 289 290 291 292 293 294 298 300 304 305 306 311 312 315 317 318 319 320 322 323 326 327 331 333 336 338 339 341 342 343 345 346 347 348 351 353 354 355 357 358 364 366 367 369 371 372 376 377 378 380 381 382 383 385 388 389 396 400 401 404 405 406 407 408 411 412 415 417 419 420 421 422 423 427 428 431 434 439 440 441 443 444 445 450 451 453 454 456 460 461 463 465 466 468 469 470 474 481 482 483 484 485 487 488 495 496 500 501 502 507 509 510 513 515 516 517 519 521 524 525 531 533 534 536 537 541 542 543 544 545 547 549 552 554 556 557 559 561 562 563 567 568 569 572 573 575 578 579 586 587 588 590 593 594 595 597 600 604 607 610 611 612 614 617 618 619 621 622 623 626 627 628 633 634 636 639 640 642 644 645 647 649 654 655 659 660 661 662 667 668 669 670 672 673 677 678 680 682 683 684 688 689 690 691 692 695 698 700 702 703 705 711 715 720 721 723 724 728 729 730 731 732 733 734 735 739 740 745 748 753 754 755 758 761 765 768 769 770 774 775 777 778 779 780 781 784 785 786 787 788 790 792 793 796 797 798 799 801 804 805 807 808 811 813 815 816 817 818 819 822 826 828 829 830 831 835 838 840 843 844 845 849 851 852 855 856 857 863 864 867 868 871 872 875 876 878 879 880 881 883 884 885 887 888 889 890 894 895 896 902 907 911 912 913 915 916 921 922 928 929 934 937 939 942 944 947 952 953 954 955 957 959 960 961 964 965 966 968 970 971 972 973 980 981 983 985 987 990 991 992 993 995 997 998 999
round2_confirmation,B84ds,1000,3-0.75-P,1,364710,751,0 1 2 3 6 7 8 9 10 11 12 13 14 15 16 19 20 22 24 25 26 28 29 30 31 32 33 34 35 37 38 39 40 43 44 45 46 47 48 49 50 51 53 54 55 56 58 60 62 65 66 67 68 70 72 73 74 75 76 77 79 80 83 86 87 88 89 90 91 94 95 96 97 98 100 101 102 103 107 108 111 113 116 117 118 119 121 122 123 125 127 128 129 130 131 132 133 134 136 137 139 141 146 147 149 150 151 152 153 154 155 156 157 159 160 162 165 166 167 170 171 172 174 176 179 180 182 183 184 185 186 189 190 191 192 194 195 196 197 198 200 203 204 205 207 208 209 210 211 212 213 214 215 217 220 221 222 223 224 225 226 227 229 230 231 232 233 235 238 239 242 243 244 245 247 248 249 250 251 252 253 256 257 258 260 261 262 263 264 265 267 271 273 275 276 277 278 279 280 281 283 285 286 287 289 290 291 292 293 294 296 297 298 300 302 304 306 308 309 310 311 312 313 314 315 316 318 319 320 321 322 324 325 327 328 329 330 331 332 333 334 336 337 338 339 340 341 343 344 347 349 350 351 352 354 356 357 358 359 360 361 362 364 365 367 369 371 372 373 374 375 377 378 379 380 382 383 384 385 386 387 388 389 390 391 392 393 394 395 396 397 398 399 400 402 403 404 405 406 407 408 409 410 411 412 414 415 416 418 419 420 422 424 425 426 427 429 430 431 432 433 434 435 436 438 440 441 442 443 444 445 446 447 448 449 451 452 453 454 455 456 457 458 459 460 461 463 466 469 470 471 472 473 474 475 476 478 479 480 481 482 483 485 486 487 488 489 491 492 493 494 497 499 500 501 502 503 504 505 506 507 508 509 510 512 513 514 515 516 518 521 522 523 524 525 526 527 528 529 530 531 532 533 534 535 539 540 541 542 543 544 545 548 549 550 553 554 555 556 557 559 560 561 563 564 565 566 567 568 570 571 573 574 576 579 580 581 582 583 584 585 586 587 588 589 590 591 593 594 595 597 598 599 601 602 603 604 606 608 609 610 613 614 615 616 619 620 621 623 624 625 626 627 628 629 630 631 632 633 635 636 637 639 640 641 642 643 644 646 648 649 651 652 653 654 655 656 657 658 659 660 661 662 664 665 666 669 671 672 673 674 675 677 678 681 682 683 686 687 688 689 690 691 692 693 694 696 697 698 699 700 701 703 704 706 710 711 713 714 715 716 717 719 720 722 723 724 725 726 727 728 729 730 731 732 734 735 737 738 739 740 742 744 745 748 749 750 752 753 754 755 756 757 758 759 763 764 765 768 769 770 772 773 774 775 777 778 779 782 784 785 786 787 788 789 790 791 792 793 794 795 796 797 799 801 802 803 804 805 806 808 809 810 811 812 813 815 816 817 818 819 821 822 824 825 826 827 828 832 834 835 836 838 842 843 844 846 848 849 850 852 854 855 857 858 860 861 862 863 864 865 866 867 868 869 870 872 875 876 877 878 879 882 883 884 885 886 887 888 891 892 894 895 897 898 899 900 902 903 904 905 906 908 909 910 911 912 913 914 915 916 918 919 920 923 924 926 927 928 929 931 932 934 935 938 939 941 942 943 944 946 947 948 949 950 951 952 956 957 958 959 962 963 965 966 967 968 969 970 972 973 975 977 979 980 982 983 984 985 986 987 988 989 990 991 992 993 994 996 997 998
round2_confirmation,B84ds,1000,3-0.75-P,2,364422,751,0 1 2 3 6 7 8 9 10 11 12 13 14 15 16 19 20 22 23 24 25 26 28 29 31 32 33 34 35 36 37 38 39 40 41 43 44 45 46 47 48 49 50 51 53 54 55 56 58 59 60 62 66 67 68 69 70 71 72 73 74 75 76 79 80 81 83 86 87 88 89 90 91 94 95 96 97 98 100 101 102 103 104 105 107 108 110 111 113 115 116 117 118 119 121 122 123 124 125 127 128 129 130 131 132 133 134 136 137 139 141 146 147 149 150 151 153 154 155 156 157 159 160 162 165 166 167 170 171 172 174 176 179 180 181 182 183 184 185 186 189 190 191 192 195 196 197 198 200 201 203 204 205 207 208 209 210 211 212 213 214 215 217 220 221 222 223 224 225 226 227 228 229 230 231 232 233 235 237 238 239 240 242 243 244 245 246 247 248 249 250 251 252 253 256 257 258 260 261 262 263 264 265 266 267 268 271 273 275 276 277 278 279 280 281 283 285 286 287 288 289 291 293 294 296 297 298 299 300 302 304 306 308 309 311 312 313 314 316 318 319 320 321 322 324 325 327 328 329 330 331 332 333 334 336 337 338 339 340 341 343 344 347 349 350 351 352 354 356 357 358 359 360 361 362 363 364 365 367 368 371 372 373 374 375 377 378 379 380 382 383 384 385 386 387 388 390 391 392 393 395 396 397 398 399 400 402 403 404 405 406 407 408 409 410 412 413 414 415 418 419 420 421 422 424 425 426 427 429 430 431 432 433 434 435 436 438 440 441 442 444 445 446 447 448 449 452 453 454 455 456 457 458 459 460 461 463 466 468 469 470 472 473 474 475 476 479 481 482 483 485 486 487 491 492 493 494 496 497 499 500 501 502 503 504 505 506 507 508 509 510 512 513 514 515 516 518 521 522 523 524 526 527 528 529 530 531 532 533 534 539 540 542 543 544 548 549 550 553 554 555 556 557 559 560 561 563 564 565 566 567 568 570 571 572 573 574 576 579 580 581 582 583 584 585 586 587 588 589 590 591 593 594 595 597 598 599 601 602 603 604 606 608 609 610 613 614 615 616 617 618 619 620 621 623 624 625 626 627 628 629 630 631 632 633 635 636 637 639 640 641 642 643 646 648 649 650 651 652 654 655 656 657 658 659 660 661 662 664 666 671 672 673 674 675 677 678 681 682 683 686 687 688 689 690 691 692 693 694 696 698 699 700 701 703 704 705 706 707 709 710 712 713 715 717 719 722 723 724 725 726 727 728 729 730 731 732 734 735 736 737 738 739 740 742 744 745 749 750 752 753 754 755 756 757 758 759 762 763 764 765 768 769 770 772 773 774 775 777 779 782 784 785 786 787 788 789 790 792 793 794 795 796 797 799 801 802 803 804 805 806 808 809 810 811 812 813 814 815 816 817 818 819 821 822 824 825 826 827 828 829 832 834 835 836 838 839 842 843 844 846 847 848 849 850 852 854 855 857 858 861 862 864 865 866 867 868 869 872 874 875 876 877 878 879 883 884 885 886 887 888 889 891 892 894 895 897 898 899 900 902 903 904 905 906 908 909 910 911 912 913 914 915 916 917 919 920 923 924 926 927 928 929 931 932 934 935 938 939 940 941 942 943 944 946 947 948 949 950 952 953 956 957 958 959 961 965 966 967 968 969 970 972 973 977 979 980 982 983 984 986 987 988 989 990 991 992 993 994 996 997
round2_confirmation,B84ds,1000,3-0.75-P,3,364406,750,0 1 2 3 6 7 8 9 10 11 13 14 15 16 19 20 22 24 25 26 28 29 31 32 33 34 35 37 39 40 41 43 44 45 46 47 48 49 50 51 53 54 55 56 58 59 60 62 66 67 68 69 70 71 72 73 74 75 76 77 79 80 83 86 87 89 90 91 95 96 97 98 100 101 102 103 104 107 108 110 111 113 115 116 117 118 119 121 122 123 125 127 128 129 130 131 132 133 134 136 137 139 141 144 146 147 150 151 153 154 155 156 157 159 160 162 165 166 167 170 171 172 174 176 178 179 180 181 182 183 184 186 189 190 191 192 194 195 196 197 198 200 203 204 205 207 208 209 210 212 213 214 215 217 220 221 223 224 225 226 227 228 229 230 231 232 233 235 236 237 238 239 242 243 244 245 247 248 249 251 252 253 256 257 258 261 262 263 264 265 267 271 273 275 276 278 279 280 281 283 285 286 287 288 289 290 291 293 294 296 297 298 300 302 304 306 308 309 310 311 312 314 315 316 318 319 320 321 322 324 325 327 328 329 330 331 332 333 334 336 337 338 340 341 343 344 347 348 349 350 351 352 354 356 357 358 359 360 361 362 363 365 367 371 372 373 374 375 377 378 379 380 382 383 384 385 386 387 388 389 390 391 392 393 395 396 397 398 399 400 402 403 404 405 406 407 408 409 410 412 413 414 415 418 419 420 421 422 424 425 426 427 429 430 431 432 433 434 435 436 438 440 441 442 444 445 446 447 448 449 450 451 452 453 454 455 456 457 458 459 460 461 463 465 466 468 469 470 471 472 473 475 476 480 481 482 483 485 486 487 489 491 492 493 494 495 496 497 499 500 501 502 503 504 505 506 507 508 509 510 512 513 514 515 516 517 518 520 521 522 523 524 525 526 527 528 529 530 531 532 533 534 535 539 540 542 543 544 545 547 548 549 550 553 554 555 556 557 559 560 561 563 564 565 566 567 568 570 571 572 573 574 576 579 580 581 582 583 584 585 586 587 588 589 590 591 593 594 595 597 598 599 601 602 603 604 606 608 609 610 613 614 615 616 617 618 619 620 621 623 624 625 626 627 628 629 630 631 632 633 635 636 637 639 640 641 642 643 646 648 649 651 652 654 655 656 657 658 659 660 661 662 663 664 666 669 671 672 673 674 675 677 678 679 681 682 683 685 686 687 688 689 690 691 692 693 696 698 699 700 701 702 703 704 706 709 710 711 713 716 717 719 721 722 723 724 725 726 727 728 729 730 731 732 734 735 736 737 738 739 740 742 744 745 749 750 752 753 754 755 756 757 758 759 762 763 764 765 766 768 769 770 772 773 774 775 777 779 782 784 785 786 788 789 790 791 792 793 794 795 796 797 799 801 802 803 804 805 806 808 809 810 811 812 813 814 815 816 817 818 819 821 822 824 825 826 827 828 831 832 834 835 836 838 839 842 843 844 846 847 848 849 850 852 854 855 857 858 860 861 862 864 865 866 867 868 869 870 872 874 875 876 877 878 879 883 884 885 886 887 888 889 891 892 894 895 897 898 899 900 902 903 904 905 906 908 909 910 911 912 913 914 916 917 918 919 920 923 924 926 927 928 929 931 932 934 935 938 939 941 942 943 944 946 947 948 949 950 952 956 957 958 959 961 962 965 966 967 968 969 972 973 975 977 979 980 982 983 984 985 986 987 988 990 991 992 993 994 996 997
round2_confirmation,L5kdt,1000,5-0.25-M,1,35583,249,2 4 17 19 28 30 35 38 41 45 46 47 48 57 58 60 64 65 69 74 80 82 83 85 90 93 96 97 103 106 112 116 118 127 131 141 147 150 154 160 161 164 174 175 181 184 191 192 197 203 205 213 226 233 234 237 243 245 246 248 249 257 264 268 271 276 277 283 289 290 293 299 300 301 302 303 305 306 310 312 316 324 326 334 338 339 340 348 349 350 351 357 362 366 369 370 380 386 388 389 391 401 402 412 415 416 418 422 423 427 428 430 440 443 444 446 448 451 453 454 459 466 468 469 473 479 480 486 495 497 501 503 507 511 518 519 525 526 527 540 541 544 553 556 567 585 586 587 601 605 606 609 615 617 628 632 633 635 637 641 645 646 648 655 657 661 665 674 681 686 687 688 689 690 692 693 695 698 702 715 729 738 739 740 741 745 746 749 752 753 754 756 759 765 774 775 783 785 789 793 797 802 808 810 813 814 838 840 841 844 846 850 854 857 860 866 868 869 878 883 884 886 893 897 900 903 905 907 909 921 927 928 931 934 937 940 942 947 953 959 960 967 981 983 986 988 989 990 994
round2_confirmation,L5kdt,1000,5-0.25-M,2,35439,248,3 4 10 17 19 20 35 38 41 45 46 47 49 57 58 60 64 65 69 71 82 85 90 93 97 103 104 106 112 116 118 122 130 131 141 147 150 153 154 160 161 172 174 175 177 178 181 184 191 192 197 203 205 213 225 226 230 232 233 234 237 238 243 245 246 248 249 254 257 264 267 268 271 277 279 283 289 290 299 300 301 302 303 305 306 316 324 326 336 340 348 349 351 357 366 368 369 370 380 386 387 389 391 401 402 412 416 418 422 425 427 428 430 443 444 448 451 452 453 454 459 466 469 473 476 480 486 495 497 507 511 518 519 521 525 535 540 541 544 547 550 553 556 567 585 586 587 601 602 604 606 609 615 616 617 623 628 632 633 635 641 645 646 648 655 657 668 674 687 688 689 690 691 692 693 695 698 702 712 715 720 722 725 729 738 741 745 746 749 752 753 756 759 765 774 775 783 785 789 793 797 801 802 806 808 810 813 814 817 841 844 846 850 854 857 860 868 869 878 879 880 881 883 884 885 886 900 903 905 921 925 927 928 931 932 937 940 942 947 953 963 967 981 983 986 989 990 994
round2_confirmation,L5kdt,1000,5-0.25-M,3,35376,249,2 4 17 19 20 22 27 28 35 38 41 46 47 49 57 58 60 64 65 69 77 82 83 85 90 93 103 106 112 116 118 122 131 141 147 150 153 154 160 161 164 174 175 177 178 181 184 191 192 197 205 213 223 226 230 233 234 237 238 245 246 249 250 254 257 264 267 268 271 272 276 277 283 289 290 293 295 300 301 302 303 305 306 310 312 316 324 326 330 331 338 339 340 348 349 351 352 357 369 370 380 386 391 402 411 412 415 418 422 426 427 428 430 440 444 448 451 453 454 455 459 466 469 470 473 476 486 497 503 507 511 518 519 525 527 540 541 544 550 553 556 565 567 586 587 604 606 609 615 617 628 630 632 633 635 637 645 646 648 655 657 661 668 674 681 687 688 689 690 693 695 698 702 708 712 715 720 722 727 729 738 740 741 745 746 747 749 752 753 756 759 769 774 775 783 785 789 793 799 806 810 814 817 827 838 840 841 844 846 850 854 857 860 866 868 869 878 880 883 885 886 891 897 902 903 905 907 908 921 925 927 928 931 932 937 940 942 947 953 960 963 967 981 983 986 988 989 990 994
round2_confirmation,L5kdt,1000,4-0.5-M,1,51469,499,0 1 4 6 7 8 11 13 14 17 19 20 21 23 25 28 31 33 34 35 36 37 39 41 42 43 46 47 49 52 53 57 59 61 63 65 66 69 70 72 75 79 80 82 86 87 89 90 93 94 95 96 99 100 102 106 109 113 115 116 118 119 122 124 125 126 127 128 129 131 132 133 134 135 136 137 138 139 140 142 144 145 153 154 156 161 165 166 167 171 176 177 179 180 182 184 186 189 191 195 196 197 198 200 204 205 206 208 209 212 213 214 215 218 219 222 223 228 229 233 236 237 238 241 243 246 248 257 259 260 263 264 266 267 269 272 273 277 278 282 283 285 286 287 288 289 290 291 292 293 294 298 300 304 305 306 311 312 315 317 318 322 323 326 327 331 333 338 339 342 343 345 346 347 348 351 353 354 355 357 358 362 364 366 367 369 371 372 376 377 380 381 382 383 384 385 388 391 396 401 405 406 407 408 411 412 415 416 417 419 420 421 422 423 427 428 431 434 439 440 441 443 444 445 450 451 453 456 460 461 463 465 466 468 469 470 472 473 474 482 483 484 485 487 488 495 496 500 501 502 507 509 510 513 515 516 519 521 524 525 530 531 533 534 536 537 541 542 543 544 545 547 548 549 551 552 554 556 557 559 562 567 568 569 572 573 575 578 579 586 588 590 593 594 595 597 599 600 604 606 607 609 610 611 612 614 617 618 619 621 622 623 626 627 628 633 636 639 640 644 645 647 649 651 654 655 659 660 661 667 668 669 670 671 672 673 677 678 680 681 682 684 685 688 689 690 691 695 698 700 702 703 705 711 715 721 723 724 728 729 730 731 732 733 735 739 740 744 745 746 753 754 755 758 761 762 765 768 770 774 775 777 778 779 780 781 784 785 786 787 788 790 792 796 797 798 799 801 802 804 805 807 808 811 813 815 817 818 822 826 828 829 830 831 835 837 838 840 843 844 845 848 849 851 852 855 856 857 863 864 868 870 871 872 875 876 878 880 881 883 884 885 887 888 890 895 896 902 907 911 912 913 915 916 922 928 929 930 934 935 937 939 942 944 945 947 949 950 952 953 954 955 957 959 960 961 964 965 967 970 971 972 973 979 980 981 983 984 985 987 989 991 992 993 994 995 997 998 999
round2_confirmation,L5kdt,1000,4-0.5-M,2,51368,499,0 1 4 6 7 8 11 13 14 19 21 22 23 25 28 31 33 34 35 36 37 39 41 42 43 45 46 47 49 52 53 57 59 60 62 63 65 66 69 70 72 75 79 80 82 85 86 87 89 90 91 93 94 95 96 100 102 106 109 113 116 118 120 122 124 125 126 127 128 129 131 132 133 135 136 137 138 139 140 142 144 145 153 154 156 161 162 163 165 166 167 169 171 172 177 179 180 182 183 184 186 189 191 195 196 197 198 200 204 205 208 209 212 214 218 219 221 222 223 224 225 228 229 232 236 237 238 241 243 244 246 248 250 254 257 259 260 263 264 266 267 269 272 273 277 278 282 283 285 286 288 289 290 292 293 294 298 300 304 305 306 311 312 315 317 318 320 321 322 323 324 326 327 333 336 338 339 342 343 345 346 347 348 351 353 354 355 357 358 364 366 367 369 371 372 376 380 381 382 383 384 385 388 389 400 401 405 407 408 411 412 415 416 417 419 420 421 422 423 427 428 431 434 439 440 441 443 444 445 450 451 453 455 456 460 461 463 464 465 468 469 470 474 481 482 483 484 485 487 488 495 496 500 501 507 509 510 513 515 516 517 519 521 524 525 531 533 534 536 537 541 542 543 544 545 547 549 551 552 554 556 557 559 561 562 567 568 569 572 573 575 578 579 586 587 588 590 593 594 595 597 599 600 604 607 610 612 616 617 618 619 621 622 623 626 627 628 633 635 636 639 640 644 645 647 649 652 654 655 659 660 661 662 664 667 668 669 672 673 677 678 680 682 683 684 685 688 689 690 691 695 698 700 702 703 705 709 711 713 715 721 723 724 728 729 730 731 732 734 735 739 740 745 746 748 753 754 755 758 761 762 768 769 770 774 775 777 778 779 780 781 784 785 786 787 788 790 792 796 797 798 799 801 804 808 811 813 815 817 818 819 822 826 828 829 830 831 835 838 840 842 843 844 845 849 851 852 855 856 857 863 864 866 868 871 872 875 876 878 880 881 884 887 888 890 894 895 896 902 907 911 912 913 915 916 921 922 928 929 934 935 937 939 942 944 947 948 952 953 954 955 957 959 960 961 964 965 967 968 970 971 972 973 974 978 979 980 981 983 984 985 987 990 991 992 994 997 998 999
round2_confirmation,L5kdt,1000,4-0.5-M,3,51581,500,0 1 4 6 7 8 11 13 14 17 19 21 23 25 28 31 33 34 35 36 39 41 42 43 46 47 49 52 53 57 59 60 61 62 63 65 66 69 70 72 75 79 80 82 83 86 87 89 90 93 94 95 96 100 106 109 113 115 116 118 120 122 124 125 126 127 128 129 131 132 133 135 136 137 138 139 140 142 144 145 151 153 154 156 161 163 165 166 167 169 171 172 177 179 180 182 183 184 186 189 191 195 196 197 198 200 204 205 208 209 211 212 213 214 215 218 219 221 222 223 224 228 229 233 236 237 238 241 242 243 246 248 257 259 260 263 264 266 267 269 272 273 277 278 282 283 285 286 287 288 289 290 291 292 293 294 300 304 305 306 311 312 315 317 318 319 320 322 323 324 326 327 333 338 339 342 343 344 345 346 347 348 351 353 354 355 357 358 364 366 367 369 372 376 380 382 383 384 385 388 400 401 405 407 408 411 412 415 416 417 419 420 421 422 423 427 428 430 431 434 438 439 440 441 443 444 445 450 451 453 454 456 460 463 465 467 468 469 470 473 474 481 482 483 484 485 487 488 495 496 500 501 502 507 509 510 513 515 516 517 519 521 524 525 531 533 534 536 537 542 543 544 545 547 549 552 554 555 556 557 559 561 562 563 567 568 569 572 573 575 578 579 583 586 587 588 590 593 594 595 596 597 599 600 604 607 609 610 611 612 614 617 618 619 621 622 623 626 627 628 629 633 636 639 640 644 645 647 649 651 652 654 655 659 660 661 662 664 667 668 669 670 672 673 677 678 680 682 683 684 688 689 691 695 698 700 701 702 703 705 715 721 723 724 728 729 730 731 732 733 735 739 740 744 745 746 748 753 754 755 758 761 762 765 768 770 774 775 777 778 780 784 785 786 787 788 790 792 796 797 798 799 802 804 808 811 813 815 816 817 818 819 822 826 828 829 830 831 835 838 840 843 844 845 849 851 852 854 855 856 857 863 864 866 868 871 872 875 876 878 880 881 884 887 888 890 894 895 896 902 907 911 912 913 915 916 921 922 925 928 929 930 934 937 939 942 944 947 952 953 954 955 957 959 960 961 964 965 966 968 970 971 972 973 979 980 981 983 984 985 987 989 991 992 993 994 995 997 998 999
round2_confirmation,L5kdt,1000,3-0.75-P,1,364788,751,0 1 2 6 7 8 9 10 11 12 13 14 15 16 19 20 22 24 26 28 29 30 31 32 33 34 35 37 38 39 40 41 43 44 45 46 47 48 49 50 51 53 54 55 56 58 59 60 62 66 67 68 69 70 71 72 73 74 75 76 77 79 80 82 83 86 87 88 89 90 91 94 95 96 97 98 100 101 102 103 104 107 108 110 111 113 116 117 118 119 121 122 123 125 126 127 128 129 130 131 132 133 134 136 137 139 141 144 146 147 148 149 150 151 154 155 156 157 159 160 162 164 165 166 167 170 171 172 174 176 179 180 181 182 183 184 186 188 189 190 191 192 195 196 197 198 200 203 204 205 207 208 209 210 213 214 215 218 220 221 222 223 224 225 226 227 228 229 230 231 232 233 235 238 239 242 243 244 245 247 248 249 251 252 253 256 257 258 260 261 262 263 264 265 267 270 271 273 275 276 277 278 279 280 281 283 285 286 287 288 289 290 291 293 294 296 297 298 300 302 304 306 308 309 311 312 313 315 316 318 319 320 321 322 324 325 327 328 329 330 331 332 333 334 336 337 338 340 341 342 343 344 347 348 349 350 351 352 354 356 357 358 359 360 361 362 363 365 366 367 368 370 371 372 373 374 375 376 377 378 379 380 381 382 383 384 385 386 387 388 390 391 392 393 395 396 397 398 400 402 403 404 405 406 407 408 409 410 413 414 415 418 420 422 424 425 426 427 429 430 431 432 433 434 435 436 438 440 441 442 443 444 445 446 447 448 449 451 452 453 454 455 456 457 458 459 460 461 463 466 468 469 470 471 472 473 474 475 476 479 480 481 482 483 485 486 487 489 491 492 493 494 495 496 497 499 501 502 503 504 505 506 507 508 509 510 512 513 514 515 516 518 520 521 522 523 524 525 526 527 528 529 530 531 532 533 534 535 539 540 542 543 544 545 548 549 550 553 555 556 557 559 560 561 563 564 565 566 567 568 570 571 572 573 574 576 579 580 581 582 583 584 585 586 587 588 589 590 591 593 594 595 597 598 599 601 602 603 604 606 608 609 610 612 613 614 615 616 617 619 620 621 623 624 625 626 627 628 629 630 631 632 633 635 636 637 640 641 642 643 645 646 648 649 651 652 653 654 655 656 657 658 659 660 661 662 664 666 671 672 673 674 675 677 679 681 682 683 684 686 687 688 689 690 691 692 693 694 696 697 698 699 700 701 703 704 706 707 709 710 711 713 714 715 716 717 719 722 723 724 725 726 727 728 729 730 731 732 734 735 737 738 740 742 744 745 749 750 752 753 754 755 756 757 758 759 762 763 764 765 766 768 769 770 772 773 774 775 777 779 782 784 785 786 787 789 790 791 792 794 795 796 797 799 801 802 803 804 805 806 808 809 810 811 812 813 814 815 816 817 818 819 821 822 824 825 826 827 828 832 834 835 836 838 839 842 843 844 846 848 849 850 852 854 855 857 858 861 862 863 864 865 866 867 868 869 872 874 875 876 877 878 879 881 883 884 885 886 887 888 891 894 895 897 898 899 900 902 903 904 905 906 908 909 910 911 912 913 914 916 918 919 920 921 923 924 926 927 928 929 931 932 934 935 936 938 939 940 941 942 943 944 946 947 948 949 950 952 953 956 957 958 959 961 962 965 966 967 968 969 970 972 973 975 977 979 980 982 983 984 986 987 988 989 990 991 992 993 994 996 997
round2_confirmation,L5kdt,1000,3-0.75-P,2,364707,750,0 1 2 6 7 8 9 10 11 12 13 14 15 16 19 20 22 24 25 26 28 29 30 31 32 33 34 35 37 38 39 40 41 43 44 45 46 47 48 49 50 51 53 54 55 56 58 59 60 66 67 68 70 71 72 73 74 75 76 77 79 80 81 83 84 86 87 88 89 90 91 94 95 96 97 98 99 100 101 102 103 104 105 107 108 110 111 113 116 117 118 119 121 122 125 127 128 129 130 131 132 133 134 135 136 137 138 139 140 141 144 146 147 149 150 151 153 154 155 156 157 159 160 162 163 164 165 166 167 170 171 172 174 176 179 180 181 182 183 184 186 189 190 191 192 193 195 196 197 198 200 201 203 204 205 207 208 209 210 212 213 214 215 217 220 221 223 224 225 226 227 228 229 230 231 232 233 234 235 238 239 242 243 244 245 247 248 249 251 252 253 256 257 258 260 261 262 263 264 265 266 267 268 271 273 275 276 277 278 279 280 281 283 285 286 287 288 289 290 291 293 294 296 297 298 299 300 302 304 306 308 309 310 311 312 314 315 316 318 319 320 321 322 324 325 327 328 329 330 331 332 333 334 336 337 338 340 341 342 343 344 347 349 350 351 354 356 357 358 359 360 361 362 363 365 367 370 371 372 373 374 375 377 378 379 380 382 383 384 385 386 387 388 389 390 391 392 393 394 395 396 397 398 399 400 402 403 404 405 406 407 408 409 410 411 412 414 415 418 419 420 421 422 424 425 426 427 429 430 431 432 433 434 435 436 438 440 441 442 443 444 445 446 447 448 449 450 451 452 453 454 455 456 457 458 459 460 461 463 466 468 469 470 471 472 473 475 476 481 482 483 485 486 487 491 492 493 494 497 499 500 501 502 503 504 505 506 507 508 509 510 511 512 513 514 515 516 518 521 522 523 524 525 526 527 528 529 530 531 532 533 534 535 539 540 542 543 544 548 549 550 553 554 555 556 557 559 560 561 563 564 565 566 567 568 570 571 572 573 574 576 579 580 581 582 583 584 585 586 587 588 589 590 591 593 594 595 597 598 599 601 602 603 604 606 608 609 610 613 614 615 616 617 619 620 621 623 624 625 626 627 628 629 630 631 633 634 635 636 637 639 640 641 642 643 644 646 648 649 651 652 654 655 656 657 658 659 660 661 662 664 666 669 671 672 673 674 675 677 679 681 682 683 686 687 688 689 691 692 693 694 696 698 699 700 701 702 703 704 706 707 709 710 711 713 714 717 719 722 723 724 725 726 727 728 729 730 731 732 734 735 736 737 738 739 740 742 744 745 749 750 752 753 754 755 756 757 758 759 762 764 765 766 768 769 770 773 774 775 777 778 779 782 784 785 786 787 788 789 790 791 792 793 794 795 797 799 801 802 803 804 805 806 808 809 810 811 812 814 815 816 817 818 819 821 822 824 825 827 828 832 834 835 836 838 839 842 843 844 846 847 848 849 850 852 853 854 855 858 860 861 862 864 865 866 867 868 869 870 872 875 876 878 879 883 884 885 886 887 888 891 894 895 897 898 899 900 902 903 904 906 908 909 910 911 912 913 914 916 918 919 920 923 924 926 927 928 929 931 932 934 935 936 938 939 940 941 942 943 944 946 947 948 949 950 951 952 953 956 957 958 959 962 965 966 967 968 969 970 972 973 975 977 979 980 982 983 984 985 986 987 988 989 990 991 992 993 994 996 997
round2_confirmation,L5kdt,1000,3-0.75-P,3,364644,750,0 1 2 6 7 8 9 10 11 12 13 14 15 16 20 22 24 25 26 28 29 31 32 33 34 35 37 38 39 40 41 43 44 45 46 47 48 49 50 51 53 54 55 56 58 59 60 62 66 67 68 69 70 71 72 73 74 75 76 77 79 80 82 83 86 87 89 90 91 95 96 97 98 100 101 102 103 107 108 110 111 113 116 117 118 119 121 122 124 125 126 127 128 129 130 131 132 133 134 136 137 139 141 144 146 147 149 150 151 153 154 155 156 157 159 160 162 165 166 167 171 172 174 176 179 180 182 183 184 185 186 189 190 191 192 195 196 197 198 200 203 204 205 207 208 209 210 211 212 213 214 215 217 218 220 221 223 224 225 226 227 228 229 230 231 232 233 235 238 239 240 242 243 244 245 246 247 248 249 250 251 252 253 256 257 258 260 261 262 263 264 265 267 268 271 273 275 276 277 278 279 280 281 283 285 286 287 288 289 290 291 293 294 296 297 298 300 302 304 306 308 309 311 312 314 315 316 318 319 320 321 322 324 325 327 328 329 330 331 332 333 334 336 337 340 341 343 344 347 349 350 351 352 354 356 357 358 359 360 361 362 363 364 365 366 367 370 371 372 373 374 375 377 378 379 380 381 382 383 384 385 386 387 388 389 390 391 392 393 395 396 397 398 399 400 402 403 404 405 406 407 408 409 410 412 414 415 418 419 420 421 422 424 425 426 427 429 430 431 432 433 434 435 436 437 438 440 441 442 444 445 446 447 448 449 450 451 453 454 455 456 457 458 459 460 461 463 465 466 468 469 470 471 472 473 474 475 476 478 480 481 482 483 485 486 487 491 492 493 494 495 496 497 499 500 501 502 503 504 505 506 507 508 509 510 511 512 513 514 515 516 518 521 522 523 524 525 526 527 528 529 530 531 532 533 534 538 539 540 542 543 544 545 548 549 550 552 553 554 555 556 557 559 560 561 563 564 565 566 567 568 570 571 573 574 579 580 581 582 583 584 585 586 587 588 589 590 591 593 594 595 597 598 599 601 602 603 604 606 608 609 610 612 613 614 615 616 617 618 619 620 621 623 624 625 626 627 628 629 630 631 632 633 634 635 636 637 639 640 641 642 643 646 648 649 651 652 653 654 655 656 657 658 659 660 661 662 664 665 666 671 672 673 674 675 677 678 679 681 682 683 686 687 688 689 690 691 692 693 696 698 700 701 703 704 706 707 709 710 711 713 714 715 716 717 719 720 722 724 725 726 727 728 729 730 731 732 734 735 736 737 738 739 740 742 744 745 749 750 752 753 754 755 756 757 758 759 762 763 764 765 768 769 770 772 773 774 775 777 779 782 784 785 786 787 788 789 790 791 792 794 795 796 797 799 800 801 802 803 804 805 806 808 809 810 811 812 813 814 815 816 817 818 819 821 822 824 825 826 827 828 832 834 835 836 838 839 842 843 844 845 846 847 848 849 850 852 854 855 858 860 861 862 863 864 865 866 867 868 869 872 874 875 876 877 878 879 883 884 885 886 887 888 891 894 895 898 899 900 902 903 904 905 906 908 909 910 911 912 913 914 915 916 918 919 920 921 923 924 926 927 928 929 931 932 934 935 939 940 941 942 943 944 946 947 948 949 950 952 956 957 958 959 961 962 965 966 967 968 969 970 972 973 975 977 979 980 982 983 984 985 987 989 990 991 992 993 996 997 998
