experiment,variant,group,instance,seed,time_s,profit,trajectory,role
sensitivity,L2500,1000,4-0.25-P,1,0.2191,128625,39,intensifier
sensitivity,L2500,1000,4-0.25-P,1,0.2654,130189,23,intensifier
sensitivity,L2500,1000,4-0.25-P,1,0.3047,131095,80,explorer
sensitivity,L2500,1000,4-0.25-P,1,0.3275,132198,80,explorer
sensitivity,L2500,1000,4-0.25-P,1,0.3927,132501,57,intensifier
sensitivity,L2500,1000,4-0.25-P,1,0.4176,133232,57,intensifier
sensitivity,L2500,1000,4-0.25-P,1,0.4476,133261,57,intensifier
sensitivity,L2500,1000,4-0.25-P,1,0.4784,133504,30,intensifier
sensitivity,L2500,1000,4-0.25-P,1,0.5368,133768,49,intensifier
sensitivity,L2500,1000,4-0.25-P,1,0.5670,133895,49,intensifier
sensitivity,L2500,1000,4-0.25-P,1,0.5975,133974,49,intensifier
sensitivity,L2500,1000,4-0.25-P,1,0.6272,134086,36,intensifier
sensitivity,L2500,1000,4-0.25-P,1,0.6867,134327,36,intensifier
sensitivity,L2500,1000,4-0.25-P,1,0.7756,134523,36,intensifier
sensitivity,L2500,1000,4-0.25-P,1,0.9239,134639,36,intensifier
sensitivity,L2500,1000,4-0.25-P,1,0.9538,134695,36,intensifier
sensitivity,L2500,1000,4-0.25-P,1,0.9840,134765,36,intensifier
sensitivity,L2500,1000,4-0.25-P,1,1.1021,134911,36,intensifier
sensitivity,L2500,1000,4-0.25-P,1,1.1318,135100,36,intensifier
sensitivity,L2500,1000,4-0.25-P,1,1.3964,135125,36,intensifier
sensitivity,L2500,1000,4-0.25-P,1,1.4552,135265,36,intensifier
sensitivity,L2500,1000,4-0.25-P,1,1.4849,135268,5,intensifier
sensitivity,L2500,1000,4-0.25-P,1,1.5147,135354,5,intensifier
sensitivity,L2500,1000,4-0.25-P,1,1.5442,135550,5,intensifier
sensitivity,L2500,1000,4-0.25-P,1,1.7219,135566,5,intensifier
sensitivity,L2500,1000,4-0.25-P,1,1.9293,135625,5,intensifier
sensitivity,L2500,1000,4-0.25-P,1,2.0764,135631,5,intensifier
sensitivity,L2500,1000,4-0.25-P,1,2.4312,135855,5,intensifier
sensitivity,L2500,1000,4-0.25-P,1,3.3175,135856,5,intensifier
sensitivity,L2500,1000,4-0.25-P,1,4.2863,135860,5,intensifier
sensitivity,L2500,1000,4-0.25-P,1,4.3159,135873,5,intensifier
sensitivity,L2500,1000,4-0.25-P,1,4.4330,135897,5,intensifier
sensitivity,L2500,1000,4-0.25-P,1,4.5221,135964,5,intensifier
sensitivity,L2500,1000,4-0.25-P,1,4.6396,136044,5,intensifier
sensitivity,L2500,1000,4-0.25-P,1,4.6693,136139,5,intensifier
sensitivity,L2500,1000,4-0.25-P,1,11.0780,136385,16,intensifier
sensitivity,L2500,1000,4-0.25-P,1,12.6069,136575,44,intensifier
sensitivity,L2500,1000,4-0.25-P,1,18.0516,136585,61,intensifier
sensitivity,L2500,1000,4-0.25-P,1,18.1694,136607,48,intensifier
sensitivity,L2500,1000,4-0.25-P,1,18.7578,136641,29,intensifier
sensitivity,L2500,1000,4-0.25-P,1,18.9340,136740,50,intensifier
sensitivity,L2500,1000,4-0.25-P,1,35.6867,136793,51,intensifier
sensitivity,L2500,1000,4-0.25-P,1,47.4624,136861,36,intensifier
sensitivity,L2500,1000,4-0.25-P,1,62.3219,136888,56,intensifier
sensitivity,L2500,1000,4-0.25-P,1,73.3170,137039,43,intensifier
sensitivity,L2500,1000,4-0.25-P,1,130.8681,137116,16,intensifier
sensitivity,L2500,1000,4-0.25-P,1,176.3868,137174,60,intensifier
sensitivity,L2500,1000,4-0.25-P,1,221.2025,137191,61,intensifier
sensitivity,L2500,1000,4-0.25-P,1,229.8248,137203,14,intensifier
sensitivity,L2500,1000,4-0.25-P,1,331.7777,137389,33,intensifier
sensitivity,L2500,1000,4-0.25-P,2,0.5596,133455,25,intensifier
sensitivity,L2500,1000,4-0.25-P,2,0.5942,134353,64,explorer
sensitivity,L2500,1000,4-0.25-P,2,0.7106,134382,64,explorer
sensitivity,L2500,1000,4-0.25-P,2,0.7410,134420,29,intensifier
sensitivity,L2500,1000,4-0.25-P,2,0.7710,134482,29,intensifier
sensitivity,L2500,1000,4-0.25-P,2,0.8299,134615,19,intensifier
sensitivity,L2500,1000,4-0.25-P,2,0.8603,134806,59,intensifier
sensitivity,L2500,1000,4-0.25-P,2,0.9192,135124,59,intensifier
sensitivity,L2500,1000,4-0.25-P,2,1.1859,135195,59,intensifier
sensitivity,L2500,1000,4-0.25-P,2,1.3907,135258,59,intensifier
sensitivity,L2500,1000,4-0.25-P,2,1.5962,135448,59,intensifier
sensitivity,L2500,1000,4-0.25-P,2,1.9509,135484,59,intensifier
sensitivity,L2500,1000,4-0.25-P,2,1.9815,135522,59,intensifier
sensitivity,L2500,1000,4-0.25-P,2,2.8061,135546,59,intensifier
sensitivity,L2500,1000,4-0.25-P,2,3.1583,135557,59,intensifier
sensitivity,L2500,1000,4-0.25-P,2,3.1884,135862,59,intensifier
sensitivity,L2500,1000,4-0.25-P,2,3.7240,135991,9,intensifier
sensitivity,L2500,1000,4-0.25-P,2,3.7545,136000,9,intensifier
sensitivity,L2500,1000,4-0.25-P,2,4.4046,136126,9,intensifier
sensitivity,L2500,1000,4-0.25-P,2,4.5240,136170,31,intensifier
sensitivity,L2500,1000,4-0.25-P,2,4.8493,136204,9,intensifier
sensitivity,L2500,1000,4-0.25-P,2,7.3686,136226,9,intensifier
sensitivity,L2500,1000,4-0.25-P,2,7.4870,136237,10,intensifier
sensitivity,L2500,1000,4-0.25-P,2,7.5177,136349,28,intensifier
sensitivity,L2500,1000,4-0.25-P,2,8.9665,136376,9,intensifier
sensitivity,L2500,1000,4-0.25-P,2,9.0256,136455,17,intensifier
sensitivity,L2500,1000,4-0.25-P,2,9.0857,136496,11,intensifier
sensitivity,L2500,1000,4-0.25-P,2,21.5174,136594,56,intensifier
sensitivity,L2500,1000,4-0.25-P,2,21.9035,136723,27,intensifier
sensitivity,L2500,1000,4-0.25-P,2,37.7641,136731,60,intensifier
sensitivity,L2500,1000,4-0.25-P,2,37.8833,136877,24,intensifier
sensitivity,L2500,1000,4-0.25-P,2,41.8013,136974,62,intensifier
sensitivity,L2500,1000,4-0.25-P,2,80.3552,137127,13,intensifier
sensitivity,L2500,1000,4-0.25-P,2,109.6488,137244,52,intensifier
sensitivity,L2500,1000,4-0.25-P,2,253.9242,137422,0,intensifier
sensitivity,L2500,1000,4-0.25-P,2,588.2905,137429,5,intensifier
sensitivity,L2500,1000,6-0.25-M,1,0.5369,37430,35,intensifier
sensitivity,L2500,1000,6-0.25-M,1,0.5734,37686,29,intensifier
sensitivity,L2500,1000,6-0.25-M,1,0.6037,37841,29,intensifier
sensitivity,L2500,1000,6-0.25-M,1,0.6340,38005,29,intensifier
sensitivity,L2500,1000,6-0.25-M,1,0.7226,38130,29,intensifier
sensitivity,L2500,1000,6-0.25-M,1,0.7523,38291,73,explorer
sensitivity,L2500,1000,6-0.25-M,1,0.8713,38293,29,intensifier
sensitivity,L2500,1000,6-0.25-M,1,0.9000,38406,29,intensifier
sensitivity,L2500,1000,6-0.25-M,1,1.0780,38429,29,intensifier
sensitivity,L2500,1000,6-0.25-M,1,1.1377,38451,29,intensifier
sensitivity,L2500,1000,6-0.25-M,1,1.1678,38517,29,intensifier
sensitivity,L2500,1000,6-0.25-M,1,1.2873,38784,29,intensifier
sensitivity,L2500,1000,6-0.25-M,1,2.3551,39013,29,intensifier
sensitivity,L2500,1000,6-0.25-M,1,2.5614,39124,29,intensifier
sensitivity,L2500,1000,6-0.25-M,1,3.1844,39246,29,intensifier
sensitivity,L2500,1000,6-0.25-M,1,3.5093,39249,29,intensifier
sensitivity,L2500,1000,6-0.25-M,1,4.4842,39355,2,intensifier
sensitivity,L2500,1000,6-0.25-M,1,6.6420,39534,29,intensifier
sensitivity,L2500,1000,6-0.25-M,1,9.6019,39874,29,intensifier
sensitivity,L2500,1000,6-0.25-M,1,14.6496,40005,61,intensifier
sensitivity,L2500,1000,6-0.25-M,1,22.6932,40075,9,intensifier
sensitivity,L2500,1000,6-0.25-M,1,29.2721,40148,13,intensifier
sensitivity,L2500,1000,6-0.25-M,1,30.6616,40173,35,intensifier
sensitivity,L2500,1000,6-0.25-M,1,33.4336,40230,35,intensifier
sensitivity,L2500,1000,6-0.25-M,1,41.6357,40322,10,intensifier
sensitivity,L2500,1000,6-0.25-M,1,65.3302,40394,32,intensifier
sensitivity,L2500,1000,6-0.25-M,1,107.6782,40436,1,intensifier
sensitivity,L2500,1000,6-0.25-M,1,120.2858,40540,9,intensifier
sensitivity,L2500,1000,6-0.25-M,1,273.3723,40609,60,intensifier
sensitivity,L2500,1000,6-0.25-M,1,273.4022,40626,60,intensifier
sensitivity,L2500,1000,6-0.25-M,1,388.0324,40744,31,intensifier
sensitivity,L2500,1000,6-0.25-M,1,408.1017,40811,42,intensifier
sensitivity,L2500,1000,6-0.25-M,2,0.5367,37413,83,explorer
sensitivity,L2500,1000,6-0.25-M,2,0.6631,37666,21,intensifier
sensitivity,L2500,1000,6-0.25-M,2,0.6935,38057,30,intensifier
sensitivity,L2500,1000,6-0.25-M,2,0.7228,38308,30,intensifier
sensitivity,L2500,1000,6-0.25-M,2,0.7820,38380,61,intensifier
sensitivity,L2500,1000,6-0.25-M,2,1.0202,38436,61,intensifier
sensitivity,L2500,1000,6-0.25-M,2,1.3468,38488,4,intensifier
sensitivity,L2500,1000,6-0.25-M,2,1.3772,38505,4,intensifier
sensitivity,L2500,1000,6-0.25-M,2,1.4364,38522,4,intensifier
sensitivity,L2500,1000,6-0.25-M,2,1.5543,38609,4,intensifier
sensitivity,L2500,1000,6-0.25-M,2,1.7325,38729,4,intensifier
sensitivity,L2500,1000,6-0.25-M,2,1.7629,38776,4,intensifier
sensitivity,L2500,1000,6-0.25-M,2,1.7931,38842,4,intensifier
sensitivity,L2500,1000,6-0.25-M,2,1.8230,39008,4,intensifier
sensitivity,L2500,1000,6-0.25-M,2,1.8534,39088,4,intensifier
sensitivity,L2500,1000,6-0.25-M,2,4.4002,39098,4,intensifier
sensitivity,L2500,1000,6-0.25-M,2,4.4303,39258,42,intensifier
sensitivity,L2500,1000,6-0.25-M,2,4.5789,39259,4,intensifier
sensitivity,L2500,1000,6-0.25-M,2,4.7263,39301,42,intensifier
sensitivity,L2500,1000,6-0.25-M,2,6.3872,39333,42,intensifier
sensitivity,L2500,1000,6-0.25-M,2,6.4471,39384,45,intensifier
sensitivity,L2500,1000,6-0.25-M,2,6.4772,39514,42,intensifier
sensitivity,L2500,1000,6-0.25-M,2,10.1577,39540,56,intensifier
sensitivity,L2500,1000,6-0.25-M,2,10.3357,39547,45,intensifier
sensitivity,L2500,1000,6-0.25-M,2,10.4848,39651,22,intensifier
sensitivity,L2500,1000,6-0.25-M,2,12.3833,39687,59,intensifier
sensitivity,L2500,1000,6-0.25-M,2,12.4121,39721,59,intensifier
sensitivity,L2500,1000,6-0.25-M,2,12.6498,39797,16,intensifier
sensitivity,L2500,1000,6-0.25-M,2,12.9166,39823,2,intensifier
sensitivity,L2500,1000,6-0.25-M,2,13.1845,39889,16,intensifier
sensitivity,L2500,1000,6-0.25-M,2,16.4484,39992,34,intensifier
sensitivity,L2500,1000,6-0.25-M,2,17.8447,40003,60,intensifier
sensitivity,L2500,1000,6-0.25-M,2,18.9958,40004,60,intensifier
sensitivity,L2500,1000,6-0.25-M,2,19.3205,40024,60,intensifier
sensitivity,L2500,1000,6-0.25-M,2,19.4095,40092,49,intensifier
sensitivity,L2500,1000,6-0.25-M,2,39.3436,40157,18,intensifier
sensitivity,L2500,1000,6-0.25-M,2,49.4120,40220,24,intensifier
sensitivity,L2500,1000,6-0.25-M,2,68.8930,40231,25,intensifier
sensitivity,L2500,1000,6-0.25-M,2,95.9683,40351,25,intensifier
sensitivity,L2500,1000,6-0.25-M,2,127.6756,40355,28,intensifier
sensitivity,L2500,1000,6-0.25-M,2,133.2381,40422,16,intensifier
sensitivity,L2500,1000,6-0.25-M,2,184.5772,40433,60,intensifier
sensitivity,L2500,1000,6-0.25-M,2,196.2184,40473,54,intensifier
sensitivity,L2500,1000,6-0.25-M,2,340.7852,40593,14,intensifier
sensitivity,L2500,1000,6-0.25-M,2,381.9050,40725,57,intensifier
sensitivity,L2500,1000,5-0.5-P,1,0.3294,261122,14,intensifier
sensitivity,L2500,1000,5-0.5-P,1,0.4093,264319,51,intensifier
sensitivity,L2500,1000,5-0.5-P,1,0.4386,265482,14,intensifier
sensitivity,L2500,1000,5-0.5-P,1,0.4673,266254,14,intensifier
sensitivity,L2500,1000,5-0.5-P,1,0.4975,267685,8,intensifier
sensitivity,L2500,1000,5-0.5-P,1,0.5272,268505,8,intensifier
sensitivity,L2500,1000,5-0.5-P,1,0.5560,268633,8,intensifier
sensitivity,L2500,1000,5-0.5-P,1,0.5864,269183,60,intensifier
sensitivity,L2500,1000,5-0.5-P,1,0.6152,269193,60,intensifier
sensitivity,L2500,1000,5-0.5-P,1,0.6456,269515,36,intensifier
sensitivity,L2500,1000,5-0.5-P,1,0.6761,270105,36,intensifier
sensitivity,L2500,1000,5-0.5-P,1,0.7052,270232,36,intensifier
sensitivity,L2500,1000,5-0.5-P,1,0.7340,270686,36,intensifier
sensitivity,L2500,1000,5-0.5-P,1,0.8530,270911,36,intensifier
sensitivity,L2500,1000,5-0.5-P,1,0.8821,271122,36,intensifier
sensitivity,L2500,1000,5-0.5-P,1,0.9118,271135,36,intensifier
sensitivity,L2500,1000,5-0.5-P,1,0.9415,271152,36,intensifier
sensitivity,L2500,1000,5-0.5-P,1,1.1473,271205,65,explorer
sensitivity,L2500,1000,5-0.5-P,1,1.1774,271337,65,explorer
sensitivity,L2500,1000,5-0.5-P,1,1.2069,271357,14,intensifier
sensitivity,L2500,1000,5-0.5-P,1,1.2363,271650,26,intensifier
sensitivity,L2500,1000,5-0.5-P,1,1.2656,272035,26,intensifier
sensitivity,L2500,1000,5-0.5-P,1,2.2051,272084,52,intensifier
sensitivity,L2500,1000,5-0.5-P,1,2.2657,272168,26,intensifier
sensitivity,L2500,1000,5-0.5-P,1,2.3542,272231,26,intensifier
sensitivity,L2500,1000,5-0.5-P,1,2.4716,272273,26,intensifier
sensitivity,L2500,1000,5-0.5-P,1,2.6482,272317,26,intensifier
sensitivity,L2500,1000,5-0.5-P,1,3.0290,272402,26,intensifier
sensitivity,L2500,1000,5-0.5-P,1,4.5881,272427,26,intensifier
sensitivity,L2500,1000,5-0.5-P,1,4.6187,272495,26,intensifier
sensitivity,L2500,1000,5-0.5-P,1,4.7051,272529,26,intensifier
sensitivity,L2500,1000,5-0.5-P,1,6.9540,272617,12,intensifier
sensitivity,L2500,1000,5-0.5-P,1,6.9848,272743,12,intensifier
sensitivity,L2500,1000,5-0.5-P,1,7.8879,272835,12,intensifier
sensitivity,L2500,1000,5-0.5-P,1,8.2410,272863,12,intensifier
sensitivity,L2500,1000,5-0.5-P,1,8.2707,272901,12,intensifier
sensitivity,L2500,1000,5-0.5-P,1,8.5617,272952,12,intensifier
sensitivity,L2500,1000,5-0.5-P,1,8.5918,273034,12,intensifier
sensitivity,L2500,1000,5-0.5-P,1,9.7417,273037,12,intensifier
sensitivity,L2500,1000,5-0.5-P,1,12.6480,273065,12,intensifier
sensitivity,L2500,1000,5-0.5-P,1,15.4396,273072,12,intensifier
sensitivity,L2500,1000,5-0.5-P,1,15.9986,273084,17,intensifier
sensitivity,L2500,1000,5-0.5-P,1,16.4956,273313,38,intensifier
sensitivity,L2500,1000,5-0.5-P,1,36.4348,273343,37,intensifier
sensitivity,L2500,1000,5-0.5-P,1,56.1820,273431,38,intensifier
sensitivity,L2500,1000,5-0.5-P,1,113.4182,273439,38,intensifier
sensitivity,L2500,1000,5-0.5-P,1,155.6005,273480,62,intensifier
sensitivity,L2500,1000,5-0.5-P,1,156.3061,273503,28,intensifier
sensitivity,L2500,1000,5-0.5-P,1,156.3368,273541,28,intensifier
sensitivity,L2500,1000,5-0.5-P,1,182.4835,273565,28,intensifier
sensitivity,L2500,1000,5-0.5-P,1,197.7089,273707,25,intensifier
sensitivity,L2500,1000,5-0.5-P,1,424.7632,273798,29,intensifier
sensitivity,L2500,1000,5-0.5-P,1,490.4569,273885,36,intensifier
sensitivity,L2500,1000,5-0.5-P,2,0.4851,268206,22,intensifier
sensitivity,L2500,1000,5-0.5-P,2,0.5422,268815,35,intensifier
sensitivity,L2500,1000,5-0.5-P,2,0.6004,269498,61,intensifier
sensitivity,L2500,1000,5-0.5-P,2,0.6297,269872,61,intensifier
sensitivity,L2500,1000,5-0.5-P,2,0.6589,270044,61,intensifier
sensitivity,L2500,1000,5-0.5-P,2,0.6885,270173,42,intensifier
sensitivity,L2500,1000,5-0.5-P,2,0.7180,270523,30,intensifier
sensitivity,L2500,1000,5-0.5-P,2,0.7473,270739,30,intensifier
sensitivity,L2500,1000,5-0.5-P,2,0.7766,271479,30,intensifier
sensitivity,L2500,1000,5-0.5-P,2,0.8061,271706,30,intensifier
sensitivity,L2500,1000,5-0.5-P,2,0.8355,271718,30,intensifier
sensitivity,L2500,1000,5-0.5-P,2,1.0982,271771,30,intensifier
sensitivity,L2500,1000,5-0.5-P,2,1.1288,271808,30,intensifier
sensitivity,L2500,1000,5-0.5-P,2,1.9789,272013,29,intensifier
sensitivity,L2500,1000,5-0.5-P,2,2.0091,272119,29,intensifier
sensitivity,L2500,1000,5-0.5-P,2,2.1283,272383,29,intensifier
sensitivity,L2500,1000,5-0.5-P,2,3.0725,272521,29,intensifier
sensitivity,L2500,1000,5-0.5-P,2,6.4094,272600,22,intensifier
sensitivity,L2500,1000,5-0.5-P,2,6.6460,272824,29,intensifier
sensitivity,L2500,1000,5-0.5-P,2,7.5878,272875,29,intensifier
sensitivity,L2500,1000,5-0.5-P,2,9.8508,272979,29,intensifier
sensitivity,L2500,1000,5-0.5-P,2,10.8212,273061,29,intensifier
sensitivity,L2500,1000,5-0.5-P,2,26.2515,273135,62,intensifier
sensitivity,L2500,1000,5-0.5-P,2,26.2822,273154,26,intensifier
sensitivity,L2500,1000,5-0.5-P,2,43.5252,273228,25,intensifier
sensitivity,L2500,1000,5-0.5-P,2,67.2205,273238,50,intensifier
sensitivity,L2500,1000,5-0.5-P,2,84.2690,273315,50,intensifier
sensitivity,L2500,1000,5-0.5-P,2,94.3074,273378,11,intensifier
sensitivity,L2500,1000,5-0.5-P,2,129.3634,273384,12,intensifier
sensitivity,L2500,1000,5-0.5-P,2,129.3941,273387,12,intensifier
sensitivity,L2500,1000,5-0.5-P,2,145.6992,273418,36,intensifier
sensitivity,L2500,1000,5-0.5-P,2,201.2139,273443,21,intensifier
sensitivity,L2500,1000,5-0.5-P,2,244.4700,273467,8,intensifier
sensitivity,L2500,1000,5-0.5-P,2,250.3973,273487,12,intensifier
sensitivity,L2500,1000,5-0.5-P,2,253.4446,273585,12,intensifier
sensitivity,L2500,1000,5-0.5-P,2,268.3376,273587,52,intensifier
sensitivity,L2500,1000,5-0.5-P,2,269.8987,273621,2,intensifier
sensitivity,L2500,1000,5-0.5-P,2,352.9699,273768,37,intensifier
sensitivity,L2500,1000,5-0.5-P,2,470.9901,273803,35,intensifier
sensitivity,L2500,1000,5-0.5-P,2,524.9001,273821,31,intensifier
sensitivity,L2500,1000,2-0.5-M,1,0.3740,49789,80,explorer
sensitivity,L2500,1000,2-0.5-M,1,0.4427,51161,77,explorer
sensitivity,L2500,1000,2-0.5-M,1,0.4725,51654,77,explorer
sensitivity,L2500,1000,2-0.5-M,1,0.5030,52622,61,intensifier
sensitivity,L2500,1000,2-0.5-M,1,0.5317,53227,9,intensifier
sensitivity,L2500,1000,2-0.5-M,1,0.5622,53409,61,intensifier
sensitivity,L2500,1000,2-0.5-M,1,0.5911,53530,52,intensifier
sensitivity,L2500,1000,2-0.5-M,1,0.6217,53817,69,explorer
sensitivity,L2500,1000,2-0.5-M,1,0.6507,54270,23,intensifier
sensitivity,L2500,1000,2-0.5-M,1,0.7084,54551,10,intensifier
sensitivity,L2500,1000,2-0.5-M,1,0.7389,54690,9,intensifier
sensitivity,L2500,1000,2-0.5-M,1,0.7684,54789,9,intensifier
sensitivity,L2500,1000,2-0.5-M,1,0.7976,55078,9,intensifier
sensitivity,L2500,1000,2-0.5-M,1,0.8267,55612,9,intensifier
sensitivity,L2500,1000,2-0.5-M,1,0.8851,55720,9,intensifier
sensitivity,L2500,1000,2-0.5-M,1,0.9141,55904,9,intensifier
sensitivity,L2500,1000,2-0.5-M,1,1.1481,55965,9,intensifier
sensitivity,L2500,1000,2-0.5-M,1,1.1772,56023,9,intensifier
sensitivity,L2500,1000,2-0.5-M,1,1.3219,56078,9,intensifier
sensitivity,L2500,1000,2-0.5-M,1,1.5566,56122,9,intensifier
sensitivity,L2500,1000,2-0.5-M,1,1.6150,56422,9,intensifier
sensitivity,L2500,1000,2-0.5-M,1,1.6443,56474,9,intensifier
sensitivity,L2500,1000,2-0.5-M,1,1.7609,56528,9,intensifier
sensitivity,L2500,1000,2-0.5-M,1,2.0263,56639,9,intensifier
sensitivity,L2500,1000,2-0.5-M,1,2.9654,56802,9,intensifier
sensitivity,L2500,1000,2-0.5-M,1,5.7709,56997,9,intensifier
sensitivity,L2500,1000,2-0.5-M,1,6.9970,57090,9,intensifier
sensitivity,L2500,1000,2-0.5-M,1,7.0557,57143,9,intensifier
sensitivity,L2500,1000,2-0.5-M,1,12.2172,57152,48,intensifier
sensitivity,L2500,1000,2-0.5-M,1,12.7158,57305,62,intensifier
sensitivity,L2500,1000,2-0.5-M,1,15.7097,57372,62,intensifier
sensitivity,L2500,1000,2-0.5-M,1,16.4133,57425,62,intensifier
sensitivity,L2500,1000,2-0.5-M,1,17.9130,57451,41,intensifier
sensitivity,L2500,1000,2-0.5-M,1,20.8692,57651,19,intensifier
sensitivity,L2500,1000,2-0.5-M,1,31.5010,57786,52,intensifier
sensitivity,L2500,1000,2-0.5-M,1,169.0474,57811,11,intensifier
sensitivity,L2500,1000,2-0.5-M,1,376.5520,57838,14,intensifier
sensitivity,L2500,1000,2-0.5-M,2,0.3535,49166,33,intensifier
sensitivity,L2500,1000,2-0.5-M,2,0.4271,52843,33,intensifier
sensitivity,L2500,1000,2-0.5-M,2,0.4580,53106,33,intensifier
sensitivity,L2500,1000,2-0.5-M,2,0.4874,53823,33,intensifier
sensitivity,L2500,1000,2-0.5-M,2,0.5166,54486,33,intensifier
sensitivity,L2500,1000,2-0.5-M,2,0.5757,54557,33,intensifier
sensitivity,L2500,1000,2-0.5-M,2,0.6630,54695,33,intensifier
sensitivity,L2500,1000,2-0.5-M,2,0.7496,54868,33,intensifier
sensitivity,L2500,1000,2-0.5-M,2,0.7791,54961,33,intensifier
sensitivity,L2500,1000,2-0.5-M,2,0.8381,55035,3,intensifier
sensitivity,L2500,1000,2-0.5-M,2,0.8681,55532,3,intensifier
sensitivity,L2500,1000,2-0.5-M,2,0.8987,55639,3,intensifier
sensitivity,L2500,1000,2-0.5-M,2,0.9870,55641,3,intensifier
sensitivity,L2500,1000,2-0.5-M,2,1.2240,55647,3,intensifier
sensitivity,L2500,1000,2-0.5-M,2,1.2531,55767,3,intensifier
sensitivity,L2500,1000,2-0.5-M,2,1.2818,55853,3,intensifier
sensitivity,L2500,1000,2-0.5-M,2,2.3739,55862,53,intensifier
sensitivity,L2500,1000,2-0.5-M,2,2.4337,56218,22,intensifier
sensitivity,L2500,1000,2-0.5-M,2,2.5498,56240,22,intensifier
sensitivity,L2500,1000,2-0.5-M,2,3.0214,56259,22,intensifier
sensitivity,L2500,1000,2-0.5-M,2,3.1099,56391,22,intensifier
sensitivity,L2500,1000,2-0.5-M,2,3.5534,56476,22,intensifier
sensitivity,L2500,1000,2-0.5-M,2,3.5834,56587,22,intensifier
sensitivity,L2500,1000,2-0.5-M,2,3.6135,56634,22,intensifier
sensitivity,L2500,1000,2-0.5-M,2,5.6466,56734,22,intensifier
sensitivity,L2500,1000,2-0.5-M,2,5.7363,56818,22,intensifier
sensitivity,L2500,1000,2-0.5-M,2,5.8853,56917,22,intensifier
sensitivity,L2500,1000,2-0.5-M,2,6.7930,57036,22,intensifier
sensitivity,L2500,1000,2-0.5-M,2,9.6954,57197,22,intensifier
sensitivity,L2500,1000,2-0.5-M,2,35.1801,57210,4,intensifier
sensitivity,L2500,1000,2-0.5-M,2,35.6504,57239,4,intensifier
sensitivity,L2500,1000,2-0.5-M,2,36.4984,57243,4,intensifier
sensitivity,L2500,1000,2-0.5-M,2,38.9391,57295,21,intensifier
sensitivity,L2500,1000,2-0.5-M,2,46.8519,57321,5,intensifier
sensitivity,L2500,1000,2-0.5-M,2,51.5446,57522,4,intensifier
sensitivity,L2500,1000,2-0.5-M,2,52.4841,57536,4,intensifier
sensitivity,L2500,1000,2-0.5-M,2,53.8892,57548,4,intensifier
sensitivity,L2500,1000,2-0.5-M,2,78.5632,57584,39,intensifier
sensitivity,L2500,1000,2-0.5-M,2,101.4468,57618,55,intensifier
sensitivity,L2500,1000,2-0.5-M,2,104.4932,57665,1,intensifier
sensitivity,L2500,1000,2-0.5-M,2,229.4725,57720,38,intensifier
sensitivity,L2500,1000,2-0.5-M,2,270.5776,57739,40,intensifier
sensitivity,L2500,1000,2-0.5-M,2,323.1594,57829,57,intensifier
sensitivity,L2500,1000,2-0.5-M,2,343.7220,57846,57,intensifier
sensitivity,L2500,1000,2-0.5-M,2,401.8212,57862,15,intensifier
sensitivity,L2500,1000,2-0.5-M,2,500.7251,58032,18,intensifier
sensitivity,L2500,1000,6-0.75-P,1,0.6700,348316,27,intensifier
sensitivity,L2500,1000,6-0.75-P,1,0.7894,348317,76,explorer
sensitivity,L2500,1000,6-0.75-P,1,0.8185,348648,51,intensifier
sensitivity,L2500,1000,6-0.75-P,1,0.9672,348756,51,intensifier
sensitivity,L2500,1000,6-0.75-P,1,1.4688,348762,51,intensifier
sensitivity,L2500,1000,6-0.75-P,1,1.6165,349008,51,intensifier
sensitivity,L2500,1000,6-0.75-P,1,1.6465,349051,51,intensifier
sensitivity,L2500,1000,6-0.75-P,1,1.6765,349240,51,intensifier
sensitivity,L2500,1000,6-0.75-P,1,1.7067,349252,51,intensifier
sensitivity,L2500,1000,6-0.75-P,1,1.7956,349289,51,intensifier
sensitivity,L2500,1000,6-0.75-P,1,1.8251,349564,51,intensifier
sensitivity,L2500,1000,6-0.75-P,1,2.0907,349607,51,intensifier
sensitivity,L2500,1000,6-0.75-P,1,2.4750,349714,51,intensifier
sensitivity,L2500,1000,6-0.75-P,1,4.9870,349883,51,intensifier
sensitivity,L2500,1000,6-0.75-P,1,5.4010,349974,51,intensifier
sensitivity,L2500,1000,6-0.75-P,1,7.0235,349997,51,intensifier
sensitivity,L2500,1000,6-0.75-P,1,7.9107,350017,51,intensifier
sensitivity,L2500,1000,6-0.75-P,1,8.1474,350081,9,intensifier
sensitivity,L2500,1000,6-0.75-P,1,8.9128,350200,9,intensifier
sensitivity,L2500,1000,6-0.75-P,1,28.4358,350499,18,intensifier
sensitivity,L2500,1000,6-0.75-P,1,55.4301,350551,22,intensifier
sensitivity,L2500,1000,6-0.75-P,1,55.8996,350572,22,intensifier
sensitivity,L2500,1000,6-0.75-P,1,89.7108,350680,39,intensifier
sensitivity,L2500,1000,6-0.75-P,1,135.5658,350689,9,intensifier
sensitivity,L2500,1000,6-0.75-P,1,276.7373,350739,51,intensifier
sensitivity,L2500,1000,6-0.75-P,1,341.8326,350786,6,intensifier
sensitivity,L2500,1000,6-0.75-P,1,380.7704,350832,35,intensifier
sensitivity,L2500,1000,6-0.75-P,1,535.3355,350833,24,intensifier
sensitivity,L2500,1000,6-0.75-P,2,0.6556,348807,30,intensifier
sensitivity,L2500,1000,6-0.75-P,2,0.6841,348861,30,intensifier
sensitivity,L2500,1000,6-0.75-P,2,0.7134,349032,30,intensifier
sensitivity,L2500,1000,6-0.75-P,2,0.7441,349282,30,intensifier
sensitivity,L2500,1000,6-0.75-P,2,0.9221,349303,30,intensifier
sensitivity,L2500,1000,6-0.75-P,2,1.0099,349311,30,intensifier
sensitivity,L2500,1000,6-0.75-P,2,1.0686,349386,30,intensifier
sensitivity,L2500,1000,6-0.75-P,2,1.8610,349403,30,intensifier
sensitivity,L2500,1000,6-0.75-P,2,2.7137,349678,30,intensifier
sensitivity,L2500,1000,6-0.75-P,2,3.3307,349681,30,intensifier
sensitivity,L2500,1000,6-0.75-P,2,3.3600,349847,60,intensifier
sensitivity,L2500,1000,6-0.75-P,2,3.3906,349858,60,intensifier
sensitivity,L2500,1000,6-0.75-P,2,16.4706,349859,41,intensifier
sensitivity,L2500,1000,6-0.75-P,2,16.7649,349908,41,intensifier
sensitivity,L2500,1000,6-0.75-P,2,18.9967,349934,41,intensifier
sensitivity,L2500,1000,6-0.75-P,2,19.6150,350006,1,intensifier
sensitivity,L2500,1000,6-0.75-P,2,37.1638,350054,5,intensifier
sensitivity,L2500,1000,6-0.75-P,2,38.0439,350156,5,intensifier
sensitivity,L2500,1000,6-0.75-P,2,61.2906,350247,43,intensifier
sensitivity,L2500,1000,6-0.75-P,2,65.7086,350298,39,intensifier
sensitivity,L2500,1000,6-0.75-P,2,70.7073,350316,34,intensifier
sensitivity,L2500,1000,6-0.75-P,2,76.1555,350428,41,intensifier
sensitivity,L2500,1000,6-0.75-P,2,86.2671,350517,18,intensifier
sensitivity,L2500,1000,6-0.75-P,2,225.4232,350687,38,intensifier
sensitivity,L2500,1000,6-0.75-P,2,232.4635,350702,19,intensifier
sensitivity,L2500,1000,6-0.75-P,2,427.6494,350779,61,intensifier
sensitivity,L2500,1000,6-0.75-P,2,468.6959,350894,24,intensifier
sensitivity,L2500,1000,6-0.75-P,2,598.9196,350926,19,intensifier
sensitivity,L2500,1000,3-0.75-M,1,0.6087,36306,60,intensifier
sensitivity,L2500,1000,3-0.75-M,1,1.1682,36636,77,explorer
sensitivity,L2500,1000,3-0.75-M,1,2.1957,36755,10,intensifier
sensitivity,L2500,1000,3-0.75-M,1,2.2263,37020,10,intensifier
sensitivity,L2500,1000,3-0.75-M,1,2.2863,37160,10,intensifier
sensitivity,L2500,1000,3-0.75-M,1,2.6691,37223,10,intensifier
sensitivity,L2500,1000,3-0.75-M,1,2.7288,37257,10,intensifier
sensitivity,L2500,1000,3-0.75-M,1,4.7027,37285,57,intensifier
sensitivity,L2500,1000,3-0.75-M,1,4.8501,37414,40,intensifier
sensitivity,L2500,1000,3-0.75-M,1,6.1442,37456,40,intensifier
sensitivity,L2500,1000,3-0.75-M,1,6.3210,37503,40,intensifier
sensitivity,L2500,1000,3-0.75-M,1,7.7638,37506,40,intensifier
sensitivity,L2500,1000,3-0.75-M,1,10.8612,37573,5,intensifier
sensitivity,L2500,1000,3-0.75-M,1,16.2171,37780,5,intensifier
sensitivity,L2500,1000,3-0.75-M,1,48.0804,37804,47,intensifier
sensitivity,L2500,1000,3-0.75-M,1,66.8600,37819,33,intensifier
sensitivity,L2500,1000,3-0.75-M,1,93.7333,37897,29,intensifier
sensitivity,L2500,1000,3-0.75-M,1,146.5427,37928,52,intensifier
sensitivity,L2500,1000,3-0.75-M,1,150.5833,37954,1,intensifier
sensitivity,L2500,1000,3-0.75-M,1,174.5318,37973,3,intensifier
sensitivity,L2500,1000,3-0.75-M,1,334.7879,38097,0,intensifier
sensitivity,L2500,1000,3-0.75-M,1,478.6572,38115,35,intensifier
sensitivity,L2500,1000,3-0.75-M,2,0.1111,11238,60,intensifier
sensitivity,L2500,1000,3-0.75-M,2,0.3016,32442,12,intensifier
sensitivity,L2500,1000,3-0.75-M,2,0.3309,33712,71,explorer
sensitivity,L2500,1000,3-0.75-M,2,0.3610,34583,12,intensifier
sensitivity,L2500,1000,3-0.75-M,2,0.3909,35507,12,intensifier
sensitivity,L2500,1000,3-0.75-M,2,0.5382,35884,1,intensifier
sensitivity,L2500,1000,3-0.75-M,2,0.5685,36213,1,intensifier
sensitivity,L2500,1000,3-0.75-M,2,0.6284,36244,1,intensifier
sensitivity,L2500,1000,3-0.75-M,2,0.7489,36610,14,intensifier
sensitivity,L2500,1000,3-0.75-M,2,0.7799,36724,14,intensifier
sensitivity,L2500,1000,3-0.75-M,2,0.8098,36819,14,intensifier
sensitivity,L2500,1000,3-0.75-M,2,0.8395,36969,14,intensifier
sensitivity,L2500,1000,3-0.75-M,2,1.1028,37103,14,intensifier
sensitivity,L2500,1000,3-0.75-M,2,2.2795,37124,14,intensifier
sensitivity,L2500,1000,3-0.75-M,2,3.0771,37239,14,intensifier
sensitivity,L2500,1000,3-0.75-M,2,3.9069,37252,14,intensifier
sensitivity,L2500,1000,3-0.75-M,2,3.9672,37253,47,intensifier
sensitivity,L2500,1000,3-0.75-M,2,4.8566,37512,14,intensifier
sensitivity,L2500,1000,3-0.75-M,2,16.0638,37671,18,intensifier
sensitivity,L2500,1000,3-0.75-M,2,18.0139,37732,10,intensifier
sensitivity,L2500,1000,3-0.75-M,2,28.4366,37750,10,intensifier
sensitivity,L2500,1000,3-0.75-M,2,61.1730,37832,10,intensifier
sensitivity,L2500,1000,3-0.75-M,2,221.8843,37839,11,intensifier
sensitivity,L2500,1000,3-0.75-M,2,227.6701,37872,48,intensifier
sensitivity,L2500,1000,3-0.75-M,2,371.5937,37953,59,intensifier
sensitivity,L2500,1000,3-0.75-M,2,489.9466,37979,58,intensifier
sensitivity,L10000,1000,4-0.25-P,1,0.4889,133695,8,intensifier
sensitivity,L10000,1000,4-0.25-P,1,0.5269,134260,8,intensifier
sensitivity,L10000,1000,4-0.25-P,1,0.5570,134303,8,intensifier
sensitivity,L10000,1000,4-0.25-P,1,0.5868,134314,8,intensifier
sensitivity,L10000,1000,4-0.25-P,1,0.6164,134465,8,intensifier
sensitivity,L10000,1000,4-0.25-P,1,0.6473,134700,8,intensifier
sensitivity,L10000,1000,4-0.25-P,1,0.7061,134923,8,intensifier
sensitivity,L10000,1000,4-0.25-P,1,0.8838,135112,8,intensifier
sensitivity,L10000,1000,4-0.25-P,1,0.9136,135235,8,intensifier
sensitivity,L10000,1000,4-0.25-P,1,0.9487,135248,8,intensifier
sensitivity,L10000,1000,4-0.25-P,1,1.1560,135259,36,intensifier
sensitivity,L10000,1000,4-0.25-P,1,1.3575,135394,8,intensifier
sensitivity,L10000,1000,4-0.25-P,1,1.4749,135551,5,intensifier
sensitivity,L10000,1000,4-0.25-P,1,2.0664,135670,5,intensifier
sensitivity,L10000,1000,4-0.25-P,1,2.1550,135729,5,intensifier
sensitivity,L10000,1000,4-0.25-P,1,2.3306,135753,5,intensifier
sensitivity,L10000,1000,4-0.25-P,1,18.9813,135764,37,intensifier
sensitivity,L10000,1000,4-0.25-P,1,19.0132,135797,37,intensifier
sensitivity,L10000,1000,4-0.25-P,1,19.0416,135828,37,intensifier
sensitivity,L10000,1000,4-0.25-P,1,19.1001,135895,37,intensifier
sensitivity,L10000,1000,4-0.25-P,1,19.3685,135991,37,intensifier
sensitivity,L10000,1000,4-0.25-P,1,20.4017,136136,37,intensifier
sensitivity,L10000,1000,4-0.25-P,1,20.6073,136255,37,intensifier
sensitivity,L10000,1000,4-0.25-P,1,33.4035,136329,19,intensifier
sensitivity,L10000,1000,4-0.25-P,1,37.7211,136500,19,intensifier
sensitivity,L10000,1000,4-0.25-P,1,40.9475,136547,41,intensifier
sensitivity,L10000,1000,4-0.25-P,1,42.2760,136608,43,intensifier
sensitivity,L10000,1000,4-0.25-P,1,43.5824,136730,44,intensifier
sensitivity,L10000,1000,4-0.25-P,1,58.8113,136794,44,intensifier
sensitivity,L10000,1000,4-0.25-P,1,58.9885,136800,40,intensifier
sensitivity,L10000,1000,4-0.25-P,1,59.1652,136857,14,intensifier
sensitivity,L10000,1000,4-0.25-P,1,64.2016,136906,14,intensifier
sensitivity,L10000,1000,4-0.25-P,1,66.8732,136951,62,intensifier
sensitivity,L10000,1000,4-0.25-P,1,67.7801,136959,29,intensifier
sensitivity,L10000,1000,4-0.25-P,1,73.0699,136961,59,intensifier
sensitivity,L10000,1000,4-0.25-P,1,82.9254,136964,59,intensifier
sensitivity,L10000,1000,4-0.25-P,1,90.0209,137065,48,intensifier
sensitivity,L10000,1000,4-0.25-P,1,175.0726,137100,13,intensifier
sensitivity,L10000,1000,4-0.25-P,1,197.6897,137180,32,intensifier
sensitivity,L10000,1000,4-0.25-P,1,234.2433,137204,36,intensifier
sensitivity,L10000,1000,4-0.25-P,1,299.9538,137374,56,intensifier
sensitivity,L10000,1000,4-0.25-P,1,364.5187,137499,22,intensifier
sensitivity,L10000,1000,4-0.25-P,2,0.5695,133602,19,intensifier
sensitivity,L10000,1000,4-0.25-P,2,0.6035,134353,64,explorer
sensitivity,L10000,1000,4-0.25-P,2,0.7203,134382,64,explorer
sensitivity,L10000,1000,4-0.25-P,2,0.8390,135136,59,intensifier
sensitivity,L10000,1000,4-0.25-P,2,0.8693,135147,59,intensifier
sensitivity,L10000,1000,4-0.25-P,2,0.8992,135216,59,intensifier
sensitivity,L10000,1000,4-0.25-P,2,0.9285,135602,59,intensifier
sensitivity,L10000,1000,4-0.25-P,2,1.4297,135680,59,intensifier
sensitivity,L10000,1000,4-0.25-P,2,2.5247,135709,59,intensifier
sensitivity,L10000,1000,4-0.25-P,2,2.6130,135726,59,intensifier
sensitivity,L10000,1000,4-0.25-P,2,2.7021,135920,59,intensifier
sensitivity,L10000,1000,4-0.25-P,2,3.4759,136004,59,intensifier
sensitivity,L10000,1000,4-0.25-P,2,3.5052,136010,59,intensifier
sensitivity,L10000,1000,4-0.25-P,2,5.3422,136043,59,intensifier
sensitivity,L10000,1000,4-0.25-P,2,5.6093,136358,59,intensifier
sensitivity,L10000,1000,4-0.25-P,2,6.8199,136485,59,intensifier
sensitivity,L10000,1000,4-0.25-P,2,13.2558,136500,59,intensifier
sensitivity,L10000,1000,4-0.25-P,2,14.3571,136572,59,intensifier
sensitivity,L10000,1000,4-0.25-P,2,20.8258,136590,39,intensifier
sensitivity,L10000,1000,4-0.25-P,2,22.2760,136605,30,intensifier
sensitivity,L10000,1000,4-0.25-P,2,23.5211,136639,14,intensifier
sensitivity,L10000,1000,4-0.25-P,2,27.5185,136810,14,intensifier
sensitivity,L10000,1000,4-0.25-P,2,31.5824,136914,14,intensifier
sensitivity,L10000,1000,4-0.25-P,2,31.6410,136943,14,intensifier
sensitivity,L10000,1000,4-0.25-P,2,77.5814,137015,51,intensifier
sensitivity,L10000,1000,4-0.25-P,2,92.5686,137023,54,intensifier
sensitivity,L10000,1000,4-0.25-P,2,122.4257,137265,14,intensifier
sensitivity,L10000,1000,4-0.25-P,2,243.1641,137279,48,intensifier
sensitivity,L10000,1000,4-0.25-P,2,284.9816,137521,51,intensifier
sensitivity,L10000,1000,6-0.25-M,1,0.5319,37430,35,intensifier
sensitivity,L10000,1000,6-0.25-M,1,0.5681,37525,29,intensifier
sensitivity,L10000,1000,6-0.25-M,1,0.5987,37841,29,intensifier
sensitivity,L10000,1000,6-0.25-M,1,0.6276,37913,29,intensifier
sensitivity,L10000,1000,6-0.25-M,1,0.6574,38005,29,intensifier
sensitivity,L10000,1000,6-0.25-M,1,0.7165,38130,29,intensifier
sensitivity,L10000,1000,6-0.25-M,1,0.7466,38291,73,explorer
sensitivity,L10000,1000,6-0.25-M,1,0.9544,38296,54,intensifier
sensitivity,L10000,1000,6-0.25-M,1,0.9847,38388,54,intensifier
sensitivity,L10000,1000,6-0.25-M,1,1.1341,38670,54,intensifier
sensitivity,L10000,1000,6-0.25-M,1,1.7263,38805,54,intensifier
sensitivity,L10000,1000,6-0.25-M,1,1.7563,39159,54,intensifier
sensitivity,L10000,1000,6-0.25-M,1,2.4089,39339,54,intensifier
sensitivity,L10000,1000,6-0.25-M,1,2.4387,39572,54,intensifier
sensitivity,L10000,1000,6-0.25-M,1,10.7753,39755,54,intensifier
sensitivity,L10000,1000,6-0.25-M,1,19.8184,39796,54,intensifier
sensitivity,L10000,1000,6-0.25-M,1,20.1770,39890,1,intensifier
sensitivity,L10000,1000,6-0.25-M,1,29.1759,39893,1,intensifier
sensitivity,L10000,1000,6-0.25-M,1,30.3625,39970,17,intensifier
sensitivity,L10000,1000,6-0.25-M,1,33.0223,39991,17,intensifier
sensitivity,L10000,1000,6-0.25-M,1,33.1991,40116,16,intensifier
sensitivity,L10000,1000,6-0.25-M,1,40.8907,40265,16,intensifier
sensitivity,L10000,1000,6-0.25-M,1,79.0637,40270,38,intensifier
sensitivity,L10000,1000,6-0.25-M,1,79.8952,40323,23,intensifier
sensitivity,L10000,1000,6-0.25-M,1,80.2823,40353,28,intensifier
sensitivity,L10000,1000,6-0.25-M,1,85.0106,40488,28,intensifier
sensitivity,L10000,1000,6-0.25-M,1,267.6739,40561,12,intensifier
sensitivity,L10000,1000,6-0.25-M,1,417.7993,40564,19,intensifier
sensitivity,L10000,1000,6-0.25-M,1,470.9452,40567,7,intensifier
sensitivity,L10000,1000,6-0.25-M,1,527.9020,40789,38,intensifier
sensitivity,L10000,1000,6-0.25-M,2,0.4509,37138,81,explorer
sensitivity,L10000,1000,6-0.25-M,2,0.4917,37316,81,explorer
sensitivity,L10000,1000,6-0.25-M,2,0.5218,37413,83,explorer
sensitivity,L10000,1000,6-0.25-M,2,0.6709,37702,21,intensifier
sensitivity,L10000,1000,6-0.25-M,2,0.7013,38189,30,intensifier
sensitivity,L10000,1000,6-0.25-M,2,0.7612,38290,30,intensifier
sensitivity,L10000,1000,6-0.25-M,2,0.7914,38353,30,intensifier
sensitivity,L10000,1000,6-0.25-M,2,0.9402,38389,30,intensifier
sensitivity,L10000,1000,6-0.25-M,2,0.9702,38451,30,intensifier
sensitivity,L10000,1000,6-0.25-M,2,1.0594,38633,30,intensifier
sensitivity,L10000,1000,6-0.25-M,2,1.3286,38665,30,intensifier
sensitivity,L10000,1000,6-0.25-M,2,1.4466,38881,30,intensifier
sensitivity,L10000,1000,6-0.25-M,2,2.3940,39008,30,intensifier
sensitivity,L10000,1000,6-0.25-M,2,2.4240,39051,30,intensifier
sensitivity,L10000,1000,6-0.25-M,2,2.4540,39068,30,intensifier
sensitivity,L10000,1000,6-0.25-M,2,2.5427,39168,30,intensifier
sensitivity,L10000,1000,6-0.25-M,2,3.2524,39268,30,intensifier
sensitivity,L10000,1000,6-0.25-M,2,4.0242,39272,30,intensifier
sensitivity,L10000,1000,6-0.25-M,2,4.2616,39348,30,intensifier
sensitivity,L10000,1000,6-0.25-M,2,4.2917,39538,30,intensifier
sensitivity,L10000,1000,6-0.25-M,2,5.1209,39573,30,intensifier
sensitivity,L10000,1000,6-0.25-M,2,5.4183,39604,30,intensifier
sensitivity,L10000,1000,6-0.25-M,2,7.4598,39810,30,intensifier
sensitivity,L10000,1000,6-0.25-M,2,7.6378,39856,30,intensifier
sensitivity,L10000,1000,6-0.25-M,2,14.7340,39889,30,intensifier
sensitivity,L10000,1000,6-0.25-M,2,18.8202,39997,30,intensifier
sensitivity,L10000,1000,6-0.25-M,2,26.9985,40014,2,intensifier
sensitivity,L10000,1000,6-0.25-M,2,27.0579,40079,12,intensifier
sensitivity,L10000,1000,6-0.25-M,2,83.3603,40115,12,intensifier
sensitivity,L10000,1000,6-0.25-M,2,107.2462,40119,33,intensifier
sensitivity,L10000,1000,6-0.25-M,2,107.6593,40178,7,intensifier
sensitivity,L10000,1000,6-0.25-M,2,126.0161,40192,19,intensifier
sensitivity,L10000,1000,6-0.25-M,2,130.4246,40201,16,intensifier
sensitivity,L10000,1000,6-0.25-M,2,131.7241,40252,16,intensifier
sensitivity,L10000,1000,6-0.25-M,2,167.4452,40287,61,intensifier
sensitivity,L10000,1000,6-0.25-M,2,170.2565,40359,7,intensifier
sensitivity,L10000,1000,6-0.25-M,2,191.3981,40460,45,intensifier
sensitivity,L10000,1000,6-0.25-M,2,425.3245,40609,59,intensifier
sensitivity,L10000,1000,6-0.25-M,2,462.9302,40782,26,intensifier
sensitivity,L10000,1000,5-0.5-P,1,0.3541,261122,14,intensifier
sensitivity,L10000,1000,5-0.5-P,1,0.4339,264319,51,intensifier
sensitivity,L10000,1000,5-0.5-P,1,0.4636,265133,78,explorer
sensitivity,L10000,1000,5-0.5-P,1,0.4930,266211,60,intensifier
sensitivity,L10000,1000,5-0.5-P,1,0.5212,267290,60,intensifier
sensitivity,L10000,1000,5-0.5-P,1,0.5512,268009,60,intensifier
sensitivity,L10000,1000,5-0.5-P,1,0.5811,268986,60,intensifier
sensitivity,L10000,1000,5-0.5-P,1,0.6123,269098,60,intensifier
sensitivity,L10000,1000,5-0.5-P,1,0.6413,269181,60,intensifier
sensitivity,L10000,1000,5-0.5-P,1,0.6703,269739,60,intensifier
sensitivity,L10000,1000,5-0.5-P,1,0.6999,269850,60,intensifier
sensitivity,L10000,1000,5-0.5-P,1,0.7297,269976,60,intensifier
sensitivity,L10000,1000,5-0.5-P,1,0.7596,270086,60,intensifier
sensitivity,L10000,1000,5-0.5-P,1,0.8461,270205,45,intensifier
sensitivity,L10000,1000,5-0.5-P,1,0.8766,270435,45,intensifier
sensitivity,L10000,1000,5-0.5-P,1,0.9051,270781,45,intensifier
sensitivity,L10000,1000,5-0.5-P,1,0.9345,270830,45,intensifier
sensitivity,L10000,1000,5-0.5-P,1,1.0830,270873,45,intensifier
sensitivity,L10000,1000,5-0.5-P,1,1.1410,270906,45,intensifier
sensitivity,L10000,1000,5-0.5-P,1,1.2004,271127,65,explorer
sensitivity,L10000,1000,5-0.5-P,1,1.2296,271337,65,explorer
sensitivity,L10000,1000,5-0.5-P,1,1.7557,271796,8,intensifier
sensitivity,L10000,1000,5-0.5-P,1,1.7846,271855,8,intensifier
sensitivity,L10000,1000,5-0.5-P,1,1.8445,271895,8,intensifier
sensitivity,L10000,1000,5-0.5-P,1,1.8737,272027,8,intensifier
sensitivity,L10000,1000,5-0.5-P,1,1.9880,272105,8,intensifier
sensitivity,L10000,1000,5-0.5-P,1,2.0187,272149,8,intensifier
sensitivity,L10000,1000,5-0.5-P,1,2.8115,272227,8,intensifier
sensitivity,L10000,1000,5-0.5-P,1,3.0760,272298,8,intensifier
sensitivity,L10000,1000,5-0.5-P,1,3.1062,272406,8,intensifier
sensitivity,L10000,1000,5-0.5-P,1,3.1940,272429,8,intensifier
sensitivity,L10000,1000,5-0.5-P,1,3.2234,272636,8,intensifier
sensitivity,L10000,1000,5-0.5-P,1,3.7224,272723,8,intensifier
sensitivity,L10000,1000,5-0.5-P,1,4.0744,272821,8,intensifier
sensitivity,L10000,1000,5-0.5-P,1,4.5687,272870,8,intensifier
sensitivity,L10000,1000,5-0.5-P,1,4.7160,272878,8,intensifier
sensitivity,L10000,1000,5-0.5-P,1,9.1668,272916,8,intensifier
sensitivity,L10000,1000,5-0.5-P,1,10.2180,273123,8,intensifier
sensitivity,L10000,1000,5-0.5-P,1,10.2775,273384,8,intensifier
sensitivity,L10000,1000,5-0.5-P,1,88.7215,273388,7,intensifier
sensitivity,L10000,1000,5-0.5-P,1,98.6533,273425,7,intensifier
sensitivity,L10000,1000,5-0.5-P,1,139.9524,273474,61,intensifier
sensitivity,L10000,1000,5-0.5-P,1,147.2432,273606,61,intensifier
sensitivity,L10000,1000,5-0.5-P,1,152.0711,273798,61,intensifier
sensitivity,L10000,1000,5-0.5-P,1,176.1694,273851,48,intensifier
sensitivity,L10000,1000,5-0.5-P,1,176.1998,273973,48,intensifier
sensitivity,L10000,1000,5-0.5-P,2,0.3809,264344,22,intensifier
sensitivity,L10000,1000,5-0.5-P,2,0.4522,267067,30,intensifier
sensitivity,L10000,1000,5-0.5-P,2,0.4816,267795,9,intensifier
sensitivity,L10000,1000,5-0.5-P,2,0.5108,268690,30,intensifier
sensitivity,L10000,1000,5-0.5-P,2,0.5401,269166,30,intensifier
sensitivity,L10000,1000,5-0.5-P,2,0.5696,269831,30,intensifier
sensitivity,L10000,1000,5-0.5-P,2,0.5988,270307,30,intensifier
sensitivity,L10000,1000,5-0.5-P,2,0.6277,270548,30,intensifier
sensitivity,L10000,1000,5-0.5-P,2,0.6566,271104,30,intensifier
sensitivity,L10000,1000,5-0.5-P,2,0.6870,271263,30,intensifier
sensitivity,L10000,1000,5-0.5-P,2,0.8902,271291,30,intensifier
sensitivity,L10000,1000,5-0.5-P,2,1.0382,271566,36,intensifier
sensitivity,L10000,1000,5-0.5-P,2,1.0679,271602,36,intensifier
sensitivity,L10000,1000,5-0.5-P,2,1.1258,271806,36,intensifier
sensitivity,L10000,1000,5-0.5-P,2,1.1563,271888,36,intensifier
sensitivity,L10000,1000,5-0.5-P,2,1.1857,272022,36,intensifier
sensitivity,L10000,1000,5-0.5-P,2,1.2151,272272,36,intensifier
sensitivity,L10000,1000,5-0.5-P,2,1.2448,272348,36,intensifier
sensitivity,L10000,1000,5-0.5-P,2,1.4226,272384,36,intensifier
sensitivity,L10000,1000,5-0.5-P,2,1.4524,272440,36,intensifier
sensitivity,L10000,1000,5-0.5-P,2,1.5106,272511,36,intensifier
sensitivity,L10000,1000,5-0.5-P,2,1.5410,272580,36,intensifier
sensitivity,L10000,1000,5-0.5-P,2,1.6883,272635,36,intensifier
sensitivity,L10000,1000,5-0.5-P,2,1.9828,272640,36,intensifier
sensitivity,L10000,1000,5-0.5-P,2,16.4716,272802,29,intensifier
sensitivity,L10000,1000,5-0.5-P,2,17.7419,272968,29,intensifier
sensitivity,L10000,1000,5-0.5-P,2,18.2447,273027,29,intensifier
sensitivity,L10000,1000,5-0.5-P,2,21.7120,273097,29,intensifier
sensitivity,L10000,1000,5-0.5-P,2,25.3660,273195,29,intensifier
sensitivity,L10000,1000,5-0.5-P,2,25.7776,273227,29,intensifier
sensitivity,L10000,1000,5-0.5-P,2,38.6251,273401,22,intensifier
sensitivity,L10000,1000,5-0.5-P,2,137.1998,273423,19,intensifier
sensitivity,L10000,1000,5-0.5-P,2,235.2290,273434,26,intensifier
sensitivity,L10000,1000,5-0.5-P,2,239.9806,273449,53,intensifier
sensitivity,L10000,1000,5-0.5-P,2,241.9345,273496,44,intensifier
sensitivity,L10000,1000,5-0.5-P,2,475.9964,273524,6,intensifier
sensitivity,L10000,1000,5-0.5-P,2,504.6057,273532,16,intensifier
sensitivity,L10000,1000,5-0.5-P,2,505.1582,273534,45,intensifier
sensitivity,L10000,1000,5-0.5-P,2,505.2469,273631,45,intensifier
sensitivity,L10000,1000,5-0.5-P,2,505.9172,273742,26,intensifier
sensitivity,L10000,1000,5-0.5-P,2,539.3276,273791,29,intensifier
sensitivity,L10000,1000,5-0.5-P,2,549.8594,273817,29,intensifier
sensitivity,L10000,1000,2-0.5-M,1,0.3704,49789,80,explorer
sensitivity,L10000,1000,2-0.5-M,1,0.4410,51161,77,explorer
sensitivity,L10000,1000,2-0.5-M,1,0.4712,51679,27,intensifier
sensitivity,L10000,1000,2-0.5-M,1,0.5013,52631,9,intensifier
sensitivity,L10000,1000,2-0.5-M,1,0.5314,53017,9,intensifier
sensitivity,L10000,1000,2-0.5-M,1,0.5617,53368,9,intensifier
sensitivity,L10000,1000,2-0.5-M,1,0.5920,53626,9,intensifier
sensitivity,L10000,1000,2-0.5-M,1,0.6226,54133,9,intensifier
sensitivity,L10000,1000,2-0.5-M,1,0.6514,54342,9,intensifier
sensitivity,L10000,1000,2-0.5-M,1,0.6815,54489,52,intensifier
sensitivity,L10000,1000,2-0.5-M,1,0.7117,54849,9,intensifier
sensitivity,L10000,1000,2-0.5-M,1,0.7709,54869,9,intensifier
sensitivity,L10000,1000,2-0.5-M,1,0.8001,55124,25,intensifier
sensitivity,L10000,1000,2-0.5-M,1,0.8292,55641,25,intensifier
sensitivity,L10000,1000,2-0.5-M,1,1.0028,55670,25,intensifier
sensitivity,L10000,1000,2-0.5-M,1,1.2072,55855,67,explorer
sensitivity,L10000,1000,2-0.5-M,1,1.2365,55968,67,explorer
sensitivity,L10000,1000,2-0.5-M,1,4.5160,55986,21,intensifier
sensitivity,L10000,1000,2-0.5-M,1,4.5453,56024,21,intensifier
sensitivity,L10000,1000,2-0.5-M,1,4.6037,56247,21,intensifier
sensitivity,L10000,1000,2-0.5-M,1,4.6917,56458,21,intensifier
sensitivity,L10000,1000,2-0.5-M,1,4.7504,56473,21,intensifier
sensitivity,L10000,1000,2-0.5-M,1,5.1304,56553,21,intensifier
sensitivity,L10000,1000,2-0.5-M,1,6.4161,56694,21,intensifier
sensitivity,L10000,1000,2-0.5-M,1,6.4461,56800,21,intensifier
sensitivity,L10000,1000,2-0.5-M,1,9.6105,56817,21,intensifier
sensitivity,L10000,1000,2-0.5-M,1,9.8465,56884,21,intensifier
sensitivity,L10000,1000,2-0.5-M,1,14.3333,56925,21,intensifier
sensitivity,L10000,1000,2-0.5-M,1,15.8575,57074,21,intensifier
sensitivity,L10000,1000,2-0.5-M,1,18.3256,57087,21,intensifier
sensitivity,L10000,1000,2-0.5-M,1,18.3557,57134,21,intensifier
sensitivity,L10000,1000,2-0.5-M,1,20.3154,57245,60,intensifier
sensitivity,L10000,1000,2-0.5-M,1,21.9812,57252,60,intensifier
sensitivity,L10000,1000,2-0.5-M,1,33.9413,57410,26,intensifier
sensitivity,L10000,1000,2-0.5-M,1,68.3806,57425,43,intensifier
sensitivity,L10000,1000,2-0.5-M,1,70.3191,57429,17,intensifier
sensitivity,L10000,1000,2-0.5-M,1,70.4958,57463,17,intensifier
sensitivity,L10000,1000,2-0.5-M,1,71.1973,57475,17,intensifier
sensitivity,L10000,1000,2-0.5-M,1,101.7705,57497,18,intensifier
sensitivity,L10000,1000,2-0.5-M,1,103.2392,57557,41,intensifier
sensitivity,L10000,1000,2-0.5-M,1,111.9397,57642,41,intensifier
sensitivity,L10000,1000,2-0.5-M,1,117.2689,57735,41,intensifier
sensitivity,L10000,1000,2-0.5-M,1,257.7732,57746,1,intensifier
sensitivity,L10000,1000,2-0.5-M,1,262.4714,57828,1,intensifier
sensitivity,L10000,1000,2-0.5-M,1,395.2532,57943,8,intensifier
sensitivity,L10000,1000,2-0.5-M,1,471.2467,57952,34,intensifier
sensitivity,L10000,1000,2-0.5-M,2,0.4648,51823,6,intensifier
sensitivity,L10000,1000,2-0.5-M,2,0.5235,53111,51,intensifier
sensitivity,L10000,1000,2-0.5-M,2,0.5530,53797,51,intensifier
sensitivity,L10000,1000,2-0.5-M,2,0.6125,54262,19,intensifier
sensitivity,L10000,1000,2-0.5-M,2,0.6430,54410,22,intensifier
sensitivity,L10000,1000,2-0.5-M,2,0.6731,55169,22,intensifier
sensitivity,L10000,1000,2-0.5-M,2,0.7031,55356,22,intensifier
sensitivity,L10000,1000,2-0.5-M,2,0.7325,55554,22,intensifier
sensitivity,L10000,1000,2-0.5-M,2,1.0516,56003,22,intensifier
sensitivity,L10000,1000,2-0.5-M,2,1.1669,56084,22,intensifier
sensitivity,L10000,1000,2-0.5-M,2,1.1966,56479,22,intensifier
sensitivity,L10000,1000,2-0.5-M,2,2.4550,56509,22,intensifier
sensitivity,L10000,1000,2-0.5-M,2,2.7173,56562,22,intensifier
sensitivity,L10000,1000,2-0.5-M,2,2.8649,56604,22,intensifier
sensitivity,L10000,1000,2-0.5-M,2,2.9815,56621,22,intensifier
sensitivity,L10000,1000,2-0.5-M,2,3.0692,56661,22,intensifier
sensitivity,L10000,1000,2-0.5-M,2,3.9086,56851,22,intensifier
sensitivity,L10000,1000,2-0.5-M,2,4.6699,56911,22,intensifier
sensitivity,L10000,1000,2-0.5-M,2,5.6115,56947,22,intensifier
sensitivity,L10000,1000,2-0.5-M,2,6.8143,57145,22,intensifier
sensitivity,L10000,1000,2-0.5-M,2,7.1089,57222,22,intensifier
sensitivity,L10000,1000,2-0.5-M,2,9.1995,57315,22,intensifier
sensitivity,L10000,1000,2-0.5-M,2,13.0721,57345,22,intensifier
sensitivity,L10000,1000,2-0.5-M,2,13.2495,57565,22,intensifier
sensitivity,L10000,1000,2-0.5-M,2,99.6780,57607,27,intensifier
sensitivity,L10000,1000,2-0.5-M,2,101.6235,57629,16,intensifier
sensitivity,L10000,1000,2-0.5-M,2,149.7983,57736,29,intensifier
sensitivity,L10000,1000,2-0.5-M,2,151.5012,57757,59,intensifier
sensitivity,L10000,1000,2-0.5-M,2,440.3452,57919,59,intensifier
sensitivity,L10000,1000,6-0.75-P,1,0.6874,348316,27,intensifier
sensitivity,L10000,1000,6-0.75-P,1,0.8050,348445,51,intensifier
sensitivity,L10000,1000,6-0.75-P,1,0.8355,348648,51,intensifier
sensitivity,L10000,1000,6-0.75-P,1,0.9834,348756,51,intensifier
sensitivity,L10000,1000,6-0.75-P,1,1.4854,348762,51,intensifier
sensitivity,L10000,1000,6-0.75-P,1,1.6337,349051,51,intensifier
sensitivity,L10000,1000,6-0.75-P,1,1.6638,349125,51,intensifier
sensitivity,L10000,1000,6-0.75-P,1,1.6943,349240,51,intensifier
sensitivity,L10000,1000,6-0.75-P,1,1.7234,349252,51,intensifier
sensitivity,L10000,1000,6-0.75-P,1,1.8133,349564,51,intensifier
sensitivity,L10000,1000,6-0.75-P,1,2.1096,349607,51,intensifier
sensitivity,L10000,1000,6-0.75-P,1,2.4639,349714,51,intensifier
sensitivity,L10000,1000,6-0.75-P,1,5.0060,349883,51,intensifier
sensitivity,L10000,1000,6-0.75-P,1,5.4180,349974,51,intensifier
sensitivity,L10000,1000,6-0.75-P,1,7.0400,349997,51,intensifier
sensitivity,L10000,1000,6-0.75-P,1,7.9278,350017,51,intensifier
sensitivity,L10000,1000,6-0.75-P,1,13.9282,350041,51,intensifier
sensitivity,L10000,1000,6-0.75-P,1,14.1661,350086,51,intensifier
sensitivity,L10000,1000,6-0.75-P,1,15.3491,350324,51,intensifier
sensitivity,L10000,1000,6-0.75-P,1,15.4076,350339,51,intensifier
sensitivity,L10000,1000,6-0.75-P,1,105.6145,350359,59,intensifier
sensitivity,L10000,1000,6-0.75-P,1,107.2643,350378,9,intensifier
sensitivity,L10000,1000,6-0.75-P,1,108.8900,350473,9,intensifier
sensitivity,L10000,1000,6-0.75-P,1,116.8246,350508,9,intensifier
sensitivity,L10000,1000,6-0.75-P,1,195.0346,350562,6,intensifier
sensitivity,L10000,1000,6-0.75-P,1,267.7385,350573,38,intensifier
sensitivity,L10000,1000,6-0.75-P,1,458.1660,350621,61,intensifier
sensitivity,L10000,1000,6-0.75-P,1,479.2303,350660,39,intensifier
sensitivity,L10000,1000,6-0.75-P,1,491.0284,350843,52,intensifier
sensitivity,L10000,1000,6-0.75-P,1,500.6197,350923,52,intensifier
sensitivity,L10000,1000,6-0.75-P,2,0.6900,348952,30,intensifier
sensitivity,L10000,1000,6-0.75-P,2,0.8085,348998,55,intensifier
sensitivity,L10000,1000,6-0.75-P,2,0.8387,349110,55,intensifier
sensitivity,L10000,1000,6-0.75-P,2,0.9866,349506,55,intensifier
sensitivity,L10000,1000,6-0.75-P,2,1.4891,349666,55,intensifier
sensitivity,L10000,1000,6-0.75-P,2,2.1921,349672,55,intensifier
sensitivity,L10000,1000,6-0.75-P,2,2.2809,349710,55,intensifier
sensitivity,L10000,1000,6-0.75-P,2,2.5482,349736,55,intensifier
sensitivity,L10000,1000,6-0.75-P,2,2.5780,349752,55,intensifier
sensitivity,L10000,1000,6-0.75-P,2,2.6370,349882,55,intensifier
sensitivity,L10000,1000,6-0.75-P,2,2.6667,350018,55,intensifier
sensitivity,L10000,1000,6-0.75-P,2,3.4595,350120,55,intensifier
sensitivity,L10000,1000,6-0.75-P,2,6.3672,350158,55,intensifier
sensitivity,L10000,1000,6-0.75-P,2,6.5133,350263,55,intensifier
sensitivity,L10000,1000,6-0.75-P,2,7.9251,350291,55,intensifier
sensitivity,L10000,1000,6-0.75-P,2,29.9722,350391,55,intensifier
sensitivity,L10000,1000,6-0.75-P,2,31.0298,350451,12,intensifier
sensitivity,L10000,1000,6-0.75-P,2,95.4181,350521,44,intensifier
sensitivity,L10000,1000,6-0.75-P,2,100.3026,350542,44,intensifier
sensitivity,L10000,1000,6-0.75-P,2,118.7535,350556,18,intensifier
sensitivity,L10000,1000,6-0.75-P,2,126.0744,350574,43,intensifier
sensitivity,L10000,1000,6-0.75-P,2,215.8250,350601,30,intensifier
sensitivity,L10000,1000,6-0.75-P,2,218.0031,350677,42,intensifier
sensitivity,L10000,1000,6-0.75-P,2,223.6781,350715,32,intensifier
sensitivity,L10000,1000,6-0.75-P,2,339.2022,350761,29,intensifier
sensitivity,L10000,1000,6-0.75-P,2,470.6199,350765,16,intensifier
sensitivity,L10000,1000,6-0.75-P,2,474.8956,350888,36,intensifier
sensitivity,L10000,1000,6-0.75-P,2,477.1033,350925,36,intensifier
sensitivity,L10000,1000,3-0.75-M,1,0.6811,36306,60,intensifier
sensitivity,L10000,1000,3-0.75-M,1,1.1541,36376,77,explorer
sensitivity,L10000,1000,3-0.75-M,1,1.1839,36636,77,explorer
sensitivity,L10000,1000,3-0.75-M,1,2.2110,36755,10,intensifier
sensitivity,L10000,1000,3-0.75-M,1,2.2416,37020,10,intensifier
sensitivity,L10000,1000,3-0.75-M,1,2.3024,37160,10,intensifier
sensitivity,L10000,1000,3-0.75-M,1,2.6853,37223,10,intensifier
sensitivity,L10000,1000,3-0.75-M,1,2.7438,37257,10,intensifier
sensitivity,L10000,1000,3-0.75-M,1,16.2091,37299,23,intensifier
sensitivity,L10000,1000,3-0.75-M,1,19.9869,37496,23,intensifier
sensitivity,L10000,1000,3-0.75-M,1,27.9779,37603,23,intensifier
sensitivity,L10000,1000,3-0.75-M,1,54.8521,37655,5,intensifier
sensitivity,L10000,1000,3-0.75-M,1,64.0448,37678,5,intensifier
sensitivity,L10000,1000,3-0.75-M,1,67.3119,37689,52,intensifier
sensitivity,L10000,1000,3-0.75-M,1,69.6126,37753,5,intensifier
sensitivity,L10000,1000,3-0.75-M,1,77.7969,37832,46,intensifier
sensitivity,L10000,1000,3-0.75-M,1,86.9339,37902,46,intensifier
sensitivity,L10000,1000,3-0.75-M,1,107.1885,37905,47,intensifier
sensitivity,L10000,1000,3-0.75-M,1,150.1595,37976,10,intensifier
sensitivity,L10000,1000,3-0.75-M,1,518.2334,37981,48,intensifier
sensitivity,L10000,1000,3-0.75-M,2,0.6907,35915,12,intensifier
sensitivity,L10000,1000,3-0.75-M,2,0.7789,35944,32,intensifier
sensitivity,L10000,1000,3-0.75-M,2,0.8085,36350,49,intensifier
sensitivity,L10000,1000,3-0.75-M,2,0.8381,36371,49,intensifier
sensitivity,L10000,1000,3-0.75-M,2,0.8674,36386,49,intensifier
sensitivity,L10000,1000,3-0.75-M,2,0.9576,36449,49,intensifier
sensitivity,L10000,1000,3-0.75-M,2,1.1928,36528,49,intensifier
sensitivity,L10000,1000,3-0.75-M,2,1.2222,36638,49,intensifier
sensitivity,L10000,1000,3-0.75-M,2,2.1333,36728,49,intensifier
sensitivity,L10000,1000,3-0.75-M,2,2.3095,36773,49,intensifier
sensitivity,L10000,1000,3-0.75-M,2,2.3689,36849,49,intensifier
sensitivity,L10000,1000,3-0.75-M,2,2.8409,36877,49,intensifier
sensitivity,L10000,1000,3-0.75-M,2,5.3905,37103,49,intensifier
sensitivity,L10000,1000,3-0.75-M,2,7.8464,37154,62,intensifier
sensitivity,L10000,1000,3-0.75-M,2,7.8767,37188,62,intensifier
sensitivity,L10000,1000,3-0.75-M,2,8.4091,37261,62,intensifier
sensitivity,L10000,1000,3-0.75-M,2,8.7629,37326,62,intensifier
sensitivity,L10000,1000,3-0.75-M,2,12.8714,37381,62,intensifier
sensitivity,L10000,1000,3-0.75-M,2,14.4635,37493,44,intensifier
sensitivity,L10000,1000,3-0.75-M,2,19.9710,37526,44,intensifier
sensitivity,L10000,1000,3-0.75-M,2,25.5261,37543,44,intensifier
sensitivity,L10000,1000,3-0.75-M,2,26.0865,37746,44,intensifier
sensitivity,L10000,1000,3-0.75-M,2,31.7145,37762,15,intensifier
sensitivity,L10000,1000,3-0.75-M,2,88.8817,37813,9,intensifier
sensitivity,L10000,1000,3-0.75-M,2,89.7065,37835,17,intensifier
sensitivity,L10000,1000,3-0.75-M,2,94.7046,37841,17,intensifier
sensitivity,L10000,1000,3-0.75-M,2,132.9491,37858,19,intensifier
sensitivity,L10000,1000,3-0.75-M,2,141.5252,37984,5,intensifier
sensitivity,L10000,1000,3-0.75-M,2,146.6683,38132,5,intensifier
sensitivity,L10000,1000,3-0.75-M,2,397.2903,38223,40,intensifier
sensitivity,d0.25,1000,4-0.25-P,1,0.5782,134024,6,intensifier
sensitivity,d0.25,1000,4-0.25-P,1,0.6119,134086,36,intensifier
sensitivity,d0.25,1000,4-0.25-P,1,0.6708,134327,36,intensifier
sensitivity,d0.25,1000,4-0.25-P,1,0.7303,134425,36,intensifier
sensitivity,d0.25,1000,4-0.25-P,1,0.7600,134523,36,intensifier
sensitivity,d0.25,1000,4-0.25-P,1,0.9069,134639,36,intensifier
sensitivity,d0.25,1000,4-0.25-P,1,0.9365,134695,36,intensifier
sensitivity,d0.25,1000,4-0.25-P,1,0.9664,134765,36,intensifier
sensitivity,d0.25,1000,4-0.25-P,1,1.0853,134911,36,intensifier
sensitivity,d0.25,1000,4-0.25-P,1,1.1147,135100,36,intensifier
sensitivity,d0.25,1000,4-0.25-P,1,1.3809,135125,36,intensifier
sensitivity,d0.25,1000,4-0.25-P,1,1.4418,135265,36,intensifier
sensitivity,d0.25,1000,4-0.25-P,1,1.4719,135268,5,intensifier
sensitivity,d0.25,1000,4-0.25-P,1,1.5014,135354,5,intensifier
sensitivity,d0.25,1000,4-0.25-P,1,1.5312,135550,5,intensifier
sensitivity,d0.25,1000,4-0.25-P,1,1.7054,135556,5,intensifier
sensitivity,d0.25,1000,4-0.25-P,1,1.7356,135566,5,intensifier
sensitivity,d0.25,1000,4-0.25-P,1,1.9459,135625,5,intensifier
sensitivity,d0.25,1000,4-0.25-P,1,2.0940,135631,5,intensifier
sensitivity,d0.25,1000,4-0.25-P,1,2.5072,135855,5,intensifier
sensitivity,d0.25,1000,4-0.25-P,1,3.4185,135856,5,intensifier
sensitivity,d0.25,1000,4-0.25-P,1,4.4173,135873,5,intensifier
sensitivity,d0.25,1000,4-0.25-P,1,4.5643,135897,5,intensifier
sensitivity,d0.25,1000,4-0.25-P,1,4.6530,135964,5,intensifier
sensitivity,d0.25,1000,4-0.25-P,1,4.7717,136044,5,intensifier
sensitivity,d0.25,1000,4-0.25-P,1,4.8016,136139,5,intensifier
sensitivity,d0.25,1000,4-0.25-P,1,7.6647,136152,5,intensifier
sensitivity,d0.25,1000,4-0.25-P,1,7.9335,136205,36,intensifier
sensitivity,d0.25,1000,4-0.25-P,1,8.0203,136372,36,intensifier
sensitivity,d0.25,1000,4-0.25-P,1,9.9791,136542,36,intensifier
sensitivity,d0.25,1000,4-0.25-P,1,16.7984,136736,36,intensifier
sensitivity,d0.25,1000,4-0.25-P,1,33.4199,136744,45,intensifier
sensitivity,d0.25,1000,4-0.25-P,1,33.6874,136778,17,intensifier
sensitivity,d0.25,1000,4-0.25-P,1,33.9551,136918,11,intensifier
sensitivity,d0.25,1000,4-0.25-P,1,40.8913,136951,11,intensifier
sensitivity,d0.25,1000,4-0.25-P,1,41.3088,136988,29,intensifier
sensitivity,d0.25,1000,4-0.25-P,1,41.5459,137024,34,intensifier
sensitivity,d0.25,1000,4-0.25-P,1,56.6395,137119,7,intensifier
sensitivity,d0.25,1000,4-0.25-P,1,67.9126,137141,56,intensifier
sensitivity,d0.25,1000,4-0.25-P,1,68.6196,137264,22,intensifier
sensitivity,d0.25,1000,4-0.25-P,1,92.1937,137315,10,intensifier
sensitivity,d0.25,1000,4-0.25-P,1,205.2719,137361,4,intensifier
sensitivity,d0.25,1000,4-0.25-P,1,206.9022,137448,4,intensifier
sensitivity,d0.25,1000,4-0.25-P,1,325.5151,137479,11,intensifier
sensitivity,d0.25,1000,4-0.25-P,1,333.3618,137490,45,intensifier
sensitivity,d0.25,1000,4-0.25-P,1,435.9597,137530,35,intensifier
sensitivity,d0.25,1000,4-0.25-P,1,582.7839,137550,62,intensifier
sensitivity,d0.25,1000,4-0.25-P,2,0.5624,133455,25,intensifier
sensitivity,d0.25,1000,4-0.25-P,2,0.5969,134353,64,explorer
sensitivity,d0.25,1000,4-0.25-P,2,0.6555,134411,22,intensifier
sensitivity,d0.25,1000,4-0.25-P,2,0.7141,134567,22,intensifier
sensitivity,d0.25,1000,4-0.25-P,2,1.0394,135072,59,intensifier
sensitivity,d0.25,1000,4-0.25-P,2,1.0691,135500,59,intensifier
sensitivity,d0.25,1000,4-0.25-P,2,1.1585,135664,59,intensifier
sensitivity,d0.25,1000,4-0.25-P,2,1.6315,135716,59,intensifier
sensitivity,d0.25,1000,4-0.25-P,2,1.7499,135782,59,intensifier
sensitivity,d0.25,1000,4-0.25-P,2,2.1056,135811,59,intensifier
sensitivity,d0.25,1000,4-0.25-P,2,3.0505,135954,59,intensifier
sensitivity,d0.25,1000,4-0.25-P,2,4.4746,136020,59,intensifier
sensitivity,d0.25,1000,4-0.25-P,2,4.7699,136107,59,intensifier
sensitivity,d0.25,1000,4-0.25-P,2,4.8001,136133,59,intensifier
sensitivity,d0.25,1000,4-0.25-P,2,8.0545,136263,59,intensifier
sensitivity,d0.25,1000,4-0.25-P,2,9.2756,136326,30,intensifier
sensitivity,d0.25,1000,4-0.25-P,2,10.2867,136443,30,intensifier
sensitivity,d0.25,1000,4-0.25-P,2,10.4360,136444,29,intensifier
sensitivity,d0.25,1000,4-0.25-P,2,10.5858,136501,34,intensifier
sensitivity,d0.25,1000,4-0.25-P,2,10.7360,136585,34,intensifier
sensitivity,d0.25,1000,4-0.25-P,2,13.7020,136679,34,intensifier
sensitivity,d0.25,1000,4-0.25-P,2,13.7621,136802,34,intensifier
sensitivity,d0.25,1000,4-0.25-P,2,16.4245,136921,4,intensifier
sensitivity,d0.25,1000,4-0.25-P,2,38.6269,136976,4,intensifier
sensitivity,d0.25,1000,4-0.25-P,2,43.7951,136988,4,intensifier
sensitivity,d0.25,1000,4-0.25-P,2,44.8352,137009,8,intensifier
sensitivity,d0.25,1000,4-0.25-P,2,45.0132,137121,25,intensifier
sensitivity,d0.25,1000,4-0.25-P,2,55.9135,137130,33,intensifier
sensitivity,d0.25,1000,4-0.25-P,2,152.7817,137205,28,intensifier
sensitivity,d0.25,1000,4-0.25-P,2,190.4808,137417,9,intensifier
sensitivity,d0.25,1000,4-0.25-P,2,279.2417,137435,45,intensifier
sensitivity,d0.25,1000,4-0.25-P,2,405.3070,137443,12,intensifier
sensitivity,d0.25,1000,6-0.25-M,1,0.5692,37389,35,intensifier
sensitivity,d0.25,1000,6-0.25-M,1,0.6046,37525,29,intensifier
sensitivity,d0.25,1000,6-0.25-M,1,0.6341,37721,29,intensifier
sensitivity,d0.25,1000,6-0.25-M,1,0.6635,37841,29,intensifier
sensitivity,d0.25,1000,6-0.25-M,1,0.6930,38005,29,intensifier
sensitivity,d0.25,1000,6-0.25-M,1,0.7817,38130,29,intensifier
sensitivity,d0.25,1000,6-0.25-M,1,0.8110,38291,73,explorer
sensitivity,d0.25,1000,6-0.25-M,1,1.0168,38296,54,intensifier
sensitivity,d0.25,1000,6-0.25-M,1,1.0776,38388,54,intensifier
sensitivity,d0.25,1000,6-0.25-M,1,1.2238,38533,54,intensifier
sensitivity,d0.25,1000,6-0.25-M,1,1.2535,38670,54,intensifier
sensitivity,d0.25,1000,6-0.25-M,1,1.8958,38805,54,intensifier
sensitivity,d0.25,1000,6-0.25-M,1,1.9264,39159,54,intensifier
sensitivity,d0.25,1000,6-0.25-M,1,2.6302,39339,54,intensifier
sensitivity,d0.25,1000,6-0.25-M,1,2.6605,39572,54,intensifier
sensitivity,d0.25,1000,6-0.25-M,1,12.7266,39735,58,intensifier
sensitivity,d0.25,1000,6-0.25-M,1,15.9886,39866,58,intensifier
sensitivity,d0.25,1000,6-0.25-M,1,18.6734,39887,58,intensifier
sensitivity,d0.25,1000,6-0.25-M,1,19.2907,39906,37,intensifier
sensitivity,d0.25,1000,6-0.25-M,1,19.3206,39918,37,intensifier
sensitivity,d0.25,1000,6-0.25-M,1,19.4677,39996,11,intensifier
sensitivity,d0.25,1000,6-0.25-M,1,19.9106,40015,11,intensifier
sensitivity,d0.25,1000,6-0.25-M,1,26.8223,40038,46,intensifier
sensitivity,d0.25,1000,6-0.25-M,1,26.8816,40120,46,intensifier
sensitivity,d0.25,1000,6-0.25-M,1,51.9099,40147,48,intensifier
sensitivity,d0.25,1000,6-0.25-M,1,52.9726,40253,34,intensifier
sensitivity,d0.25,1000,6-0.25-M,1,85.2995,40268,28,intensifier
sensitivity,d0.25,1000,6-0.25-M,1,176.2948,40440,39,intensifier
sensitivity,d0.25,1000,6-0.25-M,1,190.0606,40454,26,intensifier
sensitivity,d0.25,1000,6-0.25-M,1,519.8675,40530,60,intensifier
sensitivity,d0.25,1000,6-0.25-M,1,529.3414,40623,58,intensifier
sensitivity,d0.25,1000,6-0.25-M,2,0.5429,37413,83,explorer
sensitivity,d0.25,1000,6-0.25-M,2,0.6689,37702,21,intensifier
sensitivity,d0.25,1000,6-0.25-M,2,0.6991,38189,30,intensifier
sensitivity,d0.25,1000,6-0.25-M,2,0.7293,38201,21,intensifier
sensitivity,d0.25,1000,6-0.25-M,2,0.7594,38232,61,intensifier
sensitivity,d0.25,1000,6-0.25-M,2,0.7896,38245,21,intensifier
sensitivity,d0.25,1000,6-0.25-M,2,0.8194,38461,61,intensifier
sensitivity,d0.25,1000,6-0.25-M,2,0.9088,38572,61,intensifier
sensitivity,d0.25,1000,6-0.25-M,2,1.1462,38617,61,intensifier
sensitivity,d0.25,1000,6-0.25-M,2,1.3832,38906,61,intensifier
sensitivity,d0.25,1000,6-0.25-M,2,1.4733,38916,61,intensifier
sensitivity,d0.25,1000,6-0.25-M,2,1.7422,38985,61,intensifier
sensitivity,d0.25,1000,6-0.25-M,2,3.6679,39102,61,intensifier
sensitivity,d0.25,1000,6-0.25-M,2,4.4077,39151,61,intensifier
sensitivity,d0.25,1000,6-0.25-M,2,5.0603,39229,61,intensifier
sensitivity,d0.25,1000,6-0.25-M,2,5.2681,39238,61,intensifier
sensitivity,d0.25,1000,6-0.25-M,2,6.6321,39262,28,intensifier
sensitivity,d0.25,1000,6-0.25-M,2,7.0177,39345,12,intensifier
sensitivity,d0.25,1000,6-0.25-M,2,9.1173,39381,12,intensifier
sensitivity,d0.25,1000,6-0.25-M,2,9.2364,39431,12,intensifier
sensitivity,d0.25,1000,6-0.25-M,2,9.5916,39467,20,intensifier
sensitivity,d0.25,1000,6-0.25-M,2,9.8897,39537,8,intensifier
sensitivity,d0.25,1000,6-0.25-M,2,15.2814,39540,53,intensifier
sensitivity,d0.25,1000,6-0.25-M,2,15.3110,39555,53,intensifier
sensitivity,d0.25,1000,6-0.25-M,2,15.3707,39730,9,intensifier
sensitivity,d0.25,1000,6-0.25-M,2,17.0910,39739,37,intensifier
sensitivity,d0.25,1000,6-0.25-M,2,17.7730,39822,14,intensifier
sensitivity,d0.25,1000,6-0.25-M,2,28.8860,39834,25,intensifier
sensitivity,d0.25,1000,6-0.25-M,2,29.3577,40009,43,intensifier
sensitivity,d0.25,1000,6-0.25-M,2,32.2003,40057,55,intensifier
sensitivity,d0.25,1000,6-0.25-M,2,33.7126,40093,13,intensifier
sensitivity,d0.25,1000,6-0.25-M,2,33.8310,40136,35,intensifier
sensitivity,d0.25,1000,6-0.25-M,2,34.7199,40149,12,intensifier
sensitivity,d0.25,1000,6-0.25-M,2,36.2020,40156,5,intensifier
sensitivity,d0.25,1000,6-0.25-M,2,45.9389,40184,29,intensifier
sensitivity,d0.25,1000,6-0.25-M,2,45.9990,40310,38,intensifier
sensitivity,d0.25,1000,6-0.25-M,2,51.3346,40406,38,intensifier
sensitivity,d0.25,1000,6-0.25-M,2,90.4593,40420,39,intensifier
sensitivity,d0.25,1000,6-0.25-M,2,94.5703,40496,61,intensifier
sensitivity,d0.25,1000,6-0.25-M,2,216.2974,40623,12,intensifier
sensitivity,d0.25,1000,6-0.25-M,2,270.4922,40665,2,intensifier
sensitivity,d0.25,1000,6-0.25-M,2,340.9908,40834,24,intensifier
sensitivity,d0.25,1000,5-0.5-P,1,0.3645,262997,14,intensifier
sensitivity,d0.25,1000,5-0.5-P,1,0.4409,266004,49,intensifier
sensitivity,d0.25,1000,5-0.5-P,1,0.4703,266569,14,intensifier
sensitivity,d0.25,1000,5-0.5-P,1,0.5000,267750,14,intensifier
sensitivity,d0.25,1000,5-0.5-P,1,0.5299,268348,14,intensifier
sensitivity,d0.25,1000,5-0.5-P,1,0.5596,268671,8,intensifier
sensitivity,d0.25,1000,5-0.5-P,1,0.5896,269027,8,intensifier
sensitivity,d0.25,1000,5-0.5-P,1,0.6195,269213,8,intensifier
sensitivity,d0.25,1000,5-0.5-P,1,0.6490,269520,8,intensifier
sensitivity,d0.25,1000,5-0.5-P,1,0.7087,269606,36,intensifier
sensitivity,d0.25,1000,5-0.5-P,1,0.7389,270284,36,intensifier
sensitivity,d0.25,1000,5-0.5-P,1,0.7680,270405,36,intensifier
sensitivity,d0.25,1000,5-0.5-P,1,0.7980,270496,36,intensifier
sensitivity,d0.25,1000,5-0.5-P,1,0.8276,270701,36,intensifier
sensitivity,d0.25,1000,5-0.5-P,1,0.8568,270829,36,intensifier
sensitivity,d0.25,1000,5-0.5-P,1,0.8864,271168,36,intensifier
sensitivity,d0.25,1000,5-0.5-P,1,0.9156,271348,36,intensifier
sensitivity,d0.25,1000,5-0.5-P,1,0.9447,271462,36,intensifier
sensitivity,d0.25,1000,5-0.5-P,1,0.9734,271529,36,intensifier
sensitivity,d0.25,1000,5-0.5-P,1,1.2383,271605,36,intensifier
sensitivity,d0.25,1000,5-0.5-P,1,1.2674,271699,36,intensifier
sensitivity,d0.25,1000,5-0.5-P,1,1.6460,271702,27,intensifier
sensitivity,d0.25,1000,5-0.5-P,1,1.7056,271804,27,intensifier
sensitivity,d0.25,1000,5-0.5-P,1,2.0274,271857,27,intensifier
sensitivity,d0.25,1000,5-0.5-P,1,2.0571,271939,27,intensifier
sensitivity,d0.25,1000,5-0.5-P,1,2.0870,272038,27,intensifier
sensitivity,d0.25,1000,5-0.5-P,1,2.2342,272093,27,intensifier
sensitivity,d0.25,1000,5-0.5-P,1,2.2644,272115,27,intensifier
sensitivity,d0.25,1000,5-0.5-P,1,2.3240,272164,27,intensifier
sensitivity,d0.25,1000,5-0.5-P,1,2.3846,272380,27,intensifier
sensitivity,d0.25,1000,5-0.5-P,1,2.4140,272411,27,intensifier
sensitivity,d0.25,1000,5-0.5-P,1,2.6467,272413,27,intensifier
sensitivity,d0.25,1000,5-0.5-P,1,2.7063,272427,27,intensifier
sensitivity,d0.25,1000,5-0.5-P,1,2.7369,272517,27,intensifier
sensitivity,d0.25,1000,5-0.5-P,1,2.7650,272546,27,intensifier
sensitivity,d0.25,1000,5-0.5-P,1,2.7955,272599,27,intensifier
sensitivity,d0.25,1000,5-0.5-P,1,3.8206,272604,27,intensifier
sensitivity,d0.25,1000,5-0.5-P,1,5.7239,272652,27,intensifier
sensitivity,d0.25,1000,5-0.5-P,1,7.1582,272809,12,intensifier
sensitivity,d0.25,1000,5-0.5-P,1,7.2170,273015,12,intensifier
sensitivity,d0.25,1000,5-0.5-P,1,8.0664,273053,12,intensifier
sensitivity,d0.25,1000,5-0.5-P,1,8.7122,273174,12,intensifier
sensitivity,d0.25,1000,5-0.5-P,1,11.3748,273177,12,intensifier
sensitivity,d0.25,1000,5-0.5-P,1,11.4639,273221,12,intensifier
sensitivity,d0.25,1000,5-0.5-P,1,18.2161,273271,12,intensifier
sensitivity,d0.25,1000,5-0.5-P,1,20.1512,273281,20,intensifier
sensitivity,d0.25,1000,5-0.5-P,1,20.4996,273529,16,intensifier
sensitivity,d0.25,1000,5-0.5-P,1,24.9991,273543,16,intensifier
sensitivity,d0.25,1000,5-0.5-P,1,41.3231,273606,60,intensifier
sensitivity,d0.25,1000,5-0.5-P,1,97.0011,273623,61,intensifier
sensitivity,d0.25,1000,5-0.5-P,1,97.0312,273712,61,intensifier
sensitivity,d0.25,1000,5-0.5-P,1,105.2925,273870,21,intensifier
sensitivity,d0.25,1000,5-0.5-P,1,105.4681,273899,21,intensifier
sensitivity,d0.25,1000,5-0.5-P,1,364.9977,273904,20,intensifier
sensitivity,d0.25,1000,5-0.5-P,2,0.3900,265344,35,intensifier
sensitivity,d0.25,1000,5-0.5-P,2,0.4585,267084,78,explorer
sensitivity,d0.25,1000,5-0.5-P,2,0.4878,267829,78,explorer
sensitivity,d0.25,1000,5-0.5-P,2,0.5175,268429,30,intensifier
sensitivity,d0.25,1000,5-0.5-P,2,0.5470,268969,30,intensifier
sensitivity,d0.25,1000,5-0.5-P,2,0.5769,269215,15,intensifier
sensitivity,d0.25,1000,5-0.5-P,2,0.6060,269560,15,intensifier
sensitivity,d0.25,1000,5-0.5-P,2,0.6350,269683,15,intensifier
sensitivity,d0.25,1000,5-0.5-P,2,0.6643,269724,23,intensifier
sensitivity,d0.25,1000,5-0.5-P,2,0.6934,269990,42,intensifier
sensitivity,d0.25,1000,5-0.5-P,2,0.7230,270647,42,intensifier
sensitivity,d0.25,1000,5-0.5-P,2,0.7522,271048,42,intensifier
sensitivity,d0.25,1000,5-0.5-P,2,0.8108,271117,42,intensifier
sensitivity,d0.25,1000,5-0.5-P,2,0.8405,271543,42,intensifier
sensitivity,d0.25,1000,5-0.5-P,2,0.8697,271833,42,intensifier
sensitivity,d0.25,1000,5-0.5-P,2,1.0735,271868,42,intensifier
sensitivity,d0.25,1000,5-0.5-P,2,1.2207,272194,42,intensifier
sensitivity,d0.25,1000,5-0.5-P,2,3.3951,272303,42,intensifier
sensitivity,d0.25,1000,5-0.5-P,2,3.4247,272340,42,intensifier
sensitivity,d0.25,1000,5-0.5-P,2,3.4544,272347,42,intensifier
sensitivity,d0.25,1000,5-0.5-P,2,3.7810,272506,42,intensifier
sensitivity,d0.25,1000,5-0.5-P,2,6.3258,272544,42,intensifier
sensitivity,d0.25,1000,5-0.5-P,2,7.0933,272711,42,intensifier
sensitivity,d0.25,1000,5-0.5-P,2,11.1294,272837,42,intensifier
sensitivity,d0.25,1000,5-0.5-P,2,14.4939,272857,30,intensifier
sensitivity,d0.25,1000,5-0.5-P,2,14.9913,272881,43,intensifier
sensitivity,d0.25,1000,5-0.5-P,2,15.2276,272896,47,intensifier
sensitivity,d0.25,1000,5-0.5-P,2,32.6702,272912,38,intensifier
sensitivity,d0.25,1000,5-0.5-P,2,32.7580,272929,60,intensifier
sensitivity,d0.25,1000,5-0.5-P,2,33.5222,272945,19,intensifier
sensitivity,d0.25,1000,5-0.5-P,2,33.5511,273318,19,intensifier
sensitivity,d0.25,1000,5-0.5-P,2,44.4055,273344,46,intensifier
sensitivity,d0.25,1000,5-0.5-P,2,119.8362,273433,48,intensifier
sensitivity,d0.25,1000,5-0.5-P,2,166.2034,273479,14,intensifier
sensitivity,d0.25,1000,5-0.5-P,2,196.9230,273600,48,intensifier
sensitivity,d0.25,1000,5-0.5-P,2,217.5263,273637,62,intensifier
sensitivity,d0.25,1000,5-0.5-P,2,263.5566,273646,1,intensifier
sensitivity,d0.25,1000,5-0.5-P,2,270.0788,273688,57,intensifier
sensitivity,d0.25,1000,5-0.5-P,2,299.3032,273725,23,intensifier
sensitivity,d0.25,1000,5-0.5-P,2,345.0461,273757,5,intensifier
sensitivity,d0.25,1000,5-0.5-P,2,360.4623,273765,16,intensifier
sensitivity,d0.25,1000,5-0.5-P,2,363.9493,273776,22,intensifier
sensitivity,d0.25,1000,5-0.5-P,2,539.9466,273916,12,intensifier
sensitivity,d0.25,1000,5-0.5-P,2,555.6393,274023,37,intensifier
sensitivity,d0.25,1000,2-0.5-M,1,0.3541,48995,80,explorer
sensitivity,d0.25,1000,2-0.5-M,1,0.4273,51013,62,intensifier
sensitivity,d0.25,1000,2-0.5-M,1,0.4576,52028,62,intensifier
sensitivity,d0.25,1000,2-0.5-M,1,0.4873,52579,62,intensifier
sensitivity,d0.25,1000,2-0.5-M,1,0.5171,53197,62,intensifier
sensitivity,d0.25,1000,2-0.5-M,1,0.5469,53322,62,intensifier
sensitivity,d0.25,1000,2-0.5-M,1,0.5778,53585,38,intensifier
sensitivity,d0.25,1000,2-0.5-M,1,0.6073,54368,38,intensifier
sensitivity,d0.25,1000,2-0.5-M,1,0.6365,54496,38,intensifier
sensitivity,d0.25,1000,2-0.5-M,1,0.6651,54744,24,intensifier
sensitivity,d0.25,1000,2-0.5-M,1,0.6950,55110,24,intensifier
sensitivity,d0.25,1000,2-0.5-M,1,0.7260,55543,24,intensifier
sensitivity,d0.25,1000,2-0.5-M,1,0.7561,55573,24,intensifier
sensitivity,d0.25,1000,2-0.5-M,1,0.7863,55673,24,intensifier
sensitivity,d0.25,1000,2-0.5-M,1,0.8165,55702,24,intensifier
sensitivity,d0.25,1000,2-0.5-M,1,1.2276,55968,67,explorer
sensitivity,d0.25,1000,2-0.5-M,1,4.5326,56024,21,intensifier
sensitivity,d0.25,1000,2-0.5-M,1,4.6198,56247,21,intensifier
sensitivity,d0.25,1000,2-0.5-M,1,4.7075,56458,21,intensifier
sensitivity,d0.25,1000,2-0.5-M,1,4.7667,56473,21,intensifier
sensitivity,d0.25,1000,2-0.5-M,1,5.1454,56553,21,intensifier
sensitivity,d0.25,1000,2-0.5-M,1,6.4303,56800,21,intensifier
sensitivity,d0.25,1000,2-0.5-M,1,9.6014,56817,21,intensifier
sensitivity,d0.25,1000,2-0.5-M,1,9.8378,56884,21,intensifier
sensitivity,d0.25,1000,2-0.5-M,1,10.5140,57050,62,intensifier
sensitivity,d0.25,1000,2-0.5-M,1,10.6624,57164,62,intensifier
sensitivity,d0.25,1000,2-0.5-M,1,12.1584,57186,50,intensifier
sensitivity,d0.25,1000,2-0.5-M,1,13.4470,57304,50,intensifier
sensitivity,d0.25,1000,2-0.5-M,1,15.9934,57423,50,intensifier
sensitivity,d0.25,1000,2-0.5-M,1,28.4137,57459,35,intensifier
sensitivity,d0.25,1000,2-0.5-M,1,29.5925,57504,47,intensifier
sensitivity,d0.25,1000,2-0.5-M,1,30.4673,57521,9,intensifier
sensitivity,d0.25,1000,2-0.5-M,1,33.8379,57594,36,intensifier
sensitivity,d0.25,1000,2-0.5-M,1,39.3865,57750,5,intensifier
sensitivity,d0.25,1000,2-0.5-M,1,40.0073,57800,48,intensifier
sensitivity,d0.25,1000,2-0.5-M,1,103.2930,57811,24,intensifier
sensitivity,d0.25,1000,2-0.5-M,1,106.0213,57864,28,intensifier
sensitivity,d0.25,1000,2-0.5-M,1,110.5404,57969,32,intensifier
sensitivity,d0.25,1000,2-0.5-M,1,292.5103,58007,22,intensifier
sensitivity,d0.25,1000,2-0.5-M,1,313.8056,58046,1,intensifier
sensitivity,d0.25,1000,2-0.5-M,1,377.8087,58087,26,intensifier
sensitivity,d0.25,1000,2-0.5-M,2,0.3793,50055,36,intensifier
sensitivity,d0.25,1000,2-0.5-M,2,0.4508,51475,36,intensifier
sensitivity,d0.25,1000,2-0.5-M,2,0.4809,52029,60,intensifier
sensitivity,d0.25,1000,2-0.5-M,2,0.5109,52722,51,intensifier
sensitivity,d0.25,1000,2-0.5-M,2,0.5407,53122,19,intensifier
sensitivity,d0.25,1000,2-0.5-M,2,0.5705,54219,51,intensifier
sensitivity,d0.25,1000,2-0.5-M,2,0.6007,54531,51,intensifier
sensitivity,d0.25,1000,2-0.5-M,2,0.6308,54669,51,intensifier
sensitivity,d0.25,1000,2-0.5-M,2,0.6911,54721,51,intensifier
sensitivity,d0.25,1000,2-0.5-M,2,0.7195,54810,22,intensifier
sensitivity,d0.25,1000,2-0.5-M,2,0.8061,55024,24,intensifier
sensitivity,d0.25,1000,2-0.5-M,2,0.8366,55369,51,intensifier
sensitivity,d0.25,1000,2-0.5-M,2,0.9242,55462,51,intensifier
sensitivity,d0.25,1000,2-0.5-M,2,0.9819,55747,51,intensifier
sensitivity,d0.25,1000,2-0.5-M,2,1.1859,55865,51,intensifier
sensitivity,d0.25,1000,2-0.5-M,2,1.5683,55898,51,intensifier
sensitivity,d0.25,1000,2-0.5-M,2,1.6265,55947,51,intensifier
sensitivity,d0.25,1000,2-0.5-M,2,1.8041,56039,51,intensifier
sensitivity,d0.25,1000,2-0.5-M,2,1.8334,56129,51,intensifier
sensitivity,d0.25,1000,2-0.5-M,2,1.8632,56131,51,intensifier
sensitivity,d0.25,1000,2-0.5-M,2,1.8925,56148,51,intensifier
sensitivity,d0.25,1000,2-0.5-M,2,1.9218,56253,33,intensifier
sensitivity,d0.25,1000,2-0.5-M,2,1.9511,56381,33,intensifier
sensitivity,d0.25,1000,2-0.5-M,2,2.0670,56568,33,intensifier
sensitivity,d0.25,1000,2-0.5-M,2,2.2990,56619,33,intensifier
sensitivity,d0.25,1000,2-0.5-M,2,2.3282,56651,33,intensifier
sensitivity,d0.25,1000,2-0.5-M,2,2.3574,56857,33,intensifier
sensitivity,d0.25,1000,2-0.5-M,2,3.7630,56887,33,intensifier
sensitivity,d0.25,1000,2-0.5-M,2,4.6349,57021,33,intensifier
sensitivity,d0.25,1000,2-0.5-M,2,9.5661,57057,33,intensifier
sensitivity,d0.25,1000,2-0.5-M,2,9.8299,57175,50,intensifier
sensitivity,d0.25,1000,2-0.5-M,2,15.0926,57258,50,intensifier
sensitivity,d0.25,1000,2-0.5-M,2,18.7862,57330,57,intensifier
sensitivity,d0.25,1000,2-0.5-M,2,19.5206,57412,47,intensifier
sensitivity,d0.25,1000,2-0.5-M,2,24.2054,57455,11,intensifier
sensitivity,d0.25,1000,2-0.5-M,2,27.1148,57482,11,intensifier
sensitivity,d0.25,1000,2-0.5-M,2,29.5446,57511,11,intensifier
sensitivity,d0.25,1000,2-0.5-M,2,48.3850,57566,26,intensifier
sensitivity,d0.25,1000,2-0.5-M,2,49.8855,57637,26,intensifier
sensitivity,d0.25,1000,2-0.5-M,2,52.0644,57670,17,intensifier
sensitivity,d0.25,1000,2-0.5-M,2,70.0120,57694,47,intensifier
sensitivity,d0.25,1000,2-0.5-M,2,70.1034,57885,44,intensifier
sensitivity,d0.25,1000,2-0.5-M,2,167.4057,57907,52,intensifier
sensitivity,d0.25,1000,2-0.5-M,2,169.1163,57993,11,intensifier
sensitivity,d0.25,1000,2-0.5-M,2,208.0944,58023,34,intensifier
sensitivity,d0.25,1000,2-0.5-M,2,247.0595,58067,24,intensifier
sensitivity,d0.25,1000,2-0.5-M,2,319.2153,58107,41,intensifier
sensitivity,d0.25,1000,2-0.5-M,2,572.8770,58139,35,intensifier
sensitivity,d0.25,1000,6-0.75-P,1,0.6879,348316,27,intensifier
sensitivity,d0.25,1000,6-0.75-P,1,0.8057,348445,51,intensifier
sensitivity,d0.25,1000,6-0.75-P,1,0.8358,348648,51,intensifier
sensitivity,d0.25,1000,6-0.75-P,1,0.9843,348756,51,intensifier
sensitivity,d0.25,1000,6-0.75-P,1,1.4847,348762,51,intensifier
sensitivity,d0.25,1000,6-0.75-P,1,1.6330,349051,51,intensifier
sensitivity,d0.25,1000,6-0.75-P,1,1.6630,349125,51,intensifier
sensitivity,d0.25,1000,6-0.75-P,1,1.6929,349252,51,intensifier
sensitivity,d0.25,1000,6-0.75-P,1,1.8119,349564,51,intensifier
sensitivity,d0.25,1000,6-0.75-P,1,2.1075,349607,51,intensifier
sensitivity,d0.25,1000,6-0.75-P,1,2.4617,349714,51,intensifier
sensitivity,d0.25,1000,6-0.75-P,1,4.9681,349883,51,intensifier
sensitivity,d0.25,1000,6-0.75-P,1,5.3811,349974,51,intensifier
sensitivity,d0.25,1000,6-0.75-P,1,5.9706,350018,27,intensifier
sensitivity,d0.25,1000,6-0.75-P,1,6.0011,350066,27,intensifier
sensitivity,d0.25,1000,6-0.75-P,1,6.0896,350133,27,intensifier
sensitivity,d0.25,1000,6-0.75-P,1,9.4219,350519,8,intensifier
sensitivity,d0.25,1000,6-0.75-P,1,10.0733,350544,8,intensifier
sensitivity,d0.25,1000,6-0.75-P,1,16.4054,350724,31,intensifier
sensitivity,d0.25,1000,6-0.75-P,1,92.2443,350729,38,intensifier
sensitivity,d0.25,1000,6-0.75-P,1,125.8142,350789,11,intensifier
sensitivity,d0.25,1000,6-0.75-P,1,138.1762,350906,27,intensifier
sensitivity,d0.25,1000,6-0.75-P,1,207.3373,350987,18,intensifier
sensitivity,d0.25,1000,6-0.75-P,1,297.0753,351013,36,intensifier
sensitivity,d0.25,1000,6-0.75-P,1,505.0767,351184,0,intensifier
sensitivity,d0.25,1000,6-0.75-P,2,0.6929,348952,30,intensifier
sensitivity,d0.25,1000,6-0.75-P,2,0.8126,348998,55,intensifier
sensitivity,d0.25,1000,6-0.75-P,2,0.8418,349110,55,intensifier
sensitivity,d0.25,1000,6-0.75-P,2,0.9892,349506,55,intensifier
sensitivity,d0.25,1000,6-0.75-P,2,1.4874,349666,55,intensifier
sensitivity,d0.25,1000,6-0.75-P,2,2.1900,349672,55,intensifier
sensitivity,d0.25,1000,6-0.75-P,2,2.2779,349710,55,intensifier
sensitivity,d0.25,1000,6-0.75-P,2,2.5739,349752,55,intensifier
sensitivity,d0.25,1000,6-0.75-P,2,2.6332,349882,55,intensifier
sensitivity,d0.25,1000,6-0.75-P,2,2.6626,350018,55,intensifier
sensitivity,d0.25,1000,6-0.75-P,2,3.4564,350120,55,intensifier
sensitivity,d0.25,1000,6-0.75-P,2,6.3657,350158,55,intensifier
sensitivity,d0.25,1000,6-0.75-P,2,6.5128,350263,55,intensifier
sensitivity,d0.25,1000,6-0.75-P,2,7.9295,350291,55,intensifier
sensitivity,d0.25,1000,6-0.75-P,2,16.4202,350391,4,intensifier
sensitivity,d0.25,1000,6-0.75-P,2,16.9169,350451,12,intensifier
sensitivity,d0.25,1000,6-0.75-P,2,27.7278,350467,57,intensifier
sensitivity,d0.25,1000,6-0.75-P,2,29.8383,350503,57,intensifier
sensitivity,d0.25,1000,6-0.75-P,2,30.8687,350619,54,intensifier
sensitivity,d0.25,1000,6-0.75-P,2,56.4651,350652,51,intensifier
sensitivity,d0.25,1000,6-0.75-P,2,58.8722,350746,35,intensifier
sensitivity,d0.25,1000,6-0.75-P,2,60.6751,350773,35,intensifier
sensitivity,d0.25,1000,6-0.75-P,2,65.8761,350795,56,intensifier
sensitivity,d0.25,1000,6-0.75-P,2,108.8817,350822,46,intensifier
sensitivity,d0.25,1000,6-0.75-P,2,152.1581,350856,4,intensifier
sensitivity,d0.25,1000,6-0.75-P,2,203.7834,350896,10,intensifier
sensitivity,d0.25,1000,6-0.75-P,2,234.4778,350899,20,intensifier
sensitivity,d0.25,1000,6-0.75-P,2,288.4891,350927,6,intensifier
sensitivity,d0.25,1000,6-0.75-P,2,304.1603,350979,6,intensifier
sensitivity,d0.25,1000,6-0.75-P,2,472.9553,351001,32,intensifier
sensitivity,d0.25,1000,6-0.75-P,2,593.8770,351041,29,intensifier
sensitivity,d0.25,1000,3-0.75-M,1,0.6769,36306,60,intensifier
sensitivity,d0.25,1000,3-0.75-M,1,1.1507,36376,77,explorer
sensitivity,d0.25,1000,3-0.75-M,1,1.1807,36636,77,explorer
sensitivity,d0.25,1000,3-0.75-M,1,2.2132,36864,10,intensifier
sensitivity,d0.25,1000,3-0.75-M,1,2.2427,37020,10,intensifier
sensitivity,d0.25,1000,3-0.75-M,1,2.3027,37160,10,intensifier
sensitivity,d0.25,1000,3-0.75-M,1,2.6854,37223,10,intensifier
sensitivity,d0.25,1000,3-0.75-M,1,2.7438,37257,10,intensifier
sensitivity,d0.25,1000,3-0.75-M,1,9.0550,37299,36,intensifier
sensitivity,d0.25,1000,3-0.75-M,1,9.7297,37463,51,intensifier
sensitivity,d0.25,1000,3-0.75-M,1,15.2646,37467,53,intensifier
sensitivity,d0.25,1000,3-0.75-M,1,17.4995,37478,29,intensifier
sensitivity,d0.25,1000,3-0.75-M,1,17.8550,37520,53,intensifier
sensitivity,d0.25,1000,3-0.75-M,1,20.1210,37614,62,intensifier
sensitivity,d0.25,1000,3-0.75-M,1,29.8651,37671,23,intensifier
sensitivity,d0.25,1000,3-0.75-M,1,42.2878,37790,49,intensifier
sensitivity,d0.25,1000,3-0.75-M,1,63.6962,37857,20,intensifier
sensitivity,d0.25,1000,3-0.75-M,1,63.7260,37883,20,intensifier
sensitivity,d0.25,1000,3-0.75-M,1,80.7810,37930,37,intensifier
sensitivity,d0.25,1000,3-0.75-M,1,84.6441,37989,26,intensifier
sensitivity,d0.25,1000,3-0.75-M,1,101.9313,38001,52,intensifier
sensitivity,d0.25,1000,3-0.75-M,1,102.2263,38020,1,intensifier
sensitivity,d0.25,1000,3-0.75-M,1,105.4410,38056,22,intensifier
sensitivity,d0.25,1000,3-0.75-M,1,105.6469,38085,50,intensifier
sensitivity,d0.25,1000,3-0.75-M,1,151.9629,38132,15,intensifier
sensitivity,d0.25,1000,3-0.75-M,1,171.8085,38170,38,intensifier
sensitivity,d0.25,1000,3-0.75-M,1,576.9213,38196,61,intensifier
sensitivity,d0.25,1000,3-0.75-M,1,584.4284,38239,5,intensifier
sensitivity,d0.25,1000,3-0.75-M,2,0.6888,35915,12,intensifier
sensitivity,d0.25,1000,3-0.75-M,2,0.7770,35944,32,intensifier
sensitivity,d0.25,1000,3-0.75-M,2,0.8067,36350,49,intensifier
sensitivity,d0.25,1000,3-0.75-M,2,0.8360,36371,49,intensifier
sensitivity,d0.25,1000,3-0.75-M,2,0.8659,36386,49,intensifier
sensitivity,d0.25,1000,3-0.75-M,2,0.9554,36449,49,intensifier
sensitivity,d0.25,1000,3-0.75-M,2,1.1922,36528,49,intensifier
sensitivity,d0.25,1000,3-0.75-M,2,1.2216,36638,49,intensifier
sensitivity,d0.25,1000,3-0.75-M,2,2.1328,36728,49,intensifier
sensitivity,d0.25,1000,3-0.75-M,2,2.3090,36773,49,intensifier
sensitivity,d0.25,1000,3-0.75-M,2,2.3689,36849,49,intensifier
sensitivity,d0.25,1000,3-0.75-M,2,2.8390,36877,49,intensifier
sensitivity,d0.25,1000,3-0.75-M,2,5.3833,37103,49,intensifier
sensitivity,d0.25,1000,3-0.75-M,2,7.8345,37154,62,intensifier
sensitivity,d0.25,1000,3-0.75-M,2,7.8650,37188,62,intensifier
sensitivity,d0.25,1000,3-0.75-M,2,7.8945,37196,54,intensifier
sensitivity,d0.25,1000,3-0.75-M,2,8.1298,37299,11,intensifier
sensitivity,d0.25,1000,3-0.75-M,2,13.3855,37304,42,intensifier
sensitivity,d0.25,1000,3-0.75-M,2,14.1538,37387,35,intensifier
sensitivity,d0.25,1000,3-0.75-M,2,16.9300,37451,42,intensifier
sensitivity,d0.25,1000,3-0.75-M,2,19.8801,37535,60,intensifier
sensitivity,d0.25,1000,3-0.75-M,2,20.3248,37552,31,intensifier
sensitivity,d0.25,1000,3-0.75-M,2,20.7370,37570,37,intensifier
sensitivity,d0.25,1000,3-0.75-M,2,22.7177,37618,4,intensifier
sensitivity,d0.25,1000,3-0.75-M,2,26.1820,37771,57,intensifier
sensitivity,d0.25,1000,3-0.75-M,2,48.4753,37848,3,intensifier
sensitivity,d0.25,1000,3-0.75-M,2,51.0856,37899,29,intensifier
sensitivity,d0.25,1000,3-0.75-M,2,55.1943,37935,56,intensifier
sensitivity,d0.25,1000,3-0.75-M,2,61.1292,38035,58,intensifier
sensitivity,d0.25,1000,3-0.75-M,2,83.0353,38042,42,intensifier
sensitivity,d0.25,1000,3-0.75-M,2,93.5413,38107,0,intensifier
sensitivity,d0.25,1000,3-0.75-M,2,119.6892,38110,13,intensifier
sensitivity,d0.25,1000,3-0.75-M,2,285.1146,38148,32,intensifier
sensitivity,d0.25,1000,3-0.75-M,2,350.0126,38175,10,intensifier
sensitivity,d0.25,1000,3-0.75-M,2,368.4743,38176,22,intensifier
sensitivity,d0.25,1000,3-0.75-M,2,512.2794,38293,15,intensifier
sensitivity,d1,1000,4-0.25-P,1,0.5512,134024,6,intensifier
sensitivity,d1,1000,4-0.25-P,1,0.5863,134086,36,intensifier
sensitivity,d1,1000,4-0.25-P,1,0.6452,134327,36,intensifier
sensitivity,d1,1000,4-0.25-P,1,0.7337,134508,36,intensifier
sensitivity,d1,1000,4-0.25-P,1,0.7634,134523,36,intensifier
sensitivity,d1,1000,4-0.25-P,1,0.9098,134639,36,intensifier
sensitivity,d1,1000,4-0.25-P,1,0.9398,134747,36,intensifier
sensitivity,d1,1000,4-0.25-P,1,0.9692,134765,36,intensifier
sensitivity,d1,1000,4-0.25-P,1,1.0576,134911,36,intensifier
sensitivity,d1,1000,4-0.25-P,1,1.1163,135100,36,intensifier
sensitivity,d1,1000,4-0.25-P,1,1.3507,135125,36,intensifier
sensitivity,d1,1000,4-0.25-P,1,1.4097,135265,36,intensifier
sensitivity,d1,1000,4-0.25-P,1,1.4394,135268,5,intensifier
sensitivity,d1,1000,4-0.25-P,1,1.4688,135354,5,intensifier
sensitivity,d1,1000,4-0.25-P,1,1.4987,135550,5,intensifier
sensitivity,d1,1000,4-0.25-P,1,1.6798,135566,5,intensifier
sensitivity,d1,1000,4-0.25-P,1,1.8829,135625,5,intensifier
sensitivity,d1,1000,4-0.25-P,1,2.0289,135631,5,intensifier
sensitivity,d1,1000,4-0.25-P,1,2.4143,135855,5,intensifier
sensitivity,d1,1000,4-0.25-P,1,3.3840,135856,5,intensifier
sensitivity,d1,1000,4-0.25-P,1,4.4441,135873,5,intensifier
sensitivity,d1,1000,4-0.25-P,1,4.5915,135897,5,intensifier
sensitivity,d1,1000,4-0.25-P,1,4.6807,135964,5,intensifier
sensitivity,d1,1000,4-0.25-P,1,4.8573,136139,5,intensifier
sensitivity,d1,1000,4-0.25-P,1,7.7017,136152,5,intensifier
sensitivity,d1,1000,4-0.25-P,1,9.0541,136196,5,intensifier
sensitivity,d1,1000,4-0.25-P,1,9.1139,136204,5,intensifier
sensitivity,d1,1000,4-0.25-P,1,9.8468,136312,5,intensifier
sensitivity,d1,1000,4-0.25-P,1,10.4351,136359,5,intensifier
sensitivity,d1,1000,4-0.25-P,1,10.6974,136522,5,intensifier
sensitivity,d1,1000,4-0.25-P,1,11.3401,136668,5,intensifier
sensitivity,d1,1000,4-0.25-P,1,14.4483,136723,5,intensifier
sensitivity,d1,1000,4-0.25-P,1,17.3856,136779,1,intensifier
sensitivity,d1,1000,4-0.25-P,1,18.7021,136792,15,intensifier
sensitivity,d1,1000,4-0.25-P,1,64.5295,137002,1,intensifier
sensitivity,d1,1000,4-0.25-P,1,75.8932,137006,50,intensifier
sensitivity,d1,1000,4-0.25-P,1,75.9227,137039,50,intensifier
sensitivity,d1,1000,4-0.25-P,1,76.0718,137088,4,intensifier
sensitivity,d1,1000,4-0.25-P,1,112.5608,137114,50,intensifier
sensitivity,d1,1000,4-0.25-P,1,112.5908,137215,50,intensifier
sensitivity,d1,1000,4-0.25-P,1,167.0399,137262,4,intensifier
sensitivity,d1,1000,4-0.25-P,1,243.1741,137365,53,intensifier
sensitivity,d1,1000,4-0.25-P,1,385.6949,137392,30,intensifier
sensitivity,d1,1000,4-0.25-P,1,416.3978,137403,6,intensifier
sensitivity,d1,1000,4-0.25-P,1,493.6355,137500,23,intensifier
sensitivity,d1,1000,4-0.25-P,1,530.5522,137562,26,intensifier
sensitivity,d1,1000,4-0.25-P,2,0.5519,133455,25,intensifier
sensitivity,d1,1000,4-0.25-P,2,0.5865,134353,64,explorer
sensitivity,d1,1000,4-0.25-P,2,0.7329,134382,64,explorer
sensitivity,d1,1000,4-0.25-P,2,0.8212,134736,59,intensifier
sensitivity,d1,1000,4-0.25-P,2,0.8516,135136,59,intensifier
sensitivity,d1,1000,4-0.25-P,2,0.8816,135216,59,intensifier
sensitivity,d1,1000,4-0.25-P,2,0.9110,135602,59,intensifier
sensitivity,d1,1000,4-0.25-P,2,1.4133,135680,59,intensifier
sensitivity,d1,1000,4-0.25-P,2,2.5364,135709,59,intensifier
sensitivity,d1,1000,4-0.25-P,2,2.6252,135726,59,intensifier
sensitivity,d1,1000,4-0.25-P,2,2.7137,135920,59,intensifier
sensitivity,d1,1000,4-0.25-P,2,3.4828,136004,59,intensifier
sensitivity,d1,1000,4-0.25-P,2,3.5121,136010,59,intensifier
sensitivity,d1,1000,4-0.25-P,2,5.3524,136043,59,intensifier
sensitivity,d1,1000,4-0.25-P,2,5.6212,136358,59,intensifier
sensitivity,d1,1000,4-0.25-P,2,6.8341,136485,59,intensifier
sensitivity,d1,1000,4-0.25-P,2,12.7634,136726,31,intensifier
sensitivity,d1,1000,4-0.25-P,2,12.7938,136931,31,intensifier
sensitivity,d1,1000,4-0.25-P,2,53.6583,136976,9,intensifier
sensitivity,d1,1000,4-0.25-P,2,129.5852,137016,22,intensifier
sensitivity,d1,1000,4-0.25-P,2,166.1789,137065,15,intensifier
sensitivity,d1,1000,4-0.25-P,2,209.8650,137072,12,intensifier
sensitivity,d1,1000,4-0.25-P,2,374.8349,137089,52,intensifier
sensitivity,d1,1000,4-0.25-P,2,375.9077,137112,12,intensifier
sensitivity,d1,1000,4-0.25-P,2,417.1972,137182,45,intensifier
sensitivity,d1,1000,4-0.25-P,2,475.4697,137215,45,intensifier
sensitivity,d1,1000,4-0.25-P,2,476.9819,137219,37,intensifier
sensitivity,d1,1000,4-0.25-P,2,495.8790,137341,51,intensifier
sensitivity,d1,1000,6-0.25-M,1,0.5305,37342,41,intensifier
sensitivity,d1,1000,6-0.25-M,1,0.5678,37392,35,intensifier
sensitivity,d1,1000,6-0.25-M,1,0.5973,37525,29,intensifier
sensitivity,d1,1000,6-0.25-M,1,0.6267,37841,29,intensifier
sensitivity,d1,1000,6-0.25-M,1,0.6571,37913,29,intensifier
sensitivity,d1,1000,6-0.25-M,1,0.6871,38005,29,intensifier
sensitivity,d1,1000,6-0.25-M,1,0.7471,38130,29,intensifier
sensitivity,d1,1000,6-0.25-M,1,0.7774,38291,73,explorer
sensitivity,d1,1000,6-0.25-M,1,0.9853,38296,54,intensifier
sensitivity,d1,1000,6-0.25-M,1,1.0454,38388,54,intensifier
sensitivity,d1,1000,6-0.25-M,1,1.1939,38670,54,intensifier
sensitivity,d1,1000,6-0.25-M,1,1.8136,38805,54,intensifier
sensitivity,d1,1000,6-0.25-M,1,1.8747,39159,54,intensifier
sensitivity,d1,1000,6-0.25-M,1,2.5501,39339,54,intensifier
sensitivity,d1,1000,6-0.25-M,1,2.5804,39572,54,intensifier
sensitivity,d1,1000,6-0.25-M,1,10.7212,39672,5,intensifier
sensitivity,d1,1000,6-0.25-M,1,10.8090,39721,5,intensifier
sensitivity,d1,1000,6-0.25-M,1,13.9728,39736,5,intensifier
sensitivity,d1,1000,6-0.25-M,1,33.4763,39864,16,intensifier
sensitivity,d1,1000,6-0.25-M,1,42.9478,39972,56,intensifier
sensitivity,d1,1000,6-0.25-M,1,86.7633,40008,23,intensifier
sensitivity,d1,1000,6-0.25-M,1,169.8312,40094,22,intensifier
sensitivity,d1,1000,6-0.25-M,1,192.6188,40108,47,intensifier
sensitivity,d1,1000,6-0.25-M,1,193.7131,40138,23,intensifier
sensitivity,d1,1000,6-0.25-M,1,290.7253,40212,55,intensifier
sensitivity,d1,1000,6-0.25-M,1,407.6963,40348,47,intensifier
sensitivity,d1,1000,6-0.25-M,2,0.5338,37413,83,explorer
sensitivity,d1,1000,6-0.25-M,2,0.6601,37666,21,intensifier
sensitivity,d1,1000,6-0.25-M,2,0.6906,37995,21,intensifier
sensitivity,d1,1000,6-0.25-M,2,0.7200,38308,30,intensifier
sensitivity,d1,1000,6-0.25-M,2,0.7801,38373,21,intensifier
sensitivity,d1,1000,6-0.25-M,2,0.9292,38458,21,intensifier
sensitivity,d1,1000,6-0.25-M,2,0.9591,38512,21,intensifier
sensitivity,d1,1000,6-0.25-M,2,1.6098,38573,21,intensifier
sensitivity,d1,1000,6-0.25-M,2,1.8180,38722,21,intensifier
sensitivity,d1,1000,6-0.25-M,2,1.8482,38738,21,intensifier
sensitivity,d1,1000,6-0.25-M,2,2.1464,38757,21,intensifier
sensitivity,d1,1000,6-0.25-M,2,3.0050,39016,21,intensifier
sensitivity,d1,1000,6-0.25-M,2,3.4172,39043,21,intensifier
sensitivity,d1,1000,6-0.25-M,2,5.4381,39072,21,intensifier
sensitivity,d1,1000,6-0.25-M,2,6.2724,39083,21,intensifier
sensitivity,d1,1000,6-0.25-M,2,6.7782,39092,30,intensifier
sensitivity,d1,1000,6-0.25-M,2,7.2810,39106,30,intensifier
sensitivity,d1,1000,6-0.25-M,2,7.5771,39192,30,intensifier
sensitivity,d1,1000,6-0.25-M,2,8.8479,39208,30,intensifier
sensitivity,d1,1000,6-0.25-M,2,9.3197,39383,30,intensifier
sensitivity,d1,1000,6-0.25-M,2,13.0808,39425,30,intensifier
sensitivity,d1,1000,6-0.25-M,2,13.4069,39479,30,intensifier
sensitivity,d1,1000,6-0.25-M,2,13.8212,39494,30,intensifier
sensitivity,d1,1000,6-0.25-M,2,14.5037,39574,3,intensifier
sensitivity,d1,1000,6-0.25-M,2,27.8614,39592,16,intensifier
sensitivity,d1,1000,6-0.25-M,2,28.0695,39699,16,intensifier
sensitivity,d1,1000,6-0.25-M,2,29.8784,39801,16,intensifier
sensitivity,d1,1000,6-0.25-M,2,40.0432,39819,27,intensifier
sensitivity,d1,1000,6-0.25-M,2,54.7267,39935,62,intensifier
sensitivity,d1,1000,6-0.25-M,2,55.8808,40042,62,intensifier
sensitivity,d1,1000,6-0.25-M,2,72.2369,40060,47,intensifier
sensitivity,d1,1000,6-0.25-M,2,72.7983,40062,24,intensifier
sensitivity,d1,1000,6-0.25-M,2,73.2121,40097,60,intensifier
sensitivity,d1,1000,6-0.25-M,2,105.1233,40233,59,intensifier
sensitivity,d1,1000,6-0.25-M,2,205.5366,40258,47,intensifier
sensitivity,d1,1000,6-0.25-M,2,221.8344,40270,16,intensifier
sensitivity,d1,1000,6-0.25-M,2,243.1812,40354,30,intensifier
sensitivity,d1,1000,6-0.25-M,2,488.6136,40402,31,intensifier
sensitivity,d1,1000,5-0.5-P,1,0.2368,244205,49,intensifier
sensitivity,d1,1000,5-0.5-P,1,0.3395,257497,51,intensifier
sensitivity,d1,1000,5-0.5-P,1,0.3688,259747,49,intensifier
sensitivity,d1,1000,5-0.5-P,1,0.3988,262251,14,intensifier
sensitivity,d1,1000,5-0.5-P,1,0.4293,264052,14,intensifier
sensitivity,d1,1000,5-0.5-P,1,0.4575,265583,14,intensifier
sensitivity,d1,1000,5-0.5-P,1,0.4868,266568,14,intensifier
sensitivity,d1,1000,5-0.5-P,1,0.5165,267042,14,intensifier
sensitivity,d1,1000,5-0.5-P,1,0.5458,267528,14,intensifier
sensitivity,d1,1000,5-0.5-P,1,0.5745,267832,55,intensifier
sensitivity,d1,1000,5-0.5-P,1,0.6048,268570,55,intensifier
sensitivity,d1,1000,5-0.5-P,1,0.6348,268735,55,intensifier
sensitivity,d1,1000,5-0.5-P,1,0.6646,269146,61,intensifier
sensitivity,d1,1000,5-0.5-P,1,0.6944,269566,60,intensifier
sensitivity,d1,1000,5-0.5-P,1,0.7244,270049,60,intensifier
sensitivity,d1,1000,5-0.5-P,1,0.7541,270320,60,intensifier
sensitivity,d1,1000,5-0.5-P,1,0.8426,270447,60,intensifier
sensitivity,d1,1000,5-0.5-P,1,0.9309,270644,33,intensifier
sensitivity,d1,1000,5-0.5-P,1,0.9606,271061,1,intensifier
sensitivity,d1,1000,5-0.5-P,1,1.0814,271136,1,intensifier
sensitivity,d1,1000,5-0.5-P,1,1.1110,271181,1,intensifier
sensitivity,d1,1000,5-0.5-P,1,1.1402,271261,1,intensifier
sensitivity,d1,1000,5-0.5-P,1,1.2290,271450,1,intensifier
sensitivity,d1,1000,5-0.5-P,1,1.2567,271576,1,intensifier
sensitivity,d1,1000,5-0.5-P,1,1.3716,271730,1,intensifier
sensitivity,d1,1000,5-0.5-P,1,1.4010,271911,1,intensifier
sensitivity,d1,1000,5-0.5-P,1,2.1323,271966,1,intensifier
sensitivity,d1,1000,5-0.5-P,1,2.1912,272138,1,intensifier
sensitivity,d1,1000,5-0.5-P,1,2.2194,272366,1,intensifier
sensitivity,d1,1000,5-0.5-P,1,3.5106,272414,1,intensifier
sensitivity,d1,1000,5-0.5-P,1,3.5685,272442,1,intensifier
sensitivity,d1,1000,5-0.5-P,1,5.9438,272487,1,intensifier
sensitivity,d1,1000,5-0.5-P,1,7.0579,272545,1,intensifier
sensitivity,d1,1000,5-0.5-P,1,7.2049,272599,1,intensifier
sensitivity,d1,1000,5-0.5-P,1,9.1073,272705,1,intensifier
sensitivity,d1,1000,5-0.5-P,1,9.6072,272753,1,intensifier
sensitivity,d1,1000,5-0.5-P,1,16.1791,272877,1,intensifier
sensitivity,d1,1000,5-0.5-P,1,17.1148,272979,1,intensifier
sensitivity,d1,1000,5-0.5-P,1,17.1721,273214,1,intensifier
sensitivity,d1,1000,5-0.5-P,1,20.4866,273425,1,intensifier
sensitivity,d1,1000,5-0.5-P,1,73.3411,273495,34,intensifier
sensitivity,d1,1000,5-0.5-P,1,73.4003,273582,34,intensifier
sensitivity,d1,1000,5-0.5-P,1,77.0413,273593,34,intensifier
sensitivity,d1,1000,5-0.5-P,1,239.1199,273629,23,intensifier
sensitivity,d1,1000,5-0.5-P,2,0.4880,268206,22,intensifier
sensitivity,d1,1000,5-0.5-P,2,0.5452,268815,35,intensifier
sensitivity,d1,1000,5-0.5-P,2,0.5745,268826,8,intensifier
sensitivity,d1,1000,5-0.5-P,2,0.6036,269498,61,intensifier
sensitivity,d1,1000,5-0.5-P,2,0.6330,269872,61,intensifier
sensitivity,d1,1000,5-0.5-P,2,0.6622,270044,61,intensifier
sensitivity,d1,1000,5-0.5-P,2,0.6914,270173,42,intensifier
sensitivity,d1,1000,5-0.5-P,2,0.7207,270523,30,intensifier
sensitivity,d1,1000,5-0.5-P,2,0.7505,270919,15,intensifier
sensitivity,d1,1000,5-0.5-P,2,0.7798,271479,30,intensifier
sensitivity,d1,1000,5-0.5-P,2,0.8094,271706,30,intensifier
sensitivity,d1,1000,5-0.5-P,2,0.8388,271718,30,intensifier
sensitivity,d1,1000,5-0.5-P,2,1.0991,271771,30,intensifier
sensitivity,d1,1000,5-0.5-P,2,1.1293,271808,30,intensifier
sensitivity,d1,1000,5-0.5-P,2,1.9787,272013,29,intensifier
sensitivity,d1,1000,5-0.5-P,2,2.0082,272119,29,intensifier
sensitivity,d1,1000,5-0.5-P,2,2.1266,272383,29,intensifier
sensitivity,d1,1000,5-0.5-P,2,3.0668,272521,29,intensifier
sensitivity,d1,1000,5-0.5-P,2,10.2844,272713,3,intensifier
sensitivity,d1,1000,5-0.5-P,2,12.9038,272904,3,intensifier
sensitivity,d1,1000,5-0.5-P,2,13.7625,273007,3,intensifier
sensitivity,d1,1000,5-0.5-P,2,17.9460,273133,3,intensifier
sensitivity,d1,1000,5-0.5-P,2,30.2093,273270,50,intensifier
sensitivity,d1,1000,5-0.5-P,2,30.2397,273542,50,intensifier
sensitivity,d1,1000,5-0.5-P,2,273.6034,273652,9,intensifier
sensitivity,d1,1000,5-0.5-P,2,277.4301,273824,9,intensifier
sensitivity,d1,1000,2-0.5-M,1,0.3537,49047,80,explorer
sensitivity,d1,1000,2-0.5-M,1,0.4264,51013,62,intensifier
sensitivity,d1,1000,2-0.5-M,1,0.4564,52028,62,intensifier
sensitivity,d1,1000,2-0.5-M,1,0.4862,52579,62,intensifier
sensitivity,d1,1000,2-0.5-M,1,0.5161,53197,62,intensifier
sensitivity,d1,1000,2-0.5-M,1,0.5460,53322,62,intensifier
sensitivity,d1,1000,2-0.5-M,1,0.5758,53570,62,intensifier
sensitivity,d1,1000,2-0.5-M,1,0.6059,54239,62,intensifier
sensitivity,d1,1000,2-0.5-M,1,0.6362,54377,9,intensifier
sensitivity,d1,1000,2-0.5-M,1,0.6662,54476,9,intensifier
sensitivity,d1,1000,2-0.5-M,1,0.6962,54677,9,intensifier
sensitivity,d1,1000,2-0.5-M,1,0.7564,54787,9,intensifier
sensitivity,d1,1000,2-0.5-M,1,0.7866,54961,9,intensifier
sensitivity,d1,1000,2-0.5-M,1,0.8170,55054,9,intensifier
sensitivity,d1,1000,2-0.5-M,1,0.8770,55697,19,intensifier
sensitivity,d1,1000,2-0.5-M,1,0.9071,55714,19,intensifier
sensitivity,d1,1000,2-0.5-M,1,1.2036,55968,67,explorer
sensitivity,d1,1000,2-0.5-M,1,1.4989,56064,52,intensifier
sensitivity,d1,1000,2-0.5-M,1,1.5291,56066,52,intensifier
sensitivity,d1,1000,2-0.5-M,1,1.7364,56086,52,intensifier
sensitivity,d1,1000,2-0.5-M,1,1.8557,56372,13,intensifier
sensitivity,d1,1000,2-0.5-M,1,1.8848,56499,13,intensifier
sensitivity,d1,1000,2-0.5-M,1,2.0609,56578,13,intensifier
sensitivity,d1,1000,2-0.5-M,1,2.7336,56670,13,intensifier
sensitivity,d1,1000,2-0.5-M,1,2.7629,56703,13,intensifier
sensitivity,d1,1000,2-0.5-M,1,2.8509,56741,13,intensifier
sensitivity,d1,1000,2-0.5-M,1,2.8800,56836,13,intensifier
sensitivity,d1,1000,2-0.5-M,1,3.9974,56898,13,intensifier
sensitivity,d1,1000,2-0.5-M,1,4.9304,56899,13,intensifier
sensitivity,d1,1000,2-0.5-M,1,5.7270,57070,13,intensifier
sensitivity,d1,1000,2-0.5-M,1,7.7808,57108,13,intensifier
sensitivity,d1,1000,2-0.5-M,1,8.4860,57125,13,intensifier
sensitivity,d1,1000,2-0.5-M,1,9.8347,57270,13,intensifier
sensitivity,d1,1000,2-0.5-M,1,48.5516,57329,35,intensifier
sensitivity,d1,1000,2-0.5-M,1,50.5792,57347,39,intensifier
sensitivity,d1,1000,2-0.5-M,1,244.7564,57556,11,intensifier
sensitivity,d1,1000,2-0.5-M,1,370.7616,57594,38,intensifier
sensitivity,d1,1000,2-0.5-M,2,0.3756,49995,36,intensifier
sensitivity,d1,1000,2-0.5-M,2,0.4472,52163,36,intensifier
sensitivity,d1,1000,2-0.5-M,2,0.4774,53160,36,intensifier
sensitivity,d1,1000,2-0.5-M,2,0.5073,53847,36,intensifier
sensitivity,d1,1000,2-0.5-M,2,0.5370,53912,36,intensifier
sensitivity,d1,1000,2-0.5-M,2,0.5966,54189,36,intensifier
sensitivity,d1,1000,2-0.5-M,2,0.6265,54803,36,intensifier
sensitivity,d1,1000,2-0.5-M,2,0.6566,55086,36,intensifier
sensitivity,d1,1000,2-0.5-M,2,0.7160,55087,36,intensifier
sensitivity,d1,1000,2-0.5-M,2,0.7744,55203,36,intensifier
sensitivity,d1,1000,2-0.5-M,2,0.9485,55336,36,intensifier
sensitivity,d1,1000,2-0.5-M,2,0.9776,55344,50,intensifier
sensitivity,d1,1000,2-0.5-M,2,1.1810,55364,50,intensifier
sensitivity,d1,1000,2-0.5-M,2,1.2108,55418,50,intensifier
sensitivity,d1,1000,2-0.5-M,2,1.2985,55466,50,intensifier
sensitivity,d1,1000,2-0.5-M,2,1.5630,55503,50,intensifier
sensitivity,d1,1000,2-0.5-M,2,1.5923,55739,50,intensifier
sensitivity,d1,1000,2-0.5-M,2,1.6798,55810,50,intensifier
sensitivity,d1,1000,2-0.5-M,2,1.9155,55814,50,intensifier
sensitivity,d1,1000,2-0.5-M,2,1.9452,55856,50,intensifier
sensitivity,d1,1000,2-0.5-M,2,2.0902,55859,50,intensifier
sensitivity,d1,1000,2-0.5-M,2,2.5292,56186,50,intensifier
sensitivity,d1,1000,2-0.5-M,2,2.5590,56599,50,intensifier
sensitivity,d1,1000,2-0.5-M,2,3.0552,56624,50,intensifier
sensitivity,d1,1000,2-0.5-M,2,3.5792,56649,50,intensifier
sensitivity,d1,1000,2-0.5-M,2,4.3102,56686,50,intensifier
sensitivity,d1,1000,2-0.5-M,2,4.8328,56690,50,intensifier
sensitivity,d1,1000,2-0.5-M,2,4.8629,56785,50,intensifier
sensitivity,d1,1000,2-0.5-M,2,6.0332,56787,50,intensifier
sensitivity,d1,1000,2-0.5-M,2,6.7677,56790,50,intensifier
sensitivity,d1,1000,2-0.5-M,2,8.0041,56823,50,intensifier
sensitivity,d1,1000,2-0.5-M,2,10.3893,57033,50,intensifier
sensitivity,d1,1000,2-0.5-M,2,10.4770,57165,50,intensifier
sensitivity,d1,1000,2-0.5-M,2,10.5064,57201,50,intensifier
sensitivity,d1,1000,2-0.5-M,2,11.1853,57410,50,intensifier
sensitivity,d1,1000,2-0.5-M,2,15.0940,57448,50,intensifier
sensitivity,d1,1000,2-0.5-M,2,36.7325,57566,11,intensifier
sensitivity,d1,1000,2-0.5-M,2,40.4593,57763,11,intensifier
sensitivity,d1,1000,2-0.5-M,2,289.7142,57784,15,intensifier
sensitivity,d1,1000,2-0.5-M,2,551.6863,57950,45,intensifier
sensitivity,d1,1000,6-0.75-P,1,0.6645,348316,27,intensifier
sensitivity,d1,1000,6-0.75-P,1,0.7844,348317,76,explorer
sensitivity,d1,1000,6-0.75-P,1,0.8135,348445,51,intensifier
sensitivity,d1,1000,6-0.75-P,1,0.8437,348648,51,intensifier
sensitivity,d1,1000,6-0.75-P,1,0.9622,348756,51,intensifier
sensitivity,d1,1000,6-0.75-P,1,1.4642,348762,51,intensifier
sensitivity,d1,1000,6-0.75-P,1,1.6420,349051,51,intensifier
sensitivity,d1,1000,6-0.75-P,1,1.6725,349240,51,intensifier
sensitivity,d1,1000,6-0.75-P,1,1.7017,349252,51,intensifier
sensitivity,d1,1000,6-0.75-P,1,1.8201,349564,51,intensifier
sensitivity,d1,1000,6-0.75-P,1,2.0865,349607,51,intensifier
sensitivity,d1,1000,6-0.75-P,1,2.4717,349714,51,intensifier
sensitivity,d1,1000,6-0.75-P,1,4.9857,349883,51,intensifier
sensitivity,d1,1000,6-0.75-P,1,5.3973,349974,51,intensifier
sensitivity,d1,1000,6-0.75-P,1,7.0209,349997,51,intensifier
sensitivity,d1,1000,6-0.75-P,1,7.9371,350017,51,intensifier
sensitivity,d1,1000,6-0.75-P,1,232.1889,350081,20,intensifier
sensitivity,d1,1000,6-0.75-P,1,422.0993,350232,3,intensifier
sensitivity,d1,1000,6-0.75-P,1,424.9549,350325,3,intensifier
sensitivity,d1,1000,6-0.75-P,1,425.6643,350447,3,intensifier
sensitivity,d1,1000,6-0.75-P,1,426.2547,350492,3,intensifier
sensitivity,d1,1000,6-0.75-P,2,0.6177,347890,7,intensifier
sensitivity,d1,1000,6-0.75-P,2,0.6469,348555,30,intensifier
sensitivity,d1,1000,6-0.75-P,2,0.7354,348576,30,intensifier
sensitivity,d1,1000,6-0.75-P,2,0.7658,348729,30,intensifier
sensitivity,d1,1000,6-0.75-P,2,0.8251,348928,55,intensifier
sensitivity,d1,1000,6-0.75-P,2,1.4140,348992,55,intensifier
sensitivity,d1,1000,6-0.75-P,2,1.5608,349649,55,intensifier
sensitivity,d1,1000,6-0.75-P,2,1.5906,349887,55,intensifier
sensitivity,d1,1000,6-0.75-P,2,1.6492,349985,55,intensifier
sensitivity,d1,1000,6-0.75-P,2,1.7080,350022,55,intensifier
sensitivity,d1,1000,6-0.75-P,2,1.7375,350285,55,intensifier
sensitivity,d1,1000,6-0.75-P,2,224.8049,350357,33,intensifier
sensitivity,d1,1000,6-0.75-P,2,224.8358,350422,33,intensifier
sensitivity,d1,1000,3-0.75-M,1,0.6450,36306,60,intensifier
sensitivity,d1,1000,3-0.75-M,1,1.1511,36464,77,explorer
sensitivity,d1,1000,3-0.75-M,1,1.1810,36636,77,explorer
sensitivity,d1,1000,3-0.75-M,1,2.1887,37020,10,intensifier
sensitivity,d1,1000,3-0.75-M,1,2.2802,37160,10,intensifier
sensitivity,d1,1000,3-0.75-M,1,2.6668,37223,10,intensifier
sensitivity,d1,1000,3-0.75-M,1,2.6966,37257,10,intensifier
sensitivity,d1,1000,3-0.75-M,1,18.4288,37299,20,intensifier
sensitivity,d1,1000,3-0.75-M,1,22.2053,37496,20,intensifier
sensitivity,d1,1000,3-0.75-M,1,142.8972,37611,58,intensifier
sensitivity,d1,1000,3-0.75-M,1,142.9268,37637,58,intensifier
sensitivity,d1,1000,3-0.75-M,1,143.5474,37782,58,intensifier
sensitivity,d1,1000,3-0.75-M,1,145.5225,37817,58,intensifier
sensitivity,d1,1000,3-0.75-M,2,0.5198,35915,12,intensifier
sensitivity,d1,1000,3-0.75-M,2,0.7557,35917,32,intensifier
sensitivity,d1,1000,3-0.75-M,2,0.7858,36148,49,intensifier
sensitivity,d1,1000,3-0.75-M,2,0.8157,36350,49,intensifier
sensitivity,d1,1000,3-0.75-M,2,0.8449,36371,49,intensifier
sensitivity,d1,1000,3-0.75-M,2,0.8750,36386,49,intensifier
sensitivity,d1,1000,3-0.75-M,2,0.9349,36449,49,intensifier
sensitivity,d1,1000,3-0.75-M,2,1.2015,36528,49,intensifier
sensitivity,d1,1000,3-0.75-M,2,1.2306,36638,49,intensifier
sensitivity,d1,1000,3-0.75-M,2,2.1450,36728,49,intensifier
sensitivity,d1,1000,3-0.75-M,2,2.3209,36773,49,intensifier
sensitivity,d1,1000,3-0.75-M,2,2.3803,36849,49,intensifier
sensitivity,d1,1000,3-0.75-M,2,2.8525,36877,49,intensifier
sensitivity,d1,1000,3-0.75-M,2,5.3953,37103,49,intensifier
sensitivity,d1,1000,3-0.75-M,2,7.8484,37154,62,intensifier
sensitivity,d1,1000,3-0.75-M,2,7.8789,37188,62,intensifier
sensitivity,d1,1000,3-0.75-M,2,7.9378,37261,49,intensifier
sensitivity,d1,1000,3-0.75-M,2,9.7667,37295,49,intensifier
sensitivity,d1,1000,3-0.75-M,2,42.1586,37296,9,intensifier
sensitivity,d1,1000,3-0.75-M,2,81.9355,37332,23,intensifier
sensitivity,d1,1000,3-0.75-M,2,121.2059,37571,29,intensifier
sensitivity,d1,1000,3-0.75-M,2,133.2918,37666,46,intensifier
sensitivity,d1,1000,3-0.75-M,2,137.3718,37683,46,intensifier
sensitivity,f50,1000,4-0.25-P,1,0.4560,133310,8,intensifier
sensitivity,f50,1000,4-0.25-P,1,0.4966,133571,8,intensifier
sensitivity,f50,1000,4-0.25-P,1,0.5265,133658,8,intensifier
sensitivity,f50,1000,4-0.25-P,1,0.5549,133931,6,intensifier
sensitivity,f50,1000,4-0.25-P,1,0.6145,134086,36,intensifier
sensitivity,f50,1000,4-0.25-P,1,0.6744,134267,36,intensifier
sensitivity,f50,1000,4-0.25-P,1,0.7053,134327,36,intensifier
sensitivity,f50,1000,4-0.25-P,1,0.7643,134508,36,intensifier
sensitivity,f50,1000,4-0.25-P,1,0.7951,134523,36,intensifier
sensitivity,f50,1000,4-0.25-P,1,0.9426,134639,36,intensifier
sensitivity,f50,1000,4-0.25-P,1,0.9715,134695,36,intensifier
sensitivity,f50,1000,4-0.25-P,1,1.0028,134765,36,intensifier
sensitivity,f50,1000,4-0.25-P,1,1.1212,134911,36,intensifier
sensitivity,f50,1000,4-0.25-P,1,1.1800,135100,36,intensifier
sensitivity,f50,1000,4-0.25-P,1,1.4458,135125,36,intensifier
sensitivity,f50,1000,4-0.25-P,1,1.4749,135158,36,intensifier
sensitivity,f50,1000,4-0.25-P,1,1.5067,135268,5,intensifier
sensitivity,f50,1000,4-0.25-P,1,1.5656,135354,5,intensifier
sensitivity,f50,1000,4-0.25-P,1,1.5961,135550,5,intensifier
sensitivity,f50,1000,4-0.25-P,1,1.7738,135566,5,intensifier
sensitivity,f50,1000,4-0.25-P,1,1.9782,135625,5,intensifier
sensitivity,f50,1000,4-0.25-P,1,2.1555,135631,5,intensifier
sensitivity,f50,1000,4-0.25-P,1,2.5096,135855,5,intensifier
sensitivity,f50,1000,4-0.25-P,1,3.4557,135856,5,intensifier
sensitivity,f50,1000,4-0.25-P,1,4.4583,135860,5,intensifier
sensitivity,f50,1000,4-0.25-P,1,4.4879,135873,5,intensifier
sensitivity,f50,1000,4-0.25-P,1,4.6068,135897,5,intensifier
sensitivity,f50,1000,4-0.25-P,1,4.6955,135964,5,intensifier
sensitivity,f50,1000,4-0.25-P,1,4.8427,136139,5,intensifier
sensitivity,f50,1000,4-0.25-P,1,7.8236,136152,5,intensifier
sensitivity,f50,1000,4-0.25-P,1,9.2699,136196,5,intensifier
sensitivity,f50,1000,4-0.25-P,1,9.2998,136204,5,intensifier
sensitivity,f50,1000,4-0.25-P,1,10.0705,136312,5,intensifier
sensitivity,f50,1000,4-0.25-P,1,10.6907,136359,5,intensifier
sensitivity,f50,1000,4-0.25-P,1,10.9589,136522,5,intensifier
sensitivity,f50,1000,4-0.25-P,1,11.6376,136668,5,intensifier
sensitivity,f50,1000,4-0.25-P,1,14.9456,136723,5,intensifier
sensitivity,f50,1000,4-0.25-P,1,16.9474,136727,31,intensifier
sensitivity,f50,1000,4-0.25-P,1,17.0070,136739,31,intensifier
sensitivity,f50,1000,4-0.25-P,1,18.3892,136793,15,intensifier
sensitivity,f50,1000,4-0.25-P,1,20.6358,136815,37,intensifier
sensitivity,f50,1000,4-0.25-P,1,21.1685,136878,37,intensifier
sensitivity,f50,1000,4-0.25-P,1,24.2952,136961,16,intensifier
sensitivity,f50,1000,4-0.25-P,1,24.7972,137050,2,intensifier
sensitivity,f50,1000,4-0.25-P,1,25.2050,137088,2,intensifier
sensitivity,f50,1000,4-0.25-P,1,30.7585,137154,2,intensifier
sensitivity,f50,1000,4-0.25-P,1,58.2187,137180,10,intensifier
sensitivity,f50,1000,4-0.25-P,1,77.8515,137205,14,intensifier
sensitivity,f50,1000,4-0.25-P,1,82.9597,137248,31,intensifier
sensitivity,f50,1000,4-0.25-P,1,88.1687,137258,31,intensifier
sensitivity,f50,1000,4-0.25-P,1,245.3557,137267,4,intensifier
sensitivity,f50,1000,4-0.25-P,1,360.5034,137336,23,intensifier
sensitivity,f50,1000,4-0.25-P,1,546.3352,137412,29,intensifier
sensitivity,f50,1000,4-0.25-P,2,0.4462,133455,25,intensifier
sensitivity,f50,1000,4-0.25-P,2,0.5464,133478,19,intensifier
sensitivity,f50,1000,4-0.25-P,2,0.5758,134353,64,explorer
sensitivity,f50,1000,4-0.25-P,2,0.6052,134513,29,intensifier
sensitivity,f50,1000,4-0.25-P,2,0.6928,134535,29,intensifier
sensitivity,f50,1000,4-0.25-P,2,0.7222,134633,29,intensifier
sensitivity,f50,1000,4-0.25-P,2,0.7522,134914,29,intensifier
sensitivity,f50,1000,4-0.25-P,2,0.8112,134929,29,intensifier
sensitivity,f50,1000,4-0.25-P,2,0.8707,135009,29,intensifier
sensitivity,f50,1000,4-0.25-P,2,1.0776,135024,29,intensifier
sensitivity,f50,1000,4-0.25-P,2,1.1374,135072,29,intensifier
sensitivity,f50,1000,4-0.25-P,2,1.1670,135158,29,intensifier
sensitivity,f50,1000,4-0.25-P,2,1.4911,135268,29,intensifier
sensitivity,f50,1000,4-0.25-P,2,1.6089,135394,29,intensifier
sensitivity,f50,1000,4-0.25-P,2,1.6384,135602,29,intensifier
sensitivity,f50,1000,4-0.25-P,2,1.9343,135679,29,intensifier
sensitivity,f50,1000,4-0.25-P,2,2.4988,135750,29,intensifier
sensitivity,f50,1000,4-0.25-P,2,2.5282,135787,29,intensifier
sensitivity,f50,1000,4-0.25-P,2,2.9440,135864,29,intensifier
sensitivity,f50,1000,4-0.25-P,2,5.8488,136025,29,intensifier
sensitivity,f50,1000,4-0.25-P,2,7.8657,136069,29,intensifier
sensitivity,f50,1000,4-0.25-P,2,9.7079,136084,32,intensifier
sensitivity,f50,1000,4-0.25-P,2,10.1256,136114,29,intensifier
sensitivity,f50,1000,4-0.25-P,2,10.1561,136145,29,intensifier
sensitivity,f50,1000,4-0.25-P,2,10.3043,136179,8,intensifier
sensitivity,f50,1000,4-0.25-P,2,11.2239,136264,8,intensifier
sensitivity,f50,1000,4-0.25-P,2,11.9080,136511,5,intensifier
sensitivity,f50,1000,4-0.25-P,2,50.8581,136533,33,intensifier
sensitivity,f50,1000,4-0.25-P,2,75.1941,136577,25,intensifier
sensitivity,f50,1000,4-0.25-P,2,76.8775,136732,39,intensifier
sensitivity,f50,1000,4-0.25-P,2,206.5640,136754,21,intensifier
sensitivity,f50,1000,4-0.25-P,2,232.6983,136809,13,intensifier
sensitivity,f50,1000,4-0.25-P,2,373.0417,136884,9,intensifier
sensitivity,f50,1000,4-0.25-P,2,373.0710,136977,9,intensifier
sensitivity,f50,1000,4-0.25-P,2,375.1472,137012,9,intensifier
sensitivity,f50,1000,4-0.25-P,2,381.9288,137075,24,intensifier
sensitivity,f50,1000,4-0.25-P,2,428.6917,137154,6,intensifier
sensitivity,f50,1000,4-0.25-P,2,483.9958,137216,41,intensifier
sensitivity,f50,1000,4-0.25-P,2,486.7526,137241,41,intensifier
sensitivity,f50,1000,4-0.25-P,2,525.6387,137338,9,intensifier
sensitivity,f50,1000,6-0.25-M,1,0.5253,37342,41,intensifier
sensitivity,f50,1000,6-0.25-M,1,0.5648,37577,3,intensifier
sensitivity,f50,1000,6-0.25-M,1,0.6248,37859,29,intensifier
sensitivity,f50,1000,6-0.25-M,1,0.7429,37931,29,intensifier
sensitivity,f50,1000,6-0.25-M,1,0.8020,38291,73,explorer
sensitivity,f50,1000,6-0.25-M,1,1.1530,38349,29,intensifier
sensitivity,f50,1000,6-0.25-M,1,1.1826,38433,29,intensifier
sensitivity,f50,1000,6-0.25-M,1,1.2121,38441,29,intensifier
sensitivity,f50,1000,6-0.25-M,1,1.3610,38480,29,intensifier
sensitivity,f50,1000,6-0.25-M,1,1.3913,38903,29,intensifier
sensitivity,f50,1000,6-0.25-M,1,1.6296,39024,29,intensifier
sensitivity,f50,1000,6-0.25-M,1,2.7796,39155,29,intensifier
sensitivity,f50,1000,6-0.25-M,1,4.6416,39159,29,intensifier
sensitivity,f50,1000,6-0.25-M,1,5.2282,39204,29,intensifier
sensitivity,f50,1000,6-0.25-M,1,5.9360,39376,29,intensifier
sensitivity,f50,1000,6-0.25-M,1,10.6336,39485,29,intensifier
sensitivity,f50,1000,6-0.25-M,1,10.9318,39526,19,intensifier
sensitivity,f50,1000,6-0.25-M,1,11.5256,39528,19,intensifier
sensitivity,f50,1000,6-0.25-M,1,11.5560,39540,19,intensifier
sensitivity,f50,1000,6-0.25-M,1,11.9669,39798,36,intensifier
sensitivity,f50,1000,6-0.25-M,1,16.0388,39898,28,intensifier
sensitivity,f50,1000,6-0.25-M,1,23.6346,39922,25,intensifier
sensitivity,f50,1000,6-0.25-M,1,26.1117,39926,33,intensifier
sensitivity,f50,1000,6-0.25-M,1,26.4676,39967,17,intensifier
sensitivity,f50,1000,6-0.25-M,1,27.9172,39992,1,intensifier
sensitivity,f50,1000,6-0.25-M,1,37.2498,40100,20,intensifier
sensitivity,f50,1000,6-0.25-M,1,39.0846,40258,1,intensifier
sensitivity,f50,1000,6-0.25-M,1,65.5399,40264,17,intensifier
sensitivity,f50,1000,6-0.25-M,1,67.5521,40304,0,intensifier
sensitivity,f50,1000,6-0.25-M,1,157.6297,40309,34,intensifier
sensitivity,f50,1000,6-0.25-M,1,160.2897,40368,37,intensifier
sensitivity,f50,1000,6-0.25-M,1,187.0259,40439,8,intensifier
sensitivity,f50,1000,6-0.25-M,1,192.9927,40453,32,intensifier
sensitivity,f50,1000,6-0.25-M,1,198.6030,40651,32,intensifier
sensitivity,f50,1000,6-0.25-M,1,347.6187,40682,10,intensifier
sensitivity,f50,1000,6-0.25-M,1,367.7448,40749,22,intensifier
sensitivity,f50,1000,6-0.25-M,1,478.3863,40795,37,intensifier
sensitivity,f50,1000,6-0.25-M,2,0.5313,37413,83,explorer
sensitivity,f50,1000,6-0.25-M,2,0.6573,37666,21,intensifier
sensitivity,f50,1000,6-0.25-M,2,0.6868,37995,21,intensifier
sensitivity,f50,1000,6-0.25-M,2,0.7161,38139,21,intensifier
sensitivity,f50,1000,6-0.25-M,2,0.7454,38274,21,intensifier
sensitivity,f50,1000,6-0.25-M,2,0.8647,38426,21,intensifier
sensitivity,f50,1000,6-0.25-M,2,1.3381,38488,4,intensifier
sensitivity,f50,1000,6-0.25-M,2,1.3682,38505,4,intensifier
sensitivity,f50,1000,6-0.25-M,2,1.4283,38522,4,intensifier
sensitivity,f50,1000,6-0.25-M,2,1.5768,38609,4,intensifier
sensitivity,f50,1000,6-0.25-M,2,1.6661,38675,21,intensifier
sensitivity,f50,1000,6-0.25-M,2,2.5862,39114,21,intensifier
sensitivity,f50,1000,6-0.25-M,2,2.6163,39294,21,intensifier
sensitivity,f50,1000,6-0.25-M,2,2.7056,39405,21,intensifier
sensitivity,f50,1000,6-0.25-M,2,4.8346,39470,21,intensifier
sensitivity,f50,1000,6-0.25-M,2,7.8591,39529,12,intensifier
sensitivity,f50,1000,6-0.25-M,2,7.8894,39688,20,intensifier
sensitivity,f50,1000,6-0.25-M,2,18.4851,39851,10,intensifier
sensitivity,f50,1000,6-0.25-M,2,23.9101,39954,3,intensifier
sensitivity,f50,1000,6-0.25-M,2,48.2006,39965,34,intensifier
sensitivity,f50,1000,6-0.25-M,2,48.2606,40010,11,intensifier
sensitivity,f50,1000,6-0.25-M,2,50.1805,40149,3,intensifier
sensitivity,f50,1000,6-0.25-M,2,63.4215,40239,9,intensifier
sensitivity,f50,1000,6-0.25-M,2,72.4938,40261,9,intensifier
sensitivity,f50,1000,6-0.25-M,2,76.6628,40271,15,intensifier
sensitivity,f50,1000,6-0.25-M,2,76.7522,40281,15,intensifier
sensitivity,f50,1000,6-0.25-M,2,110.9861,40335,10,intensifier
sensitivity,f50,1000,6-0.25-M,2,184.5680,40505,1,intensifier
sensitivity,f50,1000,6-0.25-M,2,409.0187,40618,38,intensifier
sensitivity,f50,1000,6-0.25-M,2,565.3610,40790,40,intensifier
sensitivity,f50,1000,5-0.5-P,1,0.4003,265342,14,intensifier
sensitivity,f50,1000,5-0.5-P,1,0.4694,267914,49,explorer
sensitivity,f50,1000,5-0.5-P,1,0.4996,268212,14,intensifier
sensitivity,f50,1000,5-0.5-P,1,0.5305,268496,14,intensifier
sensitivity,f50,1000,5-0.5-P,1,0.5599,268908,17,intensifier
sensitivity,f50,1000,5-0.5-P,1,0.5887,269257,17,intensifier
sensitivity,f50,1000,5-0.5-P,1,0.6189,269309,17,intensifier
sensitivity,f50,1000,5-0.5-P,1,0.6496,269398,17,intensifier
sensitivity,f50,1000,5-0.5-P,1,0.7092,269917,14,intensifier
sensitivity,f50,1000,5-0.5-P,1,0.7677,270488,14,intensifier
sensitivity,f50,1000,5-0.5-P,1,0.7985,270590,14,intensifier
sensitivity,f50,1000,5-0.5-P,1,0.8558,270598,14,intensifier
sensitivity,f50,1000,5-0.5-P,1,0.9153,270706,14,intensifier
sensitivity,f50,1000,5-0.5-P,1,1.0320,270722,14,intensifier
sensitivity,f50,1000,5-0.5-P,1,1.0621,270912,52,explorer
sensitivity,f50,1000,5-0.5-P,1,1.1202,271127,65,explorer
sensitivity,f50,1000,5-0.5-P,1,1.1518,271337,65,explorer
sensitivity,f50,1000,5-0.5-P,1,1.7913,271363,6,intensifier
sensitivity,f50,1000,5-0.5-P,1,1.8218,271421,6,intensifier
sensitivity,f50,1000,5-0.5-P,1,2.0014,271496,50,explorer
sensitivity,f50,1000,5-0.5-P,1,2.0311,271503,21,intensifier
sensitivity,f50,1000,5-0.5-P,1,2.0887,271725,41,intensifier
sensitivity,f50,1000,5-0.5-P,1,2.1186,271764,41,intensifier
sensitivity,f50,1000,5-0.5-P,1,2.1482,271886,41,intensifier
sensitivity,f50,1000,5-0.5-P,1,2.1776,272001,41,intensifier
sensitivity,f50,1000,5-0.5-P,1,3.2327,272045,41,intensifier
sensitivity,f50,1000,5-0.5-P,1,3.5566,272150,41,intensifier
sensitivity,f50,1000,5-0.5-P,1,3.9382,272184,41,intensifier
sensitivity,f50,1000,5-0.5-P,1,3.9676,272566,41,intensifier
sensitivity,f50,1000,5-0.5-P,1,4.0260,272603,41,intensifier
sensitivity,f50,1000,5-0.5-P,1,4.7925,272694,41,intensifier
sensitivity,f50,1000,5-0.5-P,1,7.7603,272732,41,intensifier
sensitivity,f50,1000,5-0.5-P,1,7.7897,272928,41,intensifier
sensitivity,f50,1000,5-0.5-P,1,9.2340,272952,41,intensifier
sensitivity,f50,1000,5-0.5-P,1,12.2404,273134,41,intensifier
sensitivity,f50,1000,5-0.5-P,1,17.2166,273190,41,intensifier
sensitivity,f50,1000,5-0.5-P,1,21.0546,273337,41,intensifier
sensitivity,f50,1000,5-0.5-P,1,29.1456,273484,7,intensifier
sensitivity,f50,1000,5-0.5-P,1,289.8048,273510,36,intensifier
sensitivity,f50,1000,5-0.5-P,1,361.1484,273513,6,intensifier
sensitivity,f50,1000,5-0.5-P,1,362.1165,273551,12,intensifier
sensitivity,f50,1000,5-0.5-P,1,382.0754,273556,30,intensifier
sensitivity,f50,1000,5-0.5-P,1,485.1738,273647,13,intensifier
sensitivity,f50,1000,5-0.5-P,1,592.6212,273661,27,intensifier
sensitivity,f50,1000,5-0.5-P,2,0.3862,264753,22,intensifier
sensitivity,f50,1000,5-0.5-P,2,0.4564,267296,22,intensifier
sensitivity,f50,1000,5-0.5-P,2,0.4862,268291,30,intensifier
sensitivity,f50,1000,5-0.5-P,2,0.5163,268598,30,intensifier
sensitivity,f50,1000,5-0.5-P,2,0.5453,268911,30,intensifier
sensitivity,f50,1000,5-0.5-P,2,0.5749,268937,30,intensifier
sensitivity,f50,1000,5-0.5-P,2,0.6040,269354,30,intensifier
sensitivity,f50,1000,5-0.5-P,2,0.6334,269740,36,intensifier
sensitivity,f50,1000,5-0.5-P,2,0.6624,270210,36,intensifier
sensitivity,f50,1000,5-0.5-P,2,0.6915,270374,36,intensifier
sensitivity,f50,1000,5-0.5-P,2,0.7211,270624,36,intensifier
sensitivity,f50,1000,5-0.5-P,2,0.7790,270787,36,intensifier
sensitivity,f50,1000,5-0.5-P,2,1.0419,270893,36,intensifier
sensitivity,f50,1000,5-0.5-P,2,1.0709,270982,36,intensifier
sensitivity,f50,1000,5-0.5-P,2,1.1291,271308,36,intensifier
sensitivity,f50,1000,5-0.5-P,2,1.1594,271621,36,intensifier
sensitivity,f50,1000,5-0.5-P,2,1.1889,271653,36,intensifier
sensitivity,f50,1000,5-0.5-P,2,1.2185,271704,9,intensifier
sensitivity,f50,1000,5-0.5-P,2,1.2764,271727,9,intensifier
sensitivity,f50,1000,5-0.5-P,2,1.3351,271827,36,intensifier
sensitivity,f50,1000,5-0.5-P,2,1.6586,271889,9,intensifier
sensitivity,f50,1000,5-0.5-P,2,1.8349,271944,9,intensifier
sensitivity,f50,1000,5-0.5-P,2,2.2768,271952,9,intensifier
sensitivity,f50,1000,5-0.5-P,2,2.3353,272154,9,intensifier
sensitivity,f50,1000,5-0.5-P,2,2.3640,272255,9,intensifier
sensitivity,f50,1000,5-0.5-P,2,2.5703,272339,9,intensifier
sensitivity,f50,1000,5-0.5-P,2,2.6001,272358,9,intensifier
sensitivity,f50,1000,5-0.5-P,2,2.6296,272566,9,intensifier
sensitivity,f50,1000,5-0.5-P,2,2.9822,272659,9,intensifier
sensitivity,f50,1000,5-0.5-P,2,40.3900,272667,80,explorer
sensitivity,f50,1000,5-0.5-P,2,40.5931,272701,16,intensifier
sensitivity,f50,1000,5-0.5-P,2,40.6812,272797,6,intensifier
sensitivity,f50,1000,5-0.5-P,2,40.8871,272857,16,intensifier
sensitivity,f50,1000,5-0.5-P,2,41.1232,272974,15,intensifier
sensitivity,f50,1000,5-0.5-P,2,45.7771,272994,15,intensifier
sensitivity,f50,1000,5-0.5-P,2,45.9827,273020,0,intensifier
sensitivity,f50,1000,5-0.5-P,2,46.2779,273108,25,intensifier
sensitivity,f50,1000,5-0.5-P,2,48.0625,273143,25,intensifier
sensitivity,f50,1000,5-0.5-P,2,49.4426,273199,0,intensifier
sensitivity,f50,1000,5-0.5-P,2,54.2259,273245,25,intensifier
sensitivity,f50,1000,5-0.5-P,2,54.9625,273322,18,intensifier
sensitivity,f50,1000,5-0.5-P,2,58.9732,273357,18,intensifier
sensitivity,f50,1000,5-0.5-P,2,62.2000,273381,18,intensifier
sensitivity,f50,1000,5-0.5-P,2,66.9740,273405,39,intensifier
sensitivity,f50,1000,5-0.5-P,2,94.6452,273458,40,intensifier
sensitivity,f50,1000,5-0.5-P,2,118.3536,273521,3,intensifier
sensitivity,f50,1000,5-0.5-P,2,160.6180,273665,22,intensifier
sensitivity,f50,1000,5-0.5-P,2,193.5026,273762,32,intensifier
sensitivity,f50,1000,5-0.5-P,2,574.3052,273771,13,intensifier
sensitivity,f50,1000,2-0.5-M,1,0.2889,42933,20,intensifier
sensitivity,f50,1000,2-0.5-M,1,0.3786,49789,80,explorer
sensitivity,f50,1000,2-0.5-M,1,0.4113,49811,80,explorer
sensitivity,f50,1000,2-0.5-M,1,0.4403,50346,23,intensifier
sensitivity,f50,1000,2-0.5-M,1,0.4695,51168,32,intensifier
sensitivity,f50,1000,2-0.5-M,1,0.4988,52093,5,intensifier
sensitivity,f50,1000,2-0.5-M,1,0.5282,52534,5,intensifier
sensitivity,f50,1000,2-0.5-M,1,0.5556,52826,5,intensifier
sensitivity,f50,1000,2-0.5-M,1,0.5861,52894,4,intensifier
sensitivity,f50,1000,2-0.5-M,1,0.6140,53616,21,intensifier
sensitivity,f50,1000,2-0.5-M,1,0.6429,54275,21,intensifier
sensitivity,f50,1000,2-0.5-M,1,0.6730,54515,21,intensifier
sensitivity,f50,1000,2-0.5-M,1,0.7019,54541,21,intensifier
sensitivity,f50,1000,2-0.5-M,1,0.7920,55127,52,explorer
sensitivity,f50,1000,2-0.5-M,1,0.8217,55147,52,explorer
sensitivity,f50,1000,2-0.5-M,1,1.1461,55839,36,intensifier
sensitivity,f50,1000,2-0.5-M,1,1.2935,55968,67,explorer
sensitivity,f50,1000,2-0.5-M,1,2.4953,55996,36,intensifier
sensitivity,f50,1000,2-0.5-M,1,2.5551,56250,36,intensifier
sensitivity,f50,1000,2-0.5-M,1,2.5833,56312,36,intensifier
sensitivity,f50,1000,2-0.5-M,1,2.6405,56461,36,intensifier
sensitivity,f50,1000,2-0.5-M,1,2.7316,56493,36,intensifier
sensitivity,f50,1000,2-0.5-M,1,2.7613,56559,36,intensifier
sensitivity,f50,1000,2-0.5-M,1,2.9974,56569,36,intensifier
sensitivity,f50,1000,2-0.5-M,1,3.2024,56625,36,intensifier
sensitivity,f50,1000,2-0.5-M,1,3.6138,56761,36,intensifier
sensitivity,f50,1000,2-0.5-M,1,5.3216,56872,36,intensifier
sensitivity,f50,1000,2-0.5-M,1,6.7237,56878,36,intensifier
sensitivity,f50,1000,2-0.5-M,1,7.9476,57061,36,intensifier
sensitivity,f50,1000,2-0.5-M,1,11.0390,57143,36,intensifier
sensitivity,f50,1000,2-0.5-M,1,16.6986,57302,36,intensifier
sensitivity,f50,1000,2-0.5-M,1,17.4574,57435,36,intensifier
sensitivity,f50,1000,2-0.5-M,1,17.6879,57512,15,intensifier
sensitivity,f50,1000,2-0.5-M,1,23.7292,57631,15,intensifier
sensitivity,f50,1000,2-0.5-M,1,24.6687,57681,15,intensifier
sensitivity,f50,1000,2-0.5-M,1,117.9671,57701,27,intensifier
sensitivity,f50,1000,2-0.5-M,1,202.3640,57832,18,intensifier
sensitivity,f50,1000,2-0.5-M,1,354.6001,57852,10,intensifier
sensitivity,f50,1000,2-0.5-M,1,366.9737,57882,6,intensifier
sensitivity,f50,1000,2-0.5-M,1,423.4374,57950,21,intensifier
sensitivity,f50,1000,2-0.5-M,1,423.5263,58065,10,intensifier
sensitivity,f50,1000,2-0.5-M,1,520.0539,58095,35,intensifier
sensitivity,f50,1000,2-0.5-M,1,520.0831,58115,35,intensifier
sensitivity,f50,1000,2-0.5-M,2,0.3785,50055,36,intensifier
sensitivity,f50,1000,2-0.5-M,2,0.4501,51475,36,intensifier
sensitivity,f50,1000,2-0.5-M,2,0.4806,52129,59,explorer
sensitivity,f50,1000,2-0.5-M,2,0.5090,52780,51,explorer
sensitivity,f50,1000,2-0.5-M,2,0.5387,52899,10,intensifier
sensitivity,f50,1000,2-0.5-M,2,0.5684,53355,6,intensifier
sensitivity,f50,1000,2-0.5-M,2,0.5983,53695,24,intensifier
sensitivity,f50,1000,2-0.5-M,2,0.6281,53913,42,explorer
sensitivity,f50,1000,2-0.5-M,2,0.6580,54392,24,intensifier
sensitivity,f50,1000,2-0.5-M,2,0.7176,54651,24,intensifier
sensitivity,f50,1000,2-0.5-M,2,0.7467,54691,24,intensifier
sensitivity,f50,1000,2-0.5-M,2,0.7760,55053,24,intensifier
sensitivity,f50,1000,2-0.5-M,2,0.8053,55714,24,intensifier
sensitivity,f50,1000,2-0.5-M,2,0.8345,55949,24,intensifier
sensitivity,f50,1000,2-0.5-M,2,1.1824,56095,24,intensifier
sensitivity,f50,1000,2-0.5-M,2,1.3577,56212,24,intensifier
sensitivity,f50,1000,2-0.5-M,2,1.4168,56310,24,intensifier
sensitivity,f50,1000,2-0.5-M,2,2.0586,56467,24,intensifier
sensitivity,f50,1000,2-0.5-M,2,2.3779,56482,24,intensifier
sensitivity,f50,1000,2-0.5-M,2,2.8487,56540,24,intensifier
sensitivity,f50,1000,2-0.5-M,2,2.8788,56569,33,intensifier
sensitivity,f50,1000,2-0.5-M,2,3.1976,56686,33,intensifier
sensitivity,f50,1000,2-0.5-M,2,4.6255,56868,33,intensifier
sensitivity,f50,1000,2-0.5-M,2,20.8130,56996,33,intensifier
sensitivity,f50,1000,2-0.5-M,2,22.8942,57135,33,intensifier
sensitivity,f50,1000,2-0.5-M,2,23.0713,57185,33,intensifier
sensitivity,f50,1000,2-0.5-M,2,33.4845,57206,29,intensifier
sensitivity,f50,1000,2-0.5-M,2,34.8875,57211,29,intensifier
sensitivity,f50,1000,2-0.5-M,2,35.2947,57223,27,intensifier
sensitivity,f50,1000,2-0.5-M,2,35.5286,57233,27,intensifier
sensitivity,f50,1000,2-0.5-M,2,38.7800,57270,27,intensifier
sensitivity,f50,1000,2-0.5-M,2,42.7100,57362,27,intensifier
sensitivity,f50,1000,2-0.5-M,2,42.9755,57524,27,intensifier
sensitivity,f50,1000,2-0.5-M,2,47.5843,57527,27,intensifier
sensitivity,f50,1000,2-0.5-M,2,51.0209,57587,27,intensifier
sensitivity,f50,1000,2-0.5-M,2,119.0186,57678,36,intensifier
sensitivity,f50,1000,2-0.5-M,2,322.6527,57686,22,intensifier
sensitivity,f50,1000,2-0.5-M,2,323.8244,57777,39,intensifier
sensitivity,f50,1000,2-0.5-M,2,327.6173,57785,29,intensifier
sensitivity,f50,1000,2-0.5-M,2,330.0509,57898,29,intensifier
sensitivity,f50,1000,6-0.75-P,1,0.6658,348316,27,intensifier
sensitivity,f50,1000,6-0.75-P,1,0.7861,348317,76,explorer
sensitivity,f50,1000,6-0.75-P,1,0.8452,348397,52,explorer
sensitivity,f50,1000,6-0.75-P,1,0.9050,348443,0,intensifier
sensitivity,f50,1000,6-0.75-P,1,0.9351,348503,0,intensifier
sensitivity,f50,1000,6-0.75-P,1,1.0248,348514,0,intensifier
sensitivity,f50,1000,6-0.75-P,1,1.1141,348655,0,intensifier
sensitivity,f50,1000,6-0.75-P,1,1.3198,348703,0,intensifier
sensitivity,f50,1000,6-0.75-P,1,1.3500,348837,0,intensifier
sensitivity,f50,1000,6-0.75-P,1,1.6763,349243,0,intensifier
sensitivity,f50,1000,6-0.75-P,1,3.3038,349405,0,intensifier
sensitivity,f50,1000,6-0.75-P,1,3.5700,349468,21,intensifier
sensitivity,f50,1000,6-0.75-P,1,3.7485,349470,21,intensifier
sensitivity,f50,1000,6-0.75-P,1,4.3681,349482,21,intensifier
sensitivity,f50,1000,6-0.75-P,1,5.0787,349703,21,intensifier
sensitivity,f50,1000,6-0.75-P,1,6.6105,349744,21,intensifier
sensitivity,f50,1000,6-0.75-P,1,6.8762,349799,21,intensifier
sensitivity,f50,1000,6-0.75-P,1,8.5890,350102,21,intensifier
sensitivity,f50,1000,6-0.75-P,1,9.7718,350147,21,intensifier
sensitivity,f50,1000,6-0.75-P,1,10.8356,350170,21,intensifier
sensitivity,f50,1000,6-0.75-P,1,10.8963,350200,21,intensifier
sensitivity,f50,1000,6-0.75-P,1,12.0777,350283,21,intensifier
sensitivity,f50,1000,6-0.75-P,1,19.2768,350387,0,intensifier
sensitivity,f50,1000,6-0.75-P,1,31.0436,350591,1,intensifier
sensitivity,f50,1000,6-0.75-P,1,33.5814,350643,1,intensifier
sensitivity,f50,1000,6-0.75-P,1,186.4091,350672,34,intensifier
sensitivity,f50,1000,6-0.75-P,1,227.4304,350759,40,intensifier
sensitivity,f50,1000,6-0.75-P,1,363.3646,350819,18,intensifier
sensitivity,f50,1000,6-0.75-P,2,0.7058,348952,30,intensifier
sensitivity,f50,1000,6-0.75-P,2,0.8253,349143,55,explorer
sensitivity,f50,1000,6-0.75-P,2,4.5545,349184,37,intensifier
sensitivity,f50,1000,6-0.75-P,2,4.5852,349221,37,intensifier
sensitivity,f50,1000,6-0.75-P,2,4.7026,349224,37,intensifier
sensitivity,f50,1000,6-0.75-P,2,4.7615,349261,37,intensifier
sensitivity,f50,1000,6-0.75-P,2,5.1152,349483,37,intensifier
sensitivity,f50,1000,6-0.75-P,2,5.7893,349502,37,intensifier
sensitivity,f50,1000,6-0.75-P,2,5.8763,349645,37,intensifier
sensitivity,f50,1000,6-0.75-P,2,6.7016,349652,37,intensifier
sensitivity,f50,1000,6-0.75-P,2,6.7316,349719,37,intensifier
sensitivity,f50,1000,6-0.75-P,2,6.9967,349797,37,intensifier
sensitivity,f50,1000,6-0.75-P,2,7.3473,349828,37,intensifier
sensitivity,f50,1000,6-0.75-P,2,7.7596,349960,37,intensifier
sensitivity,f50,1000,6-0.75-P,2,7.7889,350109,37,intensifier
sensitivity,f50,1000,6-0.75-P,2,11.3190,350133,37,intensifier
sensitivity,f50,1000,6-0.75-P,2,15.6853,350174,37,intensifier
sensitivity,f50,1000,6-0.75-P,2,15.7158,350264,37,intensifier
sensitivity,f50,1000,6-0.75-P,2,19.0090,350385,37,intensifier
sensitivity,f50,1000,6-0.75-P,2,19.0392,350470,37,intensifier
sensitivity,f50,1000,6-0.75-P,2,20.8378,350502,40,intensifier
sensitivity,f50,1000,6-0.75-P,2,59.5096,350573,1,intensifier
sensitivity,f50,1000,6-0.75-P,2,76.5874,350599,28,intensifier
sensitivity,f50,1000,6-0.75-P,2,170.3621,350613,36,intensifier
sensitivity,f50,1000,6-0.75-P,2,254.5703,350706,22,intensifier
sensitivity,f50,1000,6-0.75-P,2,257.4754,350723,22,intensifier
sensitivity,f50,1000,6-0.75-P,2,317.3934,350724,26,intensifier
sensitivity,f50,1000,6-0.75-P,2,519.2554,350728,16,intensifier
sensitivity,f50,1000,6-0.75-P,2,519.2848,350871,16,intensifier
sensitivity,f50,1000,3-0.75-M,1,0.6866,36306,60,explorer
sensitivity,f50,1000,3-0.75-M,1,1.1906,36636,77,explorer
sensitivity,f50,1000,3-0.75-M,1,2.2267,36755,10,intensifier
sensitivity,f50,1000,3-0.75-M,1,2.2573,37020,10,intensifier
sensitivity,f50,1000,3-0.75-M,1,2.3475,37160,10,intensifier
sensitivity,f50,1000,3-0.75-M,1,2.7287,37223,10,intensifier
sensitivity,f50,1000,3-0.75-M,1,2.7588,37257,10,intensifier
sensitivity,f50,1000,3-0.75-M,1,16.2101,37299,27,intensifier
sensitivity,f50,1000,3-0.75-M,1,17.0640,37344,9,intensifier
sensitivity,f50,1000,3-0.75-M,1,25.0897,37370,4,intensifier
sensitivity,f50,1000,3-0.75-M,1,25.7379,37394,33,intensifier
sensitivity,f50,1000,3-0.75-M,1,26.5641,37425,23,intensifier
sensitivity,f50,1000,3-0.75-M,1,47.8996,37438,15,intensifier
sensitivity,f50,1000,3-0.75-M,1,51.7966,37583,15,intensifier
sensitivity,f50,1000,3-0.75-M,1,81.1488,37721,28,intensifier
sensitivity,f50,1000,3-0.75-M,1,84.8893,37841,1,intensifier
sensitivity,f50,1000,3-0.75-M,1,162.7194,37890,14,intensifier
sensitivity,f50,1000,3-0.75-M,1,221.8445,37892,11,intensifier
sensitivity,f50,1000,3-0.75-M,1,343.4742,38077,9,intensifier
sensitivity,f50,1000,3-0.75-M,2,0.6431,35915,12,intensifier
sensitivity,f50,1000,3-0.75-M,2,0.7628,35944,32,intensifier
sensitivity,f50,1000,3-0.75-M,2,0.7924,36251,49,explorer
sensitivity,f50,1000,3-0.75-M,2,0.9979,36290,47,explorer
sensitivity,f50,1000,3-0.75-M,2,1.2339,36296,49,explorer
sensitivity,f50,1000,3-0.75-M,2,1.2641,36307,49,explorer
sensitivity,f50,1000,3-0.75-M,2,1.6776,36512,26,intensifier
sensitivity,f50,1000,3-0.75-M,2,1.7366,36514,67,explorer
sensitivity,f50,1000,3-0.75-M,2,2.0890,36668,26,intensifier
sensitivity,f50,1000,3-0.75-M,2,2.1193,36808,26,intensifier
sensitivity,f50,1000,3-0.75-M,2,2.2087,36878,26,intensifier
sensitivity,f50,1000,3-0.75-M,2,2.9136,37124,26,intensifier
sensitivity,f50,1000,3-0.75-M,2,3.7701,37179,26,intensifier
sensitivity,f50,1000,3-0.75-M,2,4.2427,37197,26,intensifier
sensitivity,f50,1000,3-0.75-M,2,7.4953,37228,26,intensifier
sensitivity,f50,1000,3-0.75-M,2,7.9389,37401,26,intensifier
sensitivity,f50,1000,3-0.75-M,2,69.6401,37465,23,intensifier
sensitivity,f50,1000,3-0.75-M,2,70.5295,37592,22,intensifier
sensitivity,f50,1000,3-0.75-M,2,70.7064,37746,22,intensifier
sensitivity,f50,1000,3-0.75-M,2,71.2106,37769,22,intensifier
sensitivity,f50,1000,3-0.75-M,2,81.0113,37860,39,intensifier
sensitivity,f50,1000,3-0.75-M,2,192.6914,38054,15,intensifier
sensitivity,f90,1000,4-0.25-P,1,0.5533,133695,8,intensifier
sensitivity,f90,1000,4-0.25-P,1,0.5913,133931,6,intensifier
sensitivity,f90,1000,4-0.25-P,1,0.6513,134086,36,intensifier
sensitivity,f90,1000,4-0.25-P,1,0.6810,134267,36,intensifier
sensitivity,f90,1000,4-0.25-P,1,0.7101,134327,36,intensifier
sensitivity,f90,1000,4-0.25-P,1,0.7704,134396,64,intensifier
sensitivity,f90,1000,4-0.25-P,1,0.8001,134523,36,intensifier
sensitivity,f90,1000,4-0.25-P,1,0.8299,134552,64,intensifier
sensitivity,f90,1000,4-0.25-P,1,0.8591,134661,64,intensifier
sensitivity,f90,1000,4-0.25-P,1,0.8894,134965,64,intensifier
sensitivity,f90,1000,4-0.25-P,1,1.0390,135117,64,intensifier
sensitivity,f90,1000,4-0.25-P,1,1.0689,135142,64,intensifier
sensitivity,f90,1000,4-0.25-P,1,1.1294,135352,64,intensifier
sensitivity,f90,1000,4-0.25-P,1,1.2176,135555,64,intensifier
sensitivity,f90,1000,4-0.25-P,1,1.5091,135811,64,intensifier
sensitivity,f90,1000,4-0.25-P,1,2.0699,136092,64,intensifier
sensitivity,f90,1000,4-0.25-P,1,2.1304,136170,64,intensifier
sensitivity,f90,1000,4-0.25-P,1,3.6910,136276,64,intensifier
sensitivity,f90,1000,4-0.25-P,1,3.8984,136616,64,intensifier
sensitivity,f90,1000,4-0.25-P,1,4.1322,136720,64,intensifier
sensitivity,f90,1000,4-0.25-P,1,35.9346,136826,61,intensifier
sensitivity,f90,1000,4-0.25-P,1,36.7869,136919,61,intensifier
sensitivity,f90,1000,4-0.25-P,1,58.2303,136930,11,intensifier
sensitivity,f90,1000,4-0.25-P,1,99.2852,136944,68,intensifier
sensitivity,f90,1000,4-0.25-P,1,100.6436,136964,26,intensifier
sensitivity,f90,1000,4-0.25-P,1,101.1166,137020,68,intensifier
sensitivity,f90,1000,4-0.25-P,1,111.7927,137051,24,intensifier
sensitivity,f90,1000,4-0.25-P,1,112.0876,137084,36,intensifier
sensitivity,f90,1000,4-0.25-P,1,127.1660,137129,16,intensifier
sensitivity,f90,1000,4-0.25-P,1,129.7623,137217,16,intensifier
sensitivity,f90,1000,4-0.25-P,1,160.4850,137219,36,intensifier
sensitivity,f90,1000,4-0.25-P,1,217.8077,137251,47,intensifier
sensitivity,f90,1000,4-0.25-P,1,421.2534,137274,63,intensifier
sensitivity,f90,1000,4-0.25-P,1,450.4138,137383,23,intensifier
sensitivity,f90,1000,4-0.25-P,1,480.7940,137547,4,intensifier
sensitivity,f90,1000,4-0.25-P,2,0.5695,133602,19,intensifier
sensitivity,f90,1000,4-0.25-P,2,0.6030,133939,19,intensifier
sensitivity,f90,1000,4-0.25-P,2,0.6323,134378,64,intensifier
sensitivity,f90,1000,4-0.25-P,2,0.7197,134451,64,intensifier
sensitivity,f90,1000,4-0.25-P,2,0.8381,134619,59,intensifier
sensitivity,f90,1000,4-0.25-P,2,0.8682,134625,59,intensifier
sensitivity,f90,1000,4-0.25-P,2,0.8980,134868,59,intensifier
sensitivity,f90,1000,4-0.25-P,2,0.9274,135119,59,intensifier
sensitivity,f90,1000,4-0.25-P,2,1.0753,135130,59,intensifier
sensitivity,f90,1000,4-0.25-P,2,1.1943,135168,59,intensifier
sensitivity,f90,1000,4-0.25-P,2,1.2240,135279,59,intensifier
sensitivity,f90,1000,4-0.25-P,2,1.4296,135346,59,intensifier
sensitivity,f90,1000,4-0.25-P,2,1.4904,135355,59,intensifier
sensitivity,f90,1000,4-0.25-P,2,1.5205,135476,59,intensifier
sensitivity,f90,1000,4-0.25-P,2,1.6390,135633,59,intensifier
sensitivity,f90,1000,4-0.25-P,2,1.8472,135730,59,intensifier
sensitivity,f90,1000,4-0.25-P,2,2.2918,135863,59,intensifier
sensitivity,f90,1000,4-0.25-P,2,3.1751,136082,59,intensifier
sensitivity,f90,1000,4-0.25-P,2,3.3251,136653,59,intensifier
sensitivity,f90,1000,4-0.25-P,2,6.7845,136713,64,intensifier
sensitivity,f90,1000,4-0.25-P,2,8.6278,136761,32,intensifier
sensitivity,f90,1000,4-0.25-P,2,9.5201,136887,24,intensifier
sensitivity,f90,1000,4-0.25-P,2,26.7310,136939,32,intensifier
sensitivity,f90,1000,4-0.25-P,2,27.1761,136943,47,intensifier
sensitivity,f90,1000,4-0.25-P,2,27.3855,137117,25,intensifier
sensitivity,f90,1000,4-0.25-P,2,53.7858,137176,12,intensifier
sensitivity,f90,1000,4-0.25-P,2,86.4868,137235,12,intensifier
sensitivity,f90,1000,4-0.25-P,2,89.6362,137241,5,intensifier
sensitivity,f90,1000,4-0.25-P,2,108.5468,137290,62,intensifier
sensitivity,f90,1000,4-0.25-P,2,109.0237,137454,41,intensifier
sensitivity,f90,1000,4-0.25-P,2,342.8625,137458,44,intensifier
sensitivity,f90,1000,4-0.25-P,2,448.7721,137599,12,intensifier
sensitivity,f90,1000,6-0.25-M,1,0.5286,37342,41,intensifier
sensitivity,f90,1000,6-0.25-M,1,0.5658,37392,35,intensifier
sensitivity,f90,1000,6-0.25-M,1,0.5960,37525,29,intensifier
sensitivity,f90,1000,6-0.25-M,1,0.6256,37841,29,intensifier
sensitivity,f90,1000,6-0.25-M,1,0.6556,37913,29,intensifier
sensitivity,f90,1000,6-0.25-M,1,0.6856,38005,29,intensifier
sensitivity,f90,1000,6-0.25-M,1,0.7459,38130,29,intensifier
sensitivity,f90,1000,6-0.25-M,1,0.7762,38469,73,intensifier
sensitivity,f90,1000,6-0.25-M,1,0.8065,38871,73,intensifier
sensitivity,f90,1000,6-0.25-M,1,1.4877,38957,73,intensifier
sensitivity,f90,1000,6-0.25-M,1,2.4000,39044,73,intensifier
sensitivity,f90,1000,6-0.25-M,1,2.4297,39079,73,intensifier
sensitivity,f90,1000,6-0.25-M,1,2.5179,39172,73,intensifier
sensitivity,f90,1000,6-0.25-M,1,3.0782,39455,73,intensifier
sensitivity,f90,1000,6-0.25-M,1,4.2314,39467,73,intensifier
sensitivity,f90,1000,6-0.25-M,1,6.0626,39508,73,intensifier
sensitivity,f90,1000,6-0.25-M,1,7.8613,39554,73,intensifier
sensitivity,f90,1000,6-0.25-M,1,8.0094,39558,8,intensifier
sensitivity,f90,1000,6-0.25-M,1,8.2161,39582,29,intensifier
sensitivity,f90,1000,6-0.25-M,1,10.4927,39748,5,intensifier
sensitivity,f90,1000,6-0.25-M,1,17.8957,39864,67,intensifier
sensitivity,f90,1000,6-0.25-M,1,18.3101,39867,67,intensifier
sensitivity,f90,1000,6-0.25-M,1,18.3399,39926,67,intensifier
sensitivity,f90,1000,6-0.25-M,1,32.7123,40079,63,intensifier
sensitivity,f90,1000,6-0.25-M,1,43.2136,40220,26,intensifier
sensitivity,f90,1000,6-0.25-M,1,60.9324,40221,35,intensifier
sensitivity,f90,1000,6-0.25-M,1,99.0061,40336,71,intensifier
sensitivity,f90,1000,6-0.25-M,1,155.2657,40364,25,intensifier
sensitivity,f90,1000,6-0.25-M,1,215.3781,40442,19,intensifier
sensitivity,f90,1000,6-0.25-M,1,433.0142,40451,21,intensifier
sensitivity,f90,1000,6-0.25-M,1,434.1947,40464,21,intensifier
sensitivity,f90,1000,6-0.25-M,1,514.5531,40569,1,intensifier
sensitivity,f90,1000,6-0.25-M,1,597.8313,40595,15,intensifier
sensitivity,f90,1000,6-0.25-M,2,0.5284,37413,83,explorer
sensitivity,f90,1000,6-0.25-M,2,0.6540,37666,21,intensifier
sensitivity,f90,1000,6-0.25-M,2,0.6844,37995,21,intensifier
sensitivity,f90,1000,6-0.25-M,2,0.7137,38468,30,intensifier
sensitivity,f90,1000,6-0.25-M,2,0.8026,38572,30,intensifier
sensitivity,f90,1000,6-0.25-M,2,0.8622,38587,21,intensifier
sensitivity,f90,1000,6-0.25-M,2,1.0105,38791,30,intensifier
sensitivity,f90,1000,6-0.25-M,2,1.0404,39068,30,intensifier
sensitivity,f90,1000,6-0.25-M,2,1.5442,39095,30,intensifier
sensitivity,f90,1000,6-0.25-M,2,1.7219,39124,30,intensifier
sensitivity,f90,1000,6-0.25-M,2,1.7821,39205,30,intensifier
sensitivity,f90,1000,6-0.25-M,2,1.8418,39234,30,intensifier
sensitivity,f90,1000,6-0.25-M,2,1.8720,39395,30,intensifier
sensitivity,f90,1000,6-0.25-M,2,2.4357,39432,30,intensifier
sensitivity,f90,1000,6-0.25-M,2,5.9566,39550,30,intensifier
sensitivity,f90,1000,6-0.25-M,2,6.6385,39797,30,intensifier
sensitivity,f90,1000,6-0.25-M,2,6.6685,39839,30,intensifier
sensitivity,f90,1000,6-0.25-M,2,12.2735,39863,42,intensifier
sensitivity,f90,1000,6-0.25-M,2,13.2516,39894,4,intensifier
sensitivity,f90,1000,6-0.25-M,2,13.7265,39933,23,intensifier
sensitivity,f90,1000,6-0.25-M,2,13.7568,39942,23,intensifier
sensitivity,f90,1000,6-0.25-M,2,40.4736,39945,45,intensifier
sensitivity,f90,1000,6-0.25-M,2,40.6517,40002,6,intensifier
sensitivity,f90,1000,6-0.25-M,2,52.5814,40182,75,intensifier
sensitivity,f90,1000,6-0.25-M,2,77.4271,40191,20,intensifier
sensitivity,f90,1000,6-0.25-M,2,145.5549,40222,5,intensifier
sensitivity,f90,1000,6-0.25-M,2,192.1198,40243,67,intensifier
sensitivity,f90,1000,6-0.25-M,2,227.4029,40281,44,intensifier
sensitivity,f90,1000,6-0.25-M,2,227.5817,40305,61,intensifier
sensitivity,f90,1000,6-0.25-M,2,239.3142,40310,52,intensifier
sensitivity,f90,1000,6-0.25-M,2,239.8193,40433,14,intensifier
sensitivity,f90,1000,6-0.25-M,2,252.4621,40490,53,intensifier
sensitivity,f90,1000,6-0.25-M,2,354.3806,40496,1,intensifier
sensitivity,f90,1000,6-0.25-M,2,393.5575,40572,8,intensifier
sensitivity,f90,1000,6-0.25-M,2,399.5118,40575,40,intensifier
sensitivity,f90,1000,6-0.25-M,2,504.5755,40699,33,intensifier
sensitivity,f90,1000,6-0.25-M,2,515.0839,40751,61,intensifier
sensitivity,f90,1000,6-0.25-M,2,520.7143,40823,50,intensifier
sensitivity,f90,1000,5-0.5-P,1,0.3970,265342,14,intensifier
sensitivity,f90,1000,5-0.5-P,1,0.4639,267300,14,intensifier
sensitivity,f90,1000,5-0.5-P,1,0.4948,268177,14,intensifier
sensitivity,f90,1000,5-0.5-P,1,0.5242,268874,14,intensifier
sensitivity,f90,1000,5-0.5-P,1,0.5538,269093,14,intensifier
sensitivity,f90,1000,5-0.5-P,1,0.5833,269511,14,intensifier
sensitivity,f90,1000,5-0.5-P,1,0.6125,270359,14,intensifier
sensitivity,f90,1000,5-0.5-P,1,0.6422,270595,14,intensifier
sensitivity,f90,1000,5-0.5-P,1,0.6722,270615,14,intensifier
sensitivity,f90,1000,5-0.5-P,1,0.8177,271037,49,intensifier
sensitivity,f90,1000,5-0.5-P,1,0.9663,271108,49,intensifier
sensitivity,f90,1000,5-0.5-P,1,0.9965,271233,49,intensifier
sensitivity,f90,1000,5-0.5-P,1,1.1437,271253,65,intensifier
sensitivity,f90,1000,5-0.5-P,1,1.2041,271284,65,intensifier
sensitivity,f90,1000,5-0.5-P,1,1.2332,271487,65,intensifier
sensitivity,f90,1000,5-0.5-P,1,1.2623,271676,65,intensifier
sensitivity,f90,1000,5-0.5-P,1,1.3500,271725,65,intensifier
sensitivity,f90,1000,5-0.5-P,1,1.4097,271811,65,intensifier
sensitivity,f90,1000,5-0.5-P,1,1.4382,271906,65,intensifier
sensitivity,f90,1000,5-0.5-P,1,1.5276,271985,65,intensifier
sensitivity,f90,1000,5-0.5-P,1,1.5569,272208,65,intensifier
sensitivity,f90,1000,5-0.5-P,1,1.5861,272273,65,intensifier
sensitivity,f90,1000,5-0.5-P,1,2.3170,272286,65,intensifier
sensitivity,f90,1000,5-0.5-P,1,2.5799,272344,65,intensifier
sensitivity,f90,1000,5-0.5-P,1,3.5481,272358,65,intensifier
sensitivity,f90,1000,5-0.5-P,1,3.6662,272604,65,intensifier
sensitivity,f90,1000,5-0.5-P,1,4.4916,272690,65,intensifier
sensitivity,f90,1000,5-0.5-P,1,5.6108,272694,65,intensifier
sensitivity,f90,1000,5-0.5-P,1,5.7896,272782,65,intensifier
sensitivity,f90,1000,5-0.5-P,1,5.8192,272986,65,intensifier
sensitivity,f90,1000,5-0.5-P,1,10.0492,273048,65,intensifier
sensitivity,f90,1000,5-0.5-P,1,42.4265,273217,35,intensifier
sensitivity,f90,1000,5-0.5-P,1,43.3557,273230,0,intensifier
sensitivity,f90,1000,5-0.5-P,1,44.2317,273243,35,intensifier
sensitivity,f90,1000,5-0.5-P,1,55.6190,273274,38,intensifier
sensitivity,f90,1000,5-0.5-P,1,57.5422,273324,12,intensifier
sensitivity,f90,1000,5-0.5-P,1,57.5716,273599,12,intensifier
sensitivity,f90,1000,5-0.5-P,1,184.1464,273635,27,intensifier
sensitivity,f90,1000,5-0.5-P,1,198.4523,273712,27,intensifier
sensitivity,f90,1000,5-0.5-P,1,343.5856,273720,44,intensifier
sensitivity,f90,1000,5-0.5-P,1,383.3760,273738,15,intensifier
sensitivity,f90,1000,5-0.5-P,1,384.6633,273804,18,intensifier
sensitivity,f90,1000,5-0.5-P,1,386.1566,273837,60,intensifier
sensitivity,f90,1000,5-0.5-P,1,386.8940,273846,60,intensifier
sensitivity,f90,1000,5-0.5-P,1,422.4864,273870,3,intensifier
sensitivity,f90,1000,5-0.5-P,1,575.8007,273923,62,intensifier
sensitivity,f90,1000,5-0.5-P,2,0.3955,265716,35,intensifier
sensitivity,f90,1000,5-0.5-P,2,0.4639,267348,78,explorer
sensitivity,f90,1000,5-0.5-P,2,0.4933,267860,8,intensifier
sensitivity,f90,1000,5-0.5-P,2,0.5226,268389,78,explorer
sensitivity,f90,1000,5-0.5-P,2,0.5520,268856,72,intensifier
sensitivity,f90,1000,5-0.5-P,2,0.5812,269797,15,intensifier
sensitivity,f90,1000,5-0.5-P,2,0.6103,270013,64,intensifier
sensitivity,f90,1000,5-0.5-P,2,0.6394,270456,15,intensifier
sensitivity,f90,1000,5-0.5-P,2,0.6699,270707,15,intensifier
sensitivity,f90,1000,5-0.5-P,2,0.7273,271199,15,intensifier
sensitivity,f90,1000,5-0.5-P,2,0.7573,271461,15,intensifier
sensitivity,f90,1000,5-0.5-P,2,0.7867,271756,15,intensifier
sensitivity,f90,1000,5-0.5-P,2,0.9330,271811,15,intensifier
sensitivity,f90,1000,5-0.5-P,2,1.0797,272004,15,intensifier
sensitivity,f90,1000,5-0.5-P,2,1.8404,272089,15,intensifier
sensitivity,f90,1000,5-0.5-P,2,2.0170,272173,15,intensifier
sensitivity,f90,1000,5-0.5-P,2,2.3422,272251,15,intensifier
sensitivity,f90,1000,5-0.5-P,2,2.4596,272278,15,intensifier
sensitivity,f90,1000,5-0.5-P,2,2.7532,272344,15,intensifier
sensitivity,f90,1000,5-0.5-P,2,2.7831,272401,15,intensifier
sensitivity,f90,1000,5-0.5-P,2,9.1267,272492,44,intensifier
sensitivity,f90,1000,5-0.5-P,2,9.1562,272554,44,intensifier
sensitivity,f90,1000,5-0.5-P,2,9.2142,272690,44,intensifier
sensitivity,f90,1000,5-0.5-P,2,10.0940,272828,44,intensifier
sensitivity,f90,1000,5-0.5-P,2,10.5081,272935,44,intensifier
sensitivity,f90,1000,5-0.5-P,2,10.5658,273042,44,intensifier
sensitivity,f90,1000,5-0.5-P,2,11.5295,273077,43,intensifier
sensitivity,f90,1000,5-0.5-P,2,13.0963,273248,43,intensifier
sensitivity,f90,1000,5-0.5-P,2,46.5008,273286,25,intensifier
sensitivity,f90,1000,5-0.5-P,2,50.5298,273310,5,intensifier
sensitivity,f90,1000,5-0.5-P,2,50.5879,273343,25,intensifier
sensitivity,f90,1000,5-0.5-P,2,50.6459,273462,25,intensifier
sensitivity,f90,1000,5-0.5-P,2,50.6750,273499,25,intensifier
sensitivity,f90,1000,5-0.5-P,2,52.9700,273527,25,intensifier
sensitivity,f90,1000,5-0.5-P,2,64.7537,273569,17,intensifier
sensitivity,f90,1000,5-0.5-P,2,70.0598,273600,36,intensifier
sensitivity,f90,1000,5-0.5-P,2,71.7114,273710,36,intensifier
sensitivity,f90,1000,5-0.5-P,2,137.8488,273721,19,intensifier
sensitivity,f90,1000,5-0.5-P,2,165.5141,273726,46,intensifier
sensitivity,f90,1000,5-0.5-P,2,166.4865,273745,46,intensifier
sensitivity,f90,1000,5-0.5-P,2,173.6001,273809,46,intensifier
sensitivity,f90,1000,5-0.5-P,2,200.4050,273888,24,intensifier
sensitivity,f90,1000,5-0.5-P,2,204.4279,273977,22,intensifier
sensitivity,f90,1000,2-0.5-M,1,0.4234,50293,77,explorer
sensitivity,f90,1000,2-0.5-M,1,0.4875,51873,64,intensifier
sensitivity,f90,1000,2-0.5-M,1,0.5169,52264,27,intensifier
sensitivity,f90,1000,2-0.5-M,1,0.5460,52686,27,intensifier
sensitivity,f90,1000,2-0.5-M,1,0.5754,53274,38,intensifier
sensitivity,f90,1000,2-0.5-M,1,0.6050,53473,24,intensifier
sensitivity,f90,1000,2-0.5-M,1,0.6351,54435,69,intensifier
sensitivity,f90,1000,2-0.5-M,1,0.6646,54601,69,intensifier
sensitivity,f90,1000,2-0.5-M,1,0.7540,54882,39,intensifier
sensitivity,f90,1000,2-0.5-M,1,0.8133,54902,69,intensifier
sensitivity,f90,1000,2-0.5-M,1,0.8433,55199,69,intensifier
sensitivity,f90,1000,2-0.5-M,1,0.9323,55338,9,intensifier
sensitivity,f90,1000,2-0.5-M,1,0.9620,55512,9,intensifier
sensitivity,f90,1000,2-0.5-M,1,0.9917,56017,9,intensifier
sensitivity,f90,1000,2-0.5-M,1,1.0513,56097,9,intensifier
sensitivity,f90,1000,2-0.5-M,1,1.5242,56214,9,intensifier
sensitivity,f90,1000,2-0.5-M,1,1.5539,56342,9,intensifier
sensitivity,f90,1000,2-0.5-M,1,1.6719,56441,9,intensifier
sensitivity,f90,1000,2-0.5-M,1,1.7604,56544,9,intensifier
sensitivity,f90,1000,2-0.5-M,1,2.5835,56554,9,intensifier
sensitivity,f90,1000,2-0.5-M,1,2.9097,56579,9,intensifier
sensitivity,f90,1000,2-0.5-M,1,3.1748,56621,9,intensifier
sensitivity,f90,1000,2-0.5-M,1,3.2627,56644,9,intensifier
sensitivity,f90,1000,2-0.5-M,1,3.2922,56745,9,intensifier
sensitivity,f90,1000,2-0.5-M,1,6.4879,56747,9,intensifier
sensitivity,f90,1000,2-0.5-M,1,6.5169,56764,9,intensifier
sensitivity,f90,1000,2-0.5-M,1,8.5625,56885,9,intensifier
sensitivity,f90,1000,2-0.5-M,1,11.0486,56937,45,intensifier
sensitivity,f90,1000,2-0.5-M,1,11.1062,57000,45,intensifier
sensitivity,f90,1000,2-0.5-M,1,12.5733,57048,56,intensifier
sensitivity,f90,1000,2-0.5-M,1,14.7340,57092,45,intensifier
sensitivity,f90,1000,2-0.5-M,1,18.5821,57107,45,intensifier
sensitivity,f90,1000,2-0.5-M,1,18.6400,57138,45,intensifier
sensitivity,f90,1000,2-0.5-M,1,20.0822,57198,45,intensifier
sensitivity,f90,1000,2-0.5-M,1,20.1113,57274,45,intensifier
sensitivity,f90,1000,2-0.5-M,1,20.1405,57359,45,intensifier
sensitivity,f90,1000,2-0.5-M,1,25.2604,57373,45,intensifier
sensitivity,f90,1000,2-0.5-M,1,25.9357,57432,67,intensifier
sensitivity,f90,1000,2-0.5-M,1,28.3392,57436,67,intensifier
sensitivity,f90,1000,2-0.5-M,1,36.5145,57586,29,intensifier
sensitivity,f90,1000,2-0.5-M,1,74.3263,57617,12,intensifier
sensitivity,f90,1000,2-0.5-M,1,131.2309,57630,52,intensifier
sensitivity,f90,1000,2-0.5-M,1,136.8716,57689,52,intensifier
sensitivity,f90,1000,2-0.5-M,1,142.5333,57692,52,intensifier
sensitivity,f90,1000,2-0.5-M,1,269.8376,57890,34,intensifier
sensitivity,f90,1000,2-0.5-M,2,0.3784,49995,36,intensifier
sensitivity,f90,1000,2-0.5-M,2,0.4503,51475,36,intensifier
sensitivity,f90,1000,2-0.5-M,2,0.4805,51951,59,intensifier
sensitivity,f90,1000,2-0.5-M,2,0.5107,52642,51,intensifier
sensitivity,f90,1000,2-0.5-M,2,0.5404,53303,51,intensifier
sensitivity,f90,1000,2-0.5-M,2,0.5703,53797,51,intensifier
sensitivity,f90,1000,2-0.5-M,2,0.6299,53908,51,intensifier
sensitivity,f90,1000,2-0.5-M,2,0.6599,54089,22,intensifier
sensitivity,f90,1000,2-0.5-M,2,0.6903,54550,22,intensifier
sensitivity,f90,1000,2-0.5-M,2,0.7202,54551,22,intensifier
sensitivity,f90,1000,2-0.5-M,2,0.7784,54881,22,intensifier
sensitivity,f90,1000,2-0.5-M,2,0.8078,54896,22,intensifier
sensitivity,f90,1000,2-0.5-M,2,0.8943,55234,22,intensifier
sensitivity,f90,1000,2-0.5-M,2,0.9238,55496,22,intensifier
sensitivity,f90,1000,2-0.5-M,2,0.9532,55547,22,intensifier
sensitivity,f90,1000,2-0.5-M,2,0.9827,55650,22,intensifier
sensitivity,f90,1000,2-0.5-M,2,1.5119,55693,22,intensifier
sensitivity,f90,1000,2-0.5-M,2,1.8035,55977,22,intensifier
sensitivity,f90,1000,2-0.5-M,2,1.8325,55986,22,intensifier
sensitivity,f90,1000,2-0.5-M,2,1.8915,56023,22,intensifier
sensitivity,f90,1000,2-0.5-M,2,2.5060,56114,22,intensifier
sensitivity,f90,1000,2-0.5-M,2,3.1457,56375,22,intensifier
sensitivity,f90,1000,2-0.5-M,2,3.8991,56485,22,intensifier
sensitivity,f90,1000,2-0.5-M,2,4.1639,56594,22,intensifier
sensitivity,f90,1000,2-0.5-M,2,4.3097,56614,22,intensifier
sensitivity,f90,1000,2-0.5-M,2,4.3680,56622,22,intensifier
sensitivity,f90,1000,2-0.5-M,2,5.2366,56700,22,intensifier
sensitivity,f90,1000,2-0.5-M,2,5.3837,56725,22,intensifier
sensitivity,f90,1000,2-0.5-M,2,24.6498,56823,56,intensifier
sensitivity,f90,1000,2-0.5-M,2,25.8814,56885,56,intensifier
sensitivity,f90,1000,2-0.5-M,2,25.9992,56912,56,intensifier
sensitivity,f90,1000,2-0.5-M,2,26.2966,56919,56,intensifier
sensitivity,f90,1000,2-0.5-M,2,27.2075,56952,56,intensifier
sensitivity,f90,1000,2-0.5-M,2,27.7403,57022,26,intensifier
sensitivity,f90,1000,2-0.5-M,2,27.8865,57103,26,intensifier
sensitivity,f90,1000,2-0.5-M,2,27.9757,57109,26,intensifier
sensitivity,f90,1000,2-0.5-M,2,29.1232,57221,26,intensifier
sensitivity,f90,1000,2-0.5-M,2,31.6153,57231,26,intensifier
sensitivity,f90,1000,2-0.5-M,2,32.1693,57324,26,intensifier
sensitivity,f90,1000,2-0.5-M,2,33.7004,57375,26,intensifier
sensitivity,f90,1000,2-0.5-M,2,35.1690,57427,10,intensifier
sensitivity,f90,1000,2-0.5-M,2,43.7531,57472,48,intensifier
sensitivity,f90,1000,2-0.5-M,2,63.8059,57588,56,intensifier
sensitivity,f90,1000,2-0.5-M,2,66.8314,57683,8,intensifier
sensitivity,f90,1000,2-0.5-M,2,99.7700,57686,8,intensifier
sensitivity,f90,1000,2-0.5-M,2,241.9515,57716,25,intensifier
sensitivity,f90,1000,2-0.5-M,2,293.4054,57739,25,intensifier
sensitivity,f90,1000,2-0.5-M,2,309.6675,57799,65,intensifier
sensitivity,f90,1000,2-0.5-M,2,310.1413,57806,65,intensifier
sensitivity,f90,1000,2-0.5-M,2,310.1714,57828,73,intensifier
sensitivity,f90,1000,2-0.5-M,2,311.0845,57847,19,intensifier
sensitivity,f90,1000,2-0.5-M,2,316.3803,57939,62,intensifier
sensitivity,f90,1000,2-0.5-M,2,356.3070,57947,23,intensifier
sensitivity,f90,1000,2-0.5-M,2,496.9374,57993,68,intensifier
sensitivity,f90,1000,2-0.5-M,2,538.2066,58094,17,intensifier
sensitivity,f90,1000,6-0.75-P,1,0.6755,348316,27,intensifier
sensitivity,f90,1000,6-0.75-P,1,0.7949,348317,76,explorer
sensitivity,f90,1000,6-0.75-P,1,0.8242,348648,51,intensifier
sensitivity,f90,1000,6-0.75-P,1,0.9726,348756,51,intensifier
sensitivity,f90,1000,6-0.75-P,1,1.4754,348762,51,intensifier
sensitivity,f90,1000,6-0.75-P,1,1.6236,349051,51,intensifier
sensitivity,f90,1000,6-0.75-P,1,1.6832,349240,51,intensifier
sensitivity,f90,1000,6-0.75-P,1,1.7134,349252,51,intensifier
sensitivity,f90,1000,6-0.75-P,1,1.8028,349289,51,intensifier
sensitivity,f90,1000,6-0.75-P,1,1.8328,349564,51,intensifier
sensitivity,f90,1000,6-0.75-P,1,2.0993,349607,51,intensifier
sensitivity,f90,1000,6-0.75-P,1,2.4834,349714,51,intensifier
sensitivity,f90,1000,6-0.75-P,1,4.9912,349883,51,intensifier
sensitivity,f90,1000,6-0.75-P,1,5.4051,349974,51,intensifier
sensitivity,f90,1000,6-0.75-P,1,7.0244,349997,51,intensifier
sensitivity,f90,1000,6-0.75-P,1,7.9133,350017,51,intensifier
sensitivity,f90,1000,6-0.75-P,1,17.7402,350081,72,intensifier
sensitivity,f90,1000,6-0.75-P,1,25.3046,350143,18,intensifier
sensitivity,f90,1000,6-0.75-P,1,25.5705,350170,24,intensifier
sensitivity,f90,1000,6-0.75-P,1,29.0535,350249,18,intensifier
sensitivity,f90,1000,6-0.75-P,1,32.1838,350279,18,intensifier
sensitivity,f90,1000,6-0.75-P,1,41.7118,350330,71,intensifier
sensitivity,f90,1000,6-0.75-P,1,45.1965,350388,71,intensifier
sensitivity,f90,1000,6-0.75-P,1,45.3736,350447,71,intensifier
sensitivity,f90,1000,6-0.75-P,1,46.2615,350515,71,intensifier
sensitivity,f90,1000,6-0.75-P,1,49.0668,350554,71,intensifier
sensitivity,f90,1000,6-0.75-P,1,144.6958,350572,7,intensifier
sensitivity,f90,1000,6-0.75-P,1,352.0664,350591,19,intensifier
sensitivity,f90,1000,6-0.75-P,1,415.1542,350683,33,intensifier
sensitivity,f90,1000,6-0.75-P,1,467.8267,350703,64,intensifier
sensitivity,f90,1000,6-0.75-P,1,565.3887,350797,23,intensifier
sensitivity,f90,1000,6-0.75-P,2,0.7172,348952,30,intensifier
sensitivity,f90,1000,6-0.75-P,2,0.8057,348998,55,intensifier
sensitivity,f90,1000,6-0.75-P,2,0.8358,349110,55,intensifier
sensitivity,f90,1000,6-0.75-P,2,0.9828,349494,55,intensifier
sensitivity,f90,1000,6-0.75-P,2,1.0126,349506,55,intensifier
sensitivity,f90,1000,6-0.75-P,2,1.4822,349666,55,intensifier
sensitivity,f90,1000,6-0.75-P,2,2.1851,349672,55,intensifier
sensitivity,f90,1000,6-0.75-P,2,2.2735,349710,55,intensifier
sensitivity,f90,1000,6-0.75-P,2,2.5704,349752,55,intensifier
sensitivity,f90,1000,6-0.75-P,2,2.6295,349882,55,intensifier
sensitivity,f90,1000,6-0.75-P,2,2.6590,350018,55,intensifier
sensitivity,f90,1000,6-0.75-P,2,3.4564,350120,55,intensifier
sensitivity,f90,1000,6-0.75-P,2,6.3399,350158,55,intensifier
sensitivity,f90,1000,6-0.75-P,2,6.4854,350248,55,intensifier
sensitivity,f90,1000,6-0.75-P,2,6.5156,350263,55,intensifier
sensitivity,f90,1000,6-0.75-P,2,7.9067,350291,55,intensifier
sensitivity,f90,1000,6-0.75-P,2,10.9223,350391,73,intensifier
sensitivity,f90,1000,6-0.75-P,2,11.5998,350451,20,intensifier
sensitivity,f90,1000,6-0.75-P,2,40.6143,350467,59,intensifier
sensitivity,f90,1000,6-0.75-P,2,42.7345,350503,59,intensifier
sensitivity,f90,1000,6-0.75-P,2,47.4033,350619,24,intensifier
sensitivity,f90,1000,6-0.75-P,2,62.8126,350622,45,intensifier
sensitivity,f90,1000,6-0.75-P,2,136.0579,350661,45,intensifier
sensitivity,f90,1000,6-0.75-P,2,139.0121,350673,73,intensifier
sensitivity,f90,1000,6-0.75-P,2,194.8679,350727,18,intensifier
sensitivity,f90,1000,6-0.75-P,2,230.2092,350853,27,intensifier
sensitivity,f90,1000,6-0.75-P,2,346.4337,350881,52,intensifier
sensitivity,f90,1000,6-0.75-P,2,351.6042,350884,52,intensifier
sensitivity,f90,1000,6-0.75-P,2,456.2367,350938,32,intensifier
sensitivity,f90,1000,6-0.75-P,2,524.3733,350944,67,intensifier
sensitivity,f90,1000,3-0.75-M,1,0.5035,35916,60,intensifier
sensitivity,f90,1000,3-0.75-M,1,0.5329,36306,60,intensifier
sensitivity,f90,1000,3-0.75-M,1,0.6815,36428,60,intensifier
sensitivity,f90,1000,3-0.75-M,1,0.7119,36439,60,intensifier
sensitivity,f90,1000,3-0.75-M,1,0.8902,36455,60,intensifier
sensitivity,f90,1000,3-0.75-M,1,1.0971,36832,60,intensifier
sensitivity,f90,1000,3-0.75-M,1,1.6300,36887,60,intensifier
sensitivity,f90,1000,3-0.75-M,1,1.7787,36902,60,intensifier
sensitivity,f90,1000,3-0.75-M,1,2.2563,36964,60,intensifier
sensitivity,f90,1000,3-0.75-M,1,2.2856,36972,60,intensifier
sensitivity,f90,1000,3-0.75-M,1,2.3142,37014,60,intensifier
sensitivity,f90,1000,3-0.75-M,1,2.3428,37190,60,intensifier
sensitivity,f90,1000,3-0.75-M,1,2.3728,37244,60,intensifier
sensitivity,f90,1000,3-0.75-M,1,2.5208,37305,60,intensifier
sensitivity,f90,1000,3-0.75-M,1,10.1689,37324,18,intensifier
sensitivity,f90,1000,3-0.75-M,1,10.8816,37411,18,intensifier
sensitivity,f90,1000,3-0.75-M,1,20.4221,37466,7,intensifier
sensitivity,f90,1000,3-0.75-M,1,37.4860,37512,43,intensifier
sensitivity,f90,1000,3-0.75-M,1,47.3573,37554,59,intensifier
sensitivity,f90,1000,3-0.75-M,1,49.9910,37585,59,intensifier
sensitivity,f90,1000,3-0.75-M,1,50.4045,37737,59,intensifier
sensitivity,f90,1000,3-0.75-M,1,51.6429,37785,59,intensifier
sensitivity,f90,1000,3-0.75-M,1,55.3949,37847,59,intensifier
sensitivity,f90,1000,3-0.75-M,1,71.1723,37853,69,intensifier
sensitivity,f90,1000,3-0.75-M,1,147.4332,37929,9,intensifier
sensitivity,f90,1000,3-0.75-M,1,153.8897,38049,25,intensifier
sensitivity,f90,1000,3-0.75-M,1,510.2577,38053,2,intensifier
sensitivity,f90,1000,3-0.75-M,2,0.6849,35915,12,intensifier
sensitivity,f90,1000,3-0.75-M,2,0.7743,35944,32,intensifier
sensitivity,f90,1000,3-0.75-M,2,0.8039,36350,49,intensifier
sensitivity,f90,1000,3-0.75-M,2,0.8618,36386,49,intensifier
sensitivity,f90,1000,3-0.75-M,2,0.9519,36449,49,intensifier
sensitivity,f90,1000,3-0.75-M,2,1.1887,36528,49,intensifier
sensitivity,f90,1000,3-0.75-M,2,1.2181,36638,49,intensifier
sensitivity,f90,1000,3-0.75-M,2,2.1299,36728,49,intensifier
sensitivity,f90,1000,3-0.75-M,2,2.3054,36773,49,intensifier
sensitivity,f90,1000,3-0.75-M,2,2.3648,36849,49,intensifier
sensitivity,f90,1000,3-0.75-M,2,2.8643,36877,49,intensifier
sensitivity,f90,1000,3-0.75-M,2,5.3775,37103,49,intensifier
sensitivity,f90,1000,3-0.75-M,2,7.8289,37154,62,intensifier
sensitivity,f90,1000,3-0.75-M,2,7.8590,37188,62,intensifier
sensitivity,f90,1000,3-0.75-M,2,8.3608,37261,62,intensifier
sensitivity,f90,1000,3-0.75-M,2,8.7155,37326,62,intensifier
sensitivity,f90,1000,3-0.75-M,2,12.8220,37381,62,intensifier
sensitivity,f90,1000,3-0.75-M,2,14.6526,37513,62,intensifier
sensitivity,f90,1000,3-0.75-M,2,20.4113,37609,2,intensifier
sensitivity,f90,1000,3-0.75-M,2,21.0566,37679,2,intensifier
sensitivity,f90,1000,3-0.75-M,2,48.1506,37698,64,intensifier
sensitivity,f90,1000,3-0.75-M,2,51.2227,37756,64,intensifier
sensitivity,f90,1000,3-0.75-M,2,58.3784,37811,12,intensifier
sensitivity,f90,1000,3-0.75-M,2,60.0370,37843,37,intensifier
sensitivity,f90,1000,3-0.75-M,2,65.5988,37911,58,intensifier
sensitivity,f90,1000,3-0.75-M,2,68.9063,37983,58,intensifier
sensitivity,f90,1000,3-0.75-M,2,102.9958,37986,13,intensifier
sensitivity,f90,1000,3-0.75-M,2,105.2380,38043,44,intensifier
sensitivity,f90,1000,3-0.75-M,2,210.2148,38055,25,intensifier
sensitivity,f90,1000,3-0.75-M,2,246.2170,38067,52,intensifier
sensitivity,f90,1000,3-0.75-M,2,369.6512,38076,47,intensifier
sensitivity,f90,1000,3-0.75-M,2,511.0740,38103,13,intensifier
sensitivity,lam1.05,1000,4-0.25-P,1,0.6296,134164,41,intensifier
sensitivity,lam1.05,1000,4-0.25-P,1,0.7205,134233,6,intensifier
sensitivity,lam1.05,1000,4-0.25-P,1,0.7506,134326,2,intensifier
sensitivity,lam1.05,1000,4-0.25-P,1,0.7800,134370,6,intensifier
sensitivity,lam1.05,1000,4-0.25-P,1,0.8390,134578,6,intensifier
sensitivity,lam1.05,1000,4-0.25-P,1,0.8691,134860,6,intensifier
sensitivity,lam1.05,1000,4-0.25-P,1,0.8993,135021,6,intensifier
sensitivity,lam1.05,1000,4-0.25-P,1,1.0480,135072,6,intensifier
sensitivity,lam1.05,1000,4-0.25-P,1,1.1383,135201,6,intensifier
sensitivity,lam1.05,1000,4-0.25-P,1,1.1984,135206,6,intensifier
sensitivity,lam1.05,1000,4-0.25-P,1,1.2880,135225,6,intensifier
sensitivity,lam1.05,1000,4-0.25-P,1,1.7287,135324,6,intensifier
sensitivity,lam1.05,1000,4-0.25-P,1,1.7593,135330,6,intensifier
sensitivity,lam1.05,1000,4-0.25-P,1,1.7887,135392,6,intensifier
sensitivity,lam1.05,1000,4-0.25-P,1,1.8475,135393,6,intensifier
sensitivity,lam1.05,1000,4-0.25-P,1,1.9947,135414,6,intensifier
sensitivity,lam1.05,1000,4-0.25-P,1,2.0253,135660,6,intensifier
sensitivity,lam1.05,1000,4-0.25-P,1,2.3490,135677,6,intensifier
sensitivity,lam1.05,1000,4-0.25-P,1,2.5284,135683,6,intensifier
sensitivity,lam1.05,1000,4-0.25-P,1,3.6556,135787,8,intensifier
sensitivity,lam1.05,1000,4-0.25-P,1,4.0719,135898,8,intensifier
sensitivity,lam1.05,1000,4-0.25-P,1,4.1013,136081,8,intensifier
sensitivity,lam1.05,1000,4-0.25-P,1,4.3086,136090,8,intensifier
sensitivity,lam1.05,1000,4-0.25-P,1,4.3392,136396,8,intensifier
sensitivity,lam1.05,1000,4-0.25-P,1,4.5754,136428,8,intensifier
sensitivity,lam1.05,1000,4-0.25-P,1,7.9545,136584,8,intensifier
sensitivity,lam1.05,1000,4-0.25-P,1,9.1699,136595,8,intensifier
sensitivity,lam1.05,1000,4-0.25-P,1,20.7033,136679,48,intensifier
sensitivity,lam1.05,1000,4-0.25-P,1,20.9709,136686,1,intensifier
sensitivity,lam1.05,1000,4-0.25-P,1,21.9197,136745,1,intensifier
sensitivity,lam1.05,1000,4-0.25-P,1,27.7055,136761,27,intensifier
sensitivity,lam1.05,1000,4-0.25-P,1,28.5645,136837,45,intensifier
sensitivity,lam1.05,1000,4-0.25-P,1,31.2643,136852,14,intensifier
sensitivity,lam1.05,1000,4-0.25-P,1,31.9498,136976,57,intensifier
sensitivity,lam1.05,1000,4-0.25-P,1,33.4670,137257,52,intensifier
sensitivity,lam1.05,1000,4-0.25-P,1,84.3871,137288,54,intensifier
sensitivity,lam1.05,1000,4-0.25-P,1,126.3013,137343,49,intensifier
sensitivity,lam1.05,1000,4-0.25-P,1,318.7979,137363,30,intensifier
sensitivity,lam1.05,1000,4-0.25-P,1,417.2982,137415,57,intensifier
sensitivity,lam1.05,1000,4-0.25-P,1,502.7461,137428,59,intensifier
sensitivity,lam1.05,1000,4-0.25-P,1,503.8741,137487,37,intensifier
sensitivity,lam1.05,1000,4-0.25-P,1,504.0211,137764,18,intensifier
sensitivity,lam1.05,1000,4-0.25-P,1,549.8765,137853,56,intensifier
sensitivity,lam1.05,1000,4-0.25-P,2,0.5382,134110,7,intensifier
sensitivity,lam1.05,1000,4-0.25-P,2,0.6031,134294,11,intensifier
sensitivity,lam1.05,1000,4-0.25-P,2,0.6327,134423,18,intensifier
sensitivity,lam1.05,1000,4-0.25-P,2,0.6633,134439,18,intensifier
sensitivity,lam1.05,1000,4-0.25-P,2,0.7228,134807,18,intensifier
sensitivity,lam1.05,1000,4-0.25-P,2,0.7815,134869,18,intensifier
sensitivity,lam1.05,1000,4-0.25-P,2,1.1657,134941,57,intensifier
sensitivity,lam1.05,1000,4-0.25-P,2,1.1951,135036,57,intensifier
sensitivity,lam1.05,1000,4-0.25-P,2,1.2540,135093,57,intensifier
sensitivity,lam1.05,1000,4-0.25-P,2,1.3423,135135,57,intensifier
sensitivity,lam1.05,1000,4-0.25-P,2,1.6689,135293,57,intensifier
sensitivity,lam1.05,1000,4-0.25-P,2,1.9934,135407,57,intensifier
sensitivity,lam1.05,1000,4-0.25-P,2,2.0537,135485,57,intensifier
sensitivity,lam1.05,1000,4-0.25-P,2,2.1730,135651,57,intensifier
sensitivity,lam1.05,1000,4-0.25-P,2,2.3820,135861,57,intensifier
sensitivity,lam1.05,1000,4-0.25-P,2,3.5061,135973,57,intensifier
sensitivity,lam1.05,1000,4-0.25-P,2,3.9469,136020,57,intensifier
sensitivity,lam1.05,1000,4-0.25-P,2,4.4497,136119,57,intensifier
sensitivity,lam1.05,1000,4-0.25-P,2,5.1858,136213,57,intensifier
sensitivity,lam1.05,1000,4-0.25-P,2,6.6057,136237,57,intensifier
sensitivity,lam1.05,1000,4-0.25-P,2,6.7821,136393,57,intensifier
sensitivity,lam1.05,1000,4-0.25-P,2,12.2682,136449,57,intensifier
sensitivity,lam1.05,1000,4-0.25-P,2,12.9828,136593,57,intensifier
sensitivity,lam1.05,1000,4-0.25-P,2,15.5889,136668,49,intensifier
sensitivity,lam1.05,1000,4-0.25-P,2,27.3052,136675,40,intensifier
sensitivity,lam1.05,1000,4-0.25-P,2,28.8734,136699,58,intensifier
sensitivity,lam1.05,1000,4-0.25-P,2,31.3656,136702,0,intensifier
sensitivity,lam1.05,1000,4-0.25-P,2,31.4553,136761,59,intensifier
sensitivity,lam1.05,1000,4-0.25-P,2,32.6071,136835,11,intensifier
sensitivity,lam1.05,1000,4-0.25-P,2,49.0868,136866,0,intensifier
sensitivity,lam1.05,1000,4-0.25-P,2,49.3562,136954,8,intensifier
sensitivity,lam1.05,1000,4-0.25-P,2,84.8444,137024,17,intensifier
sensitivity,lam1.05,1000,4-0.25-P,2,133.1476,137048,55,intensifier
sensitivity,lam1.05,1000,4-0.25-P,2,157.3935,137157,39,intensifier
sensitivity,lam1.05,1000,4-0.25-P,2,239.7381,137302,10,intensifier
sensitivity,lam1.05,1000,4-0.25-P,2,277.4148,137339,16,intensifier
sensitivity,lam1.05,1000,4-0.25-P,2,375.4303,137397,46,intensifier
sensitivity,lam1.05,1000,4-0.25-P,2,431.5389,137514,24,intensifier
sensitivity,lam1.05,1000,6-0.25-M,1,0.5441,37506,4,intensifier
sensitivity,lam1.05,1000,6-0.25-M,1,0.6694,38142,54,intensifier
sensitivity,lam1.05,1000,6-0.25-M,1,0.6994,38166,54,intensifier
sensitivity,lam1.05,1000,6-0.25-M,1,0.7294,38179,54,intensifier
sensitivity,lam1.05,1000,6-0.25-M,1,0.7889,38400,54,intensifier
sensitivity,lam1.05,1000,6-0.25-M,1,0.8489,38513,54,intensifier
sensitivity,lam1.05,1000,6-0.25-M,1,0.9967,38514,54,intensifier
sensitivity,lam1.05,1000,6-0.25-M,1,1.0265,38549,54,intensifier
sensitivity,lam1.05,1000,6-0.25-M,1,1.0562,38565,54,intensifier
sensitivity,lam1.05,1000,6-0.25-M,1,1.7952,38709,4,intensifier
sensitivity,lam1.05,1000,6-0.25-M,1,1.8255,38734,4,intensifier
sensitivity,lam1.05,1000,6-0.25-M,1,1.9427,38790,4,intensifier
sensitivity,lam1.05,1000,6-0.25-M,1,2.0322,38875,4,intensifier
sensitivity,lam1.05,1000,6-0.25-M,1,2.0621,38946,4,intensifier
sensitivity,lam1.05,1000,6-0.25-M,1,2.0919,39216,4,intensifier
sensitivity,lam1.05,1000,6-0.25-M,1,5.4734,39266,4,intensifier
sensitivity,lam1.05,1000,6-0.25-M,1,6.0668,39318,4,intensifier
sensitivity,lam1.05,1000,6-0.25-M,1,9.4466,39379,36,intensifier
sensitivity,lam1.05,1000,6-0.25-M,1,9.4768,39407,36,intensifier
sensitivity,lam1.05,1000,6-0.25-M,1,9.5068,39575,36,intensifier
sensitivity,lam1.05,1000,6-0.25-M,1,11.6446,39650,36,intensifier
sensitivity,lam1.05,1000,6-0.25-M,1,13.5948,39752,36,intensifier
sensitivity,lam1.05,1000,6-0.25-M,1,16.4303,39849,53,intensifier
sensitivity,lam1.05,1000,6-0.25-M,1,17.5856,39894,7,intensifier
sensitivity,lam1.05,1000,6-0.25-M,1,19.0371,39911,42,intensifier
sensitivity,lam1.05,1000,6-0.25-M,1,19.0673,39934,29,intensifier
sensitivity,lam1.05,1000,6-0.25-M,1,19.8664,39968,29,intensifier
sensitivity,lam1.05,1000,6-0.25-M,1,24.9522,40002,16,intensifier
sensitivity,lam1.05,1000,6-0.25-M,1,38.6171,40058,47,intensifier
sensitivity,lam1.05,1000,6-0.25-M,1,47.5256,40093,39,intensifier
sensitivity,lam1.05,1000,6-0.25-M,1,49.2354,40094,45,intensifier
sensitivity,lam1.05,1000,6-0.25-M,1,50.3918,40224,32,intensifier
sensitivity,lam1.05,1000,6-0.25-M,1,79.1682,40249,56,intensifier
sensitivity,lam1.05,1000,6-0.25-M,1,84.4991,40316,56,intensifier
sensitivity,lam1.05,1000,6-0.25-M,1,84.7951,40330,27,intensifier
sensitivity,lam1.05,1000,6-0.25-M,1,369.6947,40360,31,intensifier
sensitivity,lam1.05,1000,6-0.25-M,1,386.3893,40378,28,intensifier
sensitivity,lam1.05,1000,6-0.25-M,1,386.8654,40392,16,intensifier
sensitivity,lam1.05,1000,6-0.25-M,1,415.7449,40559,18,intensifier
sensitivity,lam1.05,1000,6-0.25-M,2,0.4980,37390,18,intensifier
sensitivity,lam1.05,1000,6-0.25-M,2,0.5644,37484,81,explorer
sensitivity,lam1.05,1000,6-0.25-M,2,0.5944,37788,30,intensifier
sensitivity,lam1.05,1000,6-0.25-M,2,0.7131,38014,30,intensifier
sensitivity,lam1.05,1000,6-0.25-M,2,0.7426,38382,30,intensifier
sensitivity,lam1.05,1000,6-0.25-M,2,0.7723,38516,30,intensifier
sensitivity,lam1.05,1000,6-0.25-M,2,1.2764,38549,30,intensifier
sensitivity,lam1.05,1000,6-0.25-M,2,1.8716,38592,30,intensifier
sensitivity,lam1.05,1000,6-0.25-M,2,2.0504,38714,30,intensifier
sensitivity,lam1.05,1000,6-0.25-M,2,2.4347,38827,30,intensifier
sensitivity,lam1.05,1000,6-0.25-M,2,2.8187,39171,30,intensifier
sensitivity,lam1.05,1000,6-0.25-M,2,2.8780,39209,30,intensifier
sensitivity,lam1.05,1000,6-0.25-M,2,2.9378,39224,30,intensifier
sensitivity,lam1.05,1000,6-0.25-M,2,3.2051,39445,30,intensifier
sensitivity,lam1.05,1000,6-0.25-M,2,3.7952,39454,30,intensifier
sensitivity,lam1.05,1000,6-0.25-M,2,4.3275,39505,30,intensifier
sensitivity,lam1.05,1000,6-0.25-M,2,4.3573,39524,30,intensifier
sensitivity,lam1.05,1000,6-0.25-M,2,4.4764,39564,30,intensifier
sensitivity,lam1.05,1000,6-0.25-M,2,13.1189,39583,46,intensifier
sensitivity,lam1.05,1000,6-0.25-M,2,13.3283,39825,24,intensifier
sensitivity,lam1.05,1000,6-0.25-M,2,21.5096,40073,1,intensifier
sensitivity,lam1.05,1000,6-0.25-M,2,39.2960,40107,23,intensifier
sensitivity,lam1.05,1000,6-0.25-M,2,42.9959,40141,11,intensifier
sensitivity,lam1.05,1000,6-0.25-M,2,44.6854,40216,35,intensifier
sensitivity,lam1.05,1000,6-0.25-M,2,48.6847,40237,35,intensifier
sensitivity,lam1.05,1000,6-0.25-M,2,49.6297,40243,6,intensifier
sensitivity,lam1.05,1000,6-0.25-M,2,52.8039,40307,40,intensifier
sensitivity,lam1.05,1000,6-0.25-M,2,92.2659,40339,22,intensifier
sensitivity,lam1.05,1000,6-0.25-M,2,184.7295,40367,10,intensifier
sensitivity,lam1.05,1000,6-0.25-M,2,200.6219,40388,31,intensifier
sensitivity,lam1.05,1000,6-0.25-M,2,221.0330,40475,22,intensifier
sensitivity,lam1.05,1000,6-0.25-M,2,246.2177,40506,12,intensifier
sensitivity,lam1.05,1000,6-0.25-M,2,268.2503,40568,14,intensifier
sensitivity,lam1.05,1000,6-0.25-M,2,491.0540,40609,55,intensifier
sensitivity,lam1.05,1000,5-0.5-P,1,0.3921,266284,19,intensifier
sensitivity,lam1.05,1000,5-0.5-P,1,0.4595,267651,72,explorer
sensitivity,lam1.05,1000,5-0.5-P,1,0.4894,267850,2,intensifier
sensitivity,lam1.05,1000,5-0.5-P,1,0.5198,268599,2,intensifier
sensitivity,lam1.05,1000,5-0.5-P,1,0.5497,268921,72,explorer
sensitivity,lam1.05,1000,5-0.5-P,1,0.5799,268922,63,explorer
sensitivity,lam1.05,1000,5-0.5-P,1,0.6102,269286,63,explorer
sensitivity,lam1.05,1000,5-0.5-P,1,0.6406,269766,80,explorer
sensitivity,lam1.05,1000,5-0.5-P,1,0.6694,269882,15,intensifier
sensitivity,lam1.05,1000,5-0.5-P,1,0.6993,270122,15,intensifier
sensitivity,lam1.05,1000,5-0.5-P,1,0.7294,270410,15,intensifier
sensitivity,lam1.05,1000,5-0.5-P,1,0.7593,270627,15,intensifier
sensitivity,lam1.05,1000,5-0.5-P,1,0.8476,270782,78,explorer
sensitivity,lam1.05,1000,5-0.5-P,1,0.8770,270986,78,explorer
sensitivity,lam1.05,1000,5-0.5-P,1,1.0837,271155,50,intensifier
sensitivity,lam1.05,1000,5-0.5-P,1,1.1435,271305,50,intensifier
sensitivity,lam1.05,1000,5-0.5-P,1,1.1737,271321,50,intensifier
sensitivity,lam1.05,1000,5-0.5-P,1,1.2039,271491,13,intensifier
sensitivity,lam1.05,1000,5-0.5-P,1,1.2632,271545,13,intensifier
sensitivity,lam1.05,1000,5-0.5-P,1,1.4402,271585,23,intensifier
sensitivity,lam1.05,1000,5-0.5-P,1,1.4695,271642,23,intensifier
sensitivity,lam1.05,1000,5-0.5-P,1,1.6458,271849,23,intensifier
sensitivity,lam1.05,1000,5-0.5-P,1,1.8514,271952,32,intensifier
sensitivity,lam1.05,1000,5-0.5-P,1,1.8804,271956,32,intensifier
sensitivity,lam1.05,1000,5-0.5-P,1,1.9087,272037,32,intensifier
sensitivity,lam1.05,1000,5-0.5-P,1,2.1727,272133,32,intensifier
sensitivity,lam1.05,1000,5-0.5-P,1,2.4674,272186,32,intensifier
sensitivity,lam1.05,1000,5-0.5-P,1,2.5850,272232,32,intensifier
sensitivity,lam1.05,1000,5-0.5-P,1,4.0535,272333,32,intensifier
sensitivity,lam1.05,1000,5-0.5-P,1,4.3753,272336,32,intensifier
sensitivity,lam1.05,1000,5-0.5-P,1,4.4932,272345,32,intensifier
sensitivity,lam1.05,1000,5-0.5-P,1,4.5828,272564,1,intensifier
sensitivity,lam1.05,1000,5-0.5-P,1,4.6126,272584,1,intensifier
sensitivity,lam1.05,1000,5-0.5-P,1,4.7614,272684,1,intensifier
sensitivity,lam1.05,1000,5-0.5-P,1,4.7916,272881,1,intensifier
sensitivity,lam1.05,1000,5-0.5-P,1,4.9681,272883,1,intensifier
sensitivity,lam1.05,1000,5-0.5-P,1,6.2307,272998,1,intensifier
sensitivity,lam1.05,1000,5-0.5-P,1,6.7048,273226,1,intensifier
sensitivity,lam1.05,1000,5-0.5-P,1,7.8795,273389,1,intensifier
sensitivity,lam1.05,1000,5-0.5-P,1,9.6177,273545,1,intensifier
sensitivity,lam1.05,1000,5-0.5-P,1,13.8264,273669,1,intensifier
sensitivity,lam1.05,1000,5-0.5-P,1,23.4040,273712,61,intensifier
sensitivity,lam1.05,1000,5-0.5-P,1,27.8731,273718,22,intensifier
sensitivity,lam1.05,1000,5-0.5-P,1,88.1113,273734,55,intensifier
sensitivity,lam1.05,1000,5-0.5-P,1,88.1695,273849,55,intensifier
sensitivity,lam1.05,1000,5-0.5-P,1,88.1986,273893,55,intensifier
sensitivity,lam1.05,1000,5-0.5-P,1,88.5531,273927,48,intensifier
sensitivity,lam1.05,1000,5-0.5-P,1,188.3088,273958,7,intensifier
sensitivity,lam1.05,1000,5-0.5-P,1,269.6734,273960,44,intensifier
sensitivity,lam1.05,1000,5-0.5-P,1,277.4128,273984,54,intensifier
sensitivity,lam1.05,1000,5-0.5-P,1,279.9426,274065,61,intensifier
sensitivity,lam1.05,1000,5-0.5-P,1,393.7282,274172,6,intensifier
sensitivity,lam1.05,1000,5-0.5-P,2,0.3894,265078,75,explorer
sensitivity,lam1.05,1000,5-0.5-P,2,0.4557,267025,77,explorer
sensitivity,lam1.05,1000,5-0.5-P,2,0.4857,267481,12,intensifier
sensitivity,lam1.05,1000,5-0.5-P,2,0.5158,268115,16,intensifier
sensitivity,lam1.05,1000,5-0.5-P,2,0.5457,269055,16,intensifier
sensitivity,lam1.05,1000,5-0.5-P,2,0.5752,269162,30,intensifier
sensitivity,lam1.05,1000,5-0.5-P,2,0.6051,269584,10,intensifier
sensitivity,lam1.05,1000,5-0.5-P,2,0.6352,269833,10,intensifier
sensitivity,lam1.05,1000,5-0.5-P,2,0.7251,270105,10,intensifier
sensitivity,lam1.05,1000,5-0.5-P,2,0.7544,270449,10,intensifier
sensitivity,lam1.05,1000,5-0.5-P,2,0.8715,270489,41,intensifier
sensitivity,lam1.05,1000,5-0.5-P,2,0.9013,270891,41,intensifier
sensitivity,lam1.05,1000,5-0.5-P,2,0.9308,271185,41,intensifier
sensitivity,lam1.05,1000,5-0.5-P,2,1.0485,271557,81,explorer
sensitivity,lam1.05,1000,5-0.5-P,2,1.6928,271701,41,intensifier
sensitivity,lam1.05,1000,5-0.5-P,2,1.7227,271750,5,intensifier
sensitivity,lam1.05,1000,5-0.5-P,2,1.7816,271830,41,intensifier
sensitivity,lam1.05,1000,5-0.5-P,2,1.8401,271917,41,intensifier
sensitivity,lam1.05,1000,5-0.5-P,2,2.1036,271935,41,intensifier
sensitivity,lam1.05,1000,5-0.5-P,2,2.2229,271999,41,intensifier
sensitivity,lam1.05,1000,5-0.5-P,2,2.2530,272123,41,intensifier
sensitivity,lam1.05,1000,5-0.5-P,2,2.4887,272232,41,intensifier
sensitivity,lam1.05,1000,5-0.5-P,2,2.9028,272453,41,intensifier
sensitivity,lam1.05,1000,5-0.5-P,2,3.2831,272455,41,intensifier
sensitivity,lam1.05,1000,5-0.5-P,2,3.4321,272541,41,intensifier
sensitivity,lam1.05,1000,5-0.5-P,2,3.6070,272600,41,intensifier
sensitivity,lam1.05,1000,5-0.5-P,2,3.8111,272610,41,intensifier
sensitivity,lam1.05,1000,5-0.5-P,2,4.7203,272629,41,intensifier
sensitivity,lam1.05,1000,5-0.5-P,2,5.3660,272766,41,intensifier
sensitivity,lam1.05,1000,5-0.5-P,2,7.8116,272837,41,intensifier
sensitivity,lam1.05,1000,5-0.5-P,2,11.8276,272857,41,intensifier
sensitivity,lam1.05,1000,5-0.5-P,2,15.4502,272858,41,intensifier
sensitivity,lam1.05,1000,5-0.5-P,2,16.2991,272930,12,intensifier
sensitivity,lam1.05,1000,5-0.5-P,2,42.8990,272968,22,intensifier
sensitivity,lam1.05,1000,5-0.5-P,2,44.9543,273037,15,intensifier
sensitivity,lam1.05,1000,5-0.5-P,2,45.2483,273256,15,intensifier
sensitivity,lam1.05,1000,5-0.5-P,2,65.2272,273271,29,intensifier
sensitivity,lam1.05,1000,5-0.5-P,2,69.9817,273353,34,intensifier
sensitivity,lam1.05,1000,5-0.5-P,2,74.6422,273410,34,intensifier
sensitivity,lam1.05,1000,5-0.5-P,2,76.1977,273465,34,intensifier
sensitivity,lam1.05,1000,5-0.5-P,2,297.5479,273492,41,intensifier
sensitivity,lam1.05,1000,5-0.5-P,2,297.6645,273709,32,intensifier
sensitivity,lam1.05,1000,2-0.5-M,1,0.3741,49258,82,explorer
sensitivity,lam1.05,1000,2-0.5-M,1,0.4436,51918,45,intensifier
sensitivity,lam1.05,1000,2-0.5-M,1,0.4736,52448,32,intensifier
sensitivity,lam1.05,1000,2-0.5-M,1,0.5041,52897,52,intensifier
sensitivity,lam1.05,1000,2-0.5-M,1,0.5330,53110,32,intensifier
sensitivity,lam1.05,1000,2-0.5-M,1,0.5634,53466,9,intensifier
sensitivity,lam1.05,1000,2-0.5-M,1,0.5934,53913,9,intensifier
sensitivity,lam1.05,1000,2-0.5-M,1,0.6234,54120,9,intensifier
sensitivity,lam1.05,1000,2-0.5-M,1,0.6533,54423,9,intensifier
sensitivity,lam1.05,1000,2-0.5-M,1,0.6830,54768,74,explorer
sensitivity,lam1.05,1000,2-0.5-M,1,0.8020,55054,44,intensifier
sensitivity,lam1.05,1000,2-0.5-M,1,0.8913,55229,66,explorer
sensitivity,lam1.05,1000,2-0.5-M,1,1.0699,55471,2,intensifier
sensitivity,lam1.05,1000,2-0.5-M,1,1.2180,55588,2,intensifier
sensitivity,lam1.05,1000,2-0.5-M,1,1.2470,55858,2,intensifier
sensitivity,lam1.05,1000,2-0.5-M,1,1.7192,55894,2,intensifier
sensitivity,lam1.05,1000,2-0.5-M,1,2.0709,56042,2,intensifier
sensitivity,lam1.05,1000,2-0.5-M,1,2.2500,56058,2,intensifier
sensitivity,lam1.05,1000,2-0.5-M,1,2.5746,56133,2,intensifier
sensitivity,lam1.05,1000,2-0.5-M,1,2.8392,56328,2,intensifier
sensitivity,lam1.05,1000,2-0.5-M,1,2.8694,56329,2,intensifier
sensitivity,lam1.05,1000,2-0.5-M,1,2.9285,56364,2,intensifier
sensitivity,lam1.05,1000,2-0.5-M,1,3.5783,56371,2,intensifier
sensitivity,lam1.05,1000,2-0.5-M,1,3.6374,56482,2,intensifier
sensitivity,lam1.05,1000,2-0.5-M,1,3.8148,56521,2,intensifier
sensitivity,lam1.05,1000,2-0.5-M,1,4.3193,56555,2,intensifier
sensitivity,lam1.05,1000,2-0.5-M,1,6.5055,56575,2,intensifier
sensitivity,lam1.05,1000,2-0.5-M,1,6.5341,56908,2,intensifier
sensitivity,lam1.05,1000,2-0.5-M,1,8.2154,56944,2,intensifier
sensitivity,lam1.05,1000,2-0.5-M,1,11.9716,57005,2,intensifier
sensitivity,lam1.05,1000,2-0.5-M,1,12.7338,57164,2,intensifier
sensitivity,lam1.05,1000,2-0.5-M,1,14.6763,57330,2,intensifier
sensitivity,lam1.05,1000,2-0.5-M,1,14.7058,57362,2,intensifier
sensitivity,lam1.05,1000,2-0.5-M,1,50.0181,57457,7,intensifier
sensitivity,lam1.05,1000,2-0.5-M,1,54.0474,57475,7,intensifier
sensitivity,lam1.05,1000,2-0.5-M,1,55.5460,57542,7,intensifier
sensitivity,lam1.05,1000,2-0.5-M,1,59.3854,57566,7,intensifier
sensitivity,lam1.05,1000,2-0.5-M,1,59.4147,57584,7,intensifier
sensitivity,lam1.05,1000,2-0.5-M,1,109.1471,57699,7,intensifier
sensitivity,lam1.05,1000,2-0.5-M,1,109.9441,57717,7,intensifier
sensitivity,lam1.05,1000,2-0.5-M,1,132.7793,57748,28,intensifier
sensitivity,lam1.05,1000,2-0.5-M,1,134.1591,57760,28,intensifier
sensitivity,lam1.05,1000,2-0.5-M,1,178.7763,57803,52,intensifier
sensitivity,lam1.05,1000,2-0.5-M,1,310.4678,57860,55,intensifier
sensitivity,lam1.05,1000,2-0.5-M,1,312.6992,58068,24,intensifier
sensitivity,lam1.05,1000,2-0.5-M,1,346.2864,58182,51,intensifier
sensitivity,lam1.05,1000,2-0.5-M,2,0.3764,51020,33,intensifier
sensitivity,lam1.05,1000,2-0.5-M,2,0.4472,53944,33,intensifier
sensitivity,lam1.05,1000,2-0.5-M,2,0.4770,54002,33,intensifier
sensitivity,lam1.05,1000,2-0.5-M,2,0.5661,54220,33,intensifier
sensitivity,lam1.05,1000,2-0.5-M,2,0.5965,54862,24,intensifier
sensitivity,lam1.05,1000,2-0.5-M,2,0.6545,54911,33,intensifier
sensitivity,lam1.05,1000,2-0.5-M,2,0.6834,55122,24,intensifier
sensitivity,lam1.05,1000,2-0.5-M,2,0.7419,55191,24,intensifier
sensitivity,lam1.05,1000,2-0.5-M,2,0.7721,55269,24,intensifier
sensitivity,lam1.05,1000,2-0.5-M,2,0.8025,55271,24,intensifier
sensitivity,lam1.05,1000,2-0.5-M,2,0.8922,55279,24,intensifier
sensitivity,lam1.05,1000,2-0.5-M,2,0.9813,55379,24,intensifier
sensitivity,lam1.05,1000,2-0.5-M,2,1.0112,55478,24,intensifier
sensitivity,lam1.05,1000,2-0.5-M,2,1.0411,55493,33,intensifier
sensitivity,lam1.05,1000,2-0.5-M,2,1.0714,55677,33,intensifier
sensitivity,lam1.05,1000,2-0.5-M,2,1.1017,55973,33,intensifier
sensitivity,lam1.05,1000,2-0.5-M,2,1.1911,56218,33,intensifier
sensitivity,lam1.05,1000,2-0.5-M,2,1.2796,56257,33,intensifier
sensitivity,lam1.05,1000,2-0.5-M,2,2.1615,56348,33,intensifier
sensitivity,lam1.05,1000,2-0.5-M,2,3.4584,56416,33,intensifier
sensitivity,lam1.05,1000,2-0.5-M,2,3.6351,56445,33,intensifier
sensitivity,lam1.05,1000,2-0.5-M,2,4.0164,56460,33,intensifier
sensitivity,lam1.05,1000,2-0.5-M,2,4.9567,56499,33,intensifier
sensitivity,lam1.05,1000,2-0.5-M,2,5.1039,56529,33,intensifier
sensitivity,lam1.05,1000,2-0.5-M,2,5.4245,56579,33,intensifier
sensitivity,lam1.05,1000,2-0.5-M,2,15.0405,56844,24,intensifier
sensitivity,lam1.05,1000,2-0.5-M,2,15.3955,56932,24,intensifier
sensitivity,lam1.05,1000,2-0.5-M,2,16.5624,56979,4,intensifier
sensitivity,lam1.05,1000,2-0.5-M,2,16.5928,57075,4,intensifier
sensitivity,lam1.05,1000,2-0.5-M,2,16.6798,57077,4,intensifier
sensitivity,lam1.05,1000,2-0.5-M,2,17.2986,57098,4,intensifier
sensitivity,lam1.05,1000,2-0.5-M,2,17.6849,57101,4,intensifier
sensitivity,lam1.05,1000,2-0.5-M,2,17.7151,57164,4,intensifier
sensitivity,lam1.05,1000,2-0.5-M,2,43.6579,57362,22,intensifier
sensitivity,lam1.05,1000,2-0.5-M,2,44.0121,57416,22,intensifier
sensitivity,lam1.05,1000,2-0.5-M,2,49.7034,57501,22,intensifier
sensitivity,lam1.05,1000,2-0.5-M,2,76.9963,57784,34,intensifier
sensitivity,lam1.05,1000,2-0.5-M,2,197.6295,57828,30,intensifier
sensitivity,lam1.05,1000,2-0.5-M,2,347.7853,57843,0,intensifier
sensitivity,lam1.05,1000,2-0.5-M,2,527.1637,57876,62,intensifier
sensitivity,lam1.05,1000,6-0.75-P,1,0.5299,348353,23,intensifier
sensitivity,lam1.05,1000,6-0.75-P,1,0.6468,348551,65,explorer
sensitivity,lam1.05,1000,6-0.75-P,1,1.0275,348582,65,explorer
sensitivity,lam1.05,1000,6-0.75-P,1,1.2348,348711,57,intensifier
sensitivity,lam1.05,1000,6-0.75-P,1,1.2646,348906,57,intensifier
sensitivity,lam1.05,1000,6-0.75-P,1,1.2942,349022,57,intensifier
sensitivity,lam1.05,1000,6-0.75-P,1,1.4417,349063,15,intensifier
sensitivity,lam1.05,1000,6-0.75-P,1,1.4722,349340,15,intensifier
sensitivity,lam1.05,1000,6-0.75-P,1,1.5614,349372,15,intensifier
sensitivity,lam1.05,1000,6-0.75-P,1,2.4997,349397,15,intensifier
sensitivity,lam1.05,1000,6-0.75-P,1,3.0287,349538,15,intensifier
sensitivity,lam1.05,1000,6-0.75-P,1,3.1470,349698,15,intensifier
sensitivity,lam1.05,1000,6-0.75-P,1,3.7092,349979,15,intensifier
sensitivity,lam1.05,1000,6-0.75-P,1,4.4180,350070,15,intensifier
sensitivity,lam1.05,1000,6-0.75-P,1,5.3589,350084,15,intensifier
sensitivity,lam1.05,1000,6-0.75-P,1,6.0382,350248,15,intensifier
sensitivity,lam1.05,1000,6-0.75-P,1,22.5612,350418,42,intensifier
sensitivity,lam1.05,1000,6-0.75-P,1,22.7380,350613,42,intensifier
sensitivity,lam1.05,1000,6-0.75-P,1,79.4362,350710,62,intensifier
sensitivity,lam1.05,1000,6-0.75-P,1,102.0943,350782,49,intensifier
sensitivity,lam1.05,1000,6-0.75-P,1,351.4794,350819,22,intensifier
sensitivity,lam1.05,1000,6-0.75-P,1,481.1598,350910,55,intensifier
sensitivity,lam1.05,1000,6-0.75-P,1,574.1551,350973,55,intensifier
sensitivity,lam1.05,1000,6-0.75-P,2,0.4981,347541,3,intensifier
sensitivity,lam1.05,1000,6-0.75-P,2,0.5272,348104,3,intensifier
sensitivity,lam1.05,1000,6-0.75-P,2,0.5863,348255,3,intensifier
sensitivity,lam1.05,1000,6-0.75-P,2,0.6157,348271,3,intensifier
sensitivity,lam1.05,1000,6-0.75-P,2,0.7346,348305,9,intensifier
sensitivity,lam1.05,1000,6-0.75-P,2,0.8845,348633,3,intensifier
sensitivity,lam1.05,1000,6-0.75-P,2,0.9149,348854,3,intensifier
sensitivity,lam1.05,1000,6-0.75-P,2,1.4408,348858,3,intensifier
sensitivity,lam1.05,1000,6-0.75-P,2,1.5873,348956,3,intensifier
sensitivity,lam1.05,1000,6-0.75-P,2,1.6756,349076,3,intensifier
sensitivity,lam1.05,1000,6-0.75-P,2,2.2022,349333,3,intensifier
sensitivity,lam1.05,1000,6-0.75-P,2,2.2317,349407,3,intensifier
sensitivity,lam1.05,1000,6-0.75-P,2,2.3800,349448,3,intensifier
sensitivity,lam1.05,1000,6-0.75-P,2,2.4686,349664,3,intensifier
sensitivity,lam1.05,1000,6-0.75-P,2,3.8504,349868,3,intensifier
sensitivity,lam1.05,1000,6-0.75-P,2,12.0331,349889,15,intensifier
sensitivity,lam1.05,1000,6-0.75-P,2,13.4428,350035,35,intensifier
sensitivity,lam1.05,1000,6-0.75-P,2,17.3563,350052,35,intensifier
sensitivity,lam1.05,1000,6-0.75-P,2,38.0360,350136,20,intensifier
sensitivity,lam1.05,1000,6-0.75-P,2,38.7431,350141,20,intensifier
sensitivity,lam1.05,1000,6-0.75-P,2,39.0667,350195,60,intensifier
sensitivity,lam1.05,1000,6-0.75-P,2,39.0966,350303,60,intensifier
sensitivity,lam1.05,1000,6-0.75-P,2,39.5380,350319,60,intensifier
sensitivity,lam1.05,1000,6-0.75-P,2,43.4617,350355,53,intensifier
sensitivity,lam1.05,1000,6-0.75-P,2,47.6524,350418,53,intensifier
sensitivity,lam1.05,1000,6-0.75-P,2,48.8083,350487,53,intensifier
sensitivity,lam1.05,1000,6-0.75-P,2,52.9758,350514,53,intensifier
sensitivity,lam1.05,1000,6-0.75-P,2,63.8782,350542,11,intensifier
sensitivity,lam1.05,1000,6-0.75-P,2,246.4613,350561,5,intensifier
sensitivity,lam1.05,1000,6-0.75-P,2,431.2372,350595,26,intensifier
sensitivity,lam1.05,1000,6-0.75-P,2,512.6647,350681,32,intensifier
sensitivity,lam1.05,1000,6-0.75-P,2,582.4903,350900,32,intensifier
sensitivity,lam1.05,1000,3-0.75-M,1,0.5228,35858,45,intensifier
sensitivity,lam1.05,1000,3-0.75-M,1,0.6711,35873,45,intensifier
sensitivity,lam1.05,1000,3-0.75-M,1,0.7005,36029,45,intensifier
sensitivity,lam1.05,1000,3-0.75-M,1,0.7309,36120,39,intensifier
sensitivity,lam1.05,1000,3-0.75-M,1,0.7610,36200,40,intensifier
sensitivity,lam1.05,1000,3-0.75-M,1,0.9679,36213,26,intensifier
sensitivity,lam1.05,1000,3-0.75-M,1,1.1755,36499,26,intensifier
sensitivity,lam1.05,1000,3-0.75-M,1,1.4697,36598,26,intensifier
sensitivity,lam1.05,1000,3-0.75-M,1,2.1517,36632,26,intensifier
sensitivity,lam1.05,1000,3-0.75-M,1,2.1813,36643,26,intensifier
sensitivity,lam1.05,1000,3-0.75-M,1,2.3880,36731,26,intensifier
sensitivity,lam1.05,1000,3-0.75-M,1,2.5941,36793,26,intensifier
sensitivity,lam1.05,1000,3-0.75-M,1,2.6240,36869,26,intensifier
sensitivity,lam1.05,1000,3-0.75-M,1,4.2484,36875,26,intensifier
sensitivity,lam1.05,1000,3-0.75-M,1,4.6022,36972,26,intensifier
sensitivity,lam1.05,1000,3-0.75-M,1,4.6314,37004,26,intensifier
sensitivity,lam1.05,1000,3-0.75-M,1,4.9834,37168,26,intensifier
sensitivity,lam1.05,1000,3-0.75-M,1,8.0860,37200,26,intensifier
sensitivity,lam1.05,1000,3-0.75-M,1,8.2643,37334,13,intensifier
sensitivity,lam1.05,1000,3-0.75-M,1,9.0377,37338,13,intensifier
sensitivity,lam1.05,1000,3-0.75-M,1,9.8962,37438,13,intensifier
sensitivity,lam1.05,1000,3-0.75-M,1,14.7037,37507,0,intensifier
sensitivity,lam1.05,1000,3-0.75-M,1,15.9153,37513,0,intensifier
sensitivity,lam1.05,1000,3-0.75-M,1,16.2970,37580,46,intensifier
sensitivity,lam1.05,1000,3-0.75-M,1,37.9835,37854,40,intensifier
sensitivity,lam1.05,1000,3-0.75-M,1,40.5178,37914,40,intensifier
sensitivity,lam1.05,1000,3-0.75-M,1,41.8847,37955,10,intensifier
sensitivity,lam1.05,1000,3-0.75-M,1,73.6277,38167,61,intensifier
sensitivity,lam1.05,1000,3-0.75-M,1,322.4804,38315,52,intensifier
sensitivity,lam1.05,1000,3-0.75-M,1,390.9193,38389,46,intensifier
sensitivity,lam1.05,1000,3-0.75-M,1,526.6300,38418,44,intensifier
sensitivity,lam1.05,1000,3-0.75-M,2,0.5224,35708,42,intensifier
sensitivity,lam1.05,1000,3-0.75-M,2,0.5526,35766,78,explorer
sensitivity,lam1.05,1000,3-0.75-M,2,0.6419,35959,28,intensifier
sensitivity,lam1.05,1000,3-0.75-M,2,0.6719,36214,28,intensifier
sensitivity,lam1.05,1000,3-0.75-M,2,0.7018,36286,28,intensifier
sensitivity,lam1.05,1000,3-0.75-M,2,1.0289,36494,28,intensifier
sensitivity,lam1.05,1000,3-0.75-M,2,1.1758,36619,28,intensifier
sensitivity,lam1.05,1000,3-0.75-M,2,1.7052,36786,28,intensifier
sensitivity,lam1.05,1000,3-0.75-M,2,1.7355,36904,28,intensifier
sensitivity,lam1.05,1000,3-0.75-M,2,2.9793,36997,28,intensifier
sensitivity,lam1.05,1000,3-0.75-M,2,3.4269,36998,28,intensifier
sensitivity,lam1.05,1000,3-0.75-M,2,4.3408,37013,28,intensifier
sensitivity,lam1.05,1000,3-0.75-M,2,7.0900,37083,28,intensifier
sensitivity,lam1.05,1000,3-0.75-M,2,8.0388,37238,28,intensifier
sensitivity,lam1.05,1000,3-0.75-M,2,8.1275,37264,28,intensifier
sensitivity,lam1.05,1000,3-0.75-M,2,13.2715,37292,28,intensifier
sensitivity,lam1.05,1000,3-0.75-M,2,15.6664,37405,28,intensifier
sensitivity,lam1.05,1000,3-0.75-M,2,15.6953,37434,28,intensifier
sensitivity,lam1.05,1000,3-0.75-M,2,18.2091,37441,25,intensifier
sensitivity,lam1.05,1000,3-0.75-M,2,22.9463,37479,21,intensifier
sensitivity,lam1.05,1000,3-0.75-M,2,25.1063,37563,27,intensifier
sensitivity,lam1.05,1000,3-0.75-M,2,25.1661,37602,27,intensifier
sensitivity,lam1.05,1000,3-0.75-M,2,45.2908,37637,4,intensifier
sensitivity,lam1.05,1000,3-0.75-M,2,50.6402,37725,33,intensifier
sensitivity,lam1.05,1000,3-0.75-M,2,55.8100,37870,33,intensifier
sensitivity,lam1.05,1000,3-0.75-M,2,58.9738,37908,42,intensifier
sensitivity,lam1.05,1000,3-0.75-M,2,60.4834,38088,20,intensifier
sensitivity,lam1.05,1000,3-0.75-M,2,243.2229,38113,40,intensifier
sensitivity,lam1.05,1000,3-0.75-M,2,258.0705,38122,51,intensifier
sensitivity,lam1.05,1000,3-0.75-M,2,392.1764,38146,52,intensifier
sensitivity,lam1.2,1000,4-0.25-P,1,0.5318,134825,60,intensifier
sensitivity,lam1.2,1000,4-0.25-P,1,1.0128,134897,8,intensifier
sensitivity,lam1.2,1000,4-0.25-P,1,1.0424,134910,8,intensifier
sensitivity,lam1.2,1000,4-0.25-P,1,1.1613,135007,8,intensifier
sensitivity,lam1.2,1000,4-0.25-P,1,1.1917,135228,8,intensifier
sensitivity,lam1.2,1000,4-0.25-P,1,1.2221,135290,8,intensifier
sensitivity,lam1.2,1000,4-0.25-P,1,1.3118,135398,8,intensifier
sensitivity,lam1.2,1000,4-0.25-P,1,1.3421,135471,8,intensifier
sensitivity,lam1.2,1000,4-0.25-P,1,1.4024,135523,8,intensifier
sensitivity,lam1.2,1000,4-0.25-P,1,1.6105,135541,8,intensifier
sensitivity,lam1.2,1000,4-0.25-P,1,1.6706,135550,8,intensifier
sensitivity,lam1.2,1000,4-0.25-P,1,1.8497,135649,8,intensifier
sensitivity,lam1.2,1000,4-0.25-P,1,1.8793,135707,8,intensifier
sensitivity,lam1.2,1000,4-0.25-P,1,2.9111,135729,8,intensifier
sensitivity,lam1.2,1000,4-0.25-P,1,2.9408,135971,8,intensifier
sensitivity,lam1.2,1000,4-0.25-P,1,5.3121,135972,8,intensifier
sensitivity,lam1.2,1000,4-0.25-P,1,5.7846,136055,8,intensifier
sensitivity,lam1.2,1000,4-0.25-P,1,7.5593,136074,8,intensifier
sensitivity,lam1.2,1000,4-0.25-P,1,7.7690,136239,8,intensifier
sensitivity,lam1.2,1000,4-0.25-P,1,8.1552,136380,8,intensifier
sensitivity,lam1.2,1000,4-0.25-P,1,8.6909,136405,8,intensifier
sensitivity,lam1.2,1000,4-0.25-P,1,8.7212,136645,8,intensifier
sensitivity,lam1.2,1000,4-0.25-P,1,24.2799,136762,13,intensifier
sensitivity,lam1.2,1000,4-0.25-P,1,38.8332,136817,32,intensifier
sensitivity,lam1.2,1000,4-0.25-P,1,39.5141,136836,21,intensifier
sensitivity,lam1.2,1000,4-0.25-P,1,42.5055,136864,21,intensifier
sensitivity,lam1.2,1000,4-0.25-P,1,42.6850,136943,22,intensifier
sensitivity,lam1.2,1000,4-0.25-P,1,42.7435,136963,61,intensifier
sensitivity,lam1.2,1000,4-0.25-P,1,44.8825,136977,34,intensifier
sensitivity,lam1.2,1000,4-0.25-P,1,46.3387,137063,46,intensifier
sensitivity,lam1.2,1000,4-0.25-P,1,137.0871,137068,24,intensifier
sensitivity,lam1.2,1000,4-0.25-P,1,140.2423,137144,23,intensifier
sensitivity,lam1.2,1000,4-0.25-P,1,223.9049,137159,59,intensifier
sensitivity,lam1.2,1000,4-0.25-P,1,401.7638,137182,57,intensifier
sensitivity,lam1.2,1000,4-0.25-P,1,509.3846,137225,37,intensifier
sensitivity,lam1.2,1000,4-0.25-P,1,531.9200,137270,15,intensifier
sensitivity,lam1.2,1000,4-0.25-P,2,0.5402,133863,64,explorer
sensitivity,lam1.2,1000,4-0.25-P,2,0.5756,134237,64,explorer
sensitivity,lam1.2,1000,4-0.25-P,2,0.6364,134278,43,intensifier
sensitivity,lam1.2,1000,4-0.25-P,2,0.7852,134522,43,intensifier
sensitivity,lam1.2,1000,4-0.25-P,2,0.8456,134710,43,intensifier
sensitivity,lam1.2,1000,4-0.25-P,2,0.8757,134812,43,intensifier
sensitivity,lam1.2,1000,4-0.25-P,2,0.9064,134816,43,intensifier
sensitivity,lam1.2,1000,4-0.25-P,2,1.3798,135060,59,intensifier
sensitivity,lam1.2,1000,4-0.25-P,2,1.4100,135062,59,intensifier
sensitivity,lam1.2,1000,4-0.25-P,2,1.6490,135386,59,intensifier
sensitivity,lam1.2,1000,4-0.25-P,2,1.7073,135536,59,intensifier
sensitivity,lam1.2,1000,4-0.25-P,2,1.7680,135553,59,intensifier
sensitivity,lam1.2,1000,4-0.25-P,2,1.7974,135633,59,intensifier
sensitivity,lam1.2,1000,4-0.25-P,2,1.8266,135660,59,intensifier
sensitivity,lam1.2,1000,4-0.25-P,2,1.8570,135757,59,intensifier
sensitivity,lam1.2,1000,4-0.25-P,2,1.9462,135997,59,intensifier
sensitivity,lam1.2,1000,4-0.25-P,2,2.6236,136078,59,intensifier
sensitivity,lam1.2,1000,4-0.25-P,2,2.8311,136116,59,intensifier
sensitivity,lam1.2,1000,4-0.25-P,2,4.9887,136229,59,intensifier
sensitivity,lam1.2,1000,4-0.25-P,2,6.0848,136240,59,intensifier
sensitivity,lam1.2,1000,4-0.25-P,2,6.1738,136309,59,intensifier
sensitivity,lam1.2,1000,4-0.25-P,2,8.1499,136377,59,intensifier
sensitivity,lam1.2,1000,4-0.25-P,2,8.7140,136495,59,intensifier
sensitivity,lam1.2,1000,4-0.25-P,2,11.0573,136509,59,intensifier
sensitivity,lam1.2,1000,4-0.25-P,2,12.2753,136682,29,intensifier
sensitivity,lam1.2,1000,4-0.25-P,2,12.6311,136763,29,intensifier
sensitivity,lam1.2,1000,4-0.25-P,2,20.1803,136809,11,intensifier
sensitivity,lam1.2,1000,4-0.25-P,2,21.2202,136834,1,intensifier
sensitivity,lam1.2,1000,4-0.25-P,2,21.7562,136839,46,intensifier
sensitivity,lam1.2,1000,4-0.25-P,2,41.0349,137106,34,intensifier
sensitivity,lam1.2,1000,4-0.25-P,2,80.8883,137156,46,intensifier
sensitivity,lam1.2,1000,4-0.25-P,2,156.2317,137162,45,intensifier
sensitivity,lam1.2,1000,4-0.25-P,2,194.1163,137193,46,intensifier
sensitivity,lam1.2,1000,4-0.25-P,2,312.8784,137234,32,intensifier
sensitivity,lam1.2,1000,4-0.25-P,2,313.0287,137287,42,intensifier
sensitivity,lam1.2,1000,4-0.25-P,2,359.7913,137382,8,intensifier
sensitivity,lam1.2,1000,4-0.25-P,2,409.4950,137443,21,intensifier
sensitivity,lam1.2,1000,4-0.25-P,2,434.1940,137588,26,intensifier
sensitivity,lam1.2,1000,4-0.25-P,2,533.2807,137668,14,intensifier
sensitivity,lam1.2,1000,4-0.25-P,2,533.9305,137706,21,intensifier
sensitivity,lam1.2,1000,6-0.25-M,1,0.5455,37660,52,intensifier
sensitivity,lam1.2,1000,6-0.25-M,1,0.6117,37689,52,intensifier
sensitivity,lam1.2,1000,6-0.25-M,1,0.6405,37926,52,intensifier
sensitivity,lam1.2,1000,6-0.25-M,1,0.6704,38086,52,intensifier
sensitivity,lam1.2,1000,6-0.25-M,1,0.7001,38109,52,intensifier
sensitivity,lam1.2,1000,6-0.25-M,1,0.7900,38133,52,intensifier
sensitivity,lam1.2,1000,6-0.25-M,1,0.8504,38275,61,intensifier
sensitivity,lam1.2,1000,6-0.25-M,1,0.8807,38503,61,intensifier
sensitivity,lam1.2,1000,6-0.25-M,1,1.1487,38576,61,intensifier
sensitivity,lam1.2,1000,6-0.25-M,1,1.2684,38658,61,intensifier
sensitivity,lam1.2,1000,6-0.25-M,1,1.9799,38737,61,intensifier
sensitivity,lam1.2,1000,6-0.25-M,1,2.5706,38791,61,intensifier
sensitivity,lam1.2,1000,6-0.25-M,1,2.6006,38809,61,intensifier
sensitivity,lam1.2,1000,6-0.25-M,1,2.6306,38897,61,intensifier
sensitivity,lam1.2,1000,6-0.25-M,1,3.3727,38949,61,intensifier
sensitivity,lam1.2,1000,6-0.25-M,1,3.4029,39039,61,intensifier
sensitivity,lam1.2,1000,6-0.25-M,1,3.4628,39090,61,intensifier
sensitivity,lam1.2,1000,6-0.25-M,1,6.1300,39217,61,intensifier
sensitivity,lam1.2,1000,6-0.25-M,1,6.9015,39282,61,intensifier
sensitivity,lam1.2,1000,6-0.25-M,1,7.2266,39357,35,intensifier
sensitivity,lam1.2,1000,6-0.25-M,1,7.2566,39364,35,intensifier
sensitivity,lam1.2,1000,6-0.25-M,1,8.8561,39489,30,intensifier
sensitivity,lam1.2,1000,6-0.25-M,1,11.6978,39512,55,intensifier
sensitivity,lam1.2,1000,6-0.25-M,1,11.8765,39573,33,intensifier
sensitivity,lam1.2,1000,6-0.25-M,1,14.1252,39583,55,intensifier
sensitivity,lam1.2,1000,6-0.25-M,1,14.1853,39642,30,intensifier
sensitivity,lam1.2,1000,6-0.25-M,1,14.2156,39700,55,intensifier
sensitivity,lam1.2,1000,6-0.25-M,1,16.7390,39751,39,intensifier
sensitivity,lam1.2,1000,6-0.25-M,1,18.8136,39764,37,intensifier
sensitivity,lam1.2,1000,6-0.25-M,1,19.6103,39786,24,intensifier
sensitivity,lam1.2,1000,6-0.25-M,1,21.9857,39792,32,intensifier
sensitivity,lam1.2,1000,6-0.25-M,1,22.4295,39836,11,intensifier
sensitivity,lam1.2,1000,6-0.25-M,1,23.1700,39847,41,intensifier
sensitivity,lam1.2,1000,6-0.25-M,1,25.7462,39964,9,intensifier
sensitivity,lam1.2,1000,6-0.25-M,1,33.3750,40029,3,intensifier
sensitivity,lam1.2,1000,6-0.25-M,1,37.6720,40137,3,intensifier
sensitivity,lam1.2,1000,6-0.25-M,1,39.3284,40243,3,intensifier
sensitivity,lam1.2,1000,6-0.25-M,1,45.9934,40246,27,intensifier
sensitivity,lam1.2,1000,6-0.25-M,1,48.3587,40319,61,intensifier
sensitivity,lam1.2,1000,6-0.25-M,1,48.5676,40442,32,intensifier
sensitivity,lam1.2,1000,6-0.25-M,1,51.3263,40483,27,intensifier
sensitivity,lam1.2,1000,6-0.25-M,1,87.0388,40491,4,intensifier
sensitivity,lam1.2,1000,6-0.25-M,1,177.9751,40511,32,intensifier
sensitivity,lam1.2,1000,6-0.25-M,1,258.2891,40618,59,intensifier
sensitivity,lam1.2,1000,6-0.25-M,1,408.1503,40691,27,intensifier
sensitivity,lam1.2,1000,6-0.25-M,1,475.8382,40725,48,intensifier
sensitivity,lam1.2,1000,6-0.25-M,2,0.5513,37726,12,intensifier
sensitivity,lam1.2,1000,6-0.25-M,2,0.6172,37826,58,intensifier
sensitivity,lam1.2,1000,6-0.25-M,2,0.7048,38251,13,intensifier
sensitivity,lam1.2,1000,6-0.25-M,2,0.8233,38328,13,intensifier
sensitivity,lam1.2,1000,6-0.25-M,2,1.9515,38330,24,intensifier
sensitivity,lam1.2,1000,6-0.25-M,2,2.0705,38365,24,intensifier
sensitivity,lam1.2,1000,6-0.25-M,2,2.2189,38420,68,explorer
sensitivity,lam1.2,1000,6-0.25-M,2,2.2786,38499,83,explorer
sensitivity,lam1.2,1000,6-0.25-M,2,2.8722,38511,45,intensifier
sensitivity,lam1.2,1000,6-0.25-M,2,2.9330,38637,45,intensifier
sensitivity,lam1.2,1000,6-0.25-M,2,3.1408,38649,45,intensifier
sensitivity,lam1.2,1000,6-0.25-M,2,3.3798,38709,45,intensifier
sensitivity,lam1.2,1000,6-0.25-M,2,3.8555,38750,45,intensifier
sensitivity,lam1.2,1000,6-0.25-M,2,3.8852,38756,45,intensifier
sensitivity,lam1.2,1000,6-0.25-M,2,4.1819,38991,45,intensifier
sensitivity,lam1.2,1000,6-0.25-M,2,4.2420,39102,45,intensifier
sensitivity,lam1.2,1000,6-0.25-M,2,6.4925,39108,30,intensifier
sensitivity,lam1.2,1000,6-0.25-M,2,6.9977,39256,30,intensifier
sensitivity,lam1.2,1000,6-0.25-M,2,7.0276,39353,30,intensifier
sensitivity,lam1.2,1000,6-0.25-M,2,9.7257,39375,30,intensifier
sensitivity,lam1.2,1000,6-0.25-M,2,9.7858,39397,32,intensifier
sensitivity,lam1.2,1000,6-0.25-M,2,9.8165,39398,32,intensifier
sensitivity,lam1.2,1000,6-0.25-M,2,9.8752,39546,30,intensifier
sensitivity,lam1.2,1000,6-0.25-M,2,12.9219,39608,30,intensifier
sensitivity,lam1.2,1000,6-0.25-M,2,13.2496,39622,46,intensifier
sensitivity,lam1.2,1000,6-0.25-M,2,13.5163,39668,30,intensifier
sensitivity,lam1.2,1000,6-0.25-M,2,15.2375,39673,46,intensifier
sensitivity,lam1.2,1000,6-0.25-M,2,15.7436,39738,21,intensifier
sensitivity,lam1.2,1000,6-0.25-M,2,19.3856,39742,11,intensifier
sensitivity,lam1.2,1000,6-0.25-M,2,19.4159,39853,11,intensifier
sensitivity,lam1.2,1000,6-0.25-M,2,25.2196,39920,11,intensifier
sensitivity,lam1.2,1000,6-0.25-M,2,28.4444,40024,38,intensifier
sensitivity,lam1.2,1000,6-0.25-M,2,30.5804,40046,21,intensifier
sensitivity,lam1.2,1000,6-0.25-M,2,35.0214,40070,21,intensifier
sensitivity,lam1.2,1000,6-0.25-M,2,37.8014,40146,44,intensifier
sensitivity,lam1.2,1000,6-0.25-M,2,41.7668,40182,44,intensifier
sensitivity,lam1.2,1000,6-0.25-M,2,67.8486,40184,43,intensifier
sensitivity,lam1.2,1000,6-0.25-M,2,68.0864,40279,16,intensifier
sensitivity,lam1.2,1000,6-0.25-M,2,71.7548,40281,1,intensifier
sensitivity,lam1.2,1000,6-0.25-M,2,88.5110,40345,3,intensifier
sensitivity,lam1.2,1000,6-0.25-M,2,155.0477,40535,31,intensifier
sensitivity,lam1.2,1000,6-0.25-M,2,327.9437,40567,17,intensifier
sensitivity,lam1.2,1000,6-0.25-M,2,583.8062,40591,15,intensifier
sensitivity,lam1.2,1000,5-0.5-P,1,0.4811,268772,38,intensifier
sensitivity,lam1.2,1000,5-0.5-P,1,0.5371,269667,38,intensifier
sensitivity,lam1.2,1000,5-0.5-P,1,0.6242,269802,30,intensifier
sensitivity,lam1.2,1000,5-0.5-P,1,0.6546,269861,18,intensifier
sensitivity,lam1.2,1000,5-0.5-P,1,0.6837,270003,39,intensifier
sensitivity,lam1.2,1000,5-0.5-P,1,0.7125,270141,39,intensifier
sensitivity,lam1.2,1000,5-0.5-P,1,0.7435,270419,79,explorer
sensitivity,lam1.2,1000,5-0.5-P,1,0.7731,270613,2,intensifier
sensitivity,lam1.2,1000,5-0.5-P,1,0.8029,270831,75,explorer
sensitivity,lam1.2,1000,5-0.5-P,1,0.8324,270932,2,intensifier
sensitivity,lam1.2,1000,5-0.5-P,1,0.9482,270978,2,intensifier
sensitivity,lam1.2,1000,5-0.5-P,1,0.9779,271143,30,intensifier
sensitivity,lam1.2,1000,5-0.5-P,1,1.1857,271195,30,intensifier
sensitivity,lam1.2,1000,5-0.5-P,1,1.3027,271504,30,intensifier
sensitivity,lam1.2,1000,5-0.5-P,1,1.3325,271626,67,explorer
sensitivity,lam1.2,1000,5-0.5-P,1,2.3352,271668,2,intensifier
sensitivity,lam1.2,1000,5-0.5-P,1,2.3641,271720,2,intensifier
sensitivity,lam1.2,1000,5-0.5-P,1,2.6595,271860,2,intensifier
sensitivity,lam1.2,1000,5-0.5-P,1,2.6887,271869,2,intensifier
sensitivity,lam1.2,1000,5-0.5-P,1,2.7751,271898,2,intensifier
sensitivity,lam1.2,1000,5-0.5-P,1,2.8357,271972,2,intensifier
sensitivity,lam1.2,1000,5-0.5-P,1,3.0433,272177,2,intensifier
sensitivity,lam1.2,1000,5-0.5-P,1,3.3324,272271,2,intensifier
sensitivity,lam1.2,1000,5-0.5-P,1,3.3627,272344,2,intensifier
sensitivity,lam1.2,1000,5-0.5-P,1,3.5114,272693,2,intensifier
sensitivity,lam1.2,1000,5-0.5-P,1,4.1011,272768,2,intensifier
sensitivity,lam1.2,1000,5-0.5-P,1,4.1910,272810,2,intensifier
sensitivity,lam1.2,1000,5-0.5-P,1,5.6591,272822,2,intensifier
sensitivity,lam1.2,1000,5-0.5-P,1,7.7340,272941,2,intensifier
sensitivity,lam1.2,1000,5-0.5-P,1,10.5696,272952,2,intensifier
sensitivity,lam1.2,1000,5-0.5-P,1,12.8454,272969,48,intensifier
sensitivity,lam1.2,1000,5-0.5-P,1,14.5761,272975,38,intensifier
sensitivity,lam1.2,1000,5-0.5-P,1,15.6683,273013,2,intensifier
sensitivity,lam1.2,1000,5-0.5-P,1,17.9691,273094,2,intensifier
sensitivity,lam1.2,1000,5-0.5-P,1,38.8860,273162,37,intensifier
sensitivity,lam1.2,1000,5-0.5-P,1,41.2643,273281,37,intensifier
sensitivity,lam1.2,1000,5-0.5-P,1,43.2455,273342,37,intensifier
sensitivity,lam1.2,1000,5-0.5-P,1,106.4918,273390,33,intensifier
sensitivity,lam1.2,1000,5-0.5-P,1,130.2562,273410,36,intensifier
sensitivity,lam1.2,1000,5-0.5-P,1,136.2918,273452,24,intensifier
sensitivity,lam1.2,1000,5-0.5-P,1,145.0120,273623,24,intensifier
sensitivity,lam1.2,1000,5-0.5-P,1,438.5913,273635,30,intensifier
sensitivity,lam1.2,1000,5-0.5-P,1,473.9481,273676,30,intensifier
sensitivity,lam1.2,1000,5-0.5-P,2,0.3998,264441,58,intensifier
sensitivity,lam1.2,1000,5-0.5-P,2,0.4678,266826,65,explorer
sensitivity,lam1.2,1000,5-0.5-P,2,0.4983,267523,65,explorer
sensitivity,lam1.2,1000,5-0.5-P,2,0.5276,268514,72,explorer
sensitivity,lam1.2,1000,5-0.5-P,2,0.5570,268804,72,explorer
sensitivity,lam1.2,1000,5-0.5-P,2,0.5858,269101,72,explorer
sensitivity,lam1.2,1000,5-0.5-P,2,0.6160,269215,30,intensifier
sensitivity,lam1.2,1000,5-0.5-P,2,0.6463,269488,50,intensifier
sensitivity,lam1.2,1000,5-0.5-P,2,0.6766,269815,30,intensifier
sensitivity,lam1.2,1000,5-0.5-P,2,0.7054,270209,24,intensifier
sensitivity,lam1.2,1000,5-0.5-P,2,0.7928,270269,24,intensifier
sensitivity,lam1.2,1000,5-0.5-P,2,0.8520,270601,72,explorer
sensitivity,lam1.2,1000,5-0.5-P,2,0.8818,270683,36,intensifier
sensitivity,lam1.2,1000,5-0.5-P,2,0.9115,271265,24,intensifier
sensitivity,lam1.2,1000,5-0.5-P,2,0.9706,271388,24,intensifier
sensitivity,lam1.2,1000,5-0.5-P,2,1.0589,271533,24,intensifier
sensitivity,lam1.2,1000,5-0.5-P,2,1.1191,271573,24,intensifier
sensitivity,lam1.2,1000,5-0.5-P,2,1.1777,271625,24,intensifier
sensitivity,lam1.2,1000,5-0.5-P,2,1.6163,271767,24,intensifier
sensitivity,lam1.2,1000,5-0.5-P,2,1.6456,271894,24,intensifier
sensitivity,lam1.2,1000,5-0.5-P,2,1.7058,271906,24,intensifier
sensitivity,lam1.2,1000,5-0.5-P,2,1.7365,271919,24,intensifier
sensitivity,lam1.2,1000,5-0.5-P,2,1.9707,271927,24,intensifier
sensitivity,lam1.2,1000,5-0.5-P,2,2.0588,271972,24,intensifier
sensitivity,lam1.2,1000,5-0.5-P,2,2.4115,272009,24,intensifier
sensitivity,lam1.2,1000,5-0.5-P,2,2.5585,272082,30,intensifier
sensitivity,lam1.2,1000,5-0.5-P,2,3.4123,272209,30,intensifier
sensitivity,lam1.2,1000,5-0.5-P,2,3.4722,272522,30,intensifier
sensitivity,lam1.2,1000,5-0.5-P,2,5.3739,272690,30,intensifier
sensitivity,lam1.2,1000,5-0.5-P,2,5.4896,272720,30,intensifier
sensitivity,lam1.2,1000,5-0.5-P,2,7.8246,272775,30,intensifier
sensitivity,lam1.2,1000,5-0.5-P,2,35.8493,272805,61,intensifier
sensitivity,lam1.2,1000,5-0.5-P,2,36.3499,272834,55,intensifier
sensitivity,lam1.2,1000,5-0.5-P,2,37.4071,272859,61,intensifier
sensitivity,lam1.2,1000,5-0.5-P,2,37.4352,272874,55,intensifier
sensitivity,lam1.2,1000,5-0.5-P,2,37.5233,272899,55,intensifier
sensitivity,lam1.2,1000,5-0.5-P,2,37.7889,272937,61,intensifier
sensitivity,lam1.2,1000,5-0.5-P,2,37.8825,273000,61,intensifier
sensitivity,lam1.2,1000,5-0.5-P,2,37.9081,273021,61,intensifier
sensitivity,lam1.2,1000,5-0.5-P,2,39.9348,273030,61,intensifier
sensitivity,lam1.2,1000,5-0.5-P,2,40.0541,273071,5,intensifier
sensitivity,lam1.2,1000,5-0.5-P,2,40.0831,273101,5,intensifier
sensitivity,lam1.2,1000,5-0.5-P,2,40.6136,273137,35,intensifier
sensitivity,lam1.2,1000,5-0.5-P,2,41.8140,273154,35,intensifier
sensitivity,lam1.2,1000,5-0.5-P,2,41.9031,273217,35,intensifier
sensitivity,lam1.2,1000,5-0.5-P,2,43.5238,273275,46,intensifier
sensitivity,lam1.2,1000,5-0.5-P,2,44.7302,273302,55,intensifier
sensitivity,lam1.2,1000,5-0.5-P,2,49.4051,273359,44,intensifier
sensitivity,lam1.2,1000,5-0.5-P,2,63.8454,273423,44,intensifier
sensitivity,lam1.2,1000,5-0.5-P,2,63.9335,273475,44,intensifier
sensitivity,lam1.2,1000,5-0.5-P,2,91.5822,273504,7,intensifier
sensitivity,lam1.2,1000,5-0.5-P,2,98.5446,273530,7,intensifier
sensitivity,lam1.2,1000,5-0.5-P,2,138.8510,273715,8,intensifier
sensitivity,lam1.2,1000,5-0.5-P,2,435.0180,273733,51,intensifier
sensitivity,lam1.2,1000,5-0.5-P,2,435.5771,273749,51,intensifier
sensitivity,lam1.2,1000,2-0.5-M,1,0.3494,48391,10,intensifier
sensitivity,lam1.2,1000,2-0.5-M,1,0.4233,51048,10,intensifier
sensitivity,lam1.2,1000,2-0.5-M,1,0.4532,51946,47,intensifier
sensitivity,lam1.2,1000,2-0.5-M,1,0.4827,52825,4,intensifier
sensitivity,lam1.2,1000,2-0.5-M,1,0.5124,53143,82,explorer
sensitivity,lam1.2,1000,2-0.5-M,1,0.5420,53820,62,intensifier
sensitivity,lam1.2,1000,2-0.5-M,1,0.5717,53993,62,intensifier
sensitivity,lam1.2,1000,2-0.5-M,1,0.6019,54307,62,intensifier
sensitivity,lam1.2,1000,2-0.5-M,1,0.6321,54524,62,intensifier
sensitivity,lam1.2,1000,2-0.5-M,1,0.6624,54636,62,intensifier
sensitivity,lam1.2,1000,2-0.5-M,1,0.6927,54830,7,intensifier
sensitivity,lam1.2,1000,2-0.5-M,1,0.7231,55178,82,explorer
sensitivity,lam1.2,1000,2-0.5-M,1,0.7533,55346,7,intensifier
sensitivity,lam1.2,1000,2-0.5-M,1,0.8134,55526,64,explorer
sensitivity,lam1.2,1000,2-0.5-M,1,0.9328,55803,7,intensifier
sensitivity,lam1.2,1000,2-0.5-M,1,0.9933,55922,7,intensifier
sensitivity,lam1.2,1000,2-0.5-M,1,1.5526,55935,7,intensifier
sensitivity,lam1.2,1000,2-0.5-M,1,1.5820,55952,7,intensifier
sensitivity,lam1.2,1000,2-0.5-M,1,1.6399,55963,7,intensifier
sensitivity,lam1.2,1000,2-0.5-M,1,1.6689,55991,7,intensifier
sensitivity,lam1.2,1000,2-0.5-M,1,1.8160,56083,7,intensifier
sensitivity,lam1.2,1000,2-0.5-M,1,1.9032,56102,7,intensifier
sensitivity,lam1.2,1000,2-0.5-M,1,1.9919,56145,7,intensifier
sensitivity,lam1.2,1000,2-0.5-M,1,2.1102,56169,7,intensifier
sensitivity,lam1.2,1000,2-0.5-M,1,2.9060,56229,7,intensifier
sensitivity,lam1.2,1000,2-0.5-M,1,2.9364,56375,7,intensifier
sensitivity,lam1.2,1000,2-0.5-M,1,3.5509,56484,7,intensifier
sensitivity,lam1.2,1000,2-0.5-M,1,4.4294,56678,7,intensifier
sensitivity,lam1.2,1000,2-0.5-M,1,4.4589,56767,7,intensifier
sensitivity,lam1.2,1000,2-0.5-M,1,4.4888,56774,7,intensifier
sensitivity,lam1.2,1000,2-0.5-M,1,4.6066,56841,7,intensifier
sensitivity,lam1.2,1000,2-0.5-M,1,4.6369,56922,7,intensifier
sensitivity,lam1.2,1000,2-0.5-M,1,4.6958,57027,7,intensifier
sensitivity,lam1.2,1000,2-0.5-M,1,7.6402,57211,7,intensifier
sensitivity,lam1.2,1000,2-0.5-M,1,19.8795,57314,7,intensifier
sensitivity,lam1.2,1000,2-0.5-M,1,22.4624,57341,39,intensifier
sensitivity,lam1.2,1000,2-0.5-M,1,23.5496,57381,2,intensifier
sensitivity,lam1.2,1000,2-0.5-M,1,24.8726,57421,7,intensifier
sensitivity,lam1.2,1000,2-0.5-M,1,27.0477,57505,33,intensifier
sensitivity,lam1.2,1000,2-0.5-M,1,27.3415,57517,33,intensifier
sensitivity,lam1.2,1000,2-0.5-M,1,37.5028,57521,39,intensifier
sensitivity,lam1.2,1000,2-0.5-M,1,38.3214,57578,4,intensifier
sensitivity,lam1.2,1000,2-0.5-M,1,71.4891,57591,54,intensifier
sensitivity,lam1.2,1000,2-0.5-M,1,72.6958,57666,3,intensifier
sensitivity,lam1.2,1000,2-0.5-M,1,76.0415,57676,56,intensifier
sensitivity,lam1.2,1000,2-0.5-M,1,81.2751,57698,56,intensifier
sensitivity,lam1.2,1000,2-0.5-M,1,81.3044,57707,56,intensifier
sensitivity,lam1.2,1000,2-0.5-M,1,88.0191,57747,56,intensifier
sensitivity,lam1.2,1000,2-0.5-M,1,89.1917,57782,56,intensifier
sensitivity,lam1.2,1000,2-0.5-M,1,90.5184,57844,46,intensifier
sensitivity,lam1.2,1000,2-0.5-M,1,173.2908,57860,21,intensifier
sensitivity,lam1.2,1000,2-0.5-M,1,327.1078,57881,26,intensifier
sensitivity,lam1.2,1000,2-0.5-M,1,543.2785,57954,60,intensifier
sensitivity,lam1.2,1000,2-0.5-M,2,0.3804,49372,33,intensifier
sensitivity,lam1.2,1000,2-0.5-M,2,0.4516,51786,64,explorer
sensitivity,lam1.2,1000,2-0.5-M,2,0.4808,52389,81,explorer
sensitivity,lam1.2,1000,2-0.5-M,2,0.5096,52893,81,explorer
sensitivity,lam1.2,1000,2-0.5-M,2,0.5395,53259,33,intensifier
sensitivity,lam1.2,1000,2-0.5-M,2,0.5697,53532,33,intensifier
sensitivity,lam1.2,1000,2-0.5-M,2,0.5998,54077,12,intensifier
sensitivity,lam1.2,1000,2-0.5-M,2,0.6299,54597,12,intensifier
sensitivity,lam1.2,1000,2-0.5-M,2,0.7190,54768,12,intensifier
sensitivity,lam1.2,1000,2-0.5-M,2,0.8378,54806,12,intensifier
sensitivity,lam1.2,1000,2-0.5-M,2,0.8979,54958,12,intensifier
sensitivity,lam1.2,1000,2-0.5-M,2,0.9275,55173,12,intensifier
sensitivity,lam1.2,1000,2-0.5-M,2,0.9578,55317,12,intensifier
sensitivity,lam1.2,1000,2-0.5-M,2,1.0458,55757,63,explorer
sensitivity,lam1.2,1000,2-0.5-M,2,1.4913,56276,74,explorer
sensitivity,lam1.2,1000,2-0.5-M,2,6.7184,56410,0,intensifier
sensitivity,lam1.2,1000,2-0.5-M,2,6.7484,56456,0,intensifier
sensitivity,lam1.2,1000,2-0.5-M,2,8.0182,56516,0,intensifier
sensitivity,lam1.2,1000,2-0.5-M,2,8.0485,56606,0,intensifier
sensitivity,lam1.2,1000,2-0.5-M,2,9.1922,56626,0,intensifier
sensitivity,lam1.2,1000,2-0.5-M,2,9.8639,56628,0,intensifier
sensitivity,lam1.2,1000,2-0.5-M,2,10.4218,56671,0,intensifier
sensitivity,lam1.2,1000,2-0.5-M,2,10.5660,56876,37,intensifier
sensitivity,lam1.2,1000,2-0.5-M,2,10.6542,57008,37,intensifier
sensitivity,lam1.2,1000,2-0.5-M,2,11.7722,57027,37,intensifier
sensitivity,lam1.2,1000,2-0.5-M,2,11.8006,57101,37,intensifier
sensitivity,lam1.2,1000,2-0.5-M,2,16.1064,57116,37,intensifier
sensitivity,lam1.2,1000,2-0.5-M,2,18.5378,57141,52,intensifier
sensitivity,lam1.2,1000,2-0.5-M,2,20.1480,57153,37,intensifier
sensitivity,lam1.2,1000,2-0.5-M,2,21.7001,57190,37,intensifier
sensitivity,lam1.2,1000,2-0.5-M,2,23.0169,57436,37,intensifier
sensitivity,lam1.2,1000,2-0.5-M,2,24.7116,57567,37,intensifier
sensitivity,lam1.2,1000,2-0.5-M,2,126.8417,57607,15,intensifier
sensitivity,lam1.2,1000,2-0.5-M,2,144.5597,57730,16,intensifier
sensitivity,lam1.2,1000,2-0.5-M,2,201.4283,57808,48,intensifier
sensitivity,lam1.2,1000,2-0.5-M,2,208.9386,57851,18,intensifier
sensitivity,lam1.2,1000,2-0.5-M,2,358.4788,57953,10,intensifier
sensitivity,lam1.2,1000,6-0.75-P,1,0.6862,348264,82,explorer
sensitivity,lam1.2,1000,6-0.75-P,1,0.8045,348402,72,explorer
sensitivity,lam1.2,1000,6-0.75-P,1,1.0400,348476,13,intensifier
sensitivity,lam1.2,1000,6-0.75-P,1,1.1282,348482,13,intensifier
sensitivity,lam1.2,1000,6-0.75-P,1,1.1576,348568,13,intensifier
sensitivity,lam1.2,1000,6-0.75-P,1,1.2457,348621,40,intensifier
sensitivity,lam1.2,1000,6-0.75-P,1,1.6003,348635,82,explorer
sensitivity,lam1.2,1000,6-0.75-P,1,1.6300,348801,40,intensifier
sensitivity,lam1.2,1000,6-0.75-P,1,1.6893,348918,40,intensifier
sensitivity,lam1.2,1000,6-0.75-P,1,1.7187,349055,40,intensifier
sensitivity,lam1.2,1000,6-0.75-P,1,1.7481,349268,40,intensifier
sensitivity,lam1.2,1000,6-0.75-P,1,1.8650,349273,40,intensifier
sensitivity,lam1.2,1000,6-0.75-P,1,1.8945,349400,40,intensifier
sensitivity,lam1.2,1000,6-0.75-P,1,2.0116,349706,40,intensifier
sensitivity,lam1.2,1000,6-0.75-P,1,15.3450,349742,16,intensifier
sensitivity,lam1.2,1000,6-0.75-P,1,15.4914,349800,16,intensifier
sensitivity,lam1.2,1000,6-0.75-P,1,17.5539,349942,43,intensifier
sensitivity,lam1.2,1000,6-0.75-P,1,19.4623,349989,43,intensifier
sensitivity,lam1.2,1000,6-0.75-P,1,21.9012,350094,43,intensifier
sensitivity,lam1.2,1000,6-0.75-P,1,24.4662,350173,20,intensifier
sensitivity,lam1.2,1000,6-0.75-P,1,27.7357,350313,26,intensifier
sensitivity,lam1.2,1000,6-0.75-P,1,30.0496,350396,26,intensifier
sensitivity,lam1.2,1000,6-0.75-P,1,77.5650,350443,33,intensifier
sensitivity,lam1.2,1000,6-0.75-P,1,78.0640,350509,31,intensifier
sensitivity,lam1.2,1000,6-0.75-P,1,134.7930,350517,57,intensifier
sensitivity,lam1.2,1000,6-0.75-P,1,205.7367,350527,47,intensifier
sensitivity,lam1.2,1000,6-0.75-P,1,324.8818,350589,43,intensifier
sensitivity,lam1.2,1000,6-0.75-P,1,521.8198,350614,57,intensifier
sensitivity,lam1.2,1000,6-0.75-P,1,521.8499,350695,57,intensifier
sensitivity,lam1.2,1000,6-0.75-P,1,525.9375,350698,57,intensifier
sensitivity,lam1.2,1000,6-0.75-P,1,528.9662,350719,57,intensifier
sensitivity,lam1.2,1000,6-0.75-P,1,554.6542,350801,45,intensifier
sensitivity,lam1.2,1000,6-0.75-P,2,0.6065,347763,78,explorer
sensitivity,lam1.2,1000,6-0.75-P,2,0.6369,348431,37,intensifier
sensitivity,lam1.2,1000,6-0.75-P,2,0.6670,348671,37,intensifier
sensitivity,lam1.2,1000,6-0.75-P,2,0.6974,348779,37,intensifier
sensitivity,lam1.2,1000,6-0.75-P,2,0.7263,348836,37,intensifier
sensitivity,lam1.2,1000,6-0.75-P,2,0.7559,349022,37,intensifier
sensitivity,lam1.2,1000,6-0.75-P,2,0.7856,349161,37,intensifier
sensitivity,lam1.2,1000,6-0.75-P,2,0.8733,349280,37,intensifier
sensitivity,lam1.2,1000,6-0.75-P,2,1.3705,349299,37,intensifier
sensitivity,lam1.2,1000,6-0.75-P,2,1.4599,349632,37,intensifier
sensitivity,lam1.2,1000,6-0.75-P,2,2.6980,349661,37,intensifier
sensitivity,lam1.2,1000,6-0.75-P,2,3.6069,349733,37,intensifier
sensitivity,lam1.2,1000,6-0.75-P,2,5.3410,349740,37,intensifier
sensitivity,lam1.2,1000,6-0.75-P,2,6.6717,349820,37,intensifier
sensitivity,lam1.2,1000,6-0.75-P,2,38.2796,349847,45,intensifier
sensitivity,lam1.2,1000,6-0.75-P,2,38.5151,349862,45,intensifier
sensitivity,lam1.2,1000,6-0.75-P,2,38.7807,349946,29,intensifier
sensitivity,lam1.2,1000,6-0.75-P,2,41.2254,350074,29,intensifier
sensitivity,lam1.2,1000,6-0.75-P,2,76.6784,350096,23,intensifier
sensitivity,lam1.2,1000,6-0.75-P,2,152.5113,350106,59,intensifier
sensitivity,lam1.2,1000,6-0.75-P,2,153.3081,350136,59,intensifier
sensitivity,lam1.2,1000,6-0.75-P,2,155.0703,350158,59,intensifier
sensitivity,lam1.2,1000,6-0.75-P,2,158.3721,350220,31,intensifier
sensitivity,lam1.2,1000,6-0.75-P,2,169.1904,350349,45,intensifier
sensitivity,lam1.2,1000,6-0.75-P,2,183.5650,350359,7,intensifier
sensitivity,lam1.2,1000,6-0.75-P,2,183.6850,350418,5,intensifier
sensitivity,lam1.2,1000,6-0.75-P,2,236.6586,350475,31,intensifier
sensitivity,lam1.2,1000,6-0.75-P,2,274.0609,350476,43,intensifier
sensitivity,lam1.2,1000,6-0.75-P,2,274.9721,350530,2,intensifier
sensitivity,lam1.2,1000,6-0.75-P,2,425.4565,350536,28,intensifier
sensitivity,lam1.2,1000,6-0.75-P,2,438.0283,350558,11,intensifier
sensitivity,lam1.2,1000,6-0.75-P,2,440.6450,350651,46,intensifier
sensitivity,lam1.2,1000,6-0.75-P,2,442.8214,350701,46,intensifier
sensitivity,lam1.2,1000,6-0.75-P,2,445.8082,350834,46,intensifier
sensitivity,lam1.2,1000,3-0.75-M,1,0.6203,35868,22,intensifier
sensitivity,lam1.2,1000,3-0.75-M,1,0.6796,36040,12,intensifier
sensitivity,lam1.2,1000,3-0.75-M,1,0.7405,36134,80,explorer
sensitivity,lam1.2,1000,3-0.75-M,1,0.7699,36525,80,explorer
sensitivity,lam1.2,1000,3-0.75-M,1,2.4903,36534,79,explorer
sensitivity,lam1.2,1000,3-0.75-M,1,3.0245,36730,73,explorer
sensitivity,lam1.2,1000,3-0.75-M,1,8.4883,36814,39,intensifier
sensitivity,lam1.2,1000,3-0.75-M,1,8.5167,36835,39,intensifier
sensitivity,lam1.2,1000,3-0.75-M,1,8.6060,36980,39,intensifier
sensitivity,lam1.2,1000,3-0.75-M,1,11.8225,37016,39,intensifier
sensitivity,lam1.2,1000,3-0.75-M,1,11.8820,37066,3,intensifier
sensitivity,lam1.2,1000,3-0.75-M,1,12.6781,37136,49,intensifier
sensitivity,lam1.2,1000,3-0.75-M,1,13.2113,37145,3,intensifier
sensitivity,lam1.2,1000,3-0.75-M,1,13.8891,37193,3,intensifier
sensitivity,lam1.2,1000,3-0.75-M,1,14.9538,37311,3,intensifier
sensitivity,lam1.2,1000,3-0.75-M,1,15.3400,37349,3,intensifier
sensitivity,lam1.2,1000,3-0.75-M,1,15.5173,37405,3,intensifier
sensitivity,lam1.2,1000,3-0.75-M,1,16.7007,37411,3,intensifier
sensitivity,lam1.2,1000,3-0.75-M,1,16.7308,37444,3,intensifier
sensitivity,lam1.2,1000,3-0.75-M,1,17.0557,37461,3,intensifier
sensitivity,lam1.2,1000,3-0.75-M,1,18.8909,37467,6,intensifier
sensitivity,lam1.2,1000,3-0.75-M,1,19.4541,37502,3,intensifier
sensitivity,lam1.2,1000,3-0.75-M,1,40.7913,37611,12,intensifier
sensitivity,lam1.2,1000,3-0.75-M,1,51.1453,37620,25,intensifier
sensitivity,lam1.2,1000,3-0.75-M,1,52.4740,37652,25,intensifier
sensitivity,lam1.2,1000,3-0.75-M,1,55.7520,37673,25,intensifier
sensitivity,lam1.2,1000,3-0.75-M,1,58.7368,37801,46,intensifier
sensitivity,lam1.2,1000,3-0.75-M,1,86.0711,37872,6,intensifier
sensitivity,lam1.2,1000,3-0.75-M,1,89.0852,37947,6,intensifier
sensitivity,lam1.2,1000,3-0.75-M,1,147.7446,37962,9,intensifier
sensitivity,lam1.2,1000,3-0.75-M,1,239.2348,37963,0,intensifier
sensitivity,lam1.2,1000,3-0.75-M,1,242.0151,38066,21,intensifier
sensitivity,lam1.2,1000,3-0.75-M,1,448.4497,38088,59,intensifier
sensitivity,lam1.2,1000,3-0.75-M,1,540.1443,38089,40,intensifier
sensitivity,lam1.2,1000,3-0.75-M,2,0.5002,35715,78,explorer
sensitivity,lam1.2,1000,3-0.75-M,2,0.5897,36013,70,explorer
sensitivity,lam1.2,1000,3-0.75-M,2,0.6777,36258,70,explorer
sensitivity,lam1.2,1000,3-0.75-M,2,0.7078,36301,70,explorer
sensitivity,lam1.2,1000,3-0.75-M,2,1.2411,36461,42,intensifier
sensitivity,lam1.2,1000,3-0.75-M,2,1.2714,36466,42,intensifier
sensitivity,lam1.2,1000,3-0.75-M,2,1.3015,37094,42,intensifier
sensitivity,lam1.2,1000,3-0.75-M,2,3.9874,37252,42,intensifier
sensitivity,lam1.2,1000,3-0.75-M,2,4.1647,37377,42,intensifier
sensitivity,lam1.2,1000,3-0.75-M,2,4.1955,37394,42,intensifier
sensitivity,lam1.2,1000,3-0.75-M,2,8.0721,37570,18,intensifier
sensitivity,lam1.2,1000,3-0.75-M,2,10.8552,37586,18,intensifier
sensitivity,lam1.2,1000,3-0.75-M,2,12.4520,37597,12,intensifier
sensitivity,lam1.2,1000,3-0.75-M,2,13.4551,37634,12,intensifier
sensitivity,lam1.2,1000,3-0.75-M,2,13.4844,37659,12,intensifier
sensitivity,lam1.2,1000,3-0.75-M,2,13.5738,37684,12,intensifier
sensitivity,lam1.2,1000,3-0.75-M,2,100.8251,37725,2,intensifier
sensitivity,lam1.2,1000,3-0.75-M,2,139.3553,37750,4,intensifier
sensitivity,lam1.2,1000,3-0.75-M,2,210.2557,37838,35,intensifier
sensitivity,lam1.2,1000,3-0.75-M,2,290.6765,37890,17,intensifier
sensitivity,lam1.2,1000,3-0.75-M,2,344.0657,37899,41,intensifier
sensitivity,lam1.2,1000,3-0.75-M,2,446.5440,37914,42,intensifier
sensitivity,lam1.2,1000,3-0.75-M,2,446.7816,38054,9,intensifier
